[
  {
    "name": "Process Start",
    "start": 1648545379940,
    "end": 1648545380624,
    "duration": 684,
    "pid": 32816,
    "index": 0
  },
  {
    "name": "Application Start",
    "start": 1648545380625,
    "end": 1648545381166,
    "duration": 541,
    "pid": 32816,
    "index": 1
  },
  {
    "name": "Load Plugin",
    "start": 1648545380628,
    "end": 1648545380638,
    "duration": 10,
    "pid": 32816,
    "index": 2
  },
  {
    "name": "Load Config",
    "start": 1648545380638,
    "end": 1648545380654,
    "duration": 16,
    "pid": 32816,
    "index": 3
  },
  {
    "name": "Require(0) config/config.default.js",
    "start": 1648545380638,
    "end": 1648545380638,
    "duration": 0,
    "pid": 32816,
    "index": 4
  },
  {
    "name": "Require(1) config/config.local.js",
    "start": 1648545380639,
    "end": 1648545380639,
    "duration": 0,
    "pid": 32816,
    "index": 5
  },
  {
    "name": "Require(2) node_modules/egg-session/config/config.default.js",
    "start": 1648545380640,
    "end": 1648545380640,
    "duration": 0,
    "pid": 32816,
    "index": 6
  },
  {
    "name": "Require(3) node_modules/egg-security/config/config.default.js",
    "start": 1648545380640,
    "end": 1648545380640,
    "duration": 0,
    "pid": 32816,
    "index": 7
  },
  {
    "name": "Require(4) node_modules/egg-jsonp/config/config.default.js",
    "start": 1648545380641,
    "end": 1648545380641,
    "duration": 0,
    "pid": 32816,
    "index": 8
  },
  {
    "name": "Require(5) node_modules/egg-onerror/config/config.default.js",
    "start": 1648545380642,
    "end": 1648545380642,
    "duration": 0,
    "pid": 32816,
    "index": 9
  },
  {
    "name": "Require(6) node_modules/egg-i18n/config/config.default.js",
    "start": 1648545380642,
    "end": 1648545380642,
    "duration": 0,
    "pid": 32816,
    "index": 10
  },
  {
    "name": "Require(7) node_modules/egg-watcher/config/config.default.js",
    "start": 1648545380643,
    "end": 1648545380643,
    "duration": 0,
    "pid": 32816,
    "index": 11
  },
  {
    "name": "Require(8) node_modules/egg-schedule/config/config.default.js",
    "start": 1648545380643,
    "end": 1648545380643,
    "duration": 0,
    "pid": 32816,
    "index": 12
  },
  {
    "name": "Require(9) node_modules/egg-multipart/config/config.default.js",
    "start": 1648545380644,
    "end": 1648545380644,
    "duration": 0,
    "pid": 32816,
    "index": 13
  },
  {
    "name": "Require(10) node_modules/egg-development/config/config.default.js",
    "start": 1648545380644,
    "end": 1648545380645,
    "duration": 1,
    "pid": 32816,
    "index": 14
  },
  {
    "name": "Require(11) node_modules/egg-logrotator/config/config.default.js",
    "start": 1648545380645,
    "end": 1648545380645,
    "duration": 0,
    "pid": 32816,
    "index": 15
  },
  {
    "name": "Require(12) node_modules/egg-static/config/config.default.js",
    "start": 1648545380645,
    "end": 1648545380646,
    "duration": 1,
    "pid": 32816,
    "index": 16
  },
  {
    "name": "Require(13) node_modules/egg-view/config/config.default.js",
    "start": 1648545380646,
    "end": 1648545380646,
    "duration": 0,
    "pid": 32816,
    "index": 17
  },
  {
    "name": "Require(14) node_modules/egg-mongoose/config/config.default.js",
    "start": 1648545380647,
    "end": 1648545380647,
    "duration": 0,
    "pid": 32816,
    "index": 18
  },
  {
    "name": "Require(15) node_modules/egg-validate/config/config.default.js",
    "start": 1648545380647,
    "end": 1648545380647,
    "duration": 0,
    "pid": 32816,
    "index": 19
  },
  {
    "name": "Require(16) node_modules/egg-cors/config/config.default.js",
    "start": 1648545380648,
    "end": 1648545380648,
    "duration": 0,
    "pid": 32816,
    "index": 20
  },
  {
    "name": "Require(17) node_modules/egg/config/config.default.js",
    "start": 1648545380648,
    "end": 1648545380648,
    "duration": 0,
    "pid": 32816,
    "index": 21
  },
  {
    "name": "Require(18) config/config.default.js",
    "start": 1648545380649,
    "end": 1648545380649,
    "duration": 0,
    "pid": 32816,
    "index": 22
  },
  {
    "name": "Require(19) node_modules/egg-security/config/config.local.js",
    "start": 1648545380649,
    "end": 1648545380650,
    "duration": 1,
    "pid": 32816,
    "index": 23
  },
  {
    "name": "Require(20) node_modules/egg-watcher/config/config.local.js",
    "start": 1648545380651,
    "end": 1648545380651,
    "duration": 0,
    "pid": 32816,
    "index": 24
  },
  {
    "name": "Require(21) node_modules/egg-view/config/config.local.js",
    "start": 1648545380652,
    "end": 1648545380652,
    "duration": 0,
    "pid": 32816,
    "index": 25
  },
  {
    "name": "Require(22) node_modules/egg/config/config.local.js",
    "start": 1648545380654,
    "end": 1648545380654,
    "duration": 0,
    "pid": 32816,
    "index": 26
  },
  {
    "name": "Require(23) config/config.local.js",
    "start": 1648545380654,
    "end": 1648545380654,
    "duration": 0,
    "pid": 32816,
    "index": 27
  },
  {
    "name": "Load extend/application.js",
    "start": 1648545380655,
    "end": 1648545380690,
    "duration": 35,
    "pid": 32816,
    "index": 28
  },
  {
    "name": "Require(24) node_modules/egg-session/app/extend/application.js",
    "start": 1648545380655,
    "end": 1648545380656,
    "duration": 1,
    "pid": 32816,
    "index": 29
  },
  {
    "name": "Require(25) node_modules/egg-security/app/extend/application.js",
    "start": 1648545380656,
    "end": 1648545380656,
    "duration": 0,
    "pid": 32816,
    "index": 30
  },
  {
    "name": "Require(26) node_modules/egg-jsonp/app/extend/application.js",
    "start": 1648545380657,
    "end": 1648545380657,
    "duration": 0,
    "pid": 32816,
    "index": 31
  },
  {
    "name": "Require(27) node_modules/egg-logrotator/app/extend/application.js",
    "start": 1648545380658,
    "end": 1648545380659,
    "duration": 1,
    "pid": 32816,
    "index": 32
  },
  {
    "name": "Require(28) node_modules/egg-view/app/extend/application.js",
    "start": 1648545380659,
    "end": 1648545380660,
    "duration": 1,
    "pid": 32816,
    "index": 33
  },
  {
    "name": "Require(29) app/extend/application.js",
    "start": 1648545380661,
    "end": 1648545380688,
    "duration": 27,
    "pid": 32816,
    "index": 34
  },
  {
    "name": "Load extend/request.js",
    "start": 1648545380690,
    "end": 1648545380693,
    "duration": 3,
    "pid": 32816,
    "index": 35
  },
  {
    "name": "Require(30) node_modules/egg/app/extend/request.js",
    "start": 1648545380691,
    "end": 1648545380692,
    "duration": 1,
    "pid": 32816,
    "index": 36
  },
  {
    "name": "Load extend/response.js",
    "start": 1648545380693,
    "end": 1648545380697,
    "duration": 4,
    "pid": 32816,
    "index": 37
  },
  {
    "name": "Require(31) node_modules/egg/app/extend/response.js",
    "start": 1648545380695,
    "end": 1648545380695,
    "duration": 0,
    "pid": 32816,
    "index": 38
  },
  {
    "name": "Load extend/context.js",
    "start": 1648545380697,
    "end": 1648545380734,
    "duration": 37,
    "pid": 32816,
    "index": 39
  },
  {
    "name": "Require(32) node_modules/egg-security/app/extend/context.js",
    "start": 1648545380697,
    "end": 1648545380701,
    "duration": 4,
    "pid": 32816,
    "index": 40
  },
  {
    "name": "Require(33) node_modules/egg-jsonp/app/extend/context.js",
    "start": 1648545380702,
    "end": 1648545380702,
    "duration": 0,
    "pid": 32816,
    "index": 41
  },
  {
    "name": "Require(34) node_modules/egg-i18n/app/extend/context.js",
    "start": 1648545380703,
    "end": 1648545380703,
    "duration": 0,
    "pid": 32816,
    "index": 42
  },
  {
    "name": "Require(35) node_modules/egg-multipart/app/extend/context.js",
    "start": 1648545380703,
    "end": 1648545380730,
    "duration": 27,
    "pid": 32816,
    "index": 43
  },
  {
    "name": "Require(36) node_modules/egg-view/app/extend/context.js",
    "start": 1648545380730,
    "end": 1648545380731,
    "duration": 1,
    "pid": 32816,
    "index": 44
  },
  {
    "name": "Require(37) node_modules/egg-mongoose/app/extend/context.js",
    "start": 1648545380731,
    "end": 1648545380731,
    "duration": 0,
    "pid": 32816,
    "index": 45
  },
  {
    "name": "Require(38) node_modules/egg-validate/app/extend/context.js",
    "start": 1648545380732,
    "end": 1648545380732,
    "duration": 0,
    "pid": 32816,
    "index": 46
  },
  {
    "name": "Require(39) node_modules/egg/app/extend/context.js",
    "start": 1648545380732,
    "end": 1648545380732,
    "duration": 0,
    "pid": 32816,
    "index": 47
  },
  {
    "name": "Load extend/helper.js",
    "start": 1648545380734,
    "end": 1648545380746,
    "duration": 12,
    "pid": 32816,
    "index": 48
  },
  {
    "name": "Require(40) node_modules/egg-security/app/extend/helper.js",
    "start": 1648545380734,
    "end": 1648545380742,
    "duration": 8,
    "pid": 32816,
    "index": 49
  },
  {
    "name": "Require(41) node_modules/egg/app/extend/helper.js",
    "start": 1648545380744,
    "end": 1648545380744,
    "duration": 0,
    "pid": 32816,
    "index": 50
  },
  {
    "name": "Require(42) app/extend/helper.js",
    "start": 1648545380744,
    "end": 1648545380744,
    "duration": 0,
    "pid": 32816,
    "index": 51
  },
  {
    "name": "Load app.js",
    "start": 1648545380746,
    "end": 1648545380767,
    "duration": 21,
    "pid": 32816,
    "index": 52
  },
  {
    "name": "Require(43) node_modules/egg-session/app.js",
    "start": 1648545380746,
    "end": 1648545380746,
    "duration": 0,
    "pid": 32816,
    "index": 53
  },
  {
    "name": "Require(44) node_modules/egg-security/app.js",
    "start": 1648545380746,
    "end": 1648545380747,
    "duration": 1,
    "pid": 32816,
    "index": 54
  },
  {
    "name": "Require(45) node_modules/egg-onerror/app.js",
    "start": 1648545380747,
    "end": 1648545380751,
    "duration": 4,
    "pid": 32816,
    "index": 55
  },
  {
    "name": "Require(46) node_modules/egg-i18n/app.js",
    "start": 1648545380751,
    "end": 1648545380761,
    "duration": 10,
    "pid": 32816,
    "index": 56
  },
  {
    "name": "Require(47) node_modules/egg-watcher/app.js",
    "start": 1648545380761,
    "end": 1648545380762,
    "duration": 1,
    "pid": 32816,
    "index": 57
  },
  {
    "name": "Require(48) node_modules/egg-schedule/app.js",
    "start": 1648545380763,
    "end": 1648545380763,
    "duration": 0,
    "pid": 32816,
    "index": 58
  },
  {
    "name": "Require(49) node_modules/egg-multipart/app.js",
    "start": 1648545380763,
    "end": 1648545380764,
    "duration": 1,
    "pid": 32816,
    "index": 59
  },
  {
    "name": "Require(50) node_modules/egg-development/app.js",
    "start": 1648545380764,
    "end": 1648545380764,
    "duration": 0,
    "pid": 32816,
    "index": 60
  },
  {
    "name": "Require(51) node_modules/egg-logrotator/app.js",
    "start": 1648545380764,
    "end": 1648545380764,
    "duration": 0,
    "pid": 32816,
    "index": 61
  },
  {
    "name": "Require(52) node_modules/egg-static/app.js",
    "start": 1648545380765,
    "end": 1648545380765,
    "duration": 0,
    "pid": 32816,
    "index": 62
  },
  {
    "name": "Require(53) node_modules/egg-mongoose/app.js",
    "start": 1648545380765,
    "end": 1648545380765,
    "duration": 0,
    "pid": 32816,
    "index": 63
  },
  {
    "name": "Require(54) node_modules/egg-validate/app.js",
    "start": 1648545380765,
    "end": 1648545380766,
    "duration": 1,
    "pid": 32816,
    "index": 64
  },
  {
    "name": "Require(55) node_modules/egg-cors/app.js",
    "start": 1648545380766,
    "end": 1648545380767,
    "duration": 1,
    "pid": 32816,
    "index": 65
  },
  {
    "name": "Before Start in node_modules/egg-watcher/lib/init.js:15:14",
    "start": 1648545380773,
    "end": 1648545381165,
    "duration": 392,
    "pid": 32816,
    "index": 66
  },
  {
    "name": "Before Start in node_modules/egg-mongoose/lib/mongoose.js:104:7",
    "start": 1648545381046,
    "end": 1648545381164,
    "duration": 118,
    "pid": 32816,
    "index": 67
  },
  {
    "name": "Before Start in node_modules/egg-mongoose/lib/mongoose.js:52:9",
    "start": 1648545381046,
    "end": 1648545381153,
    "duration": 107,
    "pid": 32816,
    "index": 68
  },
  {
    "name": "Load Service",
    "start": 1648545381046,
    "end": 1648545381066,
    "duration": 20,
    "pid": 32816,
    "index": 69
  },
  {
    "name": "Load \"service\" to Context",
    "start": 1648545381046,
    "end": 1648545381066,
    "duration": 20,
    "pid": 32816,
    "index": 70
  },
  {
    "name": "Load Middleware",
    "start": 1648545381066,
    "end": 1648545381131,
    "duration": 65,
    "pid": 32816,
    "index": 71
  },
  {
    "name": "Load \"middlewares\" to Application",
    "start": 1648545381066,
    "end": 1648545381124,
    "duration": 58,
    "pid": 32816,
    "index": 72
  },
  {
    "name": "Load Controller",
    "start": 1648545381131,
    "end": 1648545381133,
    "duration": 2,
    "pid": 32816,
    "index": 73
  },
  {
    "name": "Load \"controller\" to Application",
    "start": 1648545381131,
    "end": 1648545381133,
    "duration": 2,
    "pid": 32816,
    "index": 74
  },
  {
    "name": "Load Router",
    "start": 1648545381133,
    "end": 1648545381135,
    "duration": 2,
    "pid": 32816,
    "index": 75
  },
  {
    "name": "Require(56) app/router.js",
    "start": 1648545381133,
    "end": 1648545381133,
    "duration": 0,
    "pid": 32816,
    "index": 76
  },
  {
    "name": "Before Start in node_modules/egg-core/lib/egg.js:303:10",
    "start": 1648545381133,
    "end": 1648545381153,
    "duration": 20,
    "pid": 32816,
    "index": 77
  },
  {
    "name": "Load \"model\" to Application",
    "start": 1648545381140,
    "end": 1648545381153,
    "duration": 13,
    "pid": 32816,
    "index": 78
  }
]