[
  {
    "name": "Process Start",
    "start": 1648457426685,
    "end": 1648457427503,
    "duration": 818,
    "pid": 17648,
    "index": 0
  },
  {
    "name": "Application Start",
    "start": 1648457427503,
    "end": 1648457428028,
    "duration": 525,
    "pid": 17648,
    "index": 1
  },
  {
    "name": "Load Plugin",
    "start": 1648457427506,
    "end": 1648457427516,
    "duration": 10,
    "pid": 17648,
    "index": 2
  },
  {
    "name": "Load Config",
    "start": 1648457427516,
    "end": 1648457427530,
    "duration": 14,
    "pid": 17648,
    "index": 3
  },
  {
    "name": "Require(0) config/config.default.js",
    "start": 1648457427516,
    "end": 1648457427517,
    "duration": 1,
    "pid": 17648,
    "index": 4
  },
  {
    "name": "Require(1) node_modules/egg-session/config/config.default.js",
    "start": 1648457427517,
    "end": 1648457427518,
    "duration": 1,
    "pid": 17648,
    "index": 5
  },
  {
    "name": "Require(2) node_modules/egg-security/config/config.default.js",
    "start": 1648457427518,
    "end": 1648457427518,
    "duration": 0,
    "pid": 17648,
    "index": 6
  },
  {
    "name": "Require(3) node_modules/egg-jsonp/config/config.default.js",
    "start": 1648457427519,
    "end": 1648457427519,
    "duration": 0,
    "pid": 17648,
    "index": 7
  },
  {
    "name": "Require(4) node_modules/egg-onerror/config/config.default.js",
    "start": 1648457427519,
    "end": 1648457427520,
    "duration": 1,
    "pid": 17648,
    "index": 8
  },
  {
    "name": "Require(5) node_modules/egg-i18n/config/config.default.js",
    "start": 1648457427520,
    "end": 1648457427520,
    "duration": 0,
    "pid": 17648,
    "index": 9
  },
  {
    "name": "Require(6) node_modules/egg-watcher/config/config.default.js",
    "start": 1648457427520,
    "end": 1648457427521,
    "duration": 1,
    "pid": 17648,
    "index": 10
  },
  {
    "name": "Require(7) node_modules/egg-schedule/config/config.default.js",
    "start": 1648457427521,
    "end": 1648457427521,
    "duration": 0,
    "pid": 17648,
    "index": 11
  },
  {
    "name": "Require(8) node_modules/egg-multipart/config/config.default.js",
    "start": 1648457427521,
    "end": 1648457427522,
    "duration": 1,
    "pid": 17648,
    "index": 12
  },
  {
    "name": "Require(9) node_modules/egg-development/config/config.default.js",
    "start": 1648457427522,
    "end": 1648457427522,
    "duration": 0,
    "pid": 17648,
    "index": 13
  },
  {
    "name": "Require(10) node_modules/egg-logrotator/config/config.default.js",
    "start": 1648457427522,
    "end": 1648457427523,
    "duration": 1,
    "pid": 17648,
    "index": 14
  },
  {
    "name": "Require(11) node_modules/egg-static/config/config.default.js",
    "start": 1648457427523,
    "end": 1648457427523,
    "duration": 0,
    "pid": 17648,
    "index": 15
  },
  {
    "name": "Require(12) node_modules/egg-view/config/config.default.js",
    "start": 1648457427523,
    "end": 1648457427524,
    "duration": 1,
    "pid": 17648,
    "index": 16
  },
  {
    "name": "Require(13) node_modules/egg-mongoose/config/config.default.js",
    "start": 1648457427524,
    "end": 1648457427524,
    "duration": 0,
    "pid": 17648,
    "index": 17
  },
  {
    "name": "Require(14) node_modules/egg-validate/config/config.default.js",
    "start": 1648457427524,
    "end": 1648457427525,
    "duration": 1,
    "pid": 17648,
    "index": 18
  },
  {
    "name": "Require(15) node_modules/egg-cors/config/config.default.js",
    "start": 1648457427525,
    "end": 1648457427525,
    "duration": 0,
    "pid": 17648,
    "index": 19
  },
  {
    "name": "Require(16) node_modules/egg/config/config.default.js",
    "start": 1648457427525,
    "end": 1648457427525,
    "duration": 0,
    "pid": 17648,
    "index": 20
  },
  {
    "name": "Require(17) config/config.default.js",
    "start": 1648457427526,
    "end": 1648457427526,
    "duration": 0,
    "pid": 17648,
    "index": 21
  },
  {
    "name": "Require(18) node_modules/egg-security/config/config.local.js",
    "start": 1648457427527,
    "end": 1648457427527,
    "duration": 0,
    "pid": 17648,
    "index": 22
  },
  {
    "name": "Require(19) node_modules/egg-watcher/config/config.local.js",
    "start": 1648457427528,
    "end": 1648457427528,
    "duration": 0,
    "pid": 17648,
    "index": 23
  },
  {
    "name": "Require(20) node_modules/egg-view/config/config.local.js",
    "start": 1648457427529,
    "end": 1648457427529,
    "duration": 0,
    "pid": 17648,
    "index": 24
  },
  {
    "name": "Require(21) node_modules/egg/config/config.local.js",
    "start": 1648457427529,
    "end": 1648457427530,
    "duration": 1,
    "pid": 17648,
    "index": 25
  },
  {
    "name": "Load extend/application.js",
    "start": 1648457427530,
    "end": 1648457427566,
    "duration": 36,
    "pid": 17648,
    "index": 26
  },
  {
    "name": "Require(22) node_modules/egg-session/app/extend/application.js",
    "start": 1648457427531,
    "end": 1648457427531,
    "duration": 0,
    "pid": 17648,
    "index": 27
  },
  {
    "name": "Require(23) node_modules/egg-security/app/extend/application.js",
    "start": 1648457427531,
    "end": 1648457427532,
    "duration": 1,
    "pid": 17648,
    "index": 28
  },
  {
    "name": "Require(24) node_modules/egg-jsonp/app/extend/application.js",
    "start": 1648457427532,
    "end": 1648457427533,
    "duration": 1,
    "pid": 17648,
    "index": 29
  },
  {
    "name": "Require(25) node_modules/egg-logrotator/app/extend/application.js",
    "start": 1648457427533,
    "end": 1648457427534,
    "duration": 1,
    "pid": 17648,
    "index": 30
  },
  {
    "name": "Require(26) node_modules/egg-view/app/extend/application.js",
    "start": 1648457427535,
    "end": 1648457427535,
    "duration": 0,
    "pid": 17648,
    "index": 31
  },
  {
    "name": "Require(27) app/extend/application.js",
    "start": 1648457427536,
    "end": 1648457427565,
    "duration": 29,
    "pid": 17648,
    "index": 32
  },
  {
    "name": "Load extend/request.js",
    "start": 1648457427566,
    "end": 1648457427570,
    "duration": 4,
    "pid": 17648,
    "index": 33
  },
  {
    "name": "Require(28) node_modules/egg/app/extend/request.js",
    "start": 1648457427568,
    "end": 1648457427568,
    "duration": 0,
    "pid": 17648,
    "index": 34
  },
  {
    "name": "Load extend/response.js",
    "start": 1648457427570,
    "end": 1648457427573,
    "duration": 3,
    "pid": 17648,
    "index": 35
  },
  {
    "name": "Require(29) node_modules/egg/app/extend/response.js",
    "start": 1648457427571,
    "end": 1648457427572,
    "duration": 1,
    "pid": 17648,
    "index": 36
  },
  {
    "name": "Load extend/context.js",
    "start": 1648457427573,
    "end": 1648457427610,
    "duration": 37,
    "pid": 17648,
    "index": 37
  },
  {
    "name": "Require(30) node_modules/egg-security/app/extend/context.js",
    "start": 1648457427573,
    "end": 1648457427578,
    "duration": 5,
    "pid": 17648,
    "index": 38
  },
  {
    "name": "Require(31) node_modules/egg-jsonp/app/extend/context.js",
    "start": 1648457427578,
    "end": 1648457427578,
    "duration": 0,
    "pid": 17648,
    "index": 39
  },
  {
    "name": "Require(32) node_modules/egg-i18n/app/extend/context.js",
    "start": 1648457427579,
    "end": 1648457427579,
    "duration": 0,
    "pid": 17648,
    "index": 40
  },
  {
    "name": "Require(33) node_modules/egg-multipart/app/extend/context.js",
    "start": 1648457427579,
    "end": 1648457427606,
    "duration": 27,
    "pid": 17648,
    "index": 41
  },
  {
    "name": "Require(34) node_modules/egg-view/app/extend/context.js",
    "start": 1648457427606,
    "end": 1648457427607,
    "duration": 1,
    "pid": 17648,
    "index": 42
  },
  {
    "name": "Require(35) node_modules/egg-mongoose/app/extend/context.js",
    "start": 1648457427607,
    "end": 1648457427607,
    "duration": 0,
    "pid": 17648,
    "index": 43
  },
  {
    "name": "Require(36) node_modules/egg-validate/app/extend/context.js",
    "start": 1648457427607,
    "end": 1648457427608,
    "duration": 1,
    "pid": 17648,
    "index": 44
  },
  {
    "name": "Require(37) node_modules/egg/app/extend/context.js",
    "start": 1648457427608,
    "end": 1648457427608,
    "duration": 0,
    "pid": 17648,
    "index": 45
  },
  {
    "name": "Load extend/helper.js",
    "start": 1648457427610,
    "end": 1648457427621,
    "duration": 11,
    "pid": 17648,
    "index": 46
  },
  {
    "name": "Require(38) node_modules/egg-security/app/extend/helper.js",
    "start": 1648457427610,
    "end": 1648457427618,
    "duration": 8,
    "pid": 17648,
    "index": 47
  },
  {
    "name": "Require(39) node_modules/egg/app/extend/helper.js",
    "start": 1648457427619,
    "end": 1648457427619,
    "duration": 0,
    "pid": 17648,
    "index": 48
  },
  {
    "name": "Require(40) app/extend/helper.js",
    "start": 1648457427620,
    "end": 1648457427620,
    "duration": 0,
    "pid": 17648,
    "index": 49
  },
  {
    "name": "Load app.js",
    "start": 1648457427621,
    "end": 1648457427642,
    "duration": 21,
    "pid": 17648,
    "index": 50
  },
  {
    "name": "Require(41) node_modules/egg-session/app.js",
    "start": 1648457427621,
    "end": 1648457427622,
    "duration": 1,
    "pid": 17648,
    "index": 51
  },
  {
    "name": "Require(42) node_modules/egg-security/app.js",
    "start": 1648457427622,
    "end": 1648457427622,
    "duration": 0,
    "pid": 17648,
    "index": 52
  },
  {
    "name": "Require(43) node_modules/egg-onerror/app.js",
    "start": 1648457427623,
    "end": 1648457427626,
    "duration": 3,
    "pid": 17648,
    "index": 53
  },
  {
    "name": "Require(44) node_modules/egg-i18n/app.js",
    "start": 1648457427627,
    "end": 1648457427636,
    "duration": 9,
    "pid": 17648,
    "index": 54
  },
  {
    "name": "Require(45) node_modules/egg-watcher/app.js",
    "start": 1648457427636,
    "end": 1648457427638,
    "duration": 2,
    "pid": 17648,
    "index": 55
  },
  {
    "name": "Require(46) node_modules/egg-schedule/app.js",
    "start": 1648457427638,
    "end": 1648457427638,
    "duration": 0,
    "pid": 17648,
    "index": 56
  },
  {
    "name": "Require(47) node_modules/egg-multipart/app.js",
    "start": 1648457427639,
    "end": 1648457427639,
    "duration": 0,
    "pid": 17648,
    "index": 57
  },
  {
    "name": "Require(48) node_modules/egg-development/app.js",
    "start": 1648457427639,
    "end": 1648457427639,
    "duration": 0,
    "pid": 17648,
    "index": 58
  },
  {
    "name": "Require(49) node_modules/egg-logrotator/app.js",
    "start": 1648457427639,
    "end": 1648457427640,
    "duration": 1,
    "pid": 17648,
    "index": 59
  },
  {
    "name": "Require(50) node_modules/egg-static/app.js",
    "start": 1648457427640,
    "end": 1648457427640,
    "duration": 0,
    "pid": 17648,
    "index": 60
  },
  {
    "name": "Require(51) node_modules/egg-mongoose/app.js",
    "start": 1648457427640,
    "end": 1648457427640,
    "duration": 0,
    "pid": 17648,
    "index": 61
  },
  {
    "name": "Require(52) node_modules/egg-validate/app.js",
    "start": 1648457427641,
    "end": 1648457427642,
    "duration": 1,
    "pid": 17648,
    "index": 62
  },
  {
    "name": "Require(53) node_modules/egg-cors/app.js",
    "start": 1648457427642,
    "end": 1648457427642,
    "duration": 0,
    "pid": 17648,
    "index": 63
  },
  {
    "name": "Before Start in node_modules/egg-watcher/lib/init.js:15:14",
    "start": 1648457427649,
    "end": 1648457428028,
    "duration": 379,
    "pid": 17648,
    "index": 64
  },
  {
    "name": "Before Start in node_modules/egg-mongoose/lib/mongoose.js:104:7",
    "start": 1648457427890,
    "end": 1648457428027,
    "duration": 137,
    "pid": 17648,
    "index": 65
  },
  {
    "name": "Before Start in node_modules/egg-mongoose/lib/mongoose.js:52:9",
    "start": 1648457427890,
    "end": 1648457428016,
    "duration": 126,
    "pid": 17648,
    "index": 66
  },
  {
    "name": "Load Service",
    "start": 1648457427890,
    "end": 1648457427930,
    "duration": 40,
    "pid": 17648,
    "index": 67
  },
  {
    "name": "Load \"service\" to Context",
    "start": 1648457427890,
    "end": 1648457427930,
    "duration": 40,
    "pid": 17648,
    "index": 68
  },
  {
    "name": "Load Middleware",
    "start": 1648457427931,
    "end": 1648457427993,
    "duration": 62,
    "pid": 17648,
    "index": 69
  },
  {
    "name": "Load \"middlewares\" to Application",
    "start": 1648457427931,
    "end": 1648457427986,
    "duration": 55,
    "pid": 17648,
    "index": 70
  },
  {
    "name": "Load Controller",
    "start": 1648457427993,
    "end": 1648457427995,
    "duration": 2,
    "pid": 17648,
    "index": 71
  },
  {
    "name": "Load \"controller\" to Application",
    "start": 1648457427993,
    "end": 1648457427995,
    "duration": 2,
    "pid": 17648,
    "index": 72
  },
  {
    "name": "Load Router",
    "start": 1648457427995,
    "end": 1648457427998,
    "duration": 3,
    "pid": 17648,
    "index": 73
  },
  {
    "name": "Require(54) app/router.js",
    "start": 1648457427996,
    "end": 1648457427997,
    "duration": 1,
    "pid": 17648,
    "index": 74
  },
  {
    "name": "Before Start in node_modules/egg-core/lib/egg.js:303:10",
    "start": 1648457427997,
    "end": 1648457428016,
    "duration": 19,
    "pid": 17648,
    "index": 75
  },
  {
    "name": "Load \"model\" to Application",
    "start": 1648457428004,
    "end": 1648457428015,
    "duration": 11,
    "pid": 17648,
    "index": 76
  }
]