[
  {
    "name": "Process Start",
    "start": 1648547903864,
    "end": 1648547904644,
    "duration": 780,
    "pid": 36676,
    "index": 0
  },
  {
    "name": "Application Start",
    "start": 1648547904645,
    "end": 1648547905179,
    "duration": 534,
    "pid": 36676,
    "index": 1
  },
  {
    "name": "Load Plugin",
    "start": 1648547904648,
    "end": 1648547904658,
    "duration": 10,
    "pid": 36676,
    "index": 2
  },
  {
    "name": "Load Config",
    "start": 1648547904658,
    "end": 1648547904673,
    "duration": 15,
    "pid": 36676,
    "index": 3
  },
  {
    "name": "Require(0) config/config.default.js",
    "start": 1648547904659,
    "end": 1648547904659,
    "duration": 0,
    "pid": 36676,
    "index": 4
  },
  {
    "name": "Require(1) config/config.local.js",
    "start": 1648547904660,
    "end": 1648547904660,
    "duration": 0,
    "pid": 36676,
    "index": 5
  },
  {
    "name": "Require(2) node_modules/egg-session/config/config.default.js",
    "start": 1648547904660,
    "end": 1648547904661,
    "duration": 1,
    "pid": 36676,
    "index": 6
  },
  {
    "name": "Require(3) node_modules/egg-security/config/config.default.js",
    "start": 1648547904661,
    "end": 1648547904661,
    "duration": 0,
    "pid": 36676,
    "index": 7
  },
  {
    "name": "Require(4) node_modules/egg-jsonp/config/config.default.js",
    "start": 1648547904662,
    "end": 1648547904662,
    "duration": 0,
    "pid": 36676,
    "index": 8
  },
  {
    "name": "Require(5) node_modules/egg-onerror/config/config.default.js",
    "start": 1648547904662,
    "end": 1648547904662,
    "duration": 0,
    "pid": 36676,
    "index": 9
  },
  {
    "name": "Require(6) node_modules/egg-i18n/config/config.default.js",
    "start": 1648547904663,
    "end": 1648547904663,
    "duration": 0,
    "pid": 36676,
    "index": 10
  },
  {
    "name": "Require(7) node_modules/egg-watcher/config/config.default.js",
    "start": 1648547904663,
    "end": 1648547904663,
    "duration": 0,
    "pid": 36676,
    "index": 11
  },
  {
    "name": "Require(8) node_modules/egg-schedule/config/config.default.js",
    "start": 1648547904664,
    "end": 1648547904664,
    "duration": 0,
    "pid": 36676,
    "index": 12
  },
  {
    "name": "Require(9) node_modules/egg-multipart/config/config.default.js",
    "start": 1648547904664,
    "end": 1648547904664,
    "duration": 0,
    "pid": 36676,
    "index": 13
  },
  {
    "name": "Require(10) node_modules/egg-development/config/config.default.js",
    "start": 1648547904665,
    "end": 1648547904665,
    "duration": 0,
    "pid": 36676,
    "index": 14
  },
  {
    "name": "Require(11) node_modules/egg-logrotator/config/config.default.js",
    "start": 1648547904665,
    "end": 1648547904666,
    "duration": 1,
    "pid": 36676,
    "index": 15
  },
  {
    "name": "Require(12) node_modules/egg-static/config/config.default.js",
    "start": 1648547904666,
    "end": 1648547904666,
    "duration": 0,
    "pid": 36676,
    "index": 16
  },
  {
    "name": "Require(13) node_modules/egg-view/config/config.default.js",
    "start": 1648547904666,
    "end": 1648547904667,
    "duration": 1,
    "pid": 36676,
    "index": 17
  },
  {
    "name": "Require(14) node_modules/egg-mongoose/config/config.default.js",
    "start": 1648547904667,
    "end": 1648547904667,
    "duration": 0,
    "pid": 36676,
    "index": 18
  },
  {
    "name": "Require(15) node_modules/egg-validate/config/config.default.js",
    "start": 1648547904667,
    "end": 1648547904668,
    "duration": 1,
    "pid": 36676,
    "index": 19
  },
  {
    "name": "Require(16) node_modules/egg-cors/config/config.default.js",
    "start": 1648547904668,
    "end": 1648547904668,
    "duration": 0,
    "pid": 36676,
    "index": 20
  },
  {
    "name": "Require(17) node_modules/egg/config/config.default.js",
    "start": 1648547904668,
    "end": 1648547904668,
    "duration": 0,
    "pid": 36676,
    "index": 21
  },
  {
    "name": "Require(18) config/config.default.js",
    "start": 1648547904669,
    "end": 1648547904669,
    "duration": 0,
    "pid": 36676,
    "index": 22
  },
  {
    "name": "Require(19) node_modules/egg-security/config/config.local.js",
    "start": 1648547904670,
    "end": 1648547904671,
    "duration": 1,
    "pid": 36676,
    "index": 23
  },
  {
    "name": "Require(20) node_modules/egg-watcher/config/config.local.js",
    "start": 1648547904671,
    "end": 1648547904671,
    "duration": 0,
    "pid": 36676,
    "index": 24
  },
  {
    "name": "Require(21) node_modules/egg-view/config/config.local.js",
    "start": 1648547904672,
    "end": 1648547904672,
    "duration": 0,
    "pid": 36676,
    "index": 25
  },
  {
    "name": "Require(22) node_modules/egg/config/config.local.js",
    "start": 1648547904673,
    "end": 1648547904673,
    "duration": 0,
    "pid": 36676,
    "index": 26
  },
  {
    "name": "Require(23) config/config.local.js",
    "start": 1648547904673,
    "end": 1648547904673,
    "duration": 0,
    "pid": 36676,
    "index": 27
  },
  {
    "name": "Load extend/application.js",
    "start": 1648547904674,
    "end": 1648547904717,
    "duration": 43,
    "pid": 36676,
    "index": 28
  },
  {
    "name": "Require(24) node_modules/egg-session/app/extend/application.js",
    "start": 1648547904675,
    "end": 1648547904675,
    "duration": 0,
    "pid": 36676,
    "index": 29
  },
  {
    "name": "Require(25) node_modules/egg-security/app/extend/application.js",
    "start": 1648547904675,
    "end": 1648547904676,
    "duration": 1,
    "pid": 36676,
    "index": 30
  },
  {
    "name": "Require(26) node_modules/egg-jsonp/app/extend/application.js",
    "start": 1648547904676,
    "end": 1648547904677,
    "duration": 1,
    "pid": 36676,
    "index": 31
  },
  {
    "name": "Require(27) node_modules/egg-logrotator/app/extend/application.js",
    "start": 1648547904678,
    "end": 1648547904679,
    "duration": 1,
    "pid": 36676,
    "index": 32
  },
  {
    "name": "Require(28) node_modules/egg-view/app/extend/application.js",
    "start": 1648547904679,
    "end": 1648547904680,
    "duration": 1,
    "pid": 36676,
    "index": 33
  },
  {
    "name": "Require(29) app/extend/application.js",
    "start": 1648547904680,
    "end": 1648547904715,
    "duration": 35,
    "pid": 36676,
    "index": 34
  },
  {
    "name": "Load extend/request.js",
    "start": 1648547904717,
    "end": 1648547904720,
    "duration": 3,
    "pid": 36676,
    "index": 35
  },
  {
    "name": "Require(30) node_modules/egg/app/extend/request.js",
    "start": 1648547904718,
    "end": 1648547904719,
    "duration": 1,
    "pid": 36676,
    "index": 36
  },
  {
    "name": "Load extend/response.js",
    "start": 1648547904720,
    "end": 1648547904724,
    "duration": 4,
    "pid": 36676,
    "index": 37
  },
  {
    "name": "Require(31) node_modules/egg/app/extend/response.js",
    "start": 1648547904722,
    "end": 1648547904722,
    "duration": 0,
    "pid": 36676,
    "index": 38
  },
  {
    "name": "Load extend/context.js",
    "start": 1648547904724,
    "end": 1648547904765,
    "duration": 41,
    "pid": 36676,
    "index": 39
  },
  {
    "name": "Require(32) node_modules/egg-security/app/extend/context.js",
    "start": 1648547904724,
    "end": 1648547904730,
    "duration": 6,
    "pid": 36676,
    "index": 40
  },
  {
    "name": "Require(33) node_modules/egg-jsonp/app/extend/context.js",
    "start": 1648547904730,
    "end": 1648547904731,
    "duration": 1,
    "pid": 36676,
    "index": 41
  },
  {
    "name": "Require(34) node_modules/egg-i18n/app/extend/context.js",
    "start": 1648547904731,
    "end": 1648547904731,
    "duration": 0,
    "pid": 36676,
    "index": 42
  },
  {
    "name": "Require(35) node_modules/egg-multipart/app/extend/context.js",
    "start": 1648547904732,
    "end": 1648547904761,
    "duration": 29,
    "pid": 36676,
    "index": 43
  },
  {
    "name": "Require(36) node_modules/egg-view/app/extend/context.js",
    "start": 1648547904761,
    "end": 1648547904762,
    "duration": 1,
    "pid": 36676,
    "index": 44
  },
  {
    "name": "Require(37) node_modules/egg-mongoose/app/extend/context.js",
    "start": 1648547904762,
    "end": 1648547904762,
    "duration": 0,
    "pid": 36676,
    "index": 45
  },
  {
    "name": "Require(38) node_modules/egg-validate/app/extend/context.js",
    "start": 1648547904762,
    "end": 1648547904763,
    "duration": 1,
    "pid": 36676,
    "index": 46
  },
  {
    "name": "Require(39) node_modules/egg/app/extend/context.js",
    "start": 1648547904763,
    "end": 1648547904763,
    "duration": 0,
    "pid": 36676,
    "index": 47
  },
  {
    "name": "Load extend/helper.js",
    "start": 1648547904765,
    "end": 1648547904777,
    "duration": 12,
    "pid": 36676,
    "index": 48
  },
  {
    "name": "Require(40) node_modules/egg-security/app/extend/helper.js",
    "start": 1648547904765,
    "end": 1648547904773,
    "duration": 8,
    "pid": 36676,
    "index": 49
  },
  {
    "name": "Require(41) node_modules/egg/app/extend/helper.js",
    "start": 1648547904774,
    "end": 1648547904775,
    "duration": 1,
    "pid": 36676,
    "index": 50
  },
  {
    "name": "Require(42) app/extend/helper.js",
    "start": 1648547904775,
    "end": 1648547904775,
    "duration": 0,
    "pid": 36676,
    "index": 51
  },
  {
    "name": "Load app.js",
    "start": 1648547904777,
    "end": 1648547904801,
    "duration": 24,
    "pid": 36676,
    "index": 52
  },
  {
    "name": "Require(43) node_modules/egg-session/app.js",
    "start": 1648547904777,
    "end": 1648547904778,
    "duration": 1,
    "pid": 36676,
    "index": 53
  },
  {
    "name": "Require(44) node_modules/egg-security/app.js",
    "start": 1648547904778,
    "end": 1648547904779,
    "duration": 1,
    "pid": 36676,
    "index": 54
  },
  {
    "name": "Require(45) node_modules/egg-onerror/app.js",
    "start": 1648547904779,
    "end": 1648547904783,
    "duration": 4,
    "pid": 36676,
    "index": 55
  },
  {
    "name": "Require(46) node_modules/egg-i18n/app.js",
    "start": 1648547904783,
    "end": 1648547904794,
    "duration": 11,
    "pid": 36676,
    "index": 56
  },
  {
    "name": "Require(47) node_modules/egg-watcher/app.js",
    "start": 1648547904794,
    "end": 1648547904796,
    "duration": 2,
    "pid": 36676,
    "index": 57
  },
  {
    "name": "Require(48) node_modules/egg-schedule/app.js",
    "start": 1648547904796,
    "end": 1648547904797,
    "duration": 1,
    "pid": 36676,
    "index": 58
  },
  {
    "name": "Require(49) node_modules/egg-multipart/app.js",
    "start": 1648547904797,
    "end": 1648547904797,
    "duration": 0,
    "pid": 36676,
    "index": 59
  },
  {
    "name": "Require(50) node_modules/egg-development/app.js",
    "start": 1648547904798,
    "end": 1648547904798,
    "duration": 0,
    "pid": 36676,
    "index": 60
  },
  {
    "name": "Require(51) node_modules/egg-logrotator/app.js",
    "start": 1648547904798,
    "end": 1648547904798,
    "duration": 0,
    "pid": 36676,
    "index": 61
  },
  {
    "name": "Require(52) node_modules/egg-static/app.js",
    "start": 1648547904798,
    "end": 1648547904799,
    "duration": 1,
    "pid": 36676,
    "index": 62
  },
  {
    "name": "Require(53) node_modules/egg-mongoose/app.js",
    "start": 1648547904799,
    "end": 1648547904799,
    "duration": 0,
    "pid": 36676,
    "index": 63
  },
  {
    "name": "Require(54) node_modules/egg-validate/app.js",
    "start": 1648547904799,
    "end": 1648547904800,
    "duration": 1,
    "pid": 36676,
    "index": 64
  },
  {
    "name": "Require(55) node_modules/egg-cors/app.js",
    "start": 1648547904800,
    "end": 1648547904800,
    "duration": 0,
    "pid": 36676,
    "index": 65
  },
  {
    "name": "Before Start in node_modules/egg-watcher/lib/init.js:15:14",
    "start": 1648547904808,
    "end": 1648547905179,
    "duration": 371,
    "pid": 36676,
    "index": 66
  },
  {
    "name": "Before Start in node_modules/egg-mongoose/lib/mongoose.js:104:7",
    "start": 1648547905063,
    "end": 1648547905178,
    "duration": 115,
    "pid": 36676,
    "index": 67
  },
  {
    "name": "Before Start in node_modules/egg-mongoose/lib/mongoose.js:52:9",
    "start": 1648547905063,
    "end": 1648547905167,
    "duration": 104,
    "pid": 36676,
    "index": 68
  },
  {
    "name": "Load Service",
    "start": 1648547905063,
    "end": 1648547905082,
    "duration": 19,
    "pid": 36676,
    "index": 69
  },
  {
    "name": "Load \"service\" to Context",
    "start": 1648547905063,
    "end": 1648547905082,
    "duration": 19,
    "pid": 36676,
    "index": 70
  },
  {
    "name": "Load Middleware",
    "start": 1648547905082,
    "end": 1648547905143,
    "duration": 61,
    "pid": 36676,
    "index": 71
  },
  {
    "name": "Load \"middlewares\" to Application",
    "start": 1648547905082,
    "end": 1648547905137,
    "duration": 55,
    "pid": 36676,
    "index": 72
  },
  {
    "name": "Load Controller",
    "start": 1648547905144,
    "end": 1648547905146,
    "duration": 2,
    "pid": 36676,
    "index": 73
  },
  {
    "name": "Load \"controller\" to Application",
    "start": 1648547905144,
    "end": 1648547905146,
    "duration": 2,
    "pid": 36676,
    "index": 74
  },
  {
    "name": "Load Router",
    "start": 1648547905146,
    "end": 1648547905149,
    "duration": 3,
    "pid": 36676,
    "index": 75
  },
  {
    "name": "Require(56) app/router.js",
    "start": 1648547905146,
    "end": 1648547905146,
    "duration": 0,
    "pid": 36676,
    "index": 76
  },
  {
    "name": "Before Start in node_modules/egg-core/lib/egg.js:303:10",
    "start": 1648547905146,
    "end": 1648547905167,
    "duration": 21,
    "pid": 36676,
    "index": 77
  },
  {
    "name": "Load \"model\" to Application",
    "start": 1648547905155,
    "end": 1648547905167,
    "duration": 12,
    "pid": 36676,
    "index": 78
  }
]