[
  {
    "name": "Process Start",
    "start": 1648545635784,
    "end": 1648545636542,
    "duration": 758,
    "pid": 43300,
    "index": 0
  },
  {
    "name": "Application Start",
    "start": 1648545636542,
    "end": 1648545637090,
    "duration": 548,
    "pid": 43300,
    "index": 1
  },
  {
    "name": "Load Plugin",
    "start": 1648545636545,
    "end": 1648545636556,
    "duration": 11,
    "pid": 43300,
    "index": 2
  },
  {
    "name": "Load Config",
    "start": 1648545636556,
    "end": 1648545636571,
    "duration": 15,
    "pid": 43300,
    "index": 3
  },
  {
    "name": "Require(0) config/config.default.js",
    "start": 1648545636557,
    "end": 1648545636557,
    "duration": 0,
    "pid": 43300,
    "index": 4
  },
  {
    "name": "Require(1) config/config.local.js",
    "start": 1648545636557,
    "end": 1648545636558,
    "duration": 1,
    "pid": 43300,
    "index": 5
  },
  {
    "name": "Require(2) node_modules/egg-session/config/config.default.js",
    "start": 1648545636558,
    "end": 1648545636558,
    "duration": 0,
    "pid": 43300,
    "index": 6
  },
  {
    "name": "Require(3) node_modules/egg-security/config/config.default.js",
    "start": 1648545636559,
    "end": 1648545636559,
    "duration": 0,
    "pid": 43300,
    "index": 7
  },
  {
    "name": "Require(4) node_modules/egg-jsonp/config/config.default.js",
    "start": 1648545636559,
    "end": 1648545636560,
    "duration": 1,
    "pid": 43300,
    "index": 8
  },
  {
    "name": "Require(5) node_modules/egg-onerror/config/config.default.js",
    "start": 1648545636560,
    "end": 1648545636560,
    "duration": 0,
    "pid": 43300,
    "index": 9
  },
  {
    "name": "Require(6) node_modules/egg-i18n/config/config.default.js",
    "start": 1648545636560,
    "end": 1648545636561,
    "duration": 1,
    "pid": 43300,
    "index": 10
  },
  {
    "name": "Require(7) node_modules/egg-watcher/config/config.default.js",
    "start": 1648545636561,
    "end": 1648545636561,
    "duration": 0,
    "pid": 43300,
    "index": 11
  },
  {
    "name": "Require(8) node_modules/egg-schedule/config/config.default.js",
    "start": 1648545636562,
    "end": 1648545636562,
    "duration": 0,
    "pid": 43300,
    "index": 12
  },
  {
    "name": "Require(9) node_modules/egg-multipart/config/config.default.js",
    "start": 1648545636562,
    "end": 1648545636562,
    "duration": 0,
    "pid": 43300,
    "index": 13
  },
  {
    "name": "Require(10) node_modules/egg-development/config/config.default.js",
    "start": 1648545636563,
    "end": 1648545636563,
    "duration": 0,
    "pid": 43300,
    "index": 14
  },
  {
    "name": "Require(11) node_modules/egg-logrotator/config/config.default.js",
    "start": 1648545636563,
    "end": 1648545636563,
    "duration": 0,
    "pid": 43300,
    "index": 15
  },
  {
    "name": "Require(12) node_modules/egg-static/config/config.default.js",
    "start": 1648545636564,
    "end": 1648545636564,
    "duration": 0,
    "pid": 43300,
    "index": 16
  },
  {
    "name": "Require(13) node_modules/egg-view/config/config.default.js",
    "start": 1648545636564,
    "end": 1648545636564,
    "duration": 0,
    "pid": 43300,
    "index": 17
  },
  {
    "name": "Require(14) node_modules/egg-mongoose/config/config.default.js",
    "start": 1648545636565,
    "end": 1648545636565,
    "duration": 0,
    "pid": 43300,
    "index": 18
  },
  {
    "name": "Require(15) node_modules/egg-validate/config/config.default.js",
    "start": 1648545636565,
    "end": 1648545636565,
    "duration": 0,
    "pid": 43300,
    "index": 19
  },
  {
    "name": "Require(16) node_modules/egg-cors/config/config.default.js",
    "start": 1648545636566,
    "end": 1648545636566,
    "duration": 0,
    "pid": 43300,
    "index": 20
  },
  {
    "name": "Require(17) node_modules/egg/config/config.default.js",
    "start": 1648545636566,
    "end": 1648545636566,
    "duration": 0,
    "pid": 43300,
    "index": 21
  },
  {
    "name": "Require(18) config/config.default.js",
    "start": 1648545636567,
    "end": 1648545636567,
    "duration": 0,
    "pid": 43300,
    "index": 22
  },
  {
    "name": "Require(19) node_modules/egg-security/config/config.local.js",
    "start": 1648545636567,
    "end": 1648545636568,
    "duration": 1,
    "pid": 43300,
    "index": 23
  },
  {
    "name": "Require(20) node_modules/egg-watcher/config/config.local.js",
    "start": 1648545636569,
    "end": 1648545636569,
    "duration": 0,
    "pid": 43300,
    "index": 24
  },
  {
    "name": "Require(21) node_modules/egg-view/config/config.local.js",
    "start": 1648545636570,
    "end": 1648545636570,
    "duration": 0,
    "pid": 43300,
    "index": 25
  },
  {
    "name": "Require(22) node_modules/egg/config/config.local.js",
    "start": 1648545636570,
    "end": 1648545636571,
    "duration": 1,
    "pid": 43300,
    "index": 26
  },
  {
    "name": "Require(23) config/config.local.js",
    "start": 1648545636571,
    "end": 1648545636571,
    "duration": 0,
    "pid": 43300,
    "index": 27
  },
  {
    "name": "Load extend/application.js",
    "start": 1648545636571,
    "end": 1648545636610,
    "duration": 39,
    "pid": 43300,
    "index": 28
  },
  {
    "name": "Require(24) node_modules/egg-session/app/extend/application.js",
    "start": 1648545636572,
    "end": 1648545636572,
    "duration": 0,
    "pid": 43300,
    "index": 29
  },
  {
    "name": "Require(25) node_modules/egg-security/app/extend/application.js",
    "start": 1648545636572,
    "end": 1648545636573,
    "duration": 1,
    "pid": 43300,
    "index": 30
  },
  {
    "name": "Require(26) node_modules/egg-jsonp/app/extend/application.js",
    "start": 1648545636574,
    "end": 1648545636574,
    "duration": 0,
    "pid": 43300,
    "index": 31
  },
  {
    "name": "Require(27) node_modules/egg-logrotator/app/extend/application.js",
    "start": 1648545636575,
    "end": 1648545636576,
    "duration": 1,
    "pid": 43300,
    "index": 32
  },
  {
    "name": "Require(28) node_modules/egg-view/app/extend/application.js",
    "start": 1648545636576,
    "end": 1648545636577,
    "duration": 1,
    "pid": 43300,
    "index": 33
  },
  {
    "name": "Require(29) app/extend/application.js",
    "start": 1648545636578,
    "end": 1648545636608,
    "duration": 30,
    "pid": 43300,
    "index": 34
  },
  {
    "name": "Load extend/request.js",
    "start": 1648545636610,
    "end": 1648545636613,
    "duration": 3,
    "pid": 43300,
    "index": 35
  },
  {
    "name": "Require(30) node_modules/egg/app/extend/request.js",
    "start": 1648545636611,
    "end": 1648545636612,
    "duration": 1,
    "pid": 43300,
    "index": 36
  },
  {
    "name": "Load extend/response.js",
    "start": 1648545636613,
    "end": 1648545636616,
    "duration": 3,
    "pid": 43300,
    "index": 37
  },
  {
    "name": "Require(31) node_modules/egg/app/extend/response.js",
    "start": 1648545636614,
    "end": 1648545636615,
    "duration": 1,
    "pid": 43300,
    "index": 38
  },
  {
    "name": "Load extend/context.js",
    "start": 1648545636616,
    "end": 1648545636655,
    "duration": 39,
    "pid": 43300,
    "index": 39
  },
  {
    "name": "Require(32) node_modules/egg-security/app/extend/context.js",
    "start": 1648545636617,
    "end": 1648545636621,
    "duration": 4,
    "pid": 43300,
    "index": 40
  },
  {
    "name": "Require(33) node_modules/egg-jsonp/app/extend/context.js",
    "start": 1648545636622,
    "end": 1648545636622,
    "duration": 0,
    "pid": 43300,
    "index": 41
  },
  {
    "name": "Require(34) node_modules/egg-i18n/app/extend/context.js",
    "start": 1648545636623,
    "end": 1648545636623,
    "duration": 0,
    "pid": 43300,
    "index": 42
  },
  {
    "name": "Require(35) node_modules/egg-multipart/app/extend/context.js",
    "start": 1648545636623,
    "end": 1648545636650,
    "duration": 27,
    "pid": 43300,
    "index": 43
  },
  {
    "name": "Require(36) node_modules/egg-view/app/extend/context.js",
    "start": 1648545636650,
    "end": 1648545636651,
    "duration": 1,
    "pid": 43300,
    "index": 44
  },
  {
    "name": "Require(37) node_modules/egg-mongoose/app/extend/context.js",
    "start": 1648545636651,
    "end": 1648545636652,
    "duration": 1,
    "pid": 43300,
    "index": 45
  },
  {
    "name": "Require(38) node_modules/egg-validate/app/extend/context.js",
    "start": 1648545636652,
    "end": 1648545636652,
    "duration": 0,
    "pid": 43300,
    "index": 46
  },
  {
    "name": "Require(39) node_modules/egg/app/extend/context.js",
    "start": 1648545636652,
    "end": 1648545636653,
    "duration": 1,
    "pid": 43300,
    "index": 47
  },
  {
    "name": "Load extend/helper.js",
    "start": 1648545636655,
    "end": 1648545636672,
    "duration": 17,
    "pid": 43300,
    "index": 48
  },
  {
    "name": "Require(40) node_modules/egg-security/app/extend/helper.js",
    "start": 1648545636655,
    "end": 1648545636666,
    "duration": 11,
    "pid": 43300,
    "index": 49
  },
  {
    "name": "Require(41) node_modules/egg/app/extend/helper.js",
    "start": 1648545636668,
    "end": 1648545636669,
    "duration": 1,
    "pid": 43300,
    "index": 50
  },
  {
    "name": "Require(42) app/extend/helper.js",
    "start": 1648545636669,
    "end": 1648545636669,
    "duration": 0,
    "pid": 43300,
    "index": 51
  },
  {
    "name": "Load app.js",
    "start": 1648545636673,
    "end": 1648545636704,
    "duration": 31,
    "pid": 43300,
    "index": 52
  },
  {
    "name": "Require(43) node_modules/egg-session/app.js",
    "start": 1648545636673,
    "end": 1648545636674,
    "duration": 1,
    "pid": 43300,
    "index": 53
  },
  {
    "name": "Require(44) node_modules/egg-security/app.js",
    "start": 1648545636674,
    "end": 1648545636675,
    "duration": 1,
    "pid": 43300,
    "index": 54
  },
  {
    "name": "Require(45) node_modules/egg-onerror/app.js",
    "start": 1648545636676,
    "end": 1648545636684,
    "duration": 8,
    "pid": 43300,
    "index": 55
  },
  {
    "name": "Require(46) node_modules/egg-i18n/app.js",
    "start": 1648545636685,
    "end": 1648545636697,
    "duration": 12,
    "pid": 43300,
    "index": 56
  },
  {
    "name": "Require(47) node_modules/egg-watcher/app.js",
    "start": 1648545636698,
    "end": 1648545636699,
    "duration": 1,
    "pid": 43300,
    "index": 57
  },
  {
    "name": "Require(48) node_modules/egg-schedule/app.js",
    "start": 1648545636699,
    "end": 1648545636700,
    "duration": 1,
    "pid": 43300,
    "index": 58
  },
  {
    "name": "Require(49) node_modules/egg-multipart/app.js",
    "start": 1648545636700,
    "end": 1648545636701,
    "duration": 1,
    "pid": 43300,
    "index": 59
  },
  {
    "name": "Require(50) node_modules/egg-development/app.js",
    "start": 1648545636701,
    "end": 1648545636701,
    "duration": 0,
    "pid": 43300,
    "index": 60
  },
  {
    "name": "Require(51) node_modules/egg-logrotator/app.js",
    "start": 1648545636701,
    "end": 1648545636701,
    "duration": 0,
    "pid": 43300,
    "index": 61
  },
  {
    "name": "Require(52) node_modules/egg-static/app.js",
    "start": 1648545636701,
    "end": 1648545636702,
    "duration": 1,
    "pid": 43300,
    "index": 62
  },
  {
    "name": "Require(53) node_modules/egg-mongoose/app.js",
    "start": 1648545636702,
    "end": 1648545636702,
    "duration": 0,
    "pid": 43300,
    "index": 63
  },
  {
    "name": "Require(54) node_modules/egg-validate/app.js",
    "start": 1648545636702,
    "end": 1648545636703,
    "duration": 1,
    "pid": 43300,
    "index": 64
  },
  {
    "name": "Require(55) node_modules/egg-cors/app.js",
    "start": 1648545636703,
    "end": 1648545636704,
    "duration": 1,
    "pid": 43300,
    "index": 65
  },
  {
    "name": "Before Start in node_modules/egg-watcher/lib/init.js:15:14",
    "start": 1648545636710,
    "end": 1648545637089,
    "duration": 379,
    "pid": 43300,
    "index": 66
  },
  {
    "name": "Before Start in node_modules/egg-mongoose/lib/mongoose.js:104:7",
    "start": 1648545636971,
    "end": 1648545637088,
    "duration": 117,
    "pid": 43300,
    "index": 67
  },
  {
    "name": "Before Start in node_modules/egg-mongoose/lib/mongoose.js:52:9",
    "start": 1648545636971,
    "end": 1648545637077,
    "duration": 106,
    "pid": 43300,
    "index": 68
  },
  {
    "name": "Load Service",
    "start": 1648545636971,
    "end": 1648545636991,
    "duration": 20,
    "pid": 43300,
    "index": 69
  },
  {
    "name": "Load \"service\" to Context",
    "start": 1648545636971,
    "end": 1648545636991,
    "duration": 20,
    "pid": 43300,
    "index": 70
  },
  {
    "name": "Load Middleware",
    "start": 1648545636991,
    "end": 1648545637053,
    "duration": 62,
    "pid": 43300,
    "index": 71
  },
  {
    "name": "Load \"middlewares\" to Application",
    "start": 1648545636991,
    "end": 1648545637047,
    "duration": 56,
    "pid": 43300,
    "index": 72
  },
  {
    "name": "Load Controller",
    "start": 1648545637054,
    "end": 1648545637057,
    "duration": 3,
    "pid": 43300,
    "index": 73
  },
  {
    "name": "Load \"controller\" to Application",
    "start": 1648545637054,
    "end": 1648545637057,
    "duration": 3,
    "pid": 43300,
    "index": 74
  },
  {
    "name": "Load Router",
    "start": 1648545637058,
    "end": 1648545637060,
    "duration": 2,
    "pid": 43300,
    "index": 75
  },
  {
    "name": "Require(56) app/router.js",
    "start": 1648545637058,
    "end": 1648545637058,
    "duration": 0,
    "pid": 43300,
    "index": 76
  },
  {
    "name": "Before Start in node_modules/egg-core/lib/egg.js:303:10",
    "start": 1648545637058,
    "end": 1648545637077,
    "duration": 19,
    "pid": 43300,
    "index": 77
  },
  {
    "name": "Load \"model\" to Application",
    "start": 1648545637065,
    "end": 1648545637077,
    "duration": 12,
    "pid": 43300,
    "index": 78
  }
]