[
  {
    "name": "Process Start",
    "start": 1648460582154,
    "end": 1648460582806,
    "duration": 652,
    "pid": 38864,
    "index": 0
  },
  {
    "name": "Application Start",
    "start": 1648460582806,
    "end": 1648460583337,
    "duration": 531,
    "pid": 38864,
    "index": 1
  },
  {
    "name": "Load Plugin",
    "start": 1648460582809,
    "end": 1648460582820,
    "duration": 11,
    "pid": 38864,
    "index": 2
  },
  {
    "name": "Load Config",
    "start": 1648460582820,
    "end": 1648460582837,
    "duration": 17,
    "pid": 38864,
    "index": 3
  },
  {
    "name": "Require(0) config/config.default.js",
    "start": 1648460582821,
    "end": 1648460582821,
    "duration": 0,
    "pid": 38864,
    "index": 4
  },
  {
    "name": "Require(1) config/config.local.js",
    "start": 1648460582822,
    "end": 1648460582822,
    "duration": 0,
    "pid": 38864,
    "index": 5
  },
  {
    "name": "Require(2) node_modules/egg-session/config/config.default.js",
    "start": 1648460582822,
    "end": 1648460582822,
    "duration": 0,
    "pid": 38864,
    "index": 6
  },
  {
    "name": "Require(3) node_modules/egg-security/config/config.default.js",
    "start": 1648460582822,
    "end": 1648460582823,
    "duration": 1,
    "pid": 38864,
    "index": 7
  },
  {
    "name": "Require(4) node_modules/egg-jsonp/config/config.default.js",
    "start": 1648460582823,
    "end": 1648460582824,
    "duration": 1,
    "pid": 38864,
    "index": 8
  },
  {
    "name": "Require(5) node_modules/egg-onerror/config/config.default.js",
    "start": 1648460582824,
    "end": 1648460582824,
    "duration": 0,
    "pid": 38864,
    "index": 9
  },
  {
    "name": "Require(6) node_modules/egg-i18n/config/config.default.js",
    "start": 1648460582824,
    "end": 1648460582825,
    "duration": 1,
    "pid": 38864,
    "index": 10
  },
  {
    "name": "Require(7) node_modules/egg-watcher/config/config.default.js",
    "start": 1648460582825,
    "end": 1648460582825,
    "duration": 0,
    "pid": 38864,
    "index": 11
  },
  {
    "name": "Require(8) node_modules/egg-schedule/config/config.default.js",
    "start": 1648460582825,
    "end": 1648460582826,
    "duration": 1,
    "pid": 38864,
    "index": 12
  },
  {
    "name": "Require(9) node_modules/egg-multipart/config/config.default.js",
    "start": 1648460582826,
    "end": 1648460582826,
    "duration": 0,
    "pid": 38864,
    "index": 13
  },
  {
    "name": "Require(10) node_modules/egg-development/config/config.default.js",
    "start": 1648460582827,
    "end": 1648460582827,
    "duration": 0,
    "pid": 38864,
    "index": 14
  },
  {
    "name": "Require(11) node_modules/egg-logrotator/config/config.default.js",
    "start": 1648460582827,
    "end": 1648460582827,
    "duration": 0,
    "pid": 38864,
    "index": 15
  },
  {
    "name": "Require(12) node_modules/egg-static/config/config.default.js",
    "start": 1648460582827,
    "end": 1648460582828,
    "duration": 1,
    "pid": 38864,
    "index": 16
  },
  {
    "name": "Require(13) node_modules/egg-view/config/config.default.js",
    "start": 1648460582828,
    "end": 1648460582828,
    "duration": 0,
    "pid": 38864,
    "index": 17
  },
  {
    "name": "Require(14) node_modules/egg-mongoose/config/config.default.js",
    "start": 1648460582829,
    "end": 1648460582829,
    "duration": 0,
    "pid": 38864,
    "index": 18
  },
  {
    "name": "Require(15) node_modules/egg-validate/config/config.default.js",
    "start": 1648460582829,
    "end": 1648460582830,
    "duration": 1,
    "pid": 38864,
    "index": 19
  },
  {
    "name": "Require(16) node_modules/egg-cors/config/config.default.js",
    "start": 1648460582830,
    "end": 1648460582830,
    "duration": 0,
    "pid": 38864,
    "index": 20
  },
  {
    "name": "Require(17) node_modules/egg/config/config.default.js",
    "start": 1648460582831,
    "end": 1648460582831,
    "duration": 0,
    "pid": 38864,
    "index": 21
  },
  {
    "name": "Require(18) config/config.default.js",
    "start": 1648460582832,
    "end": 1648460582832,
    "duration": 0,
    "pid": 38864,
    "index": 22
  },
  {
    "name": "Require(19) node_modules/egg-security/config/config.local.js",
    "start": 1648460582832,
    "end": 1648460582835,
    "duration": 3,
    "pid": 38864,
    "index": 23
  },
  {
    "name": "Require(20) node_modules/egg-watcher/config/config.local.js",
    "start": 1648460582835,
    "end": 1648460582836,
    "duration": 1,
    "pid": 38864,
    "index": 24
  },
  {
    "name": "Require(21) node_modules/egg-view/config/config.local.js",
    "start": 1648460582836,
    "end": 1648460582836,
    "duration": 0,
    "pid": 38864,
    "index": 25
  },
  {
    "name": "Require(22) node_modules/egg/config/config.local.js",
    "start": 1648460582837,
    "end": 1648460582837,
    "duration": 0,
    "pid": 38864,
    "index": 26
  },
  {
    "name": "Require(23) config/config.local.js",
    "start": 1648460582837,
    "end": 1648460582837,
    "duration": 0,
    "pid": 38864,
    "index": 27
  },
  {
    "name": "Load extend/application.js",
    "start": 1648460582838,
    "end": 1648460582875,
    "duration": 37,
    "pid": 38864,
    "index": 28
  },
  {
    "name": "Require(24) node_modules/egg-session/app/extend/application.js",
    "start": 1648460582838,
    "end": 1648460582838,
    "duration": 0,
    "pid": 38864,
    "index": 29
  },
  {
    "name": "Require(25) node_modules/egg-security/app/extend/application.js",
    "start": 1648460582838,
    "end": 1648460582839,
    "duration": 1,
    "pid": 38864,
    "index": 30
  },
  {
    "name": "Require(26) node_modules/egg-jsonp/app/extend/application.js",
    "start": 1648460582839,
    "end": 1648460582840,
    "duration": 1,
    "pid": 38864,
    "index": 31
  },
  {
    "name": "Require(27) node_modules/egg-logrotator/app/extend/application.js",
    "start": 1648460582841,
    "end": 1648460582841,
    "duration": 0,
    "pid": 38864,
    "index": 32
  },
  {
    "name": "Require(28) node_modules/egg-view/app/extend/application.js",
    "start": 1648460582842,
    "end": 1648460582842,
    "duration": 0,
    "pid": 38864,
    "index": 33
  },
  {
    "name": "Require(29) app/extend/application.js",
    "start": 1648460582843,
    "end": 1648460582873,
    "duration": 30,
    "pid": 38864,
    "index": 34
  },
  {
    "name": "Load extend/request.js",
    "start": 1648460582875,
    "end": 1648460582878,
    "duration": 3,
    "pid": 38864,
    "index": 35
  },
  {
    "name": "Require(30) node_modules/egg/app/extend/request.js",
    "start": 1648460582876,
    "end": 1648460582876,
    "duration": 0,
    "pid": 38864,
    "index": 36
  },
  {
    "name": "Load extend/response.js",
    "start": 1648460582878,
    "end": 1648460582882,
    "duration": 4,
    "pid": 38864,
    "index": 37
  },
  {
    "name": "Require(31) node_modules/egg/app/extend/response.js",
    "start": 1648460582880,
    "end": 1648460582881,
    "duration": 1,
    "pid": 38864,
    "index": 38
  },
  {
    "name": "Load extend/context.js",
    "start": 1648460582882,
    "end": 1648460582920,
    "duration": 38,
    "pid": 38864,
    "index": 39
  },
  {
    "name": "Require(32) node_modules/egg-security/app/extend/context.js",
    "start": 1648460582882,
    "end": 1648460582887,
    "duration": 5,
    "pid": 38864,
    "index": 40
  },
  {
    "name": "Require(33) node_modules/egg-jsonp/app/extend/context.js",
    "start": 1648460582887,
    "end": 1648460582887,
    "duration": 0,
    "pid": 38864,
    "index": 41
  },
  {
    "name": "Require(34) node_modules/egg-i18n/app/extend/context.js",
    "start": 1648460582888,
    "end": 1648460582888,
    "duration": 0,
    "pid": 38864,
    "index": 42
  },
  {
    "name": "Require(35) node_modules/egg-multipart/app/extend/context.js",
    "start": 1648460582888,
    "end": 1648460582916,
    "duration": 28,
    "pid": 38864,
    "index": 43
  },
  {
    "name": "Require(36) node_modules/egg-view/app/extend/context.js",
    "start": 1648460582917,
    "end": 1648460582917,
    "duration": 0,
    "pid": 38864,
    "index": 44
  },
  {
    "name": "Require(37) node_modules/egg-mongoose/app/extend/context.js",
    "start": 1648460582917,
    "end": 1648460582918,
    "duration": 1,
    "pid": 38864,
    "index": 45
  },
  {
    "name": "Require(38) node_modules/egg-validate/app/extend/context.js",
    "start": 1648460582918,
    "end": 1648460582918,
    "duration": 0,
    "pid": 38864,
    "index": 46
  },
  {
    "name": "Require(39) node_modules/egg/app/extend/context.js",
    "start": 1648460582918,
    "end": 1648460582919,
    "duration": 1,
    "pid": 38864,
    "index": 47
  },
  {
    "name": "Load extend/helper.js",
    "start": 1648460582920,
    "end": 1648460582935,
    "duration": 15,
    "pid": 38864,
    "index": 48
  },
  {
    "name": "Require(40) node_modules/egg-security/app/extend/helper.js",
    "start": 1648460582920,
    "end": 1648460582930,
    "duration": 10,
    "pid": 38864,
    "index": 49
  },
  {
    "name": "Require(41) node_modules/egg/app/extend/helper.js",
    "start": 1648460582932,
    "end": 1648460582933,
    "duration": 1,
    "pid": 38864,
    "index": 50
  },
  {
    "name": "Require(42) app/extend/helper.js",
    "start": 1648460582933,
    "end": 1648460582933,
    "duration": 0,
    "pid": 38864,
    "index": 51
  },
  {
    "name": "Load app.js",
    "start": 1648460582935,
    "end": 1648460582957,
    "duration": 22,
    "pid": 38864,
    "index": 52
  },
  {
    "name": "Require(43) node_modules/egg-session/app.js",
    "start": 1648460582935,
    "end": 1648460582935,
    "duration": 0,
    "pid": 38864,
    "index": 53
  },
  {
    "name": "Require(44) node_modules/egg-security/app.js",
    "start": 1648460582935,
    "end": 1648460582936,
    "duration": 1,
    "pid": 38864,
    "index": 54
  },
  {
    "name": "Require(45) node_modules/egg-onerror/app.js",
    "start": 1648460582936,
    "end": 1648460582940,
    "duration": 4,
    "pid": 38864,
    "index": 55
  },
  {
    "name": "Require(46) node_modules/egg-i18n/app.js",
    "start": 1648460582940,
    "end": 1648460582951,
    "duration": 11,
    "pid": 38864,
    "index": 56
  },
  {
    "name": "Require(47) node_modules/egg-watcher/app.js",
    "start": 1648460582951,
    "end": 1648460582953,
    "duration": 2,
    "pid": 38864,
    "index": 57
  },
  {
    "name": "Require(48) node_modules/egg-schedule/app.js",
    "start": 1648460582953,
    "end": 1648460582953,
    "duration": 0,
    "pid": 38864,
    "index": 58
  },
  {
    "name": "Require(49) node_modules/egg-multipart/app.js",
    "start": 1648460582954,
    "end": 1648460582954,
    "duration": 0,
    "pid": 38864,
    "index": 59
  },
  {
    "name": "Require(50) node_modules/egg-development/app.js",
    "start": 1648460582954,
    "end": 1648460582954,
    "duration": 0,
    "pid": 38864,
    "index": 60
  },
  {
    "name": "Require(51) node_modules/egg-logrotator/app.js",
    "start": 1648460582954,
    "end": 1648460582955,
    "duration": 1,
    "pid": 38864,
    "index": 61
  },
  {
    "name": "Require(52) node_modules/egg-static/app.js",
    "start": 1648460582955,
    "end": 1648460582955,
    "duration": 0,
    "pid": 38864,
    "index": 62
  },
  {
    "name": "Require(53) node_modules/egg-mongoose/app.js",
    "start": 1648460582955,
    "end": 1648460582955,
    "duration": 0,
    "pid": 38864,
    "index": 63
  },
  {
    "name": "Require(54) node_modules/egg-validate/app.js",
    "start": 1648460582955,
    "end": 1648460582956,
    "duration": 1,
    "pid": 38864,
    "index": 64
  },
  {
    "name": "Require(55) node_modules/egg-cors/app.js",
    "start": 1648460582957,
    "end": 1648460582957,
    "duration": 0,
    "pid": 38864,
    "index": 65
  },
  {
    "name": "Before Start in node_modules/egg-watcher/lib/init.js:15:14",
    "start": 1648460582964,
    "end": 1648460583336,
    "duration": 372,
    "pid": 38864,
    "index": 66
  },
  {
    "name": "Before Start in node_modules/egg-mongoose/lib/mongoose.js:104:7",
    "start": 1648460583215,
    "end": 1648460583335,
    "duration": 120,
    "pid": 38864,
    "index": 67
  },
  {
    "name": "Before Start in node_modules/egg-mongoose/lib/mongoose.js:52:9",
    "start": 1648460583215,
    "end": 1648460583323,
    "duration": 108,
    "pid": 38864,
    "index": 68
  },
  {
    "name": "Load Service",
    "start": 1648460583215,
    "end": 1648460583235,
    "duration": 20,
    "pid": 38864,
    "index": 69
  },
  {
    "name": "Load \"service\" to Context",
    "start": 1648460583215,
    "end": 1648460583235,
    "duration": 20,
    "pid": 38864,
    "index": 70
  },
  {
    "name": "Load Middleware",
    "start": 1648460583236,
    "end": 1648460583301,
    "duration": 65,
    "pid": 38864,
    "index": 71
  },
  {
    "name": "Load \"middlewares\" to Application",
    "start": 1648460583236,
    "end": 1648460583294,
    "duration": 58,
    "pid": 38864,
    "index": 72
  },
  {
    "name": "Load Controller",
    "start": 1648460583301,
    "end": 1648460583303,
    "duration": 2,
    "pid": 38864,
    "index": 73
  },
  {
    "name": "Load \"controller\" to Application",
    "start": 1648460583301,
    "end": 1648460583303,
    "duration": 2,
    "pid": 38864,
    "index": 74
  },
  {
    "name": "Load Router",
    "start": 1648460583303,
    "end": 1648460583305,
    "duration": 2,
    "pid": 38864,
    "index": 75
  },
  {
    "name": "Require(56) app/router.js",
    "start": 1648460583303,
    "end": 1648460583303,
    "duration": 0,
    "pid": 38864,
    "index": 76
  },
  {
    "name": "Before Start in node_modules/egg-core/lib/egg.js:303:10",
    "start": 1648460583303,
    "end": 1648460583323,
    "duration": 20,
    "pid": 38864,
    "index": 77
  },
  {
    "name": "Load \"model\" to Application",
    "start": 1648460583310,
    "end": 1648460583323,
    "duration": 13,
    "pid": 38864,
    "index": 78
  }
]