[
  {
    "name": "Process Start",
    "start": 1648545359889,
    "end": 1648545360534,
    "duration": 645,
    "pid": 39980,
    "index": 0
  },
  {
    "name": "Application Start",
    "start": 1648545360534,
    "end": 1648545361046,
    "duration": 512,
    "pid": 39980,
    "index": 1
  },
  {
    "name": "Load Plugin",
    "start": 1648545360537,
    "end": 1648545360547,
    "duration": 10,
    "pid": 39980,
    "index": 2
  },
  {
    "name": "Load Config",
    "start": 1648545360547,
    "end": 1648545360563,
    "duration": 16,
    "pid": 39980,
    "index": 3
  },
  {
    "name": "Require(0) config/config.default.js",
    "start": 1648545360548,
    "end": 1648545360548,
    "duration": 0,
    "pid": 39980,
    "index": 4
  },
  {
    "name": "Require(1) config/config.local.js",
    "start": 1648545360549,
    "end": 1648545360549,
    "duration": 0,
    "pid": 39980,
    "index": 5
  },
  {
    "name": "Require(2) node_modules/egg-session/config/config.default.js",
    "start": 1648545360550,
    "end": 1648545360550,
    "duration": 0,
    "pid": 39980,
    "index": 6
  },
  {
    "name": "Require(3) node_modules/egg-security/config/config.default.js",
    "start": 1648545360550,
    "end": 1648545360550,
    "duration": 0,
    "pid": 39980,
    "index": 7
  },
  {
    "name": "Require(4) node_modules/egg-jsonp/config/config.default.js",
    "start": 1648545360551,
    "end": 1648545360552,
    "duration": 1,
    "pid": 39980,
    "index": 8
  },
  {
    "name": "Require(5) node_modules/egg-onerror/config/config.default.js",
    "start": 1648545360552,
    "end": 1648545360552,
    "duration": 0,
    "pid": 39980,
    "index": 9
  },
  {
    "name": "Require(6) node_modules/egg-i18n/config/config.default.js",
    "start": 1648545360552,
    "end": 1648545360553,
    "duration": 1,
    "pid": 39980,
    "index": 10
  },
  {
    "name": "Require(7) node_modules/egg-watcher/config/config.default.js",
    "start": 1648545360553,
    "end": 1648545360553,
    "duration": 0,
    "pid": 39980,
    "index": 11
  },
  {
    "name": "Require(8) node_modules/egg-schedule/config/config.default.js",
    "start": 1648545360554,
    "end": 1648545360554,
    "duration": 0,
    "pid": 39980,
    "index": 12
  },
  {
    "name": "Require(9) node_modules/egg-multipart/config/config.default.js",
    "start": 1648545360554,
    "end": 1648545360555,
    "duration": 1,
    "pid": 39980,
    "index": 13
  },
  {
    "name": "Require(10) node_modules/egg-development/config/config.default.js",
    "start": 1648545360555,
    "end": 1648545360555,
    "duration": 0,
    "pid": 39980,
    "index": 14
  },
  {
    "name": "Require(11) node_modules/egg-logrotator/config/config.default.js",
    "start": 1648545360556,
    "end": 1648545360556,
    "duration": 0,
    "pid": 39980,
    "index": 15
  },
  {
    "name": "Require(12) node_modules/egg-static/config/config.default.js",
    "start": 1648545360556,
    "end": 1648545360556,
    "duration": 0,
    "pid": 39980,
    "index": 16
  },
  {
    "name": "Require(13) node_modules/egg-view/config/config.default.js",
    "start": 1648545360557,
    "end": 1648545360557,
    "duration": 0,
    "pid": 39980,
    "index": 17
  },
  {
    "name": "Require(14) node_modules/egg-mongoose/config/config.default.js",
    "start": 1648545360557,
    "end": 1648545360557,
    "duration": 0,
    "pid": 39980,
    "index": 18
  },
  {
    "name": "Require(15) node_modules/egg-validate/config/config.default.js",
    "start": 1648545360558,
    "end": 1648545360558,
    "duration": 0,
    "pid": 39980,
    "index": 19
  },
  {
    "name": "Require(16) node_modules/egg-cors/config/config.default.js",
    "start": 1648545360558,
    "end": 1648545360558,
    "duration": 0,
    "pid": 39980,
    "index": 20
  },
  {
    "name": "Require(17) node_modules/egg/config/config.default.js",
    "start": 1648545360558,
    "end": 1648545360559,
    "duration": 1,
    "pid": 39980,
    "index": 21
  },
  {
    "name": "Require(18) config/config.default.js",
    "start": 1648545360559,
    "end": 1648545360559,
    "duration": 0,
    "pid": 39980,
    "index": 22
  },
  {
    "name": "Require(19) node_modules/egg-security/config/config.local.js",
    "start": 1648545360560,
    "end": 1648545360561,
    "duration": 1,
    "pid": 39980,
    "index": 23
  },
  {
    "name": "Require(20) node_modules/egg-watcher/config/config.local.js",
    "start": 1648545360562,
    "end": 1648545360562,
    "duration": 0,
    "pid": 39980,
    "index": 24
  },
  {
    "name": "Require(21) node_modules/egg-view/config/config.local.js",
    "start": 1648545360562,
    "end": 1648545360563,
    "duration": 1,
    "pid": 39980,
    "index": 25
  },
  {
    "name": "Require(22) node_modules/egg/config/config.local.js",
    "start": 1648545360563,
    "end": 1648545360563,
    "duration": 0,
    "pid": 39980,
    "index": 26
  },
  {
    "name": "Require(23) config/config.local.js",
    "start": 1648545360563,
    "end": 1648545360563,
    "duration": 0,
    "pid": 39980,
    "index": 27
  },
  {
    "name": "Load extend/application.js",
    "start": 1648545360564,
    "end": 1648545360602,
    "duration": 38,
    "pid": 39980,
    "index": 28
  },
  {
    "name": "Require(24) node_modules/egg-session/app/extend/application.js",
    "start": 1648545360564,
    "end": 1648545360565,
    "duration": 1,
    "pid": 39980,
    "index": 29
  },
  {
    "name": "Require(25) node_modules/egg-security/app/extend/application.js",
    "start": 1648545360565,
    "end": 1648545360566,
    "duration": 1,
    "pid": 39980,
    "index": 30
  },
  {
    "name": "Require(26) node_modules/egg-jsonp/app/extend/application.js",
    "start": 1648545360566,
    "end": 1648545360567,
    "duration": 1,
    "pid": 39980,
    "index": 31
  },
  {
    "name": "Require(27) node_modules/egg-logrotator/app/extend/application.js",
    "start": 1648545360568,
    "end": 1648545360569,
    "duration": 1,
    "pid": 39980,
    "index": 32
  },
  {
    "name": "Require(28) node_modules/egg-view/app/extend/application.js",
    "start": 1648545360569,
    "end": 1648545360570,
    "duration": 1,
    "pid": 39980,
    "index": 33
  },
  {
    "name": "Require(29) app/extend/application.js",
    "start": 1648545360570,
    "end": 1648545360601,
    "duration": 31,
    "pid": 39980,
    "index": 34
  },
  {
    "name": "Load extend/request.js",
    "start": 1648545360603,
    "end": 1648545360607,
    "duration": 4,
    "pid": 39980,
    "index": 35
  },
  {
    "name": "Require(30) node_modules/egg/app/extend/request.js",
    "start": 1648545360604,
    "end": 1648545360605,
    "duration": 1,
    "pid": 39980,
    "index": 36
  },
  {
    "name": "Load extend/response.js",
    "start": 1648545360607,
    "end": 1648545360611,
    "duration": 4,
    "pid": 39980,
    "index": 37
  },
  {
    "name": "Require(31) node_modules/egg/app/extend/response.js",
    "start": 1648545360609,
    "end": 1648545360610,
    "duration": 1,
    "pid": 39980,
    "index": 38
  },
  {
    "name": "Load extend/context.js",
    "start": 1648545360611,
    "end": 1648545360649,
    "duration": 38,
    "pid": 39980,
    "index": 39
  },
  {
    "name": "Require(32) node_modules/egg-security/app/extend/context.js",
    "start": 1648545360612,
    "end": 1648545360616,
    "duration": 4,
    "pid": 39980,
    "index": 40
  },
  {
    "name": "Require(33) node_modules/egg-jsonp/app/extend/context.js",
    "start": 1648545360616,
    "end": 1648545360617,
    "duration": 1,
    "pid": 39980,
    "index": 41
  },
  {
    "name": "Require(34) node_modules/egg-i18n/app/extend/context.js",
    "start": 1648545360617,
    "end": 1648545360617,
    "duration": 0,
    "pid": 39980,
    "index": 42
  },
  {
    "name": "Require(35) node_modules/egg-multipart/app/extend/context.js",
    "start": 1648545360618,
    "end": 1648545360645,
    "duration": 27,
    "pid": 39980,
    "index": 43
  },
  {
    "name": "Require(36) node_modules/egg-view/app/extend/context.js",
    "start": 1648545360645,
    "end": 1648545360646,
    "duration": 1,
    "pid": 39980,
    "index": 44
  },
  {
    "name": "Require(37) node_modules/egg-mongoose/app/extend/context.js",
    "start": 1648545360646,
    "end": 1648545360646,
    "duration": 0,
    "pid": 39980,
    "index": 45
  },
  {
    "name": "Require(38) node_modules/egg-validate/app/extend/context.js",
    "start": 1648545360646,
    "end": 1648545360646,
    "duration": 0,
    "pid": 39980,
    "index": 46
  },
  {
    "name": "Require(39) node_modules/egg/app/extend/context.js",
    "start": 1648545360647,
    "end": 1648545360647,
    "duration": 0,
    "pid": 39980,
    "index": 47
  },
  {
    "name": "Load extend/helper.js",
    "start": 1648545360649,
    "end": 1648545360660,
    "duration": 11,
    "pid": 39980,
    "index": 48
  },
  {
    "name": "Require(40) node_modules/egg-security/app/extend/helper.js",
    "start": 1648545360649,
    "end": 1648545360657,
    "duration": 8,
    "pid": 39980,
    "index": 49
  },
  {
    "name": "Require(41) node_modules/egg/app/extend/helper.js",
    "start": 1648545360658,
    "end": 1648545360658,
    "duration": 0,
    "pid": 39980,
    "index": 50
  },
  {
    "name": "Require(42) app/extend/helper.js",
    "start": 1648545360658,
    "end": 1648545360659,
    "duration": 1,
    "pid": 39980,
    "index": 51
  },
  {
    "name": "Load app.js",
    "start": 1648545360660,
    "end": 1648545360681,
    "duration": 21,
    "pid": 39980,
    "index": 52
  },
  {
    "name": "Require(43) node_modules/egg-session/app.js",
    "start": 1648545360660,
    "end": 1648545360661,
    "duration": 1,
    "pid": 39980,
    "index": 53
  },
  {
    "name": "Require(44) node_modules/egg-security/app.js",
    "start": 1648545360661,
    "end": 1648545360661,
    "duration": 0,
    "pid": 39980,
    "index": 54
  },
  {
    "name": "Require(45) node_modules/egg-onerror/app.js",
    "start": 1648545360662,
    "end": 1648545360665,
    "duration": 3,
    "pid": 39980,
    "index": 55
  },
  {
    "name": "Require(46) node_modules/egg-i18n/app.js",
    "start": 1648545360666,
    "end": 1648545360675,
    "duration": 9,
    "pid": 39980,
    "index": 56
  },
  {
    "name": "Require(47) node_modules/egg-watcher/app.js",
    "start": 1648545360675,
    "end": 1648545360676,
    "duration": 1,
    "pid": 39980,
    "index": 57
  },
  {
    "name": "Require(48) node_modules/egg-schedule/app.js",
    "start": 1648545360677,
    "end": 1648545360677,
    "duration": 0,
    "pid": 39980,
    "index": 58
  },
  {
    "name": "Require(49) node_modules/egg-multipart/app.js",
    "start": 1648545360678,
    "end": 1648545360678,
    "duration": 0,
    "pid": 39980,
    "index": 59
  },
  {
    "name": "Require(50) node_modules/egg-development/app.js",
    "start": 1648545360678,
    "end": 1648545360678,
    "duration": 0,
    "pid": 39980,
    "index": 60
  },
  {
    "name": "Require(51) node_modules/egg-logrotator/app.js",
    "start": 1648545360678,
    "end": 1648545360678,
    "duration": 0,
    "pid": 39980,
    "index": 61
  },
  {
    "name": "Require(52) node_modules/egg-static/app.js",
    "start": 1648545360679,
    "end": 1648545360679,
    "duration": 0,
    "pid": 39980,
    "index": 62
  },
  {
    "name": "Require(53) node_modules/egg-mongoose/app.js",
    "start": 1648545360679,
    "end": 1648545360679,
    "duration": 0,
    "pid": 39980,
    "index": 63
  },
  {
    "name": "Require(54) node_modules/egg-validate/app.js",
    "start": 1648545360679,
    "end": 1648545360680,
    "duration": 1,
    "pid": 39980,
    "index": 64
  },
  {
    "name": "Require(55) node_modules/egg-cors/app.js",
    "start": 1648545360680,
    "end": 1648545360681,
    "duration": 1,
    "pid": 39980,
    "index": 65
  },
  {
    "name": "Before Start in node_modules/egg-watcher/lib/init.js:15:14",
    "start": 1648545360687,
    "end": 1648545361046,
    "duration": 359,
    "pid": 39980,
    "index": 66
  },
  {
    "name": "Before Start in node_modules/egg-mongoose/lib/mongoose.js:104:7",
    "start": 1648545360931,
    "end": 1648545361045,
    "duration": 114,
    "pid": 39980,
    "index": 67
  },
  {
    "name": "Before Start in node_modules/egg-mongoose/lib/mongoose.js:52:9",
    "start": 1648545360931,
    "end": 1648545361034,
    "duration": 103,
    "pid": 39980,
    "index": 68
  },
  {
    "name": "Load Service",
    "start": 1648545360932,
    "end": 1648545360951,
    "duration": 19,
    "pid": 39980,
    "index": 69
  },
  {
    "name": "Load \"service\" to Context",
    "start": 1648545360932,
    "end": 1648545360950,
    "duration": 18,
    "pid": 39980,
    "index": 70
  },
  {
    "name": "Load Middleware",
    "start": 1648545360951,
    "end": 1648545361011,
    "duration": 60,
    "pid": 39980,
    "index": 71
  },
  {
    "name": "Load \"middlewares\" to Application",
    "start": 1648545360951,
    "end": 1648545361004,
    "duration": 53,
    "pid": 39980,
    "index": 72
  },
  {
    "name": "Load Controller",
    "start": 1648545361011,
    "end": 1648545361015,
    "duration": 4,
    "pid": 39980,
    "index": 73
  },
  {
    "name": "Load \"controller\" to Application",
    "start": 1648545361011,
    "end": 1648545361015,
    "duration": 4,
    "pid": 39980,
    "index": 74
  },
  {
    "name": "Load Router",
    "start": 1648545361015,
    "end": 1648545361017,
    "duration": 2,
    "pid": 39980,
    "index": 75
  },
  {
    "name": "Require(56) app/router.js",
    "start": 1648545361015,
    "end": 1648545361015,
    "duration": 0,
    "pid": 39980,
    "index": 76
  },
  {
    "name": "Before Start in node_modules/egg-core/lib/egg.js:303:10",
    "start": 1648545361015,
    "end": 1648545361034,
    "duration": 19,
    "pid": 39980,
    "index": 77
  },
  {
    "name": "Load \"model\" to Application",
    "start": 1648545361022,
    "end": 1648545361034,
    "duration": 12,
    "pid": 39980,
    "index": 78
  }
]