[
  {
    "name": "Process Start",
    "start": 1648462365371,
    "end": 1648462366084,
    "duration": 713,
    "pid": 42560,
    "index": 0
  },
  {
    "name": "Application Start",
    "start": 1648462366085,
    "end": 1648462366609,
    "duration": 524,
    "pid": 42560,
    "index": 1
  },
  {
    "name": "Load Plugin",
    "start": 1648462366087,
    "end": 1648462366099,
    "duration": 12,
    "pid": 42560,
    "index": 2
  },
  {
    "name": "Load Config",
    "start": 1648462366099,
    "end": 1648462366117,
    "duration": 18,
    "pid": 42560,
    "index": 3
  },
  {
    "name": "Require(0) config/config.default.js",
    "start": 1648462366100,
    "end": 1648462366100,
    "duration": 0,
    "pid": 42560,
    "index": 4
  },
  {
    "name": "Require(1) config/config.local.js",
    "start": 1648462366101,
    "end": 1648462366101,
    "duration": 0,
    "pid": 42560,
    "index": 5
  },
  {
    "name": "Require(2) node_modules/egg-session/config/config.default.js",
    "start": 1648462366102,
    "end": 1648462366102,
    "duration": 0,
    "pid": 42560,
    "index": 6
  },
  {
    "name": "Require(3) node_modules/egg-security/config/config.default.js",
    "start": 1648462366102,
    "end": 1648462366102,
    "duration": 0,
    "pid": 42560,
    "index": 7
  },
  {
    "name": "Require(4) node_modules/egg-jsonp/config/config.default.js",
    "start": 1648462366103,
    "end": 1648462366103,
    "duration": 0,
    "pid": 42560,
    "index": 8
  },
  {
    "name": "Require(5) node_modules/egg-onerror/config/config.default.js",
    "start": 1648462366103,
    "end": 1648462366104,
    "duration": 1,
    "pid": 42560,
    "index": 9
  },
  {
    "name": "Require(6) node_modules/egg-i18n/config/config.default.js",
    "start": 1648462366104,
    "end": 1648462366104,
    "duration": 0,
    "pid": 42560,
    "index": 10
  },
  {
    "name": "Require(7) node_modules/egg-watcher/config/config.default.js",
    "start": 1648462366105,
    "end": 1648462366105,
    "duration": 0,
    "pid": 42560,
    "index": 11
  },
  {
    "name": "Require(8) node_modules/egg-schedule/config/config.default.js",
    "start": 1648462366105,
    "end": 1648462366106,
    "duration": 1,
    "pid": 42560,
    "index": 12
  },
  {
    "name": "Require(9) node_modules/egg-multipart/config/config.default.js",
    "start": 1648462366106,
    "end": 1648462366106,
    "duration": 0,
    "pid": 42560,
    "index": 13
  },
  {
    "name": "Require(10) node_modules/egg-development/config/config.default.js",
    "start": 1648462366107,
    "end": 1648462366107,
    "duration": 0,
    "pid": 42560,
    "index": 14
  },
  {
    "name": "Require(11) node_modules/egg-logrotator/config/config.default.js",
    "start": 1648462366107,
    "end": 1648462366107,
    "duration": 0,
    "pid": 42560,
    "index": 15
  },
  {
    "name": "Require(12) node_modules/egg-static/config/config.default.js",
    "start": 1648462366108,
    "end": 1648462366108,
    "duration": 0,
    "pid": 42560,
    "index": 16
  },
  {
    "name": "Require(13) node_modules/egg-view/config/config.default.js",
    "start": 1648462366108,
    "end": 1648462366108,
    "duration": 0,
    "pid": 42560,
    "index": 17
  },
  {
    "name": "Require(14) node_modules/egg-mongoose/config/config.default.js",
    "start": 1648462366109,
    "end": 1648462366109,
    "duration": 0,
    "pid": 42560,
    "index": 18
  },
  {
    "name": "Require(15) node_modules/egg-validate/config/config.default.js",
    "start": 1648462366109,
    "end": 1648462366110,
    "duration": 1,
    "pid": 42560,
    "index": 19
  },
  {
    "name": "Require(16) node_modules/egg-cors/config/config.default.js",
    "start": 1648462366110,
    "end": 1648462366110,
    "duration": 0,
    "pid": 42560,
    "index": 20
  },
  {
    "name": "Require(17) node_modules/egg/config/config.default.js",
    "start": 1648462366110,
    "end": 1648462366111,
    "duration": 1,
    "pid": 42560,
    "index": 21
  },
  {
    "name": "Require(18) config/config.default.js",
    "start": 1648462366111,
    "end": 1648462366111,
    "duration": 0,
    "pid": 42560,
    "index": 22
  },
  {
    "name": "Require(19) node_modules/egg-security/config/config.local.js",
    "start": 1648462366113,
    "end": 1648462366115,
    "duration": 2,
    "pid": 42560,
    "index": 23
  },
  {
    "name": "Require(20) node_modules/egg-watcher/config/config.local.js",
    "start": 1648462366115,
    "end": 1648462366115,
    "duration": 0,
    "pid": 42560,
    "index": 24
  },
  {
    "name": "Require(21) node_modules/egg-view/config/config.local.js",
    "start": 1648462366116,
    "end": 1648462366116,
    "duration": 0,
    "pid": 42560,
    "index": 25
  },
  {
    "name": "Require(22) node_modules/egg/config/config.local.js",
    "start": 1648462366117,
    "end": 1648462366117,
    "duration": 0,
    "pid": 42560,
    "index": 26
  },
  {
    "name": "Require(23) config/config.local.js",
    "start": 1648462366117,
    "end": 1648462366117,
    "duration": 0,
    "pid": 42560,
    "index": 27
  },
  {
    "name": "Load extend/application.js",
    "start": 1648462366118,
    "end": 1648462366150,
    "duration": 32,
    "pid": 42560,
    "index": 28
  },
  {
    "name": "Require(24) node_modules/egg-session/app/extend/application.js",
    "start": 1648462366118,
    "end": 1648462366118,
    "duration": 0,
    "pid": 42560,
    "index": 29
  },
  {
    "name": "Require(25) node_modules/egg-security/app/extend/application.js",
    "start": 1648462366118,
    "end": 1648462366119,
    "duration": 1,
    "pid": 42560,
    "index": 30
  },
  {
    "name": "Require(26) node_modules/egg-jsonp/app/extend/application.js",
    "start": 1648462366119,
    "end": 1648462366120,
    "duration": 1,
    "pid": 42560,
    "index": 31
  },
  {
    "name": "Require(27) node_modules/egg-logrotator/app/extend/application.js",
    "start": 1648462366121,
    "end": 1648462366122,
    "duration": 1,
    "pid": 42560,
    "index": 32
  },
  {
    "name": "Require(28) node_modules/egg-view/app/extend/application.js",
    "start": 1648462366122,
    "end": 1648462366122,
    "duration": 0,
    "pid": 42560,
    "index": 33
  },
  {
    "name": "Require(29) app/extend/application.js",
    "start": 1648462366123,
    "end": 1648462366149,
    "duration": 26,
    "pid": 42560,
    "index": 34
  },
  {
    "name": "Load extend/request.js",
    "start": 1648462366150,
    "end": 1648462366154,
    "duration": 4,
    "pid": 42560,
    "index": 35
  },
  {
    "name": "Require(30) node_modules/egg/app/extend/request.js",
    "start": 1648462366152,
    "end": 1648462366152,
    "duration": 0,
    "pid": 42560,
    "index": 36
  },
  {
    "name": "Load extend/response.js",
    "start": 1648462366154,
    "end": 1648462366157,
    "duration": 3,
    "pid": 42560,
    "index": 37
  },
  {
    "name": "Require(31) node_modules/egg/app/extend/response.js",
    "start": 1648462366155,
    "end": 1648462366156,
    "duration": 1,
    "pid": 42560,
    "index": 38
  },
  {
    "name": "Load extend/context.js",
    "start": 1648462366158,
    "end": 1648462366201,
    "duration": 43,
    "pid": 42560,
    "index": 39
  },
  {
    "name": "Require(32) node_modules/egg-security/app/extend/context.js",
    "start": 1648462366158,
    "end": 1648462366163,
    "duration": 5,
    "pid": 42560,
    "index": 40
  },
  {
    "name": "Require(33) node_modules/egg-jsonp/app/extend/context.js",
    "start": 1648462366163,
    "end": 1648462366164,
    "duration": 1,
    "pid": 42560,
    "index": 41
  },
  {
    "name": "Require(34) node_modules/egg-i18n/app/extend/context.js",
    "start": 1648462366164,
    "end": 1648462366164,
    "duration": 0,
    "pid": 42560,
    "index": 42
  },
  {
    "name": "Require(35) node_modules/egg-multipart/app/extend/context.js",
    "start": 1648462366165,
    "end": 1648462366196,
    "duration": 31,
    "pid": 42560,
    "index": 43
  },
  {
    "name": "Require(36) node_modules/egg-view/app/extend/context.js",
    "start": 1648462366197,
    "end": 1648462366197,
    "duration": 0,
    "pid": 42560,
    "index": 44
  },
  {
    "name": "Require(37) node_modules/egg-mongoose/app/extend/context.js",
    "start": 1648462366197,
    "end": 1648462366198,
    "duration": 1,
    "pid": 42560,
    "index": 45
  },
  {
    "name": "Require(38) node_modules/egg-validate/app/extend/context.js",
    "start": 1648462366198,
    "end": 1648462366198,
    "duration": 0,
    "pid": 42560,
    "index": 46
  },
  {
    "name": "Require(39) node_modules/egg/app/extend/context.js",
    "start": 1648462366198,
    "end": 1648462366199,
    "duration": 1,
    "pid": 42560,
    "index": 47
  },
  {
    "name": "Load extend/helper.js",
    "start": 1648462366201,
    "end": 1648462366213,
    "duration": 12,
    "pid": 42560,
    "index": 48
  },
  {
    "name": "Require(40) node_modules/egg-security/app/extend/helper.js",
    "start": 1648462366201,
    "end": 1648462366210,
    "duration": 9,
    "pid": 42560,
    "index": 49
  },
  {
    "name": "Require(41) node_modules/egg/app/extend/helper.js",
    "start": 1648462366211,
    "end": 1648462366212,
    "duration": 1,
    "pid": 42560,
    "index": 50
  },
  {
    "name": "Require(42) app/extend/helper.js",
    "start": 1648462366212,
    "end": 1648462366212,
    "duration": 0,
    "pid": 42560,
    "index": 51
  },
  {
    "name": "Load app.js",
    "start": 1648462366213,
    "end": 1648462366236,
    "duration": 23,
    "pid": 42560,
    "index": 52
  },
  {
    "name": "Require(43) node_modules/egg-session/app.js",
    "start": 1648462366214,
    "end": 1648462366214,
    "duration": 0,
    "pid": 42560,
    "index": 53
  },
  {
    "name": "Require(44) node_modules/egg-security/app.js",
    "start": 1648462366214,
    "end": 1648462366215,
    "duration": 1,
    "pid": 42560,
    "index": 54
  },
  {
    "name": "Require(45) node_modules/egg-onerror/app.js",
    "start": 1648462366215,
    "end": 1648462366220,
    "duration": 5,
    "pid": 42560,
    "index": 55
  },
  {
    "name": "Require(46) node_modules/egg-i18n/app.js",
    "start": 1648462366220,
    "end": 1648462366229,
    "duration": 9,
    "pid": 42560,
    "index": 56
  },
  {
    "name": "Require(47) node_modules/egg-watcher/app.js",
    "start": 1648462366229,
    "end": 1648462366231,
    "duration": 2,
    "pid": 42560,
    "index": 57
  },
  {
    "name": "Require(48) node_modules/egg-schedule/app.js",
    "start": 1648462366231,
    "end": 1648462366232,
    "duration": 1,
    "pid": 42560,
    "index": 58
  },
  {
    "name": "Require(49) node_modules/egg-multipart/app.js",
    "start": 1648462366232,
    "end": 1648462366232,
    "duration": 0,
    "pid": 42560,
    "index": 59
  },
  {
    "name": "Require(50) node_modules/egg-development/app.js",
    "start": 1648462366232,
    "end": 1648462366233,
    "duration": 1,
    "pid": 42560,
    "index": 60
  },
  {
    "name": "Require(51) node_modules/egg-logrotator/app.js",
    "start": 1648462366233,
    "end": 1648462366233,
    "duration": 0,
    "pid": 42560,
    "index": 61
  },
  {
    "name": "Require(52) node_modules/egg-static/app.js",
    "start": 1648462366233,
    "end": 1648462366233,
    "duration": 0,
    "pid": 42560,
    "index": 62
  },
  {
    "name": "Require(53) node_modules/egg-mongoose/app.js",
    "start": 1648462366234,
    "end": 1648462366234,
    "duration": 0,
    "pid": 42560,
    "index": 63
  },
  {
    "name": "Require(54) node_modules/egg-validate/app.js",
    "start": 1648462366234,
    "end": 1648462366235,
    "duration": 1,
    "pid": 42560,
    "index": 64
  },
  {
    "name": "Require(55) node_modules/egg-cors/app.js",
    "start": 1648462366235,
    "end": 1648462366235,
    "duration": 0,
    "pid": 42560,
    "index": 65
  },
  {
    "name": "Before Start in node_modules/egg-watcher/lib/init.js:15:14",
    "start": 1648462366242,
    "end": 1648462366609,
    "duration": 367,
    "pid": 42560,
    "index": 66
  },
  {
    "name": "Before Start in node_modules/egg-mongoose/lib/mongoose.js:104:7",
    "start": 1648462366492,
    "end": 1648462366608,
    "duration": 116,
    "pid": 42560,
    "index": 67
  },
  {
    "name": "Before Start in node_modules/egg-mongoose/lib/mongoose.js:52:9",
    "start": 1648462366492,
    "end": 1648462366597,
    "duration": 105,
    "pid": 42560,
    "index": 68
  },
  {
    "name": "Load Service",
    "start": 1648462366492,
    "end": 1648462366512,
    "duration": 20,
    "pid": 42560,
    "index": 69
  },
  {
    "name": "Load \"service\" to Context",
    "start": 1648462366492,
    "end": 1648462366512,
    "duration": 20,
    "pid": 42560,
    "index": 70
  },
  {
    "name": "Load Middleware",
    "start": 1648462366512,
    "end": 1648462366575,
    "duration": 63,
    "pid": 42560,
    "index": 71
  },
  {
    "name": "Load \"middlewares\" to Application",
    "start": 1648462366512,
    "end": 1648462366569,
    "duration": 57,
    "pid": 42560,
    "index": 72
  },
  {
    "name": "Load Controller",
    "start": 1648462366575,
    "end": 1648462366577,
    "duration": 2,
    "pid": 42560,
    "index": 73
  },
  {
    "name": "Load \"controller\" to Application",
    "start": 1648462366575,
    "end": 1648462366577,
    "duration": 2,
    "pid": 42560,
    "index": 74
  },
  {
    "name": "Load Router",
    "start": 1648462366577,
    "end": 1648462366579,
    "duration": 2,
    "pid": 42560,
    "index": 75
  },
  {
    "name": "Require(56) app/router.js",
    "start": 1648462366577,
    "end": 1648462366578,
    "duration": 1,
    "pid": 42560,
    "index": 76
  },
  {
    "name": "Before Start in node_modules/egg-core/lib/egg.js:303:10",
    "start": 1648462366578,
    "end": 1648462366597,
    "duration": 19,
    "pid": 42560,
    "index": 77
  },
  {
    "name": "Load \"model\" to Application",
    "start": 1648462366585,
    "end": 1648462366596,
    "duration": 11,
    "pid": 42560,
    "index": 78
  }
]