[
  {
    "name": "Process Start",
    "start": 1648460759022,
    "end": 1648460759705,
    "duration": 683,
    "pid": 27432,
    "index": 0
  },
  {
    "name": "Application Start",
    "start": 1648460759705,
    "end": 1648460760236,
    "duration": 531,
    "pid": 27432,
    "index": 1
  },
  {
    "name": "Load Plugin",
    "start": 1648460759708,
    "end": 1648460759718,
    "duration": 10,
    "pid": 27432,
    "index": 2
  },
  {
    "name": "Load Config",
    "start": 1648460759718,
    "end": 1648460759736,
    "duration": 18,
    "pid": 27432,
    "index": 3
  },
  {
    "name": "Require(0) config/config.default.js",
    "start": 1648460759719,
    "end": 1648460759719,
    "duration": 0,
    "pid": 27432,
    "index": 4
  },
  {
    "name": "Require(1) config/config.local.js",
    "start": 1648460759720,
    "end": 1648460759720,
    "duration": 0,
    "pid": 27432,
    "index": 5
  },
  {
    "name": "Require(2) node_modules/egg-session/config/config.default.js",
    "start": 1648460759720,
    "end": 1648460759721,
    "duration": 1,
    "pid": 27432,
    "index": 6
  },
  {
    "name": "Require(3) node_modules/egg-security/config/config.default.js",
    "start": 1648460759721,
    "end": 1648460759721,
    "duration": 0,
    "pid": 27432,
    "index": 7
  },
  {
    "name": "Require(4) node_modules/egg-jsonp/config/config.default.js",
    "start": 1648460759722,
    "end": 1648460759722,
    "duration": 0,
    "pid": 27432,
    "index": 8
  },
  {
    "name": "Require(5) node_modules/egg-onerror/config/config.default.js",
    "start": 1648460759722,
    "end": 1648460759723,
    "duration": 1,
    "pid": 27432,
    "index": 9
  },
  {
    "name": "Require(6) node_modules/egg-i18n/config/config.default.js",
    "start": 1648460759723,
    "end": 1648460759723,
    "duration": 0,
    "pid": 27432,
    "index": 10
  },
  {
    "name": "Require(7) node_modules/egg-watcher/config/config.default.js",
    "start": 1648460759723,
    "end": 1648460759724,
    "duration": 1,
    "pid": 27432,
    "index": 11
  },
  {
    "name": "Require(8) node_modules/egg-schedule/config/config.default.js",
    "start": 1648460759724,
    "end": 1648460759724,
    "duration": 0,
    "pid": 27432,
    "index": 12
  },
  {
    "name": "Require(9) node_modules/egg-multipart/config/config.default.js",
    "start": 1648460759724,
    "end": 1648460759725,
    "duration": 1,
    "pid": 27432,
    "index": 13
  },
  {
    "name": "Require(10) node_modules/egg-development/config/config.default.js",
    "start": 1648460759725,
    "end": 1648460759725,
    "duration": 0,
    "pid": 27432,
    "index": 14
  },
  {
    "name": "Require(11) node_modules/egg-logrotator/config/config.default.js",
    "start": 1648460759726,
    "end": 1648460759726,
    "duration": 0,
    "pid": 27432,
    "index": 15
  },
  {
    "name": "Require(12) node_modules/egg-static/config/config.default.js",
    "start": 1648460759726,
    "end": 1648460759726,
    "duration": 0,
    "pid": 27432,
    "index": 16
  },
  {
    "name": "Require(13) node_modules/egg-view/config/config.default.js",
    "start": 1648460759727,
    "end": 1648460759727,
    "duration": 0,
    "pid": 27432,
    "index": 17
  },
  {
    "name": "Require(14) node_modules/egg-mongoose/config/config.default.js",
    "start": 1648460759727,
    "end": 1648460759727,
    "duration": 0,
    "pid": 27432,
    "index": 18
  },
  {
    "name": "Require(15) node_modules/egg-validate/config/config.default.js",
    "start": 1648460759728,
    "end": 1648460759728,
    "duration": 0,
    "pid": 27432,
    "index": 19
  },
  {
    "name": "Require(16) node_modules/egg-cors/config/config.default.js",
    "start": 1648460759728,
    "end": 1648460759728,
    "duration": 0,
    "pid": 27432,
    "index": 20
  },
  {
    "name": "Require(17) node_modules/egg/config/config.default.js",
    "start": 1648460759729,
    "end": 1648460759729,
    "duration": 0,
    "pid": 27432,
    "index": 21
  },
  {
    "name": "Require(18) config/config.default.js",
    "start": 1648460759730,
    "end": 1648460759730,
    "duration": 0,
    "pid": 27432,
    "index": 22
  },
  {
    "name": "Require(19) node_modules/egg-security/config/config.local.js",
    "start": 1648460759730,
    "end": 1648460759731,
    "duration": 1,
    "pid": 27432,
    "index": 23
  },
  {
    "name": "Require(20) node_modules/egg-watcher/config/config.local.js",
    "start": 1648460759732,
    "end": 1648460759732,
    "duration": 0,
    "pid": 27432,
    "index": 24
  },
  {
    "name": "Require(21) node_modules/egg-view/config/config.local.js",
    "start": 1648460759733,
    "end": 1648460759735,
    "duration": 2,
    "pid": 27432,
    "index": 25
  },
  {
    "name": "Require(22) node_modules/egg/config/config.local.js",
    "start": 1648460759736,
    "end": 1648460759736,
    "duration": 0,
    "pid": 27432,
    "index": 26
  },
  {
    "name": "Require(23) config/config.local.js",
    "start": 1648460759736,
    "end": 1648460759736,
    "duration": 0,
    "pid": 27432,
    "index": 27
  },
  {
    "name": "Load extend/application.js",
    "start": 1648460759737,
    "end": 1648460759772,
    "duration": 35,
    "pid": 27432,
    "index": 28
  },
  {
    "name": "Require(24) node_modules/egg-session/app/extend/application.js",
    "start": 1648460759737,
    "end": 1648460759737,
    "duration": 0,
    "pid": 27432,
    "index": 29
  },
  {
    "name": "Require(25) node_modules/egg-security/app/extend/application.js",
    "start": 1648460759737,
    "end": 1648460759738,
    "duration": 1,
    "pid": 27432,
    "index": 30
  },
  {
    "name": "Require(26) node_modules/egg-jsonp/app/extend/application.js",
    "start": 1648460759738,
    "end": 1648460759739,
    "duration": 1,
    "pid": 27432,
    "index": 31
  },
  {
    "name": "Require(27) node_modules/egg-logrotator/app/extend/application.js",
    "start": 1648460759740,
    "end": 1648460759740,
    "duration": 0,
    "pid": 27432,
    "index": 32
  },
  {
    "name": "Require(28) node_modules/egg-view/app/extend/application.js",
    "start": 1648460759741,
    "end": 1648460759742,
    "duration": 1,
    "pid": 27432,
    "index": 33
  },
  {
    "name": "Require(29) app/extend/application.js",
    "start": 1648460759742,
    "end": 1648460759771,
    "duration": 29,
    "pid": 27432,
    "index": 34
  },
  {
    "name": "Load extend/request.js",
    "start": 1648460759772,
    "end": 1648460759775,
    "duration": 3,
    "pid": 27432,
    "index": 35
  },
  {
    "name": "Require(30) node_modules/egg/app/extend/request.js",
    "start": 1648460759773,
    "end": 1648460759774,
    "duration": 1,
    "pid": 27432,
    "index": 36
  },
  {
    "name": "Load extend/response.js",
    "start": 1648460759775,
    "end": 1648460759779,
    "duration": 4,
    "pid": 27432,
    "index": 37
  },
  {
    "name": "Require(31) node_modules/egg/app/extend/response.js",
    "start": 1648460759777,
    "end": 1648460759777,
    "duration": 0,
    "pid": 27432,
    "index": 38
  },
  {
    "name": "Load extend/context.js",
    "start": 1648460759779,
    "end": 1648460759816,
    "duration": 37,
    "pid": 27432,
    "index": 39
  },
  {
    "name": "Require(32) node_modules/egg-security/app/extend/context.js",
    "start": 1648460759779,
    "end": 1648460759783,
    "duration": 4,
    "pid": 27432,
    "index": 40
  },
  {
    "name": "Require(33) node_modules/egg-jsonp/app/extend/context.js",
    "start": 1648460759784,
    "end": 1648460759784,
    "duration": 0,
    "pid": 27432,
    "index": 41
  },
  {
    "name": "Require(34) node_modules/egg-i18n/app/extend/context.js",
    "start": 1648460759784,
    "end": 1648460759785,
    "duration": 1,
    "pid": 27432,
    "index": 42
  },
  {
    "name": "Require(35) node_modules/egg-multipart/app/extend/context.js",
    "start": 1648460759785,
    "end": 1648460759812,
    "duration": 27,
    "pid": 27432,
    "index": 43
  },
  {
    "name": "Require(36) node_modules/egg-view/app/extend/context.js",
    "start": 1648460759813,
    "end": 1648460759813,
    "duration": 0,
    "pid": 27432,
    "index": 44
  },
  {
    "name": "Require(37) node_modules/egg-mongoose/app/extend/context.js",
    "start": 1648460759813,
    "end": 1648460759814,
    "duration": 1,
    "pid": 27432,
    "index": 45
  },
  {
    "name": "Require(38) node_modules/egg-validate/app/extend/context.js",
    "start": 1648460759814,
    "end": 1648460759814,
    "duration": 0,
    "pid": 27432,
    "index": 46
  },
  {
    "name": "Require(39) node_modules/egg/app/extend/context.js",
    "start": 1648460759814,
    "end": 1648460759815,
    "duration": 1,
    "pid": 27432,
    "index": 47
  },
  {
    "name": "Load extend/helper.js",
    "start": 1648460759816,
    "end": 1648460759843,
    "duration": 27,
    "pid": 27432,
    "index": 48
  },
  {
    "name": "Require(40) node_modules/egg-security/app/extend/helper.js",
    "start": 1648460759816,
    "end": 1648460759833,
    "duration": 17,
    "pid": 27432,
    "index": 49
  },
  {
    "name": "Require(41) node_modules/egg/app/extend/helper.js",
    "start": 1648460759837,
    "end": 1648460759838,
    "duration": 1,
    "pid": 27432,
    "index": 50
  },
  {
    "name": "Require(42) app/extend/helper.js",
    "start": 1648460759838,
    "end": 1648460759839,
    "duration": 1,
    "pid": 27432,
    "index": 51
  },
  {
    "name": "Load app.js",
    "start": 1648460759844,
    "end": 1648460759870,
    "duration": 26,
    "pid": 27432,
    "index": 52
  },
  {
    "name": "Require(43) node_modules/egg-session/app.js",
    "start": 1648460759844,
    "end": 1648460759845,
    "duration": 1,
    "pid": 27432,
    "index": 53
  },
  {
    "name": "Require(44) node_modules/egg-security/app.js",
    "start": 1648460759845,
    "end": 1648460759848,
    "duration": 3,
    "pid": 27432,
    "index": 54
  },
  {
    "name": "Require(45) node_modules/egg-onerror/app.js",
    "start": 1648460759849,
    "end": 1648460759854,
    "duration": 5,
    "pid": 27432,
    "index": 55
  },
  {
    "name": "Require(46) node_modules/egg-i18n/app.js",
    "start": 1648460759854,
    "end": 1648460759864,
    "duration": 10,
    "pid": 27432,
    "index": 56
  },
  {
    "name": "Require(47) node_modules/egg-watcher/app.js",
    "start": 1648460759864,
    "end": 1648460759866,
    "duration": 2,
    "pid": 27432,
    "index": 57
  },
  {
    "name": "Require(48) node_modules/egg-schedule/app.js",
    "start": 1648460759866,
    "end": 1648460759866,
    "duration": 0,
    "pid": 27432,
    "index": 58
  },
  {
    "name": "Require(49) node_modules/egg-multipart/app.js",
    "start": 1648460759867,
    "end": 1648460759867,
    "duration": 0,
    "pid": 27432,
    "index": 59
  },
  {
    "name": "Require(50) node_modules/egg-development/app.js",
    "start": 1648460759867,
    "end": 1648460759867,
    "duration": 0,
    "pid": 27432,
    "index": 60
  },
  {
    "name": "Require(51) node_modules/egg-logrotator/app.js",
    "start": 1648460759867,
    "end": 1648460759868,
    "duration": 1,
    "pid": 27432,
    "index": 61
  },
  {
    "name": "Require(52) node_modules/egg-static/app.js",
    "start": 1648460759868,
    "end": 1648460759868,
    "duration": 0,
    "pid": 27432,
    "index": 62
  },
  {
    "name": "Require(53) node_modules/egg-mongoose/app.js",
    "start": 1648460759868,
    "end": 1648460759868,
    "duration": 0,
    "pid": 27432,
    "index": 63
  },
  {
    "name": "Require(54) node_modules/egg-validate/app.js",
    "start": 1648460759869,
    "end": 1648460759869,
    "duration": 0,
    "pid": 27432,
    "index": 64
  },
  {
    "name": "Require(55) node_modules/egg-cors/app.js",
    "start": 1648460759870,
    "end": 1648460759870,
    "duration": 0,
    "pid": 27432,
    "index": 65
  },
  {
    "name": "Before Start in node_modules/egg-watcher/lib/init.js:15:14",
    "start": 1648460759877,
    "end": 1648460760233,
    "duration": 356,
    "pid": 27432,
    "index": 66
  },
  {
    "name": "Before Start in node_modules/egg-mongoose/lib/mongoose.js:104:7",
    "start": 1648460760120,
    "end": 1648460760236,
    "duration": 116,
    "pid": 27432,
    "index": 67
  },
  {
    "name": "Before Start in node_modules/egg-mongoose/lib/mongoose.js:52:9",
    "start": 1648460760120,
    "end": 1648460760225,
    "duration": 105,
    "pid": 27432,
    "index": 68
  },
  {
    "name": "Load Service",
    "start": 1648460760121,
    "end": 1648460760140,
    "duration": 19,
    "pid": 27432,
    "index": 69
  },
  {
    "name": "Load \"service\" to Context",
    "start": 1648460760121,
    "end": 1648460760140,
    "duration": 19,
    "pid": 27432,
    "index": 70
  },
  {
    "name": "Load Middleware",
    "start": 1648460760140,
    "end": 1648460760204,
    "duration": 64,
    "pid": 27432,
    "index": 71
  },
  {
    "name": "Load \"middlewares\" to Application",
    "start": 1648460760140,
    "end": 1648460760197,
    "duration": 57,
    "pid": 27432,
    "index": 72
  },
  {
    "name": "Load Controller",
    "start": 1648460760204,
    "end": 1648460760205,
    "duration": 1,
    "pid": 27432,
    "index": 73
  },
  {
    "name": "Load \"controller\" to Application",
    "start": 1648460760204,
    "end": 1648460760205,
    "duration": 1,
    "pid": 27432,
    "index": 74
  },
  {
    "name": "Load Router",
    "start": 1648460760205,
    "end": 1648460760207,
    "duration": 2,
    "pid": 27432,
    "index": 75
  },
  {
    "name": "Require(56) app/router.js",
    "start": 1648460760206,
    "end": 1648460760206,
    "duration": 0,
    "pid": 27432,
    "index": 76
  },
  {
    "name": "Before Start in node_modules/egg-core/lib/egg.js:303:10",
    "start": 1648460760206,
    "end": 1648460760225,
    "duration": 19,
    "pid": 27432,
    "index": 77
  },
  {
    "name": "Load \"model\" to Application",
    "start": 1648460760213,
    "end": 1648460760224,
    "duration": 11,
    "pid": 27432,
    "index": 78
  }
]