[
  {
    "name": "Process Start",
    "start": 1648545152808,
    "end": 1648545153489,
    "duration": 681,
    "pid": 15120,
    "index": 0
  },
  {
    "name": "Application Start",
    "start": 1648545153490,
    "end": 1648545154001,
    "duration": 511,
    "pid": 15120,
    "index": 1
  },
  {
    "name": "Load Plugin",
    "start": 1648545153492,
    "end": 1648545153502,
    "duration": 10,
    "pid": 15120,
    "index": 2
  },
  {
    "name": "Load Config",
    "start": 1648545153502,
    "end": 1648545153517,
    "duration": 15,
    "pid": 15120,
    "index": 3
  },
  {
    "name": "Require(0) config/config.default.js",
    "start": 1648545153503,
    "end": 1648545153503,
    "duration": 0,
    "pid": 15120,
    "index": 4
  },
  {
    "name": "Require(1) config/config.local.js",
    "start": 1648545153504,
    "end": 1648545153504,
    "duration": 0,
    "pid": 15120,
    "index": 5
  },
  {
    "name": "Require(2) node_modules/egg-session/config/config.default.js",
    "start": 1648545153504,
    "end": 1648545153505,
    "duration": 1,
    "pid": 15120,
    "index": 6
  },
  {
    "name": "Require(3) node_modules/egg-security/config/config.default.js",
    "start": 1648545153505,
    "end": 1648545153505,
    "duration": 0,
    "pid": 15120,
    "index": 7
  },
  {
    "name": "Require(4) node_modules/egg-jsonp/config/config.default.js",
    "start": 1648545153506,
    "end": 1648545153506,
    "duration": 0,
    "pid": 15120,
    "index": 8
  },
  {
    "name": "Require(5) node_modules/egg-onerror/config/config.default.js",
    "start": 1648545153506,
    "end": 1648545153507,
    "duration": 1,
    "pid": 15120,
    "index": 9
  },
  {
    "name": "Require(6) node_modules/egg-i18n/config/config.default.js",
    "start": 1648545153507,
    "end": 1648545153507,
    "duration": 0,
    "pid": 15120,
    "index": 10
  },
  {
    "name": "Require(7) node_modules/egg-watcher/config/config.default.js",
    "start": 1648545153507,
    "end": 1648545153508,
    "duration": 1,
    "pid": 15120,
    "index": 11
  },
  {
    "name": "Require(8) node_modules/egg-schedule/config/config.default.js",
    "start": 1648545153508,
    "end": 1648545153508,
    "duration": 0,
    "pid": 15120,
    "index": 12
  },
  {
    "name": "Require(9) node_modules/egg-multipart/config/config.default.js",
    "start": 1648545153509,
    "end": 1648545153509,
    "duration": 0,
    "pid": 15120,
    "index": 13
  },
  {
    "name": "Require(10) node_modules/egg-development/config/config.default.js",
    "start": 1648545153509,
    "end": 1648545153510,
    "duration": 1,
    "pid": 15120,
    "index": 14
  },
  {
    "name": "Require(11) node_modules/egg-logrotator/config/config.default.js",
    "start": 1648545153510,
    "end": 1648545153510,
    "duration": 0,
    "pid": 15120,
    "index": 15
  },
  {
    "name": "Require(12) node_modules/egg-static/config/config.default.js",
    "start": 1648545153510,
    "end": 1648545153511,
    "duration": 1,
    "pid": 15120,
    "index": 16
  },
  {
    "name": "Require(13) node_modules/egg-view/config/config.default.js",
    "start": 1648545153511,
    "end": 1648545153511,
    "duration": 0,
    "pid": 15120,
    "index": 17
  },
  {
    "name": "Require(14) node_modules/egg-mongoose/config/config.default.js",
    "start": 1648545153511,
    "end": 1648545153512,
    "duration": 1,
    "pid": 15120,
    "index": 18
  },
  {
    "name": "Require(15) node_modules/egg-validate/config/config.default.js",
    "start": 1648545153512,
    "end": 1648545153512,
    "duration": 0,
    "pid": 15120,
    "index": 19
  },
  {
    "name": "Require(16) node_modules/egg-cors/config/config.default.js",
    "start": 1648545153512,
    "end": 1648545153512,
    "duration": 0,
    "pid": 15120,
    "index": 20
  },
  {
    "name": "Require(17) node_modules/egg/config/config.default.js",
    "start": 1648545153513,
    "end": 1648545153513,
    "duration": 0,
    "pid": 15120,
    "index": 21
  },
  {
    "name": "Require(18) config/config.default.js",
    "start": 1648545153514,
    "end": 1648545153514,
    "duration": 0,
    "pid": 15120,
    "index": 22
  },
  {
    "name": "Require(19) node_modules/egg-security/config/config.local.js",
    "start": 1648545153514,
    "end": 1648545153515,
    "duration": 1,
    "pid": 15120,
    "index": 23
  },
  {
    "name": "Require(20) node_modules/egg-watcher/config/config.local.js",
    "start": 1648545153516,
    "end": 1648545153516,
    "duration": 0,
    "pid": 15120,
    "index": 24
  },
  {
    "name": "Require(21) node_modules/egg-view/config/config.local.js",
    "start": 1648545153516,
    "end": 1648545153517,
    "duration": 1,
    "pid": 15120,
    "index": 25
  },
  {
    "name": "Require(22) node_modules/egg/config/config.local.js",
    "start": 1648545153517,
    "end": 1648545153517,
    "duration": 0,
    "pid": 15120,
    "index": 26
  },
  {
    "name": "Require(23) config/config.local.js",
    "start": 1648545153517,
    "end": 1648545153517,
    "duration": 0,
    "pid": 15120,
    "index": 27
  },
  {
    "name": "Load extend/application.js",
    "start": 1648545153518,
    "end": 1648545153555,
    "duration": 37,
    "pid": 15120,
    "index": 28
  },
  {
    "name": "Require(24) node_modules/egg-session/app/extend/application.js",
    "start": 1648545153518,
    "end": 1648545153519,
    "duration": 1,
    "pid": 15120,
    "index": 29
  },
  {
    "name": "Require(25) node_modules/egg-security/app/extend/application.js",
    "start": 1648545153519,
    "end": 1648545153520,
    "duration": 1,
    "pid": 15120,
    "index": 30
  },
  {
    "name": "Require(26) node_modules/egg-jsonp/app/extend/application.js",
    "start": 1648545153520,
    "end": 1648545153520,
    "duration": 0,
    "pid": 15120,
    "index": 31
  },
  {
    "name": "Require(27) node_modules/egg-logrotator/app/extend/application.js",
    "start": 1648545153521,
    "end": 1648545153522,
    "duration": 1,
    "pid": 15120,
    "index": 32
  },
  {
    "name": "Require(28) node_modules/egg-view/app/extend/application.js",
    "start": 1648545153522,
    "end": 1648545153523,
    "duration": 1,
    "pid": 15120,
    "index": 33
  },
  {
    "name": "Require(29) app/extend/application.js",
    "start": 1648545153524,
    "end": 1648545153553,
    "duration": 29,
    "pid": 15120,
    "index": 34
  },
  {
    "name": "Load extend/request.js",
    "start": 1648545153555,
    "end": 1648545153558,
    "duration": 3,
    "pid": 15120,
    "index": 35
  },
  {
    "name": "Require(30) node_modules/egg/app/extend/request.js",
    "start": 1648545153556,
    "end": 1648545153557,
    "duration": 1,
    "pid": 15120,
    "index": 36
  },
  {
    "name": "Load extend/response.js",
    "start": 1648545153558,
    "end": 1648545153562,
    "duration": 4,
    "pid": 15120,
    "index": 37
  },
  {
    "name": "Require(31) node_modules/egg/app/extend/response.js",
    "start": 1648545153560,
    "end": 1648545153561,
    "duration": 1,
    "pid": 15120,
    "index": 38
  },
  {
    "name": "Load extend/context.js",
    "start": 1648545153562,
    "end": 1648545153601,
    "duration": 39,
    "pid": 15120,
    "index": 39
  },
  {
    "name": "Require(32) node_modules/egg-security/app/extend/context.js",
    "start": 1648545153563,
    "end": 1648545153567,
    "duration": 4,
    "pid": 15120,
    "index": 40
  },
  {
    "name": "Require(33) node_modules/egg-jsonp/app/extend/context.js",
    "start": 1648545153567,
    "end": 1648545153568,
    "duration": 1,
    "pid": 15120,
    "index": 41
  },
  {
    "name": "Require(34) node_modules/egg-i18n/app/extend/context.js",
    "start": 1648545153568,
    "end": 1648545153568,
    "duration": 0,
    "pid": 15120,
    "index": 42
  },
  {
    "name": "Require(35) node_modules/egg-multipart/app/extend/context.js",
    "start": 1648545153569,
    "end": 1648545153597,
    "duration": 28,
    "pid": 15120,
    "index": 43
  },
  {
    "name": "Require(36) node_modules/egg-view/app/extend/context.js",
    "start": 1648545153598,
    "end": 1648545153598,
    "duration": 0,
    "pid": 15120,
    "index": 44
  },
  {
    "name": "Require(37) node_modules/egg-mongoose/app/extend/context.js",
    "start": 1648545153598,
    "end": 1648545153599,
    "duration": 1,
    "pid": 15120,
    "index": 45
  },
  {
    "name": "Require(38) node_modules/egg-validate/app/extend/context.js",
    "start": 1648545153599,
    "end": 1648545153599,
    "duration": 0,
    "pid": 15120,
    "index": 46
  },
  {
    "name": "Require(39) node_modules/egg/app/extend/context.js",
    "start": 1648545153599,
    "end": 1648545153600,
    "duration": 1,
    "pid": 15120,
    "index": 47
  },
  {
    "name": "Load extend/helper.js",
    "start": 1648545153601,
    "end": 1648545153613,
    "duration": 12,
    "pid": 15120,
    "index": 48
  },
  {
    "name": "Require(40) node_modules/egg-security/app/extend/helper.js",
    "start": 1648545153602,
    "end": 1648545153610,
    "duration": 8,
    "pid": 15120,
    "index": 49
  },
  {
    "name": "Require(41) node_modules/egg/app/extend/helper.js",
    "start": 1648545153611,
    "end": 1648545153612,
    "duration": 1,
    "pid": 15120,
    "index": 50
  },
  {
    "name": "Require(42) app/extend/helper.js",
    "start": 1648545153612,
    "end": 1648545153612,
    "duration": 0,
    "pid": 15120,
    "index": 51
  },
  {
    "name": "Load app.js",
    "start": 1648545153614,
    "end": 1648545153636,
    "duration": 22,
    "pid": 15120,
    "index": 52
  },
  {
    "name": "Require(43) node_modules/egg-session/app.js",
    "start": 1648545153614,
    "end": 1648545153614,
    "duration": 0,
    "pid": 15120,
    "index": 53
  },
  {
    "name": "Require(44) node_modules/egg-security/app.js",
    "start": 1648545153614,
    "end": 1648545153615,
    "duration": 1,
    "pid": 15120,
    "index": 54
  },
  {
    "name": "Require(45) node_modules/egg-onerror/app.js",
    "start": 1648545153615,
    "end": 1648545153620,
    "duration": 5,
    "pid": 15120,
    "index": 55
  },
  {
    "name": "Require(46) node_modules/egg-i18n/app.js",
    "start": 1648545153620,
    "end": 1648545153629,
    "duration": 9,
    "pid": 15120,
    "index": 56
  },
  {
    "name": "Require(47) node_modules/egg-watcher/app.js",
    "start": 1648545153629,
    "end": 1648545153631,
    "duration": 2,
    "pid": 15120,
    "index": 57
  },
  {
    "name": "Require(48) node_modules/egg-schedule/app.js",
    "start": 1648545153631,
    "end": 1648545153632,
    "duration": 1,
    "pid": 15120,
    "index": 58
  },
  {
    "name": "Require(49) node_modules/egg-multipart/app.js",
    "start": 1648545153632,
    "end": 1648545153632,
    "duration": 0,
    "pid": 15120,
    "index": 59
  },
  {
    "name": "Require(50) node_modules/egg-development/app.js",
    "start": 1648545153632,
    "end": 1648545153633,
    "duration": 1,
    "pid": 15120,
    "index": 60
  },
  {
    "name": "Require(51) node_modules/egg-logrotator/app.js",
    "start": 1648545153633,
    "end": 1648545153633,
    "duration": 0,
    "pid": 15120,
    "index": 61
  },
  {
    "name": "Require(52) node_modules/egg-static/app.js",
    "start": 1648545153633,
    "end": 1648545153634,
    "duration": 1,
    "pid": 15120,
    "index": 62
  },
  {
    "name": "Require(53) node_modules/egg-mongoose/app.js",
    "start": 1648545153634,
    "end": 1648545153634,
    "duration": 0,
    "pid": 15120,
    "index": 63
  },
  {
    "name": "Require(54) node_modules/egg-validate/app.js",
    "start": 1648545153634,
    "end": 1648545153635,
    "duration": 1,
    "pid": 15120,
    "index": 64
  },
  {
    "name": "Require(55) node_modules/egg-cors/app.js",
    "start": 1648545153635,
    "end": 1648545153636,
    "duration": 1,
    "pid": 15120,
    "index": 65
  },
  {
    "name": "Before Start in node_modules/egg-watcher/lib/init.js:15:14",
    "start": 1648545153642,
    "end": 1648545154000,
    "duration": 358,
    "pid": 15120,
    "index": 66
  },
  {
    "name": "Before Start in node_modules/egg-mongoose/lib/mongoose.js:104:7",
    "start": 1648545153885,
    "end": 1648545153999,
    "duration": 114,
    "pid": 15120,
    "index": 67
  },
  {
    "name": "Before Start in node_modules/egg-mongoose/lib/mongoose.js:52:9",
    "start": 1648545153885,
    "end": 1648545153989,
    "duration": 104,
    "pid": 15120,
    "index": 68
  },
  {
    "name": "Load Service",
    "start": 1648545153885,
    "end": 1648545153905,
    "duration": 20,
    "pid": 15120,
    "index": 69
  },
  {
    "name": "Load \"service\" to Context",
    "start": 1648545153885,
    "end": 1648545153905,
    "duration": 20,
    "pid": 15120,
    "index": 70
  },
  {
    "name": "Load Middleware",
    "start": 1648545153905,
    "end": 1648545153965,
    "duration": 60,
    "pid": 15120,
    "index": 71
  },
  {
    "name": "Load \"middlewares\" to Application",
    "start": 1648545153905,
    "end": 1648545153959,
    "duration": 54,
    "pid": 15120,
    "index": 72
  },
  {
    "name": "Load Controller",
    "start": 1648545153965,
    "end": 1648545153968,
    "duration": 3,
    "pid": 15120,
    "index": 73
  },
  {
    "name": "Load \"controller\" to Application",
    "start": 1648545153966,
    "end": 1648545153968,
    "duration": 2,
    "pid": 15120,
    "index": 74
  },
  {
    "name": "Load Router",
    "start": 1648545153968,
    "end": 1648545153970,
    "duration": 2,
    "pid": 15120,
    "index": 75
  },
  {
    "name": "Require(56) app/router.js",
    "start": 1648545153968,
    "end": 1648545153968,
    "duration": 0,
    "pid": 15120,
    "index": 76
  },
  {
    "name": "Before Start in node_modules/egg-core/lib/egg.js:303:10",
    "start": 1648545153968,
    "end": 1648545153989,
    "duration": 21,
    "pid": 15120,
    "index": 77
  },
  {
    "name": "Load \"model\" to Application",
    "start": 1648545153976,
    "end": 1648545153988,
    "duration": 12,
    "pid": 15120,
    "index": 78
  }
]