[
  {
    "name": "Process Start",
    "start": 1648547875712,
    "end": 1648547876493,
    "duration": 781,
    "pid": 40412,
    "index": 0
  },
  {
    "name": "Application Start",
    "start": 1648547876493,
    "end": 1648547877100,
    "duration": 607,
    "pid": 40412,
    "index": 1
  },
  {
    "name": "Load Plugin",
    "start": 1648547876496,
    "end": 1648547876507,
    "duration": 11,
    "pid": 40412,
    "index": 2
  },
  {
    "name": "Load Config",
    "start": 1648547876507,
    "end": 1648547876525,
    "duration": 18,
    "pid": 40412,
    "index": 3
  },
  {
    "name": "Require(0) config/config.default.js",
    "start": 1648547876507,
    "end": 1648547876507,
    "duration": 0,
    "pid": 40412,
    "index": 4
  },
  {
    "name": "Require(1) config/config.local.js",
    "start": 1648547876508,
    "end": 1648547876508,
    "duration": 0,
    "pid": 40412,
    "index": 5
  },
  {
    "name": "Require(2) node_modules/egg-session/config/config.default.js",
    "start": 1648547876509,
    "end": 1648547876509,
    "duration": 0,
    "pid": 40412,
    "index": 6
  },
  {
    "name": "Require(3) node_modules/egg-security/config/config.default.js",
    "start": 1648547876509,
    "end": 1648547876509,
    "duration": 0,
    "pid": 40412,
    "index": 7
  },
  {
    "name": "Require(4) node_modules/egg-jsonp/config/config.default.js",
    "start": 1648547876510,
    "end": 1648547876510,
    "duration": 0,
    "pid": 40412,
    "index": 8
  },
  {
    "name": "Require(5) node_modules/egg-onerror/config/config.default.js",
    "start": 1648547876510,
    "end": 1648547876511,
    "duration": 1,
    "pid": 40412,
    "index": 9
  },
  {
    "name": "Require(6) node_modules/egg-i18n/config/config.default.js",
    "start": 1648547876511,
    "end": 1648547876511,
    "duration": 0,
    "pid": 40412,
    "index": 10
  },
  {
    "name": "Require(7) node_modules/egg-watcher/config/config.default.js",
    "start": 1648547876512,
    "end": 1648547876512,
    "duration": 0,
    "pid": 40412,
    "index": 11
  },
  {
    "name": "Require(8) node_modules/egg-schedule/config/config.default.js",
    "start": 1648547876512,
    "end": 1648547876512,
    "duration": 0,
    "pid": 40412,
    "index": 12
  },
  {
    "name": "Require(9) node_modules/egg-multipart/config/config.default.js",
    "start": 1648547876513,
    "end": 1648547876513,
    "duration": 0,
    "pid": 40412,
    "index": 13
  },
  {
    "name": "Require(10) node_modules/egg-development/config/config.default.js",
    "start": 1648547876513,
    "end": 1648547876513,
    "duration": 0,
    "pid": 40412,
    "index": 14
  },
  {
    "name": "Require(11) node_modules/egg-logrotator/config/config.default.js",
    "start": 1648547876514,
    "end": 1648547876514,
    "duration": 0,
    "pid": 40412,
    "index": 15
  },
  {
    "name": "Require(12) node_modules/egg-static/config/config.default.js",
    "start": 1648547876514,
    "end": 1648547876514,
    "duration": 0,
    "pid": 40412,
    "index": 16
  },
  {
    "name": "Require(13) node_modules/egg-view/config/config.default.js",
    "start": 1648547876515,
    "end": 1648547876515,
    "duration": 0,
    "pid": 40412,
    "index": 17
  },
  {
    "name": "Require(14) node_modules/egg-mongoose/config/config.default.js",
    "start": 1648547876515,
    "end": 1648547876516,
    "duration": 1,
    "pid": 40412,
    "index": 18
  },
  {
    "name": "Require(15) node_modules/egg-validate/config/config.default.js",
    "start": 1648547876516,
    "end": 1648547876516,
    "duration": 0,
    "pid": 40412,
    "index": 19
  },
  {
    "name": "Require(16) node_modules/egg-cors/config/config.default.js",
    "start": 1648547876516,
    "end": 1648547876517,
    "duration": 1,
    "pid": 40412,
    "index": 20
  },
  {
    "name": "Require(17) node_modules/egg/config/config.default.js",
    "start": 1648547876517,
    "end": 1648547876517,
    "duration": 0,
    "pid": 40412,
    "index": 21
  },
  {
    "name": "Require(18) config/config.default.js",
    "start": 1648547876521,
    "end": 1648547876521,
    "duration": 0,
    "pid": 40412,
    "index": 22
  },
  {
    "name": "Require(19) node_modules/egg-security/config/config.local.js",
    "start": 1648547876521,
    "end": 1648547876522,
    "duration": 1,
    "pid": 40412,
    "index": 23
  },
  {
    "name": "Require(20) node_modules/egg-watcher/config/config.local.js",
    "start": 1648547876523,
    "end": 1648547876523,
    "duration": 0,
    "pid": 40412,
    "index": 24
  },
  {
    "name": "Require(21) node_modules/egg-view/config/config.local.js",
    "start": 1648547876524,
    "end": 1648547876524,
    "duration": 0,
    "pid": 40412,
    "index": 25
  },
  {
    "name": "Require(22) node_modules/egg/config/config.local.js",
    "start": 1648547876524,
    "end": 1648547876524,
    "duration": 0,
    "pid": 40412,
    "index": 26
  },
  {
    "name": "Require(23) config/config.local.js",
    "start": 1648547876524,
    "end": 1648547876524,
    "duration": 0,
    "pid": 40412,
    "index": 27
  },
  {
    "name": "Load extend/application.js",
    "start": 1648547876525,
    "end": 1648547876561,
    "duration": 36,
    "pid": 40412,
    "index": 28
  },
  {
    "name": "Require(24) node_modules/egg-session/app/extend/application.js",
    "start": 1648547876525,
    "end": 1648547876526,
    "duration": 1,
    "pid": 40412,
    "index": 29
  },
  {
    "name": "Require(25) node_modules/egg-security/app/extend/application.js",
    "start": 1648547876526,
    "end": 1648547876527,
    "duration": 1,
    "pid": 40412,
    "index": 30
  },
  {
    "name": "Require(26) node_modules/egg-jsonp/app/extend/application.js",
    "start": 1648547876527,
    "end": 1648547876528,
    "duration": 1,
    "pid": 40412,
    "index": 31
  },
  {
    "name": "Require(27) node_modules/egg-logrotator/app/extend/application.js",
    "start": 1648547876528,
    "end": 1648547876529,
    "duration": 1,
    "pid": 40412,
    "index": 32
  },
  {
    "name": "Require(28) node_modules/egg-view/app/extend/application.js",
    "start": 1648547876529,
    "end": 1648547876530,
    "duration": 1,
    "pid": 40412,
    "index": 33
  },
  {
    "name": "Require(29) app/extend/application.js",
    "start": 1648547876530,
    "end": 1648547876560,
    "duration": 30,
    "pid": 40412,
    "index": 34
  },
  {
    "name": "Load extend/request.js",
    "start": 1648547876561,
    "end": 1648547876565,
    "duration": 4,
    "pid": 40412,
    "index": 35
  },
  {
    "name": "Require(30) node_modules/egg/app/extend/request.js",
    "start": 1648547876563,
    "end": 1648547876563,
    "duration": 0,
    "pid": 40412,
    "index": 36
  },
  {
    "name": "Load extend/response.js",
    "start": 1648547876565,
    "end": 1648547876568,
    "duration": 3,
    "pid": 40412,
    "index": 37
  },
  {
    "name": "Require(31) node_modules/egg/app/extend/response.js",
    "start": 1648547876566,
    "end": 1648547876567,
    "duration": 1,
    "pid": 40412,
    "index": 38
  },
  {
    "name": "Load extend/context.js",
    "start": 1648547876568,
    "end": 1648547876608,
    "duration": 40,
    "pid": 40412,
    "index": 39
  },
  {
    "name": "Require(32) node_modules/egg-security/app/extend/context.js",
    "start": 1648547876569,
    "end": 1648547876574,
    "duration": 5,
    "pid": 40412,
    "index": 40
  },
  {
    "name": "Require(33) node_modules/egg-jsonp/app/extend/context.js",
    "start": 1648547876574,
    "end": 1648547876575,
    "duration": 1,
    "pid": 40412,
    "index": 41
  },
  {
    "name": "Require(34) node_modules/egg-i18n/app/extend/context.js",
    "start": 1648547876575,
    "end": 1648547876575,
    "duration": 0,
    "pid": 40412,
    "index": 42
  },
  {
    "name": "Require(35) node_modules/egg-multipart/app/extend/context.js",
    "start": 1648547876575,
    "end": 1648547876604,
    "duration": 29,
    "pid": 40412,
    "index": 43
  },
  {
    "name": "Require(36) node_modules/egg-view/app/extend/context.js",
    "start": 1648547876605,
    "end": 1648547876605,
    "duration": 0,
    "pid": 40412,
    "index": 44
  },
  {
    "name": "Require(37) node_modules/egg-mongoose/app/extend/context.js",
    "start": 1648547876606,
    "end": 1648547876606,
    "duration": 0,
    "pid": 40412,
    "index": 45
  },
  {
    "name": "Require(38) node_modules/egg-validate/app/extend/context.js",
    "start": 1648547876606,
    "end": 1648547876606,
    "duration": 0,
    "pid": 40412,
    "index": 46
  },
  {
    "name": "Require(39) node_modules/egg/app/extend/context.js",
    "start": 1648547876606,
    "end": 1648547876607,
    "duration": 1,
    "pid": 40412,
    "index": 47
  },
  {
    "name": "Load extend/helper.js",
    "start": 1648547876608,
    "end": 1648547876621,
    "duration": 13,
    "pid": 40412,
    "index": 48
  },
  {
    "name": "Require(40) node_modules/egg-security/app/extend/helper.js",
    "start": 1648547876609,
    "end": 1648547876618,
    "duration": 9,
    "pid": 40412,
    "index": 49
  },
  {
    "name": "Require(41) node_modules/egg/app/extend/helper.js",
    "start": 1648547876619,
    "end": 1648547876619,
    "duration": 0,
    "pid": 40412,
    "index": 50
  },
  {
    "name": "Require(42) app/extend/helper.js",
    "start": 1648547876619,
    "end": 1648547876620,
    "duration": 1,
    "pid": 40412,
    "index": 51
  },
  {
    "name": "Load app.js",
    "start": 1648547876621,
    "end": 1648547876644,
    "duration": 23,
    "pid": 40412,
    "index": 52
  },
  {
    "name": "Require(43) node_modules/egg-session/app.js",
    "start": 1648547876621,
    "end": 1648547876622,
    "duration": 1,
    "pid": 40412,
    "index": 53
  },
  {
    "name": "Require(44) node_modules/egg-security/app.js",
    "start": 1648547876622,
    "end": 1648547876623,
    "duration": 1,
    "pid": 40412,
    "index": 54
  },
  {
    "name": "Require(45) node_modules/egg-onerror/app.js",
    "start": 1648547876623,
    "end": 1648547876627,
    "duration": 4,
    "pid": 40412,
    "index": 55
  },
  {
    "name": "Require(46) node_modules/egg-i18n/app.js",
    "start": 1648547876627,
    "end": 1648547876637,
    "duration": 10,
    "pid": 40412,
    "index": 56
  },
  {
    "name": "Require(47) node_modules/egg-watcher/app.js",
    "start": 1648547876637,
    "end": 1648547876639,
    "duration": 2,
    "pid": 40412,
    "index": 57
  },
  {
    "name": "Require(48) node_modules/egg-schedule/app.js",
    "start": 1648547876639,
    "end": 1648547876640,
    "duration": 1,
    "pid": 40412,
    "index": 58
  },
  {
    "name": "Require(49) node_modules/egg-multipart/app.js",
    "start": 1648547876640,
    "end": 1648547876641,
    "duration": 1,
    "pid": 40412,
    "index": 59
  },
  {
    "name": "Require(50) node_modules/egg-development/app.js",
    "start": 1648547876641,
    "end": 1648547876641,
    "duration": 0,
    "pid": 40412,
    "index": 60
  },
  {
    "name": "Require(51) node_modules/egg-logrotator/app.js",
    "start": 1648547876641,
    "end": 1648547876641,
    "duration": 0,
    "pid": 40412,
    "index": 61
  },
  {
    "name": "Require(52) node_modules/egg-static/app.js",
    "start": 1648547876642,
    "end": 1648547876642,
    "duration": 0,
    "pid": 40412,
    "index": 62
  },
  {
    "name": "Require(53) node_modules/egg-mongoose/app.js",
    "start": 1648547876642,
    "end": 1648547876642,
    "duration": 0,
    "pid": 40412,
    "index": 63
  },
  {
    "name": "Require(54) node_modules/egg-validate/app.js",
    "start": 1648547876642,
    "end": 1648547876643,
    "duration": 1,
    "pid": 40412,
    "index": 64
  },
  {
    "name": "Require(55) node_modules/egg-cors/app.js",
    "start": 1648547876643,
    "end": 1648547876644,
    "duration": 1,
    "pid": 40412,
    "index": 65
  },
  {
    "name": "Before Start in node_modules/egg-watcher/lib/init.js:15:14",
    "start": 1648547876651,
    "end": 1648547877099,
    "duration": 448,
    "pid": 40412,
    "index": 66
  },
  {
    "name": "Before Start in node_modules/egg-mongoose/lib/mongoose.js:104:7",
    "start": 1648547876930,
    "end": 1648547877098,
    "duration": 168,
    "pid": 40412,
    "index": 67
  },
  {
    "name": "Before Start in node_modules/egg-mongoose/lib/mongoose.js:52:9",
    "start": 1648547876930,
    "end": 1648547877087,
    "duration": 157,
    "pid": 40412,
    "index": 68
  },
  {
    "name": "Load Service",
    "start": 1648547876931,
    "end": 1648547876952,
    "duration": 21,
    "pid": 40412,
    "index": 69
  },
  {
    "name": "Load \"service\" to Context",
    "start": 1648547876931,
    "end": 1648547876952,
    "duration": 21,
    "pid": 40412,
    "index": 70
  },
  {
    "name": "Load Middleware",
    "start": 1648547876952,
    "end": 1648547877065,
    "duration": 113,
    "pid": 40412,
    "index": 71
  },
  {
    "name": "Load \"middlewares\" to Application",
    "start": 1648547876952,
    "end": 1648547877057,
    "duration": 105,
    "pid": 40412,
    "index": 72
  },
  {
    "name": "Load Controller",
    "start": 1648547877065,
    "end": 1648547877067,
    "duration": 2,
    "pid": 40412,
    "index": 73
  },
  {
    "name": "Load \"controller\" to Application",
    "start": 1648547877065,
    "end": 1648547877067,
    "duration": 2,
    "pid": 40412,
    "index": 74
  },
  {
    "name": "Load Router",
    "start": 1648547877067,
    "end": 1648547877069,
    "duration": 2,
    "pid": 40412,
    "index": 75
  },
  {
    "name": "Require(56) app/router.js",
    "start": 1648547877067,
    "end": 1648547877067,
    "duration": 0,
    "pid": 40412,
    "index": 76
  },
  {
    "name": "Before Start in node_modules/egg-core/lib/egg.js:303:10",
    "start": 1648547877068,
    "end": 1648547877087,
    "duration": 19,
    "pid": 40412,
    "index": 77
  },
  {
    "name": "Load \"model\" to Application",
    "start": 1648547877075,
    "end": 1648547877087,
    "duration": 12,
    "pid": 40412,
    "index": 78
  }
]