[
  {
    "name": "Process Start",
    "start": 1648525057598,
    "end": 1648525058707,
    "duration": 1109,
    "pid": 4368,
    "index": 0
  },
  {
    "name": "Application Start",
    "start": 1648525058708,
    "end": 1648525059594,
    "duration": 886,
    "pid": 4368,
    "index": 1
  },
  {
    "name": "Load Plugin",
    "start": 1648525058712,
    "end": 1648525058729,
    "duration": 17,
    "pid": 4368,
    "index": 2
  },
  {
    "name": "Load Config",
    "start": 1648525058729,
    "end": 1648525058756,
    "duration": 27,
    "pid": 4368,
    "index": 3
  },
  {
    "name": "Require(0) config/config.default.js",
    "start": 1648525058730,
    "end": 1648525058730,
    "duration": 0,
    "pid": 4368,
    "index": 4
  },
  {
    "name": "Require(1) config/config.local.js",
    "start": 1648525058731,
    "end": 1648525058732,
    "duration": 1,
    "pid": 4368,
    "index": 5
  },
  {
    "name": "Require(2) node_modules/egg-session/config/config.default.js",
    "start": 1648525058732,
    "end": 1648525058733,
    "duration": 1,
    "pid": 4368,
    "index": 6
  },
  {
    "name": "Require(3) node_modules/egg-security/config/config.default.js",
    "start": 1648525058733,
    "end": 1648525058734,
    "duration": 1,
    "pid": 4368,
    "index": 7
  },
  {
    "name": "Require(4) node_modules/egg-jsonp/config/config.default.js",
    "start": 1648525058735,
    "end": 1648525058735,
    "duration": 0,
    "pid": 4368,
    "index": 8
  },
  {
    "name": "Require(5) node_modules/egg-onerror/config/config.default.js",
    "start": 1648525058736,
    "end": 1648525058736,
    "duration": 0,
    "pid": 4368,
    "index": 9
  },
  {
    "name": "Require(6) node_modules/egg-i18n/config/config.default.js",
    "start": 1648525058737,
    "end": 1648525058738,
    "duration": 1,
    "pid": 4368,
    "index": 10
  },
  {
    "name": "Require(7) node_modules/egg-watcher/config/config.default.js",
    "start": 1648525058738,
    "end": 1648525058739,
    "duration": 1,
    "pid": 4368,
    "index": 11
  },
  {
    "name": "Require(8) node_modules/egg-schedule/config/config.default.js",
    "start": 1648525058739,
    "end": 1648525058740,
    "duration": 1,
    "pid": 4368,
    "index": 12
  },
  {
    "name": "Require(9) node_modules/egg-multipart/config/config.default.js",
    "start": 1648525058741,
    "end": 1648525058741,
    "duration": 0,
    "pid": 4368,
    "index": 13
  },
  {
    "name": "Require(10) node_modules/egg-development/config/config.default.js",
    "start": 1648525058742,
    "end": 1648525058742,
    "duration": 0,
    "pid": 4368,
    "index": 14
  },
  {
    "name": "Require(11) node_modules/egg-logrotator/config/config.default.js",
    "start": 1648525058742,
    "end": 1648525058743,
    "duration": 1,
    "pid": 4368,
    "index": 15
  },
  {
    "name": "Require(12) node_modules/egg-static/config/config.default.js",
    "start": 1648525058744,
    "end": 1648525058744,
    "duration": 0,
    "pid": 4368,
    "index": 16
  },
  {
    "name": "Require(13) node_modules/egg-view/config/config.default.js",
    "start": 1648525058745,
    "end": 1648525058746,
    "duration": 1,
    "pid": 4368,
    "index": 17
  },
  {
    "name": "Require(14) node_modules/egg-mongoose/config/config.default.js",
    "start": 1648525058746,
    "end": 1648525058747,
    "duration": 1,
    "pid": 4368,
    "index": 18
  },
  {
    "name": "Require(15) node_modules/egg-validate/config/config.default.js",
    "start": 1648525058747,
    "end": 1648525058747,
    "duration": 0,
    "pid": 4368,
    "index": 19
  },
  {
    "name": "Require(16) node_modules/egg-cors/config/config.default.js",
    "start": 1648525058748,
    "end": 1648525058748,
    "duration": 0,
    "pid": 4368,
    "index": 20
  },
  {
    "name": "Require(17) node_modules/egg/config/config.default.js",
    "start": 1648525058748,
    "end": 1648525058749,
    "duration": 1,
    "pid": 4368,
    "index": 21
  },
  {
    "name": "Require(18) config/config.default.js",
    "start": 1648525058750,
    "end": 1648525058750,
    "duration": 0,
    "pid": 4368,
    "index": 22
  },
  {
    "name": "Require(19) node_modules/egg-security/config/config.local.js",
    "start": 1648525058750,
    "end": 1648525058752,
    "duration": 2,
    "pid": 4368,
    "index": 23
  },
  {
    "name": "Require(20) node_modules/egg-watcher/config/config.local.js",
    "start": 1648525058753,
    "end": 1648525058753,
    "duration": 0,
    "pid": 4368,
    "index": 24
  },
  {
    "name": "Require(21) node_modules/egg-view/config/config.local.js",
    "start": 1648525058754,
    "end": 1648525058754,
    "duration": 0,
    "pid": 4368,
    "index": 25
  },
  {
    "name": "Require(22) node_modules/egg/config/config.local.js",
    "start": 1648525058755,
    "end": 1648525058756,
    "duration": 1,
    "pid": 4368,
    "index": 26
  },
  {
    "name": "Require(23) config/config.local.js",
    "start": 1648525058756,
    "end": 1648525058756,
    "duration": 0,
    "pid": 4368,
    "index": 27
  },
  {
    "name": "Load extend/application.js",
    "start": 1648525058757,
    "end": 1648525058817,
    "duration": 60,
    "pid": 4368,
    "index": 28
  },
  {
    "name": "Require(24) node_modules/egg-session/app/extend/application.js",
    "start": 1648525058761,
    "end": 1648525058762,
    "duration": 1,
    "pid": 4368,
    "index": 29
  },
  {
    "name": "Require(25) node_modules/egg-security/app/extend/application.js",
    "start": 1648525058763,
    "end": 1648525058764,
    "duration": 1,
    "pid": 4368,
    "index": 30
  },
  {
    "name": "Require(26) node_modules/egg-jsonp/app/extend/application.js",
    "start": 1648525058764,
    "end": 1648525058766,
    "duration": 2,
    "pid": 4368,
    "index": 31
  },
  {
    "name": "Require(27) node_modules/egg-logrotator/app/extend/application.js",
    "start": 1648525058768,
    "end": 1648525058769,
    "duration": 1,
    "pid": 4368,
    "index": 32
  },
  {
    "name": "Require(28) node_modules/egg-view/app/extend/application.js",
    "start": 1648525058769,
    "end": 1648525058770,
    "duration": 1,
    "pid": 4368,
    "index": 33
  },
  {
    "name": "Require(29) app/extend/application.js",
    "start": 1648525058771,
    "end": 1648525058814,
    "duration": 43,
    "pid": 4368,
    "index": 34
  },
  {
    "name": "Load extend/request.js",
    "start": 1648525058817,
    "end": 1648525058821,
    "duration": 4,
    "pid": 4368,
    "index": 35
  },
  {
    "name": "Require(30) node_modules/egg/app/extend/request.js",
    "start": 1648525058819,
    "end": 1648525058819,
    "duration": 0,
    "pid": 4368,
    "index": 36
  },
  {
    "name": "Load extend/response.js",
    "start": 1648525058821,
    "end": 1648525058827,
    "duration": 6,
    "pid": 4368,
    "index": 37
  },
  {
    "name": "Require(31) node_modules/egg/app/extend/response.js",
    "start": 1648525058823,
    "end": 1648525058824,
    "duration": 1,
    "pid": 4368,
    "index": 38
  },
  {
    "name": "Load extend/context.js",
    "start": 1648525058827,
    "end": 1648525058897,
    "duration": 70,
    "pid": 4368,
    "index": 39
  },
  {
    "name": "Require(32) node_modules/egg-security/app/extend/context.js",
    "start": 1648525058828,
    "end": 1648525058839,
    "duration": 11,
    "pid": 4368,
    "index": 40
  },
  {
    "name": "Require(33) node_modules/egg-jsonp/app/extend/context.js",
    "start": 1648525058839,
    "end": 1648525058840,
    "duration": 1,
    "pid": 4368,
    "index": 41
  },
  {
    "name": "Require(34) node_modules/egg-i18n/app/extend/context.js",
    "start": 1648525058841,
    "end": 1648525058841,
    "duration": 0,
    "pid": 4368,
    "index": 42
  },
  {
    "name": "Require(35) node_modules/egg-multipart/app/extend/context.js",
    "start": 1648525058841,
    "end": 1648525058891,
    "duration": 50,
    "pid": 4368,
    "index": 43
  },
  {
    "name": "Require(36) node_modules/egg-view/app/extend/context.js",
    "start": 1648525058891,
    "end": 1648525058892,
    "duration": 1,
    "pid": 4368,
    "index": 44
  },
  {
    "name": "Require(37) node_modules/egg-mongoose/app/extend/context.js",
    "start": 1648525058892,
    "end": 1648525058892,
    "duration": 0,
    "pid": 4368,
    "index": 45
  },
  {
    "name": "Require(38) node_modules/egg-validate/app/extend/context.js",
    "start": 1648525058893,
    "end": 1648525058893,
    "duration": 0,
    "pid": 4368,
    "index": 46
  },
  {
    "name": "Require(39) node_modules/egg/app/extend/context.js",
    "start": 1648525058893,
    "end": 1648525058894,
    "duration": 1,
    "pid": 4368,
    "index": 47
  },
  {
    "name": "Load extend/helper.js",
    "start": 1648525058897,
    "end": 1648525058920,
    "duration": 23,
    "pid": 4368,
    "index": 48
  },
  {
    "name": "Require(40) node_modules/egg-security/app/extend/helper.js",
    "start": 1648525058897,
    "end": 1648525058913,
    "duration": 16,
    "pid": 4368,
    "index": 49
  },
  {
    "name": "Require(41) node_modules/egg/app/extend/helper.js",
    "start": 1648525058915,
    "end": 1648525058916,
    "duration": 1,
    "pid": 4368,
    "index": 50
  },
  {
    "name": "Require(42) app/extend/helper.js",
    "start": 1648525058916,
    "end": 1648525058917,
    "duration": 1,
    "pid": 4368,
    "index": 51
  },
  {
    "name": "Load app.js",
    "start": 1648525058920,
    "end": 1648525058958,
    "duration": 38,
    "pid": 4368,
    "index": 52
  },
  {
    "name": "Require(43) node_modules/egg-session/app.js",
    "start": 1648525058920,
    "end": 1648525058921,
    "duration": 1,
    "pid": 4368,
    "index": 53
  },
  {
    "name": "Require(44) node_modules/egg-security/app.js",
    "start": 1648525058921,
    "end": 1648525058922,
    "duration": 1,
    "pid": 4368,
    "index": 54
  },
  {
    "name": "Require(45) node_modules/egg-onerror/app.js",
    "start": 1648525058922,
    "end": 1648525058929,
    "duration": 7,
    "pid": 4368,
    "index": 55
  },
  {
    "name": "Require(46) node_modules/egg-i18n/app.js",
    "start": 1648525058929,
    "end": 1648525058947,
    "duration": 18,
    "pid": 4368,
    "index": 56
  },
  {
    "name": "Require(47) node_modules/egg-watcher/app.js",
    "start": 1648525058948,
    "end": 1648525058951,
    "duration": 3,
    "pid": 4368,
    "index": 57
  },
  {
    "name": "Require(48) node_modules/egg-schedule/app.js",
    "start": 1648525058951,
    "end": 1648525058953,
    "duration": 2,
    "pid": 4368,
    "index": 58
  },
  {
    "name": "Require(49) node_modules/egg-multipart/app.js",
    "start": 1648525058953,
    "end": 1648525058953,
    "duration": 0,
    "pid": 4368,
    "index": 59
  },
  {
    "name": "Require(50) node_modules/egg-development/app.js",
    "start": 1648525058954,
    "end": 1648525058954,
    "duration": 0,
    "pid": 4368,
    "index": 60
  },
  {
    "name": "Require(51) node_modules/egg-logrotator/app.js",
    "start": 1648525058954,
    "end": 1648525058954,
    "duration": 0,
    "pid": 4368,
    "index": 61
  },
  {
    "name": "Require(52) node_modules/egg-static/app.js",
    "start": 1648525058955,
    "end": 1648525058955,
    "duration": 0,
    "pid": 4368,
    "index": 62
  },
  {
    "name": "Require(53) node_modules/egg-mongoose/app.js",
    "start": 1648525058955,
    "end": 1648525058955,
    "duration": 0,
    "pid": 4368,
    "index": 63
  },
  {
    "name": "Require(54) node_modules/egg-validate/app.js",
    "start": 1648525058956,
    "end": 1648525058957,
    "duration": 1,
    "pid": 4368,
    "index": 64
  },
  {
    "name": "Require(55) node_modules/egg-cors/app.js",
    "start": 1648525058957,
    "end": 1648525058958,
    "duration": 1,
    "pid": 4368,
    "index": 65
  },
  {
    "name": "Before Start in node_modules/egg-watcher/lib/init.js:15:14",
    "start": 1648525058968,
    "end": 1648525059594,
    "duration": 626,
    "pid": 4368,
    "index": 66
  },
  {
    "name": "Before Start in node_modules/egg-mongoose/lib/mongoose.js:104:7",
    "start": 1648525059407,
    "end": 1648525059591,
    "duration": 184,
    "pid": 4368,
    "index": 67
  },
  {
    "name": "Before Start in node_modules/egg-mongoose/lib/mongoose.js:52:9",
    "start": 1648525059407,
    "end": 1648525059576,
    "duration": 169,
    "pid": 4368,
    "index": 68
  },
  {
    "name": "Load Service",
    "start": 1648525059407,
    "end": 1648525059437,
    "duration": 30,
    "pid": 4368,
    "index": 69
  },
  {
    "name": "Load \"service\" to Context",
    "start": 1648525059408,
    "end": 1648525059437,
    "duration": 29,
    "pid": 4368,
    "index": 70
  },
  {
    "name": "Load Middleware",
    "start": 1648525059437,
    "end": 1648525059540,
    "duration": 103,
    "pid": 4368,
    "index": 71
  },
  {
    "name": "Load \"middlewares\" to Application",
    "start": 1648525059437,
    "end": 1648525059530,
    "duration": 93,
    "pid": 4368,
    "index": 72
  },
  {
    "name": "Load Controller",
    "start": 1648525059540,
    "end": 1648525059543,
    "duration": 3,
    "pid": 4368,
    "index": 73
  },
  {
    "name": "Load \"controller\" to Application",
    "start": 1648525059540,
    "end": 1648525059543,
    "duration": 3,
    "pid": 4368,
    "index": 74
  },
  {
    "name": "Load Router",
    "start": 1648525059543,
    "end": 1648525059546,
    "duration": 3,
    "pid": 4368,
    "index": 75
  },
  {
    "name": "Require(56) app/router.js",
    "start": 1648525059543,
    "end": 1648525059544,
    "duration": 1,
    "pid": 4368,
    "index": 76
  },
  {
    "name": "Before Start in node_modules/egg-core/lib/egg.js:303:10",
    "start": 1648525059544,
    "end": 1648525059576,
    "duration": 32,
    "pid": 4368,
    "index": 77
  },
  {
    "name": "Load \"model\" to Application",
    "start": 1648525059553,
    "end": 1648525059575,
    "duration": 22,
    "pid": 4368,
    "index": 78
  }
]