[
  {
    "name": "Process Start",
    "start": 1648457449242,
    "end": 1648457449917,
    "duration": 675,
    "pid": 19076,
    "index": 0
  },
  {
    "name": "Application Start",
    "start": 1648457449918,
    "end": 1648457450492,
    "duration": 574,
    "pid": 19076,
    "index": 1
  },
  {
    "name": "Load Plugin",
    "start": 1648457449920,
    "end": 1648457449931,
    "duration": 11,
    "pid": 19076,
    "index": 2
  },
  {
    "name": "Load Config",
    "start": 1648457449931,
    "end": 1648457449945,
    "duration": 14,
    "pid": 19076,
    "index": 3
  },
  {
    "name": "Require(0) config/config.default.js",
    "start": 1648457449931,
    "end": 1648457449932,
    "duration": 1,
    "pid": 19076,
    "index": 4
  },
  {
    "name": "Require(1) node_modules/egg-session/config/config.default.js",
    "start": 1648457449932,
    "end": 1648457449933,
    "duration": 1,
    "pid": 19076,
    "index": 5
  },
  {
    "name": "Require(2) node_modules/egg-security/config/config.default.js",
    "start": 1648457449933,
    "end": 1648457449933,
    "duration": 0,
    "pid": 19076,
    "index": 6
  },
  {
    "name": "Require(3) node_modules/egg-jsonp/config/config.default.js",
    "start": 1648457449934,
    "end": 1648457449934,
    "duration": 0,
    "pid": 19076,
    "index": 7
  },
  {
    "name": "Require(4) node_modules/egg-onerror/config/config.default.js",
    "start": 1648457449934,
    "end": 1648457449935,
    "duration": 1,
    "pid": 19076,
    "index": 8
  },
  {
    "name": "Require(5) node_modules/egg-i18n/config/config.default.js",
    "start": 1648457449935,
    "end": 1648457449935,
    "duration": 0,
    "pid": 19076,
    "index": 9
  },
  {
    "name": "Require(6) node_modules/egg-watcher/config/config.default.js",
    "start": 1648457449935,
    "end": 1648457449936,
    "duration": 1,
    "pid": 19076,
    "index": 10
  },
  {
    "name": "Require(7) node_modules/egg-schedule/config/config.default.js",
    "start": 1648457449936,
    "end": 1648457449936,
    "duration": 0,
    "pid": 19076,
    "index": 11
  },
  {
    "name": "Require(8) node_modules/egg-multipart/config/config.default.js",
    "start": 1648457449936,
    "end": 1648457449937,
    "duration": 1,
    "pid": 19076,
    "index": 12
  },
  {
    "name": "Require(9) node_modules/egg-development/config/config.default.js",
    "start": 1648457449937,
    "end": 1648457449937,
    "duration": 0,
    "pid": 19076,
    "index": 13
  },
  {
    "name": "Require(10) node_modules/egg-logrotator/config/config.default.js",
    "start": 1648457449938,
    "end": 1648457449938,
    "duration": 0,
    "pid": 19076,
    "index": 14
  },
  {
    "name": "Require(11) node_modules/egg-static/config/config.default.js",
    "start": 1648457449938,
    "end": 1648457449938,
    "duration": 0,
    "pid": 19076,
    "index": 15
  },
  {
    "name": "Require(12) node_modules/egg-view/config/config.default.js",
    "start": 1648457449939,
    "end": 1648457449939,
    "duration": 0,
    "pid": 19076,
    "index": 16
  },
  {
    "name": "Require(13) node_modules/egg-mongoose/config/config.default.js",
    "start": 1648457449939,
    "end": 1648457449939,
    "duration": 0,
    "pid": 19076,
    "index": 17
  },
  {
    "name": "Require(14) node_modules/egg-validate/config/config.default.js",
    "start": 1648457449940,
    "end": 1648457449940,
    "duration": 0,
    "pid": 19076,
    "index": 18
  },
  {
    "name": "Require(15) node_modules/egg-cors/config/config.default.js",
    "start": 1648457449940,
    "end": 1648457449940,
    "duration": 0,
    "pid": 19076,
    "index": 19
  },
  {
    "name": "Require(16) node_modules/egg/config/config.default.js",
    "start": 1648457449940,
    "end": 1648457449941,
    "duration": 1,
    "pid": 19076,
    "index": 20
  },
  {
    "name": "Require(17) config/config.default.js",
    "start": 1648457449941,
    "end": 1648457449941,
    "duration": 0,
    "pid": 19076,
    "index": 21
  },
  {
    "name": "Require(18) node_modules/egg-security/config/config.local.js",
    "start": 1648457449942,
    "end": 1648457449942,
    "duration": 0,
    "pid": 19076,
    "index": 22
  },
  {
    "name": "Require(19) node_modules/egg-watcher/config/config.local.js",
    "start": 1648457449943,
    "end": 1648457449944,
    "duration": 1,
    "pid": 19076,
    "index": 23
  },
  {
    "name": "Require(20) node_modules/egg-view/config/config.local.js",
    "start": 1648457449944,
    "end": 1648457449944,
    "duration": 0,
    "pid": 19076,
    "index": 24
  },
  {
    "name": "Require(21) node_modules/egg/config/config.local.js",
    "start": 1648457449945,
    "end": 1648457449945,
    "duration": 0,
    "pid": 19076,
    "index": 25
  },
  {
    "name": "Load extend/application.js",
    "start": 1648457449946,
    "end": 1648457449983,
    "duration": 37,
    "pid": 19076,
    "index": 26
  },
  {
    "name": "Require(22) node_modules/egg-session/app/extend/application.js",
    "start": 1648457449946,
    "end": 1648457449946,
    "duration": 0,
    "pid": 19076,
    "index": 27
  },
  {
    "name": "Require(23) node_modules/egg-security/app/extend/application.js",
    "start": 1648457449947,
    "end": 1648457449948,
    "duration": 1,
    "pid": 19076,
    "index": 28
  },
  {
    "name": "Require(24) node_modules/egg-jsonp/app/extend/application.js",
    "start": 1648457449948,
    "end": 1648457449948,
    "duration": 0,
    "pid": 19076,
    "index": 29
  },
  {
    "name": "Require(25) node_modules/egg-logrotator/app/extend/application.js",
    "start": 1648457449949,
    "end": 1648457449950,
    "duration": 1,
    "pid": 19076,
    "index": 30
  },
  {
    "name": "Require(26) node_modules/egg-view/app/extend/application.js",
    "start": 1648457449950,
    "end": 1648457449951,
    "duration": 1,
    "pid": 19076,
    "index": 31
  },
  {
    "name": "Require(27) app/extend/application.js",
    "start": 1648457449952,
    "end": 1648457449981,
    "duration": 29,
    "pid": 19076,
    "index": 32
  },
  {
    "name": "Load extend/request.js",
    "start": 1648457449983,
    "end": 1648457449986,
    "duration": 3,
    "pid": 19076,
    "index": 33
  },
  {
    "name": "Require(28) node_modules/egg/app/extend/request.js",
    "start": 1648457449984,
    "end": 1648457449985,
    "duration": 1,
    "pid": 19076,
    "index": 34
  },
  {
    "name": "Load extend/response.js",
    "start": 1648457449986,
    "end": 1648457449990,
    "duration": 4,
    "pid": 19076,
    "index": 35
  },
  {
    "name": "Require(29) node_modules/egg/app/extend/response.js",
    "start": 1648457449988,
    "end": 1648457449989,
    "duration": 1,
    "pid": 19076,
    "index": 36
  },
  {
    "name": "Load extend/context.js",
    "start": 1648457449990,
    "end": 1648457450027,
    "duration": 37,
    "pid": 19076,
    "index": 37
  },
  {
    "name": "Require(30) node_modules/egg-security/app/extend/context.js",
    "start": 1648457449991,
    "end": 1648457449995,
    "duration": 4,
    "pid": 19076,
    "index": 38
  },
  {
    "name": "Require(31) node_modules/egg-jsonp/app/extend/context.js",
    "start": 1648457449995,
    "end": 1648457449996,
    "duration": 1,
    "pid": 19076,
    "index": 39
  },
  {
    "name": "Require(32) node_modules/egg-i18n/app/extend/context.js",
    "start": 1648457449996,
    "end": 1648457449996,
    "duration": 0,
    "pid": 19076,
    "index": 40
  },
  {
    "name": "Require(33) node_modules/egg-multipart/app/extend/context.js",
    "start": 1648457449997,
    "end": 1648457450023,
    "duration": 26,
    "pid": 19076,
    "index": 41
  },
  {
    "name": "Require(34) node_modules/egg-view/app/extend/context.js",
    "start": 1648457450024,
    "end": 1648457450024,
    "duration": 0,
    "pid": 19076,
    "index": 42
  },
  {
    "name": "Require(35) node_modules/egg-mongoose/app/extend/context.js",
    "start": 1648457450025,
    "end": 1648457450025,
    "duration": 0,
    "pid": 19076,
    "index": 43
  },
  {
    "name": "Require(36) node_modules/egg-validate/app/extend/context.js",
    "start": 1648457450025,
    "end": 1648457450025,
    "duration": 0,
    "pid": 19076,
    "index": 44
  },
  {
    "name": "Require(37) node_modules/egg/app/extend/context.js",
    "start": 1648457450025,
    "end": 1648457450026,
    "duration": 1,
    "pid": 19076,
    "index": 45
  },
  {
    "name": "Load extend/helper.js",
    "start": 1648457450027,
    "end": 1648457450039,
    "duration": 12,
    "pid": 19076,
    "index": 46
  },
  {
    "name": "Require(38) node_modules/egg-security/app/extend/helper.js",
    "start": 1648457450028,
    "end": 1648457450035,
    "duration": 7,
    "pid": 19076,
    "index": 47
  },
  {
    "name": "Require(39) node_modules/egg/app/extend/helper.js",
    "start": 1648457450037,
    "end": 1648457450037,
    "duration": 0,
    "pid": 19076,
    "index": 48
  },
  {
    "name": "Require(40) app/extend/helper.js",
    "start": 1648457450037,
    "end": 1648457450037,
    "duration": 0,
    "pid": 19076,
    "index": 49
  },
  {
    "name": "Load app.js",
    "start": 1648457450039,
    "end": 1648457450060,
    "duration": 21,
    "pid": 19076,
    "index": 50
  },
  {
    "name": "Require(41) node_modules/egg-session/app.js",
    "start": 1648457450039,
    "end": 1648457450039,
    "duration": 0,
    "pid": 19076,
    "index": 51
  },
  {
    "name": "Require(42) node_modules/egg-security/app.js",
    "start": 1648457450039,
    "end": 1648457450040,
    "duration": 1,
    "pid": 19076,
    "index": 52
  },
  {
    "name": "Require(43) node_modules/egg-onerror/app.js",
    "start": 1648457450041,
    "end": 1648457450044,
    "duration": 3,
    "pid": 19076,
    "index": 53
  },
  {
    "name": "Require(44) node_modules/egg-i18n/app.js",
    "start": 1648457450044,
    "end": 1648457450053,
    "duration": 9,
    "pid": 19076,
    "index": 54
  },
  {
    "name": "Require(45) node_modules/egg-watcher/app.js",
    "start": 1648457450053,
    "end": 1648457450055,
    "duration": 2,
    "pid": 19076,
    "index": 55
  },
  {
    "name": "Require(46) node_modules/egg-schedule/app.js",
    "start": 1648457450055,
    "end": 1648457450056,
    "duration": 1,
    "pid": 19076,
    "index": 56
  },
  {
    "name": "Require(47) node_modules/egg-multipart/app.js",
    "start": 1648457450056,
    "end": 1648457450056,
    "duration": 0,
    "pid": 19076,
    "index": 57
  },
  {
    "name": "Require(48) node_modules/egg-development/app.js",
    "start": 1648457450057,
    "end": 1648457450057,
    "duration": 0,
    "pid": 19076,
    "index": 58
  },
  {
    "name": "Require(49) node_modules/egg-logrotator/app.js",
    "start": 1648457450057,
    "end": 1648457450057,
    "duration": 0,
    "pid": 19076,
    "index": 59
  },
  {
    "name": "Require(50) node_modules/egg-static/app.js",
    "start": 1648457450057,
    "end": 1648457450057,
    "duration": 0,
    "pid": 19076,
    "index": 60
  },
  {
    "name": "Require(51) node_modules/egg-mongoose/app.js",
    "start": 1648457450058,
    "end": 1648457450058,
    "duration": 0,
    "pid": 19076,
    "index": 61
  },
  {
    "name": "Require(52) node_modules/egg-validate/app.js",
    "start": 1648457450058,
    "end": 1648457450059,
    "duration": 1,
    "pid": 19076,
    "index": 62
  },
  {
    "name": "Require(53) node_modules/egg-cors/app.js",
    "start": 1648457450059,
    "end": 1648457450059,
    "duration": 0,
    "pid": 19076,
    "index": 63
  },
  {
    "name": "Before Start in node_modules/egg-watcher/lib/init.js:15:14",
    "start": 1648457450066,
    "end": 1648457450492,
    "duration": 426,
    "pid": 19076,
    "index": 64
  },
  {
    "name": "Before Start in node_modules/egg-mongoose/lib/mongoose.js:104:7",
    "start": 1648457450373,
    "end": 1648457450491,
    "duration": 118,
    "pid": 19076,
    "index": 65
  },
  {
    "name": "Before Start in node_modules/egg-mongoose/lib/mongoose.js:52:9",
    "start": 1648457450374,
    "end": 1648457450480,
    "duration": 106,
    "pid": 19076,
    "index": 66
  },
  {
    "name": "Load Service",
    "start": 1648457450374,
    "end": 1648457450395,
    "duration": 21,
    "pid": 19076,
    "index": 67
  },
  {
    "name": "Load \"service\" to Context",
    "start": 1648457450374,
    "end": 1648457450395,
    "duration": 21,
    "pid": 19076,
    "index": 68
  },
  {
    "name": "Load Middleware",
    "start": 1648457450396,
    "end": 1648457450458,
    "duration": 62,
    "pid": 19076,
    "index": 69
  },
  {
    "name": "Load \"middlewares\" to Application",
    "start": 1648457450396,
    "end": 1648457450451,
    "duration": 55,
    "pid": 19076,
    "index": 70
  },
  {
    "name": "Load Controller",
    "start": 1648457450458,
    "end": 1648457450459,
    "duration": 1,
    "pid": 19076,
    "index": 71
  },
  {
    "name": "Load \"controller\" to Application",
    "start": 1648457450458,
    "end": 1648457450459,
    "duration": 1,
    "pid": 19076,
    "index": 72
  },
  {
    "name": "Load Router",
    "start": 1648457450459,
    "end": 1648457450461,
    "duration": 2,
    "pid": 19076,
    "index": 73
  },
  {
    "name": "Require(54) app/router.js",
    "start": 1648457450460,
    "end": 1648457450460,
    "duration": 0,
    "pid": 19076,
    "index": 74
  },
  {
    "name": "Before Start in node_modules/egg-core/lib/egg.js:303:10",
    "start": 1648457450460,
    "end": 1648457450480,
    "duration": 20,
    "pid": 19076,
    "index": 75
  },
  {
    "name": "Load \"model\" to Application",
    "start": 1648457450468,
    "end": 1648457450480,
    "duration": 12,
    "pid": 19076,
    "index": 76
  }
]