[
  {
    "name": "Process Start",
    "start": 1648546644974,
    "end": 1648546645690,
    "duration": 716,
    "pid": 38516,
    "index": 0
  },
  {
    "name": "Application Start",
    "start": 1648546645690,
    "end": 1648546646255,
    "duration": 565,
    "pid": 38516,
    "index": 1
  },
  {
    "name": "Load Plugin",
    "start": 1648546645693,
    "end": 1648546645704,
    "duration": 11,
    "pid": 38516,
    "index": 2
  },
  {
    "name": "Load Config",
    "start": 1648546645704,
    "end": 1648546645720,
    "duration": 16,
    "pid": 38516,
    "index": 3
  },
  {
    "name": "Require(0) config/config.default.js",
    "start": 1648546645705,
    "end": 1648546645705,
    "duration": 0,
    "pid": 38516,
    "index": 4
  },
  {
    "name": "Require(1) config/config.local.js",
    "start": 1648546645706,
    "end": 1648546645706,
    "duration": 0,
    "pid": 38516,
    "index": 5
  },
  {
    "name": "Require(2) node_modules/egg-session/config/config.default.js",
    "start": 1648546645706,
    "end": 1648546645707,
    "duration": 1,
    "pid": 38516,
    "index": 6
  },
  {
    "name": "Require(3) node_modules/egg-security/config/config.default.js",
    "start": 1648546645707,
    "end": 1648546645707,
    "duration": 0,
    "pid": 38516,
    "index": 7
  },
  {
    "name": "Require(4) node_modules/egg-jsonp/config/config.default.js",
    "start": 1648546645708,
    "end": 1648546645708,
    "duration": 0,
    "pid": 38516,
    "index": 8
  },
  {
    "name": "Require(5) node_modules/egg-onerror/config/config.default.js",
    "start": 1648546645708,
    "end": 1648546645708,
    "duration": 0,
    "pid": 38516,
    "index": 9
  },
  {
    "name": "Require(6) node_modules/egg-i18n/config/config.default.js",
    "start": 1648546645709,
    "end": 1648546645709,
    "duration": 0,
    "pid": 38516,
    "index": 10
  },
  {
    "name": "Require(7) node_modules/egg-watcher/config/config.default.js",
    "start": 1648546645709,
    "end": 1648546645710,
    "duration": 1,
    "pid": 38516,
    "index": 11
  },
  {
    "name": "Require(8) node_modules/egg-schedule/config/config.default.js",
    "start": 1648546645710,
    "end": 1648546645710,
    "duration": 0,
    "pid": 38516,
    "index": 12
  },
  {
    "name": "Require(9) node_modules/egg-multipart/config/config.default.js",
    "start": 1648546645711,
    "end": 1648546645711,
    "duration": 0,
    "pid": 38516,
    "index": 13
  },
  {
    "name": "Require(10) node_modules/egg-development/config/config.default.js",
    "start": 1648546645711,
    "end": 1648546645712,
    "duration": 1,
    "pid": 38516,
    "index": 14
  },
  {
    "name": "Require(11) node_modules/egg-logrotator/config/config.default.js",
    "start": 1648546645712,
    "end": 1648546645712,
    "duration": 0,
    "pid": 38516,
    "index": 15
  },
  {
    "name": "Require(12) node_modules/egg-static/config/config.default.js",
    "start": 1648546645713,
    "end": 1648546645713,
    "duration": 0,
    "pid": 38516,
    "index": 16
  },
  {
    "name": "Require(13) node_modules/egg-view/config/config.default.js",
    "start": 1648546645713,
    "end": 1648546645713,
    "duration": 0,
    "pid": 38516,
    "index": 17
  },
  {
    "name": "Require(14) node_modules/egg-mongoose/config/config.default.js",
    "start": 1648546645714,
    "end": 1648546645714,
    "duration": 0,
    "pid": 38516,
    "index": 18
  },
  {
    "name": "Require(15) node_modules/egg-validate/config/config.default.js",
    "start": 1648546645714,
    "end": 1648546645714,
    "duration": 0,
    "pid": 38516,
    "index": 19
  },
  {
    "name": "Require(16) node_modules/egg-cors/config/config.default.js",
    "start": 1648546645715,
    "end": 1648546645715,
    "duration": 0,
    "pid": 38516,
    "index": 20
  },
  {
    "name": "Require(17) node_modules/egg/config/config.default.js",
    "start": 1648546645715,
    "end": 1648546645715,
    "duration": 0,
    "pid": 38516,
    "index": 21
  },
  {
    "name": "Require(18) config/config.default.js",
    "start": 1648546645716,
    "end": 1648546645716,
    "duration": 0,
    "pid": 38516,
    "index": 22
  },
  {
    "name": "Require(19) node_modules/egg-security/config/config.local.js",
    "start": 1648546645717,
    "end": 1648546645718,
    "duration": 1,
    "pid": 38516,
    "index": 23
  },
  {
    "name": "Require(20) node_modules/egg-watcher/config/config.local.js",
    "start": 1648546645718,
    "end": 1648546645718,
    "duration": 0,
    "pid": 38516,
    "index": 24
  },
  {
    "name": "Require(21) node_modules/egg-view/config/config.local.js",
    "start": 1648546645719,
    "end": 1648546645719,
    "duration": 0,
    "pid": 38516,
    "index": 25
  },
  {
    "name": "Require(22) node_modules/egg/config/config.local.js",
    "start": 1648546645720,
    "end": 1648546645720,
    "duration": 0,
    "pid": 38516,
    "index": 26
  },
  {
    "name": "Require(23) config/config.local.js",
    "start": 1648546645720,
    "end": 1648546645720,
    "duration": 0,
    "pid": 38516,
    "index": 27
  },
  {
    "name": "Load extend/application.js",
    "start": 1648546645721,
    "end": 1648546645759,
    "duration": 38,
    "pid": 38516,
    "index": 28
  },
  {
    "name": "Require(24) node_modules/egg-session/app/extend/application.js",
    "start": 1648546645721,
    "end": 1648546645722,
    "duration": 1,
    "pid": 38516,
    "index": 29
  },
  {
    "name": "Require(25) node_modules/egg-security/app/extend/application.js",
    "start": 1648546645722,
    "end": 1648546645723,
    "duration": 1,
    "pid": 38516,
    "index": 30
  },
  {
    "name": "Require(26) node_modules/egg-jsonp/app/extend/application.js",
    "start": 1648546645723,
    "end": 1648546645724,
    "duration": 1,
    "pid": 38516,
    "index": 31
  },
  {
    "name": "Require(27) node_modules/egg-logrotator/app/extend/application.js",
    "start": 1648546645724,
    "end": 1648546645725,
    "duration": 1,
    "pid": 38516,
    "index": 32
  },
  {
    "name": "Require(28) node_modules/egg-view/app/extend/application.js",
    "start": 1648546645726,
    "end": 1648546645727,
    "duration": 1,
    "pid": 38516,
    "index": 33
  },
  {
    "name": "Require(29) app/extend/application.js",
    "start": 1648546645727,
    "end": 1648546645757,
    "duration": 30,
    "pid": 38516,
    "index": 34
  },
  {
    "name": "Load extend/request.js",
    "start": 1648546645759,
    "end": 1648546645762,
    "duration": 3,
    "pid": 38516,
    "index": 35
  },
  {
    "name": "Require(30) node_modules/egg/app/extend/request.js",
    "start": 1648546645760,
    "end": 1648546645760,
    "duration": 0,
    "pid": 38516,
    "index": 36
  },
  {
    "name": "Load extend/response.js",
    "start": 1648546645762,
    "end": 1648546645765,
    "duration": 3,
    "pid": 38516,
    "index": 37
  },
  {
    "name": "Require(31) node_modules/egg/app/extend/response.js",
    "start": 1648546645763,
    "end": 1648546645764,
    "duration": 1,
    "pid": 38516,
    "index": 38
  },
  {
    "name": "Load extend/context.js",
    "start": 1648546645765,
    "end": 1648546645804,
    "duration": 39,
    "pid": 38516,
    "index": 39
  },
  {
    "name": "Require(32) node_modules/egg-security/app/extend/context.js",
    "start": 1648546645766,
    "end": 1648546645770,
    "duration": 4,
    "pid": 38516,
    "index": 40
  },
  {
    "name": "Require(33) node_modules/egg-jsonp/app/extend/context.js",
    "start": 1648546645771,
    "end": 1648546645771,
    "duration": 0,
    "pid": 38516,
    "index": 41
  },
  {
    "name": "Require(34) node_modules/egg-i18n/app/extend/context.js",
    "start": 1648546645772,
    "end": 1648546645772,
    "duration": 0,
    "pid": 38516,
    "index": 42
  },
  {
    "name": "Require(35) node_modules/egg-multipart/app/extend/context.js",
    "start": 1648546645772,
    "end": 1648546645800,
    "duration": 28,
    "pid": 38516,
    "index": 43
  },
  {
    "name": "Require(36) node_modules/egg-view/app/extend/context.js",
    "start": 1648546645800,
    "end": 1648546645801,
    "duration": 1,
    "pid": 38516,
    "index": 44
  },
  {
    "name": "Require(37) node_modules/egg-mongoose/app/extend/context.js",
    "start": 1648546645801,
    "end": 1648546645801,
    "duration": 0,
    "pid": 38516,
    "index": 45
  },
  {
    "name": "Require(38) node_modules/egg-validate/app/extend/context.js",
    "start": 1648546645801,
    "end": 1648546645802,
    "duration": 1,
    "pid": 38516,
    "index": 46
  },
  {
    "name": "Require(39) node_modules/egg/app/extend/context.js",
    "start": 1648546645802,
    "end": 1648546645802,
    "duration": 0,
    "pid": 38516,
    "index": 47
  },
  {
    "name": "Load extend/helper.js",
    "start": 1648546645804,
    "end": 1648546645816,
    "duration": 12,
    "pid": 38516,
    "index": 48
  },
  {
    "name": "Require(40) node_modules/egg-security/app/extend/helper.js",
    "start": 1648546645804,
    "end": 1648546645813,
    "duration": 9,
    "pid": 38516,
    "index": 49
  },
  {
    "name": "Require(41) node_modules/egg/app/extend/helper.js",
    "start": 1648546645814,
    "end": 1648546645814,
    "duration": 0,
    "pid": 38516,
    "index": 50
  },
  {
    "name": "Require(42) app/extend/helper.js",
    "start": 1648546645814,
    "end": 1648546645814,
    "duration": 0,
    "pid": 38516,
    "index": 51
  },
  {
    "name": "Load app.js",
    "start": 1648546645816,
    "end": 1648546645849,
    "duration": 33,
    "pid": 38516,
    "index": 52
  },
  {
    "name": "Require(43) node_modules/egg-session/app.js",
    "start": 1648546645816,
    "end": 1648546645816,
    "duration": 0,
    "pid": 38516,
    "index": 53
  },
  {
    "name": "Require(44) node_modules/egg-security/app.js",
    "start": 1648546645817,
    "end": 1648546645818,
    "duration": 1,
    "pid": 38516,
    "index": 54
  },
  {
    "name": "Require(45) node_modules/egg-onerror/app.js",
    "start": 1648546645818,
    "end": 1648546645822,
    "duration": 4,
    "pid": 38516,
    "index": 55
  },
  {
    "name": "Require(46) node_modules/egg-i18n/app.js",
    "start": 1648546645822,
    "end": 1648546645833,
    "duration": 11,
    "pid": 38516,
    "index": 56
  },
  {
    "name": "Require(47) node_modules/egg-watcher/app.js",
    "start": 1648546645834,
    "end": 1648546645838,
    "duration": 4,
    "pid": 38516,
    "index": 57
  },
  {
    "name": "Require(48) node_modules/egg-schedule/app.js",
    "start": 1648546645838,
    "end": 1648546645840,
    "duration": 2,
    "pid": 38516,
    "index": 58
  },
  {
    "name": "Require(49) node_modules/egg-multipart/app.js",
    "start": 1648546645841,
    "end": 1648546645841,
    "duration": 0,
    "pid": 38516,
    "index": 59
  },
  {
    "name": "Require(50) node_modules/egg-development/app.js",
    "start": 1648546645842,
    "end": 1648546645842,
    "duration": 0,
    "pid": 38516,
    "index": 60
  },
  {
    "name": "Require(51) node_modules/egg-logrotator/app.js",
    "start": 1648546645842,
    "end": 1648546645843,
    "duration": 1,
    "pid": 38516,
    "index": 61
  },
  {
    "name": "Require(52) node_modules/egg-static/app.js",
    "start": 1648546645843,
    "end": 1648546645844,
    "duration": 1,
    "pid": 38516,
    "index": 62
  },
  {
    "name": "Require(53) node_modules/egg-mongoose/app.js",
    "start": 1648546645844,
    "end": 1648546645845,
    "duration": 1,
    "pid": 38516,
    "index": 63
  },
  {
    "name": "Require(54) node_modules/egg-validate/app.js",
    "start": 1648546645845,
    "end": 1648546645847,
    "duration": 2,
    "pid": 38516,
    "index": 64
  },
  {
    "name": "Require(55) node_modules/egg-cors/app.js",
    "start": 1648546645848,
    "end": 1648546645848,
    "duration": 0,
    "pid": 38516,
    "index": 65
  },
  {
    "name": "Before Start in node_modules/egg-watcher/lib/init.js:15:14",
    "start": 1648546645862,
    "end": 1648546646254,
    "duration": 392,
    "pid": 38516,
    "index": 66
  },
  {
    "name": "Before Start in node_modules/egg-mongoose/lib/mongoose.js:104:7",
    "start": 1648546646107,
    "end": 1648546646252,
    "duration": 145,
    "pid": 38516,
    "index": 67
  },
  {
    "name": "Before Start in node_modules/egg-mongoose/lib/mongoose.js:52:9",
    "start": 1648546646107,
    "end": 1648546646235,
    "duration": 128,
    "pid": 38516,
    "index": 68
  },
  {
    "name": "Load Service",
    "start": 1648546646107,
    "end": 1648546646132,
    "duration": 25,
    "pid": 38516,
    "index": 69
  },
  {
    "name": "Load \"service\" to Context",
    "start": 1648546646107,
    "end": 1648546646132,
    "duration": 25,
    "pid": 38516,
    "index": 70
  },
  {
    "name": "Load Middleware",
    "start": 1648546646132,
    "end": 1648546646197,
    "duration": 65,
    "pid": 38516,
    "index": 71
  },
  {
    "name": "Load \"middlewares\" to Application",
    "start": 1648546646132,
    "end": 1648546646188,
    "duration": 56,
    "pid": 38516,
    "index": 72
  },
  {
    "name": "Load Controller",
    "start": 1648546646198,
    "end": 1648546646203,
    "duration": 5,
    "pid": 38516,
    "index": 73
  },
  {
    "name": "Load \"controller\" to Application",
    "start": 1648546646198,
    "end": 1648546646203,
    "duration": 5,
    "pid": 38516,
    "index": 74
  },
  {
    "name": "Load Router",
    "start": 1648546646203,
    "end": 1648546646207,
    "duration": 4,
    "pid": 38516,
    "index": 75
  },
  {
    "name": "Require(56) app/router.js",
    "start": 1648546646204,
    "end": 1648546646204,
    "duration": 0,
    "pid": 38516,
    "index": 76
  },
  {
    "name": "Before Start in node_modules/egg-core/lib/egg.js:303:10",
    "start": 1648546646204,
    "end": 1648546646235,
    "duration": 31,
    "pid": 38516,
    "index": 77
  },
  {
    "name": "Load \"model\" to Application",
    "start": 1648546646214,
    "end": 1648546646234,
    "duration": 20,
    "pid": 38516,
    "index": 78
  }
]