[
  {
    "name": "Process Start",
    "start": 1648457087021,
    "end": 1648457087736,
    "duration": 715,
    "pid": 35448,
    "index": 0
  },
  {
    "name": "Application Start",
    "start": 1648457087736,
    "end": 1648457088257,
    "duration": 521,
    "pid": 35448,
    "index": 1
  },
  {
    "name": "Load Plugin",
    "start": 1648457087739,
    "end": 1648457087749,
    "duration": 10,
    "pid": 35448,
    "index": 2
  },
  {
    "name": "Load Config",
    "start": 1648457087749,
    "end": 1648457087766,
    "duration": 17,
    "pid": 35448,
    "index": 3
  },
  {
    "name": "Require(0) config/config.default.js",
    "start": 1648457087750,
    "end": 1648457087750,
    "duration": 0,
    "pid": 35448,
    "index": 4
  },
  {
    "name": "Require(1) node_modules/egg-session/config/config.default.js",
    "start": 1648457087751,
    "end": 1648457087751,
    "duration": 0,
    "pid": 35448,
    "index": 5
  },
  {
    "name": "Require(2) node_modules/egg-security/config/config.default.js",
    "start": 1648457087751,
    "end": 1648457087752,
    "duration": 1,
    "pid": 35448,
    "index": 6
  },
  {
    "name": "Require(3) node_modules/egg-jsonp/config/config.default.js",
    "start": 1648457087752,
    "end": 1648457087752,
    "duration": 0,
    "pid": 35448,
    "index": 7
  },
  {
    "name": "Require(4) node_modules/egg-onerror/config/config.default.js",
    "start": 1648457087753,
    "end": 1648457087753,
    "duration": 0,
    "pid": 35448,
    "index": 8
  },
  {
    "name": "Require(5) node_modules/egg-i18n/config/config.default.js",
    "start": 1648457087753,
    "end": 1648457087753,
    "duration": 0,
    "pid": 35448,
    "index": 9
  },
  {
    "name": "Require(6) node_modules/egg-watcher/config/config.default.js",
    "start": 1648457087754,
    "end": 1648457087754,
    "duration": 0,
    "pid": 35448,
    "index": 10
  },
  {
    "name": "Require(7) node_modules/egg-schedule/config/config.default.js",
    "start": 1648457087754,
    "end": 1648457087754,
    "duration": 0,
    "pid": 35448,
    "index": 11
  },
  {
    "name": "Require(8) node_modules/egg-multipart/config/config.default.js",
    "start": 1648457087755,
    "end": 1648457087755,
    "duration": 0,
    "pid": 35448,
    "index": 12
  },
  {
    "name": "Require(9) node_modules/egg-development/config/config.default.js",
    "start": 1648457087755,
    "end": 1648457087756,
    "duration": 1,
    "pid": 35448,
    "index": 13
  },
  {
    "name": "Require(10) node_modules/egg-logrotator/config/config.default.js",
    "start": 1648457087756,
    "end": 1648457087756,
    "duration": 0,
    "pid": 35448,
    "index": 14
  },
  {
    "name": "Require(11) node_modules/egg-static/config/config.default.js",
    "start": 1648457087756,
    "end": 1648457087757,
    "duration": 1,
    "pid": 35448,
    "index": 15
  },
  {
    "name": "Require(12) node_modules/egg-view/config/config.default.js",
    "start": 1648457087757,
    "end": 1648457087757,
    "duration": 0,
    "pid": 35448,
    "index": 16
  },
  {
    "name": "Require(13) node_modules/egg-mongoose/config/config.default.js",
    "start": 1648457087757,
    "end": 1648457087758,
    "duration": 1,
    "pid": 35448,
    "index": 17
  },
  {
    "name": "Require(14) node_modules/egg-validate/config/config.default.js",
    "start": 1648457087758,
    "end": 1648457087758,
    "duration": 0,
    "pid": 35448,
    "index": 18
  },
  {
    "name": "Require(15) node_modules/egg-cors/config/config.default.js",
    "start": 1648457087758,
    "end": 1648457087759,
    "duration": 1,
    "pid": 35448,
    "index": 19
  },
  {
    "name": "Require(16) node_modules/egg/config/config.default.js",
    "start": 1648457087759,
    "end": 1648457087759,
    "duration": 0,
    "pid": 35448,
    "index": 20
  },
  {
    "name": "Require(17) config/config.default.js",
    "start": 1648457087760,
    "end": 1648457087760,
    "duration": 0,
    "pid": 35448,
    "index": 21
  },
  {
    "name": "Require(18) node_modules/egg-security/config/config.local.js",
    "start": 1648457087760,
    "end": 1648457087761,
    "duration": 1,
    "pid": 35448,
    "index": 22
  },
  {
    "name": "Require(19) node_modules/egg-watcher/config/config.local.js",
    "start": 1648457087764,
    "end": 1648457087764,
    "duration": 0,
    "pid": 35448,
    "index": 23
  },
  {
    "name": "Require(20) node_modules/egg-view/config/config.local.js",
    "start": 1648457087765,
    "end": 1648457087765,
    "duration": 0,
    "pid": 35448,
    "index": 24
  },
  {
    "name": "Require(21) node_modules/egg/config/config.local.js",
    "start": 1648457087765,
    "end": 1648457087765,
    "duration": 0,
    "pid": 35448,
    "index": 25
  },
  {
    "name": "Load extend/application.js",
    "start": 1648457087766,
    "end": 1648457087773,
    "duration": 7,
    "pid": 35448,
    "index": 26
  },
  {
    "name": "Require(22) node_modules/egg-session/app/extend/application.js",
    "start": 1648457087767,
    "end": 1648457087767,
    "duration": 0,
    "pid": 35448,
    "index": 27
  },
  {
    "name": "Require(23) node_modules/egg-security/app/extend/application.js",
    "start": 1648457087767,
    "end": 1648457087768,
    "duration": 1,
    "pid": 35448,
    "index": 28
  },
  {
    "name": "Require(24) node_modules/egg-jsonp/app/extend/application.js",
    "start": 1648457087768,
    "end": 1648457087769,
    "duration": 1,
    "pid": 35448,
    "index": 29
  },
  {
    "name": "Require(25) node_modules/egg-logrotator/app/extend/application.js",
    "start": 1648457087769,
    "end": 1648457087770,
    "duration": 1,
    "pid": 35448,
    "index": 30
  },
  {
    "name": "Require(26) node_modules/egg-view/app/extend/application.js",
    "start": 1648457087771,
    "end": 1648457087771,
    "duration": 0,
    "pid": 35448,
    "index": 31
  },
  {
    "name": "Load extend/request.js",
    "start": 1648457087773,
    "end": 1648457087776,
    "duration": 3,
    "pid": 35448,
    "index": 32
  },
  {
    "name": "Require(27) node_modules/egg/app/extend/request.js",
    "start": 1648457087774,
    "end": 1648457087775,
    "duration": 1,
    "pid": 35448,
    "index": 33
  },
  {
    "name": "Load extend/response.js",
    "start": 1648457087776,
    "end": 1648457087780,
    "duration": 4,
    "pid": 35448,
    "index": 34
  },
  {
    "name": "Require(28) node_modules/egg/app/extend/response.js",
    "start": 1648457087777,
    "end": 1648457087778,
    "duration": 1,
    "pid": 35448,
    "index": 35
  },
  {
    "name": "Load extend/context.js",
    "start": 1648457087780,
    "end": 1648457087816,
    "duration": 36,
    "pid": 35448,
    "index": 36
  },
  {
    "name": "Require(29) node_modules/egg-security/app/extend/context.js",
    "start": 1648457087780,
    "end": 1648457087784,
    "duration": 4,
    "pid": 35448,
    "index": 37
  },
  {
    "name": "Require(30) node_modules/egg-jsonp/app/extend/context.js",
    "start": 1648457087784,
    "end": 1648457087785,
    "duration": 1,
    "pid": 35448,
    "index": 38
  },
  {
    "name": "Require(31) node_modules/egg-i18n/app/extend/context.js",
    "start": 1648457087785,
    "end": 1648457087785,
    "duration": 0,
    "pid": 35448,
    "index": 39
  },
  {
    "name": "Require(32) node_modules/egg-multipart/app/extend/context.js",
    "start": 1648457087786,
    "end": 1648457087813,
    "duration": 27,
    "pid": 35448,
    "index": 40
  },
  {
    "name": "Require(33) node_modules/egg-view/app/extend/context.js",
    "start": 1648457087813,
    "end": 1648457087813,
    "duration": 0,
    "pid": 35448,
    "index": 41
  },
  {
    "name": "Require(34) node_modules/egg-mongoose/app/extend/context.js",
    "start": 1648457087814,
    "end": 1648457087814,
    "duration": 0,
    "pid": 35448,
    "index": 42
  },
  {
    "name": "Require(35) node_modules/egg-validate/app/extend/context.js",
    "start": 1648457087814,
    "end": 1648457087814,
    "duration": 0,
    "pid": 35448,
    "index": 43
  },
  {
    "name": "Require(36) node_modules/egg/app/extend/context.js",
    "start": 1648457087815,
    "end": 1648457087815,
    "duration": 0,
    "pid": 35448,
    "index": 44
  },
  {
    "name": "Load extend/helper.js",
    "start": 1648457087816,
    "end": 1648457087828,
    "duration": 12,
    "pid": 35448,
    "index": 45
  },
  {
    "name": "Require(37) node_modules/egg-security/app/extend/helper.js",
    "start": 1648457087817,
    "end": 1648457087825,
    "duration": 8,
    "pid": 35448,
    "index": 46
  },
  {
    "name": "Require(38) node_modules/egg/app/extend/helper.js",
    "start": 1648457087826,
    "end": 1648457087826,
    "duration": 0,
    "pid": 35448,
    "index": 47
  },
  {
    "name": "Require(39) app/extend/helper.js",
    "start": 1648457087826,
    "end": 1648457087826,
    "duration": 0,
    "pid": 35448,
    "index": 48
  },
  {
    "name": "Load app.js",
    "start": 1648457087828,
    "end": 1648457087849,
    "duration": 21,
    "pid": 35448,
    "index": 49
  },
  {
    "name": "Require(40) node_modules/egg-session/app.js",
    "start": 1648457087828,
    "end": 1648457087828,
    "duration": 0,
    "pid": 35448,
    "index": 50
  },
  {
    "name": "Require(41) node_modules/egg-security/app.js",
    "start": 1648457087828,
    "end": 1648457087829,
    "duration": 1,
    "pid": 35448,
    "index": 51
  },
  {
    "name": "Require(42) node_modules/egg-onerror/app.js",
    "start": 1648457087829,
    "end": 1648457087833,
    "duration": 4,
    "pid": 35448,
    "index": 52
  },
  {
    "name": "Require(43) node_modules/egg-i18n/app.js",
    "start": 1648457087833,
    "end": 1648457087842,
    "duration": 9,
    "pid": 35448,
    "index": 53
  },
  {
    "name": "Require(44) node_modules/egg-watcher/app.js",
    "start": 1648457087843,
    "end": 1648457087844,
    "duration": 1,
    "pid": 35448,
    "index": 54
  },
  {
    "name": "Require(45) node_modules/egg-schedule/app.js",
    "start": 1648457087844,
    "end": 1648457087845,
    "duration": 1,
    "pid": 35448,
    "index": 55
  },
  {
    "name": "Require(46) node_modules/egg-multipart/app.js",
    "start": 1648457087845,
    "end": 1648457087846,
    "duration": 1,
    "pid": 35448,
    "index": 56
  },
  {
    "name": "Require(47) node_modules/egg-development/app.js",
    "start": 1648457087846,
    "end": 1648457087846,
    "duration": 0,
    "pid": 35448,
    "index": 57
  },
  {
    "name": "Require(48) node_modules/egg-logrotator/app.js",
    "start": 1648457087846,
    "end": 1648457087846,
    "duration": 0,
    "pid": 35448,
    "index": 58
  },
  {
    "name": "Require(49) node_modules/egg-static/app.js",
    "start": 1648457087846,
    "end": 1648457087847,
    "duration": 1,
    "pid": 35448,
    "index": 59
  },
  {
    "name": "Require(50) node_modules/egg-mongoose/app.js",
    "start": 1648457087847,
    "end": 1648457087847,
    "duration": 0,
    "pid": 35448,
    "index": 60
  },
  {
    "name": "Require(51) node_modules/egg-validate/app.js",
    "start": 1648457087847,
    "end": 1648457087848,
    "duration": 1,
    "pid": 35448,
    "index": 61
  },
  {
    "name": "Require(52) node_modules/egg-cors/app.js",
    "start": 1648457087848,
    "end": 1648457087848,
    "duration": 0,
    "pid": 35448,
    "index": 62
  },
  {
    "name": "Before Start in node_modules/egg-watcher/lib/init.js:15:14",
    "start": 1648457087855,
    "end": 1648457088256,
    "duration": 401,
    "pid": 35448,
    "index": 63
  },
  {
    "name": "Before Start in node_modules/egg-mongoose/lib/mongoose.js:104:7",
    "start": 1648457088117,
    "end": 1648457088255,
    "duration": 138,
    "pid": 35448,
    "index": 64
  },
  {
    "name": "Before Start in node_modules/egg-mongoose/lib/mongoose.js:52:9",
    "start": 1648457088117,
    "end": 1648457088245,
    "duration": 128,
    "pid": 35448,
    "index": 65
  },
  {
    "name": "Load Service",
    "start": 1648457088117,
    "end": 1648457088137,
    "duration": 20,
    "pid": 35448,
    "index": 66
  },
  {
    "name": "Load \"service\" to Context",
    "start": 1648457088117,
    "end": 1648457088137,
    "duration": 20,
    "pid": 35448,
    "index": 67
  },
  {
    "name": "Load Middleware",
    "start": 1648457088137,
    "end": 1648457088196,
    "duration": 59,
    "pid": 35448,
    "index": 68
  },
  {
    "name": "Load \"middlewares\" to Application",
    "start": 1648457088137,
    "end": 1648457088189,
    "duration": 52,
    "pid": 35448,
    "index": 69
  },
  {
    "name": "Load Controller",
    "start": 1648457088196,
    "end": 1648457088226,
    "duration": 30,
    "pid": 35448,
    "index": 70
  },
  {
    "name": "Load \"controller\" to Application",
    "start": 1648457088196,
    "end": 1648457088226,
    "duration": 30,
    "pid": 35448,
    "index": 71
  },
  {
    "name": "Load Router",
    "start": 1648457088226,
    "end": 1648457088228,
    "duration": 2,
    "pid": 35448,
    "index": 72
  },
  {
    "name": "Require(53) app/router.js",
    "start": 1648457088226,
    "end": 1648457088226,
    "duration": 0,
    "pid": 35448,
    "index": 73
  },
  {
    "name": "Before Start in node_modules/egg-core/lib/egg.js:303:10",
    "start": 1648457088226,
    "end": 1648457088245,
    "duration": 19,
    "pid": 35448,
    "index": 74
  },
  {
    "name": "Load \"model\" to Application",
    "start": 1648457088233,
    "end": 1648457088244,
    "duration": 11,
    "pid": 35448,
    "index": 75
  }
]