[
  {
    "name": "Process Start",
    "start": 1648462436342,
    "end": 1648462437042,
    "duration": 700,
    "pid": 33156,
    "index": 0
  },
  {
    "name": "Application Start",
    "start": 1648462437042,
    "end": 1648462437622,
    "duration": 580,
    "pid": 33156,
    "index": 1
  },
  {
    "name": "Load Plugin",
    "start": 1648462437045,
    "end": 1648462437055,
    "duration": 10,
    "pid": 33156,
    "index": 2
  },
  {
    "name": "Load Config",
    "start": 1648462437055,
    "end": 1648462437070,
    "duration": 15,
    "pid": 33156,
    "index": 3
  },
  {
    "name": "Require(0) config/config.default.js",
    "start": 1648462437055,
    "end": 1648462437056,
    "duration": 1,
    "pid": 33156,
    "index": 4
  },
  {
    "name": "Require(1) config/config.local.js",
    "start": 1648462437056,
    "end": 1648462437057,
    "duration": 1,
    "pid": 33156,
    "index": 5
  },
  {
    "name": "Require(2) node_modules/egg-session/config/config.default.js",
    "start": 1648462437057,
    "end": 1648462437057,
    "duration": 0,
    "pid": 33156,
    "index": 6
  },
  {
    "name": "Require(3) node_modules/egg-security/config/config.default.js",
    "start": 1648462437058,
    "end": 1648462437058,
    "duration": 0,
    "pid": 33156,
    "index": 7
  },
  {
    "name": "Require(4) node_modules/egg-jsonp/config/config.default.js",
    "start": 1648462437058,
    "end": 1648462437059,
    "duration": 1,
    "pid": 33156,
    "index": 8
  },
  {
    "name": "Require(5) node_modules/egg-onerror/config/config.default.js",
    "start": 1648462437059,
    "end": 1648462437059,
    "duration": 0,
    "pid": 33156,
    "index": 9
  },
  {
    "name": "Require(6) node_modules/egg-i18n/config/config.default.js",
    "start": 1648462437060,
    "end": 1648462437060,
    "duration": 0,
    "pid": 33156,
    "index": 10
  },
  {
    "name": "Require(7) node_modules/egg-watcher/config/config.default.js",
    "start": 1648462437060,
    "end": 1648462437060,
    "duration": 0,
    "pid": 33156,
    "index": 11
  },
  {
    "name": "Require(8) node_modules/egg-schedule/config/config.default.js",
    "start": 1648462437061,
    "end": 1648462437061,
    "duration": 0,
    "pid": 33156,
    "index": 12
  },
  {
    "name": "Require(9) node_modules/egg-multipart/config/config.default.js",
    "start": 1648462437061,
    "end": 1648462437061,
    "duration": 0,
    "pid": 33156,
    "index": 13
  },
  {
    "name": "Require(10) node_modules/egg-development/config/config.default.js",
    "start": 1648462437062,
    "end": 1648462437062,
    "duration": 0,
    "pid": 33156,
    "index": 14
  },
  {
    "name": "Require(11) node_modules/egg-logrotator/config/config.default.js",
    "start": 1648462437062,
    "end": 1648462437062,
    "duration": 0,
    "pid": 33156,
    "index": 15
  },
  {
    "name": "Require(12) node_modules/egg-static/config/config.default.js",
    "start": 1648462437063,
    "end": 1648462437063,
    "duration": 0,
    "pid": 33156,
    "index": 16
  },
  {
    "name": "Require(13) node_modules/egg-view/config/config.default.js",
    "start": 1648462437063,
    "end": 1648462437063,
    "duration": 0,
    "pid": 33156,
    "index": 17
  },
  {
    "name": "Require(14) node_modules/egg-mongoose/config/config.default.js",
    "start": 1648462437064,
    "end": 1648462437064,
    "duration": 0,
    "pid": 33156,
    "index": 18
  },
  {
    "name": "Require(15) node_modules/egg-validate/config/config.default.js",
    "start": 1648462437064,
    "end": 1648462437064,
    "duration": 0,
    "pid": 33156,
    "index": 19
  },
  {
    "name": "Require(16) node_modules/egg-cors/config/config.default.js",
    "start": 1648462437065,
    "end": 1648462437065,
    "duration": 0,
    "pid": 33156,
    "index": 20
  },
  {
    "name": "Require(17) node_modules/egg/config/config.default.js",
    "start": 1648462437065,
    "end": 1648462437065,
    "duration": 0,
    "pid": 33156,
    "index": 21
  },
  {
    "name": "Require(18) config/config.default.js",
    "start": 1648462437066,
    "end": 1648462437066,
    "duration": 0,
    "pid": 33156,
    "index": 22
  },
  {
    "name": "Require(19) node_modules/egg-security/config/config.local.js",
    "start": 1648462437066,
    "end": 1648462437067,
    "duration": 1,
    "pid": 33156,
    "index": 23
  },
  {
    "name": "Require(20) node_modules/egg-watcher/config/config.local.js",
    "start": 1648462437068,
    "end": 1648462437068,
    "duration": 0,
    "pid": 33156,
    "index": 24
  },
  {
    "name": "Require(21) node_modules/egg-view/config/config.local.js",
    "start": 1648462437069,
    "end": 1648462437069,
    "duration": 0,
    "pid": 33156,
    "index": 25
  },
  {
    "name": "Require(22) node_modules/egg/config/config.local.js",
    "start": 1648462437069,
    "end": 1648462437070,
    "duration": 1,
    "pid": 33156,
    "index": 26
  },
  {
    "name": "Require(23) config/config.local.js",
    "start": 1648462437070,
    "end": 1648462437070,
    "duration": 0,
    "pid": 33156,
    "index": 27
  },
  {
    "name": "Load extend/application.js",
    "start": 1648462437070,
    "end": 1648462437122,
    "duration": 52,
    "pid": 33156,
    "index": 28
  },
  {
    "name": "Require(24) node_modules/egg-session/app/extend/application.js",
    "start": 1648462437071,
    "end": 1648462437071,
    "duration": 0,
    "pid": 33156,
    "index": 29
  },
  {
    "name": "Require(25) node_modules/egg-security/app/extend/application.js",
    "start": 1648462437071,
    "end": 1648462437072,
    "duration": 1,
    "pid": 33156,
    "index": 30
  },
  {
    "name": "Require(26) node_modules/egg-jsonp/app/extend/application.js",
    "start": 1648462437072,
    "end": 1648462437073,
    "duration": 1,
    "pid": 33156,
    "index": 31
  },
  {
    "name": "Require(27) node_modules/egg-logrotator/app/extend/application.js",
    "start": 1648462437074,
    "end": 1648462437074,
    "duration": 0,
    "pid": 33156,
    "index": 32
  },
  {
    "name": "Require(28) node_modules/egg-view/app/extend/application.js",
    "start": 1648462437075,
    "end": 1648462437075,
    "duration": 0,
    "pid": 33156,
    "index": 33
  },
  {
    "name": "Require(29) app/extend/application.js",
    "start": 1648462437076,
    "end": 1648462437121,
    "duration": 45,
    "pid": 33156,
    "index": 34
  },
  {
    "name": "Load extend/request.js",
    "start": 1648462437122,
    "end": 1648462437126,
    "duration": 4,
    "pid": 33156,
    "index": 35
  },
  {
    "name": "Require(30) node_modules/egg/app/extend/request.js",
    "start": 1648462437124,
    "end": 1648462437124,
    "duration": 0,
    "pid": 33156,
    "index": 36
  },
  {
    "name": "Load extend/response.js",
    "start": 1648462437126,
    "end": 1648462437129,
    "duration": 3,
    "pid": 33156,
    "index": 37
  },
  {
    "name": "Require(31) node_modules/egg/app/extend/response.js",
    "start": 1648462437127,
    "end": 1648462437128,
    "duration": 1,
    "pid": 33156,
    "index": 38
  },
  {
    "name": "Load extend/context.js",
    "start": 1648462437129,
    "end": 1648462437167,
    "duration": 38,
    "pid": 33156,
    "index": 39
  },
  {
    "name": "Require(32) node_modules/egg-security/app/extend/context.js",
    "start": 1648462437130,
    "end": 1648462437134,
    "duration": 4,
    "pid": 33156,
    "index": 40
  },
  {
    "name": "Require(33) node_modules/egg-jsonp/app/extend/context.js",
    "start": 1648462437134,
    "end": 1648462437135,
    "duration": 1,
    "pid": 33156,
    "index": 41
  },
  {
    "name": "Require(34) node_modules/egg-i18n/app/extend/context.js",
    "start": 1648462437135,
    "end": 1648462437135,
    "duration": 0,
    "pid": 33156,
    "index": 42
  },
  {
    "name": "Require(35) node_modules/egg-multipart/app/extend/context.js",
    "start": 1648462437136,
    "end": 1648462437163,
    "duration": 27,
    "pid": 33156,
    "index": 43
  },
  {
    "name": "Require(36) node_modules/egg-view/app/extend/context.js",
    "start": 1648462437163,
    "end": 1648462437164,
    "duration": 1,
    "pid": 33156,
    "index": 44
  },
  {
    "name": "Require(37) node_modules/egg-mongoose/app/extend/context.js",
    "start": 1648462437164,
    "end": 1648462437164,
    "duration": 0,
    "pid": 33156,
    "index": 45
  },
  {
    "name": "Require(38) node_modules/egg-validate/app/extend/context.js",
    "start": 1648462437165,
    "end": 1648462437165,
    "duration": 0,
    "pid": 33156,
    "index": 46
  },
  {
    "name": "Require(39) node_modules/egg/app/extend/context.js",
    "start": 1648462437165,
    "end": 1648462437165,
    "duration": 0,
    "pid": 33156,
    "index": 47
  },
  {
    "name": "Load extend/helper.js",
    "start": 1648462437167,
    "end": 1648462437179,
    "duration": 12,
    "pid": 33156,
    "index": 48
  },
  {
    "name": "Require(40) node_modules/egg-security/app/extend/helper.js",
    "start": 1648462437167,
    "end": 1648462437176,
    "duration": 9,
    "pid": 33156,
    "index": 49
  },
  {
    "name": "Require(41) node_modules/egg/app/extend/helper.js",
    "start": 1648462437177,
    "end": 1648462437177,
    "duration": 0,
    "pid": 33156,
    "index": 50
  },
  {
    "name": "Require(42) app/extend/helper.js",
    "start": 1648462437177,
    "end": 1648462437178,
    "duration": 1,
    "pid": 33156,
    "index": 51
  },
  {
    "name": "Load app.js",
    "start": 1648462437179,
    "end": 1648462437201,
    "duration": 22,
    "pid": 33156,
    "index": 52
  },
  {
    "name": "Require(43) node_modules/egg-session/app.js",
    "start": 1648462437179,
    "end": 1648462437180,
    "duration": 1,
    "pid": 33156,
    "index": 53
  },
  {
    "name": "Require(44) node_modules/egg-security/app.js",
    "start": 1648462437180,
    "end": 1648462437180,
    "duration": 0,
    "pid": 33156,
    "index": 54
  },
  {
    "name": "Require(45) node_modules/egg-onerror/app.js",
    "start": 1648462437181,
    "end": 1648462437184,
    "duration": 3,
    "pid": 33156,
    "index": 55
  },
  {
    "name": "Require(46) node_modules/egg-i18n/app.js",
    "start": 1648462437185,
    "end": 1648462437194,
    "duration": 9,
    "pid": 33156,
    "index": 56
  },
  {
    "name": "Require(47) node_modules/egg-watcher/app.js",
    "start": 1648462437195,
    "end": 1648462437196,
    "duration": 1,
    "pid": 33156,
    "index": 57
  },
  {
    "name": "Require(48) node_modules/egg-schedule/app.js",
    "start": 1648462437196,
    "end": 1648462437197,
    "duration": 1,
    "pid": 33156,
    "index": 58
  },
  {
    "name": "Require(49) node_modules/egg-multipart/app.js",
    "start": 1648462437197,
    "end": 1648462437198,
    "duration": 1,
    "pid": 33156,
    "index": 59
  },
  {
    "name": "Require(50) node_modules/egg-development/app.js",
    "start": 1648462437198,
    "end": 1648462437198,
    "duration": 0,
    "pid": 33156,
    "index": 60
  },
  {
    "name": "Require(51) node_modules/egg-logrotator/app.js",
    "start": 1648462437198,
    "end": 1648462437198,
    "duration": 0,
    "pid": 33156,
    "index": 61
  },
  {
    "name": "Require(52) node_modules/egg-static/app.js",
    "start": 1648462437198,
    "end": 1648462437199,
    "duration": 1,
    "pid": 33156,
    "index": 62
  },
  {
    "name": "Require(53) node_modules/egg-mongoose/app.js",
    "start": 1648462437199,
    "end": 1648462437199,
    "duration": 0,
    "pid": 33156,
    "index": 63
  },
  {
    "name": "Require(54) node_modules/egg-validate/app.js",
    "start": 1648462437199,
    "end": 1648462437200,
    "duration": 1,
    "pid": 33156,
    "index": 64
  },
  {
    "name": "Require(55) node_modules/egg-cors/app.js",
    "start": 1648462437200,
    "end": 1648462437200,
    "duration": 0,
    "pid": 33156,
    "index": 65
  },
  {
    "name": "Before Start in node_modules/egg-watcher/lib/init.js:15:14",
    "start": 1648462437207,
    "end": 1648462437621,
    "duration": 414,
    "pid": 33156,
    "index": 66
  },
  {
    "name": "Before Start in node_modules/egg-mongoose/lib/mongoose.js:104:7",
    "start": 1648462437469,
    "end": 1648462437619,
    "duration": 150,
    "pid": 33156,
    "index": 67
  },
  {
    "name": "Before Start in node_modules/egg-mongoose/lib/mongoose.js:52:9",
    "start": 1648462437469,
    "end": 1648462437598,
    "duration": 129,
    "pid": 33156,
    "index": 68
  },
  {
    "name": "Load Service",
    "start": 1648462437469,
    "end": 1648462437488,
    "duration": 19,
    "pid": 33156,
    "index": 69
  },
  {
    "name": "Load \"service\" to Context",
    "start": 1648462437469,
    "end": 1648462437488,
    "duration": 19,
    "pid": 33156,
    "index": 70
  },
  {
    "name": "Load Middleware",
    "start": 1648462437489,
    "end": 1648462437574,
    "duration": 85,
    "pid": 33156,
    "index": 71
  },
  {
    "name": "Load \"middlewares\" to Application",
    "start": 1648462437489,
    "end": 1648462437568,
    "duration": 79,
    "pid": 33156,
    "index": 72
  },
  {
    "name": "Load Controller",
    "start": 1648462437574,
    "end": 1648462437578,
    "duration": 4,
    "pid": 33156,
    "index": 73
  },
  {
    "name": "Load \"controller\" to Application",
    "start": 1648462437574,
    "end": 1648462437578,
    "duration": 4,
    "pid": 33156,
    "index": 74
  },
  {
    "name": "Load Router",
    "start": 1648462437578,
    "end": 1648462437581,
    "duration": 3,
    "pid": 33156,
    "index": 75
  },
  {
    "name": "Require(56) app/router.js",
    "start": 1648462437579,
    "end": 1648462437579,
    "duration": 0,
    "pid": 33156,
    "index": 76
  },
  {
    "name": "Before Start in node_modules/egg-core/lib/egg.js:303:10",
    "start": 1648462437579,
    "end": 1648462437598,
    "duration": 19,
    "pid": 33156,
    "index": 77
  },
  {
    "name": "Load \"model\" to Application",
    "start": 1648462437586,
    "end": 1648462437598,
    "duration": 12,
    "pid": 33156,
    "index": 78
  }
]