[
  {
    "name": "Process Start",
    "start": 1648462382134,
    "end": 1648462382788,
    "duration": 654,
    "pid": 19980,
    "index": 0
  },
  {
    "name": "Application Start",
    "start": 1648462382789,
    "end": 1648462383350,
    "duration": 561,
    "pid": 19980,
    "index": 1
  },
  {
    "name": "Load Plugin",
    "start": 1648462382791,
    "end": 1648462382801,
    "duration": 10,
    "pid": 19980,
    "index": 2
  },
  {
    "name": "Load Config",
    "start": 1648462382801,
    "end": 1648462382818,
    "duration": 17,
    "pid": 19980,
    "index": 3
  },
  {
    "name": "Require(0) config/config.default.js",
    "start": 1648462382801,
    "end": 1648462382802,
    "duration": 1,
    "pid": 19980,
    "index": 4
  },
  {
    "name": "Require(1) config/config.local.js",
    "start": 1648462382802,
    "end": 1648462382803,
    "duration": 1,
    "pid": 19980,
    "index": 5
  },
  {
    "name": "Require(2) node_modules/egg-session/config/config.default.js",
    "start": 1648462382803,
    "end": 1648462382803,
    "duration": 0,
    "pid": 19980,
    "index": 6
  },
  {
    "name": "Require(3) node_modules/egg-security/config/config.default.js",
    "start": 1648462382804,
    "end": 1648462382804,
    "duration": 0,
    "pid": 19980,
    "index": 7
  },
  {
    "name": "Require(4) node_modules/egg-jsonp/config/config.default.js",
    "start": 1648462382805,
    "end": 1648462382805,
    "duration": 0,
    "pid": 19980,
    "index": 8
  },
  {
    "name": "Require(5) node_modules/egg-onerror/config/config.default.js",
    "start": 1648462382805,
    "end": 1648462382805,
    "duration": 0,
    "pid": 19980,
    "index": 9
  },
  {
    "name": "Require(6) node_modules/egg-i18n/config/config.default.js",
    "start": 1648462382806,
    "end": 1648462382806,
    "duration": 0,
    "pid": 19980,
    "index": 10
  },
  {
    "name": "Require(7) node_modules/egg-watcher/config/config.default.js",
    "start": 1648462382806,
    "end": 1648462382807,
    "duration": 1,
    "pid": 19980,
    "index": 11
  },
  {
    "name": "Require(8) node_modules/egg-schedule/config/config.default.js",
    "start": 1648462382807,
    "end": 1648462382807,
    "duration": 0,
    "pid": 19980,
    "index": 12
  },
  {
    "name": "Require(9) node_modules/egg-multipart/config/config.default.js",
    "start": 1648462382807,
    "end": 1648462382808,
    "duration": 1,
    "pid": 19980,
    "index": 13
  },
  {
    "name": "Require(10) node_modules/egg-development/config/config.default.js",
    "start": 1648462382808,
    "end": 1648462382808,
    "duration": 0,
    "pid": 19980,
    "index": 14
  },
  {
    "name": "Require(11) node_modules/egg-logrotator/config/config.default.js",
    "start": 1648462382808,
    "end": 1648462382809,
    "duration": 1,
    "pid": 19980,
    "index": 15
  },
  {
    "name": "Require(12) node_modules/egg-static/config/config.default.js",
    "start": 1648462382809,
    "end": 1648462382809,
    "duration": 0,
    "pid": 19980,
    "index": 16
  },
  {
    "name": "Require(13) node_modules/egg-view/config/config.default.js",
    "start": 1648462382809,
    "end": 1648462382810,
    "duration": 1,
    "pid": 19980,
    "index": 17
  },
  {
    "name": "Require(14) node_modules/egg-mongoose/config/config.default.js",
    "start": 1648462382810,
    "end": 1648462382810,
    "duration": 0,
    "pid": 19980,
    "index": 18
  },
  {
    "name": "Require(15) node_modules/egg-validate/config/config.default.js",
    "start": 1648462382810,
    "end": 1648462382811,
    "duration": 1,
    "pid": 19980,
    "index": 19
  },
  {
    "name": "Require(16) node_modules/egg-cors/config/config.default.js",
    "start": 1648462382811,
    "end": 1648462382811,
    "duration": 0,
    "pid": 19980,
    "index": 20
  },
  {
    "name": "Require(17) node_modules/egg/config/config.default.js",
    "start": 1648462382811,
    "end": 1648462382813,
    "duration": 2,
    "pid": 19980,
    "index": 21
  },
  {
    "name": "Require(18) config/config.default.js",
    "start": 1648462382814,
    "end": 1648462382814,
    "duration": 0,
    "pid": 19980,
    "index": 22
  },
  {
    "name": "Require(19) node_modules/egg-security/config/config.local.js",
    "start": 1648462382814,
    "end": 1648462382815,
    "duration": 1,
    "pid": 19980,
    "index": 23
  },
  {
    "name": "Require(20) node_modules/egg-watcher/config/config.local.js",
    "start": 1648462382816,
    "end": 1648462382816,
    "duration": 0,
    "pid": 19980,
    "index": 24
  },
  {
    "name": "Require(21) node_modules/egg-view/config/config.local.js",
    "start": 1648462382817,
    "end": 1648462382817,
    "duration": 0,
    "pid": 19980,
    "index": 25
  },
  {
    "name": "Require(22) node_modules/egg/config/config.local.js",
    "start": 1648462382817,
    "end": 1648462382817,
    "duration": 0,
    "pid": 19980,
    "index": 26
  },
  {
    "name": "Require(23) config/config.local.js",
    "start": 1648462382818,
    "end": 1648462382818,
    "duration": 0,
    "pid": 19980,
    "index": 27
  },
  {
    "name": "Load extend/application.js",
    "start": 1648462382818,
    "end": 1648462382852,
    "duration": 34,
    "pid": 19980,
    "index": 28
  },
  {
    "name": "Require(24) node_modules/egg-session/app/extend/application.js",
    "start": 1648462382819,
    "end": 1648462382819,
    "duration": 0,
    "pid": 19980,
    "index": 29
  },
  {
    "name": "Require(25) node_modules/egg-security/app/extend/application.js",
    "start": 1648462382819,
    "end": 1648462382820,
    "duration": 1,
    "pid": 19980,
    "index": 30
  },
  {
    "name": "Require(26) node_modules/egg-jsonp/app/extend/application.js",
    "start": 1648462382820,
    "end": 1648462382821,
    "duration": 1,
    "pid": 19980,
    "index": 31
  },
  {
    "name": "Require(27) node_modules/egg-logrotator/app/extend/application.js",
    "start": 1648462382821,
    "end": 1648462382822,
    "duration": 1,
    "pid": 19980,
    "index": 32
  },
  {
    "name": "Require(28) node_modules/egg-view/app/extend/application.js",
    "start": 1648462382822,
    "end": 1648462382823,
    "duration": 1,
    "pid": 19980,
    "index": 33
  },
  {
    "name": "Require(29) app/extend/application.js",
    "start": 1648462382823,
    "end": 1648462382850,
    "duration": 27,
    "pid": 19980,
    "index": 34
  },
  {
    "name": "Load extend/request.js",
    "start": 1648462382852,
    "end": 1648462382855,
    "duration": 3,
    "pid": 19980,
    "index": 35
  },
  {
    "name": "Require(30) node_modules/egg/app/extend/request.js",
    "start": 1648462382853,
    "end": 1648462382854,
    "duration": 1,
    "pid": 19980,
    "index": 36
  },
  {
    "name": "Load extend/response.js",
    "start": 1648462382855,
    "end": 1648462382859,
    "duration": 4,
    "pid": 19980,
    "index": 37
  },
  {
    "name": "Require(31) node_modules/egg/app/extend/response.js",
    "start": 1648462382857,
    "end": 1648462382858,
    "duration": 1,
    "pid": 19980,
    "index": 38
  },
  {
    "name": "Load extend/context.js",
    "start": 1648462382859,
    "end": 1648462382919,
    "duration": 60,
    "pid": 19980,
    "index": 39
  },
  {
    "name": "Require(32) node_modules/egg-security/app/extend/context.js",
    "start": 1648462382859,
    "end": 1648462382864,
    "duration": 5,
    "pid": 19980,
    "index": 40
  },
  {
    "name": "Require(33) node_modules/egg-jsonp/app/extend/context.js",
    "start": 1648462382864,
    "end": 1648462382865,
    "duration": 1,
    "pid": 19980,
    "index": 41
  },
  {
    "name": "Require(34) node_modules/egg-i18n/app/extend/context.js",
    "start": 1648462382865,
    "end": 1648462382866,
    "duration": 1,
    "pid": 19980,
    "index": 42
  },
  {
    "name": "Require(35) node_modules/egg-multipart/app/extend/context.js",
    "start": 1648462382866,
    "end": 1648462382909,
    "duration": 43,
    "pid": 19980,
    "index": 43
  },
  {
    "name": "Require(36) node_modules/egg-view/app/extend/context.js",
    "start": 1648462382910,
    "end": 1648462382911,
    "duration": 1,
    "pid": 19980,
    "index": 44
  },
  {
    "name": "Require(37) node_modules/egg-mongoose/app/extend/context.js",
    "start": 1648462382912,
    "end": 1648462382912,
    "duration": 0,
    "pid": 19980,
    "index": 45
  },
  {
    "name": "Require(38) node_modules/egg-validate/app/extend/context.js",
    "start": 1648462382913,
    "end": 1648462382914,
    "duration": 1,
    "pid": 19980,
    "index": 46
  },
  {
    "name": "Require(39) node_modules/egg/app/extend/context.js",
    "start": 1648462382914,
    "end": 1648462382915,
    "duration": 1,
    "pid": 19980,
    "index": 47
  },
  {
    "name": "Load extend/helper.js",
    "start": 1648462382919,
    "end": 1648462382944,
    "duration": 25,
    "pid": 19980,
    "index": 48
  },
  {
    "name": "Require(40) node_modules/egg-security/app/extend/helper.js",
    "start": 1648462382920,
    "end": 1648462382941,
    "duration": 21,
    "pid": 19980,
    "index": 49
  },
  {
    "name": "Require(41) node_modules/egg/app/extend/helper.js",
    "start": 1648462382942,
    "end": 1648462382942,
    "duration": 0,
    "pid": 19980,
    "index": 50
  },
  {
    "name": "Require(42) app/extend/helper.js",
    "start": 1648462382943,
    "end": 1648462382943,
    "duration": 0,
    "pid": 19980,
    "index": 51
  },
  {
    "name": "Load app.js",
    "start": 1648462382944,
    "end": 1648462382965,
    "duration": 21,
    "pid": 19980,
    "index": 52
  },
  {
    "name": "Require(43) node_modules/egg-session/app.js",
    "start": 1648462382944,
    "end": 1648462382944,
    "duration": 0,
    "pid": 19980,
    "index": 53
  },
  {
    "name": "Require(44) node_modules/egg-security/app.js",
    "start": 1648462382945,
    "end": 1648462382945,
    "duration": 0,
    "pid": 19980,
    "index": 54
  },
  {
    "name": "Require(45) node_modules/egg-onerror/app.js",
    "start": 1648462382946,
    "end": 1648462382949,
    "duration": 3,
    "pid": 19980,
    "index": 55
  },
  {
    "name": "Require(46) node_modules/egg-i18n/app.js",
    "start": 1648462382949,
    "end": 1648462382959,
    "duration": 10,
    "pid": 19980,
    "index": 56
  },
  {
    "name": "Require(47) node_modules/egg-watcher/app.js",
    "start": 1648462382959,
    "end": 1648462382960,
    "duration": 1,
    "pid": 19980,
    "index": 57
  },
  {
    "name": "Require(48) node_modules/egg-schedule/app.js",
    "start": 1648462382961,
    "end": 1648462382961,
    "duration": 0,
    "pid": 19980,
    "index": 58
  },
  {
    "name": "Require(49) node_modules/egg-multipart/app.js",
    "start": 1648462382961,
    "end": 1648462382962,
    "duration": 1,
    "pid": 19980,
    "index": 59
  },
  {
    "name": "Require(50) node_modules/egg-development/app.js",
    "start": 1648462382962,
    "end": 1648462382962,
    "duration": 0,
    "pid": 19980,
    "index": 60
  },
  {
    "name": "Require(51) node_modules/egg-logrotator/app.js",
    "start": 1648462382962,
    "end": 1648462382962,
    "duration": 0,
    "pid": 19980,
    "index": 61
  },
  {
    "name": "Require(52) node_modules/egg-static/app.js",
    "start": 1648462382963,
    "end": 1648462382963,
    "duration": 0,
    "pid": 19980,
    "index": 62
  },
  {
    "name": "Require(53) node_modules/egg-mongoose/app.js",
    "start": 1648462382963,
    "end": 1648462382963,
    "duration": 0,
    "pid": 19980,
    "index": 63
  },
  {
    "name": "Require(54) node_modules/egg-validate/app.js",
    "start": 1648462382963,
    "end": 1648462382964,
    "duration": 1,
    "pid": 19980,
    "index": 64
  },
  {
    "name": "Require(55) node_modules/egg-cors/app.js",
    "start": 1648462382964,
    "end": 1648462382965,
    "duration": 1,
    "pid": 19980,
    "index": 65
  },
  {
    "name": "Before Start in node_modules/egg-watcher/lib/init.js:15:14",
    "start": 1648462382971,
    "end": 1648462383349,
    "duration": 378,
    "pid": 19980,
    "index": 66
  },
  {
    "name": "Before Start in node_modules/egg-mongoose/lib/mongoose.js:104:7",
    "start": 1648462383227,
    "end": 1648462383348,
    "duration": 121,
    "pid": 19980,
    "index": 67
  },
  {
    "name": "Before Start in node_modules/egg-mongoose/lib/mongoose.js:52:9",
    "start": 1648462383227,
    "end": 1648462383334,
    "duration": 107,
    "pid": 19980,
    "index": 68
  },
  {
    "name": "Load Service",
    "start": 1648462383227,
    "end": 1648462383246,
    "duration": 19,
    "pid": 19980,
    "index": 69
  },
  {
    "name": "Load \"service\" to Context",
    "start": 1648462383227,
    "end": 1648462383246,
    "duration": 19,
    "pid": 19980,
    "index": 70
  },
  {
    "name": "Load Middleware",
    "start": 1648462383246,
    "end": 1648462383309,
    "duration": 63,
    "pid": 19980,
    "index": 71
  },
  {
    "name": "Load \"middlewares\" to Application",
    "start": 1648462383246,
    "end": 1648462383302,
    "duration": 56,
    "pid": 19980,
    "index": 72
  },
  {
    "name": "Load Controller",
    "start": 1648462383309,
    "end": 1648462383312,
    "duration": 3,
    "pid": 19980,
    "index": 73
  },
  {
    "name": "Load \"controller\" to Application",
    "start": 1648462383310,
    "end": 1648462383312,
    "duration": 2,
    "pid": 19980,
    "index": 74
  },
  {
    "name": "Load Router",
    "start": 1648462383312,
    "end": 1648462383314,
    "duration": 2,
    "pid": 19980,
    "index": 75
  },
  {
    "name": "Require(56) app/router.js",
    "start": 1648462383312,
    "end": 1648462383313,
    "duration": 1,
    "pid": 19980,
    "index": 76
  },
  {
    "name": "Before Start in node_modules/egg-core/lib/egg.js:303:10",
    "start": 1648462383313,
    "end": 1648462383334,
    "duration": 21,
    "pid": 19980,
    "index": 77
  },
  {
    "name": "Load \"model\" to Application",
    "start": 1648462383320,
    "end": 1648462383334,
    "duration": 14,
    "pid": 19980,
    "index": 78
  }
]