[
  {
    "name": "Process Start",
    "start": 1648525366071,
    "end": 1648525367514,
    "duration": 1443,
    "pid": 35564,
    "index": 0
  },
  {
    "name": "Application Start",
    "start": 1648525367514,
    "end": 1648525368477,
    "duration": 963,
    "pid": 35564,
    "index": 1
  },
  {
    "name": "Load Plugin",
    "start": 1648525367518,
    "end": 1648525367536,
    "duration": 18,
    "pid": 35564,
    "index": 2
  },
  {
    "name": "Load Config",
    "start": 1648525367536,
    "end": 1648525367564,
    "duration": 28,
    "pid": 35564,
    "index": 3
  },
  {
    "name": "Require(0) config/config.default.js",
    "start": 1648525367537,
    "end": 1648525367540,
    "duration": 3,
    "pid": 35564,
    "index": 4
  },
  {
    "name": "Require(1) config/config.local.js",
    "start": 1648525367541,
    "end": 1648525367541,
    "duration": 0,
    "pid": 35564,
    "index": 5
  },
  {
    "name": "Require(2) node_modules/egg-session/config/config.default.js",
    "start": 1648525367542,
    "end": 1648525367542,
    "duration": 0,
    "pid": 35564,
    "index": 6
  },
  {
    "name": "Require(3) node_modules/egg-security/config/config.default.js",
    "start": 1648525367542,
    "end": 1648525367543,
    "duration": 1,
    "pid": 35564,
    "index": 7
  },
  {
    "name": "Require(4) node_modules/egg-jsonp/config/config.default.js",
    "start": 1648525367544,
    "end": 1648525367544,
    "duration": 0,
    "pid": 35564,
    "index": 8
  },
  {
    "name": "Require(5) node_modules/egg-onerror/config/config.default.js",
    "start": 1648525367545,
    "end": 1648525367545,
    "duration": 0,
    "pid": 35564,
    "index": 9
  },
  {
    "name": "Require(6) node_modules/egg-i18n/config/config.default.js",
    "start": 1648525367545,
    "end": 1648525367546,
    "duration": 1,
    "pid": 35564,
    "index": 10
  },
  {
    "name": "Require(7) node_modules/egg-watcher/config/config.default.js",
    "start": 1648525367546,
    "end": 1648525367547,
    "duration": 1,
    "pid": 35564,
    "index": 11
  },
  {
    "name": "Require(8) node_modules/egg-schedule/config/config.default.js",
    "start": 1648525367547,
    "end": 1648525367547,
    "duration": 0,
    "pid": 35564,
    "index": 12
  },
  {
    "name": "Require(9) node_modules/egg-multipart/config/config.default.js",
    "start": 1648525367548,
    "end": 1648525367548,
    "duration": 0,
    "pid": 35564,
    "index": 13
  },
  {
    "name": "Require(10) node_modules/egg-development/config/config.default.js",
    "start": 1648525367549,
    "end": 1648525367549,
    "duration": 0,
    "pid": 35564,
    "index": 14
  },
  {
    "name": "Require(11) node_modules/egg-logrotator/config/config.default.js",
    "start": 1648525367550,
    "end": 1648525367550,
    "duration": 0,
    "pid": 35564,
    "index": 15
  },
  {
    "name": "Require(12) node_modules/egg-static/config/config.default.js",
    "start": 1648525367551,
    "end": 1648525367551,
    "duration": 0,
    "pid": 35564,
    "index": 16
  },
  {
    "name": "Require(13) node_modules/egg-view/config/config.default.js",
    "start": 1648525367552,
    "end": 1648525367552,
    "duration": 0,
    "pid": 35564,
    "index": 17
  },
  {
    "name": "Require(14) node_modules/egg-mongoose/config/config.default.js",
    "start": 1648525367553,
    "end": 1648525367553,
    "duration": 0,
    "pid": 35564,
    "index": 18
  },
  {
    "name": "Require(15) node_modules/egg-validate/config/config.default.js",
    "start": 1648525367553,
    "end": 1648525367554,
    "duration": 1,
    "pid": 35564,
    "index": 19
  },
  {
    "name": "Require(16) node_modules/egg-cors/config/config.default.js",
    "start": 1648525367554,
    "end": 1648525367554,
    "duration": 0,
    "pid": 35564,
    "index": 20
  },
  {
    "name": "Require(17) node_modules/egg/config/config.default.js",
    "start": 1648525367554,
    "end": 1648525367555,
    "duration": 1,
    "pid": 35564,
    "index": 21
  },
  {
    "name": "Require(18) config/config.default.js",
    "start": 1648525367557,
    "end": 1648525367557,
    "duration": 0,
    "pid": 35564,
    "index": 22
  },
  {
    "name": "Require(19) node_modules/egg-security/config/config.local.js",
    "start": 1648525367559,
    "end": 1648525367561,
    "duration": 2,
    "pid": 35564,
    "index": 23
  },
  {
    "name": "Require(20) node_modules/egg-watcher/config/config.local.js",
    "start": 1648525367562,
    "end": 1648525367562,
    "duration": 0,
    "pid": 35564,
    "index": 24
  },
  {
    "name": "Require(21) node_modules/egg-view/config/config.local.js",
    "start": 1648525367563,
    "end": 1648525367563,
    "duration": 0,
    "pid": 35564,
    "index": 25
  },
  {
    "name": "Require(22) node_modules/egg/config/config.local.js",
    "start": 1648525367564,
    "end": 1648525367564,
    "duration": 0,
    "pid": 35564,
    "index": 26
  },
  {
    "name": "Require(23) config/config.local.js",
    "start": 1648525367564,
    "end": 1648525367564,
    "duration": 0,
    "pid": 35564,
    "index": 27
  },
  {
    "name": "Load extend/application.js",
    "start": 1648525367565,
    "end": 1648525367631,
    "duration": 66,
    "pid": 35564,
    "index": 28
  },
  {
    "name": "Require(24) node_modules/egg-session/app/extend/application.js",
    "start": 1648525367566,
    "end": 1648525367566,
    "duration": 0,
    "pid": 35564,
    "index": 29
  },
  {
    "name": "Require(25) node_modules/egg-security/app/extend/application.js",
    "start": 1648525367567,
    "end": 1648525367568,
    "duration": 1,
    "pid": 35564,
    "index": 30
  },
  {
    "name": "Require(26) node_modules/egg-jsonp/app/extend/application.js",
    "start": 1648525367568,
    "end": 1648525367569,
    "duration": 1,
    "pid": 35564,
    "index": 31
  },
  {
    "name": "Require(27) node_modules/egg-logrotator/app/extend/application.js",
    "start": 1648525367570,
    "end": 1648525367571,
    "duration": 1,
    "pid": 35564,
    "index": 32
  },
  {
    "name": "Require(28) node_modules/egg-view/app/extend/application.js",
    "start": 1648525367572,
    "end": 1648525367573,
    "duration": 1,
    "pid": 35564,
    "index": 33
  },
  {
    "name": "Require(29) app/extend/application.js",
    "start": 1648525367573,
    "end": 1648525367629,
    "duration": 56,
    "pid": 35564,
    "index": 34
  },
  {
    "name": "Load extend/request.js",
    "start": 1648525367631,
    "end": 1648525367637,
    "duration": 6,
    "pid": 35564,
    "index": 35
  },
  {
    "name": "Require(30) node_modules/egg/app/extend/request.js",
    "start": 1648525367633,
    "end": 1648525367634,
    "duration": 1,
    "pid": 35564,
    "index": 36
  },
  {
    "name": "Load extend/response.js",
    "start": 1648525367637,
    "end": 1648525367644,
    "duration": 7,
    "pid": 35564,
    "index": 37
  },
  {
    "name": "Require(31) node_modules/egg/app/extend/response.js",
    "start": 1648525367640,
    "end": 1648525367642,
    "duration": 2,
    "pid": 35564,
    "index": 38
  },
  {
    "name": "Load extend/context.js",
    "start": 1648525367644,
    "end": 1648525367716,
    "duration": 72,
    "pid": 35564,
    "index": 39
  },
  {
    "name": "Require(32) node_modules/egg-security/app/extend/context.js",
    "start": 1648525367644,
    "end": 1648525367656,
    "duration": 12,
    "pid": 35564,
    "index": 40
  },
  {
    "name": "Require(33) node_modules/egg-jsonp/app/extend/context.js",
    "start": 1648525367657,
    "end": 1648525367658,
    "duration": 1,
    "pid": 35564,
    "index": 41
  },
  {
    "name": "Require(34) node_modules/egg-i18n/app/extend/context.js",
    "start": 1648525367659,
    "end": 1648525367659,
    "duration": 0,
    "pid": 35564,
    "index": 42
  },
  {
    "name": "Require(35) node_modules/egg-multipart/app/extend/context.js",
    "start": 1648525367660,
    "end": 1648525367708,
    "duration": 48,
    "pid": 35564,
    "index": 43
  },
  {
    "name": "Require(36) node_modules/egg-view/app/extend/context.js",
    "start": 1648525367708,
    "end": 1648525367709,
    "duration": 1,
    "pid": 35564,
    "index": 44
  },
  {
    "name": "Require(37) node_modules/egg-mongoose/app/extend/context.js",
    "start": 1648525367710,
    "end": 1648525367710,
    "duration": 0,
    "pid": 35564,
    "index": 45
  },
  {
    "name": "Require(38) node_modules/egg-validate/app/extend/context.js",
    "start": 1648525367710,
    "end": 1648525367711,
    "duration": 1,
    "pid": 35564,
    "index": 46
  },
  {
    "name": "Require(39) node_modules/egg/app/extend/context.js",
    "start": 1648525367711,
    "end": 1648525367712,
    "duration": 1,
    "pid": 35564,
    "index": 47
  },
  {
    "name": "Load extend/helper.js",
    "start": 1648525367716,
    "end": 1648525367738,
    "duration": 22,
    "pid": 35564,
    "index": 48
  },
  {
    "name": "Require(40) node_modules/egg-security/app/extend/helper.js",
    "start": 1648525367717,
    "end": 1648525367734,
    "duration": 17,
    "pid": 35564,
    "index": 49
  },
  {
    "name": "Require(41) node_modules/egg/app/extend/helper.js",
    "start": 1648525367735,
    "end": 1648525367736,
    "duration": 1,
    "pid": 35564,
    "index": 50
  },
  {
    "name": "Require(42) app/extend/helper.js",
    "start": 1648525367736,
    "end": 1648525367737,
    "duration": 1,
    "pid": 35564,
    "index": 51
  },
  {
    "name": "Load app.js",
    "start": 1648525367739,
    "end": 1648525367779,
    "duration": 40,
    "pid": 35564,
    "index": 52
  },
  {
    "name": "Require(43) node_modules/egg-session/app.js",
    "start": 1648525367739,
    "end": 1648525367739,
    "duration": 0,
    "pid": 35564,
    "index": 53
  },
  {
    "name": "Require(44) node_modules/egg-security/app.js",
    "start": 1648525367739,
    "end": 1648525367741,
    "duration": 2,
    "pid": 35564,
    "index": 54
  },
  {
    "name": "Require(45) node_modules/egg-onerror/app.js",
    "start": 1648525367741,
    "end": 1648525367750,
    "duration": 9,
    "pid": 35564,
    "index": 55
  },
  {
    "name": "Require(46) node_modules/egg-i18n/app.js",
    "start": 1648525367750,
    "end": 1648525367767,
    "duration": 17,
    "pid": 35564,
    "index": 56
  },
  {
    "name": "Require(47) node_modules/egg-watcher/app.js",
    "start": 1648525367768,
    "end": 1648525367770,
    "duration": 2,
    "pid": 35564,
    "index": 57
  },
  {
    "name": "Require(48) node_modules/egg-schedule/app.js",
    "start": 1648525367771,
    "end": 1648525367772,
    "duration": 1,
    "pid": 35564,
    "index": 58
  },
  {
    "name": "Require(49) node_modules/egg-multipart/app.js",
    "start": 1648525367772,
    "end": 1648525367773,
    "duration": 1,
    "pid": 35564,
    "index": 59
  },
  {
    "name": "Require(50) node_modules/egg-development/app.js",
    "start": 1648525367773,
    "end": 1648525367773,
    "duration": 0,
    "pid": 35564,
    "index": 60
  },
  {
    "name": "Require(51) node_modules/egg-logrotator/app.js",
    "start": 1648525367774,
    "end": 1648525367774,
    "duration": 0,
    "pid": 35564,
    "index": 61
  },
  {
    "name": "Require(52) node_modules/egg-static/app.js",
    "start": 1648525367774,
    "end": 1648525367774,
    "duration": 0,
    "pid": 35564,
    "index": 62
  },
  {
    "name": "Require(53) node_modules/egg-mongoose/app.js",
    "start": 1648525367775,
    "end": 1648525367775,
    "duration": 0,
    "pid": 35564,
    "index": 63
  },
  {
    "name": "Require(54) node_modules/egg-validate/app.js",
    "start": 1648525367776,
    "end": 1648525367778,
    "duration": 2,
    "pid": 35564,
    "index": 64
  },
  {
    "name": "Require(55) node_modules/egg-cors/app.js",
    "start": 1648525367778,
    "end": 1648525367779,
    "duration": 1,
    "pid": 35564,
    "index": 65
  },
  {
    "name": "Before Start in node_modules/egg-watcher/lib/init.js:15:14",
    "start": 1648525367788,
    "end": 1648525368477,
    "duration": 689,
    "pid": 35564,
    "index": 66
  },
  {
    "name": "Before Start in node_modules/egg-mongoose/lib/mongoose.js:104:7",
    "start": 1648525368266,
    "end": 1648525368475,
    "duration": 209,
    "pid": 35564,
    "index": 67
  },
  {
    "name": "Before Start in node_modules/egg-mongoose/lib/mongoose.js:52:9",
    "start": 1648525368267,
    "end": 1648525368460,
    "duration": 193,
    "pid": 35564,
    "index": 68
  },
  {
    "name": "Load Service",
    "start": 1648525368267,
    "end": 1648525368305,
    "duration": 38,
    "pid": 35564,
    "index": 69
  },
  {
    "name": "Load \"service\" to Context",
    "start": 1648525368267,
    "end": 1648525368305,
    "duration": 38,
    "pid": 35564,
    "index": 70
  },
  {
    "name": "Load Middleware",
    "start": 1648525368305,
    "end": 1648525368427,
    "duration": 122,
    "pid": 35564,
    "index": 71
  },
  {
    "name": "Load \"middlewares\" to Application",
    "start": 1648525368305,
    "end": 1648525368419,
    "duration": 114,
    "pid": 35564,
    "index": 72
  },
  {
    "name": "Load Controller",
    "start": 1648525368427,
    "end": 1648525368431,
    "duration": 4,
    "pid": 35564,
    "index": 73
  },
  {
    "name": "Load \"controller\" to Application",
    "start": 1648525368427,
    "end": 1648525368431,
    "duration": 4,
    "pid": 35564,
    "index": 74
  },
  {
    "name": "Load Router",
    "start": 1648525368431,
    "end": 1648525368434,
    "duration": 3,
    "pid": 35564,
    "index": 75
  },
  {
    "name": "Require(56) app/router.js",
    "start": 1648525368432,
    "end": 1648525368432,
    "duration": 0,
    "pid": 35564,
    "index": 76
  },
  {
    "name": "Before Start in node_modules/egg-core/lib/egg.js:303:10",
    "start": 1648525368433,
    "end": 1648525368460,
    "duration": 27,
    "pid": 35564,
    "index": 77
  },
  {
    "name": "Load \"model\" to Application",
    "start": 1648525368441,
    "end": 1648525368460,
    "duration": 19,
    "pid": 35564,
    "index": 78
  }
]