[
  {
    "name": "Process Start",
    "start": 1648461070536,
    "end": 1648461071240,
    "duration": 704,
    "pid": 34000,
    "index": 0
  },
  {
    "name": "Application Start",
    "start": 1648461071240,
    "end": 1648461071758,
    "duration": 518,
    "pid": 34000,
    "index": 1
  },
  {
    "name": "Load Plugin",
    "start": 1648461071243,
    "end": 1648461071253,
    "duration": 10,
    "pid": 34000,
    "index": 2
  },
  {
    "name": "Load Config",
    "start": 1648461071253,
    "end": 1648461071270,
    "duration": 17,
    "pid": 34000,
    "index": 3
  },
  {
    "name": "Require(0) config/config.default.js",
    "start": 1648461071254,
    "end": 1648461071254,
    "duration": 0,
    "pid": 34000,
    "index": 4
  },
  {
    "name": "Require(1) config/config.local.js",
    "start": 1648461071255,
    "end": 1648461071255,
    "duration": 0,
    "pid": 34000,
    "index": 5
  },
  {
    "name": "Require(2) node_modules/egg-session/config/config.default.js",
    "start": 1648461071256,
    "end": 1648461071256,
    "duration": 0,
    "pid": 34000,
    "index": 6
  },
  {
    "name": "Require(3) node_modules/egg-security/config/config.default.js",
    "start": 1648461071256,
    "end": 1648461071256,
    "duration": 0,
    "pid": 34000,
    "index": 7
  },
  {
    "name": "Require(4) node_modules/egg-jsonp/config/config.default.js",
    "start": 1648461071257,
    "end": 1648461071257,
    "duration": 0,
    "pid": 34000,
    "index": 8
  },
  {
    "name": "Require(5) node_modules/egg-onerror/config/config.default.js",
    "start": 1648461071258,
    "end": 1648461071258,
    "duration": 0,
    "pid": 34000,
    "index": 9
  },
  {
    "name": "Require(6) node_modules/egg-i18n/config/config.default.js",
    "start": 1648461071258,
    "end": 1648461071258,
    "duration": 0,
    "pid": 34000,
    "index": 10
  },
  {
    "name": "Require(7) node_modules/egg-watcher/config/config.default.js",
    "start": 1648461071259,
    "end": 1648461071259,
    "duration": 0,
    "pid": 34000,
    "index": 11
  },
  {
    "name": "Require(8) node_modules/egg-schedule/config/config.default.js",
    "start": 1648461071259,
    "end": 1648461071260,
    "duration": 1,
    "pid": 34000,
    "index": 12
  },
  {
    "name": "Require(9) node_modules/egg-multipart/config/config.default.js",
    "start": 1648461071260,
    "end": 1648461071260,
    "duration": 0,
    "pid": 34000,
    "index": 13
  },
  {
    "name": "Require(10) node_modules/egg-development/config/config.default.js",
    "start": 1648461071261,
    "end": 1648461071261,
    "duration": 0,
    "pid": 34000,
    "index": 14
  },
  {
    "name": "Require(11) node_modules/egg-logrotator/config/config.default.js",
    "start": 1648461071261,
    "end": 1648461071261,
    "duration": 0,
    "pid": 34000,
    "index": 15
  },
  {
    "name": "Require(12) node_modules/egg-static/config/config.default.js",
    "start": 1648461071262,
    "end": 1648461071262,
    "duration": 0,
    "pid": 34000,
    "index": 16
  },
  {
    "name": "Require(13) node_modules/egg-view/config/config.default.js",
    "start": 1648461071262,
    "end": 1648461071262,
    "duration": 0,
    "pid": 34000,
    "index": 17
  },
  {
    "name": "Require(14) node_modules/egg-mongoose/config/config.default.js",
    "start": 1648461071263,
    "end": 1648461071263,
    "duration": 0,
    "pid": 34000,
    "index": 18
  },
  {
    "name": "Require(15) node_modules/egg-validate/config/config.default.js",
    "start": 1648461071263,
    "end": 1648461071264,
    "duration": 1,
    "pid": 34000,
    "index": 19
  },
  {
    "name": "Require(16) node_modules/egg-cors/config/config.default.js",
    "start": 1648461071264,
    "end": 1648461071264,
    "duration": 0,
    "pid": 34000,
    "index": 20
  },
  {
    "name": "Require(17) node_modules/egg/config/config.default.js",
    "start": 1648461071264,
    "end": 1648461071265,
    "duration": 1,
    "pid": 34000,
    "index": 21
  },
  {
    "name": "Require(18) config/config.default.js",
    "start": 1648461071266,
    "end": 1648461071266,
    "duration": 0,
    "pid": 34000,
    "index": 22
  },
  {
    "name": "Require(19) node_modules/egg-security/config/config.local.js",
    "start": 1648461071266,
    "end": 1648461071268,
    "duration": 2,
    "pid": 34000,
    "index": 23
  },
  {
    "name": "Require(20) node_modules/egg-watcher/config/config.local.js",
    "start": 1648461071268,
    "end": 1648461071268,
    "duration": 0,
    "pid": 34000,
    "index": 24
  },
  {
    "name": "Require(21) node_modules/egg-view/config/config.local.js",
    "start": 1648461071269,
    "end": 1648461071269,
    "duration": 0,
    "pid": 34000,
    "index": 25
  },
  {
    "name": "Require(22) node_modules/egg/config/config.local.js",
    "start": 1648461071270,
    "end": 1648461071270,
    "duration": 0,
    "pid": 34000,
    "index": 26
  },
  {
    "name": "Require(23) config/config.local.js",
    "start": 1648461071270,
    "end": 1648461071270,
    "duration": 0,
    "pid": 34000,
    "index": 27
  },
  {
    "name": "Load extend/application.js",
    "start": 1648461071271,
    "end": 1648461071308,
    "duration": 37,
    "pid": 34000,
    "index": 28
  },
  {
    "name": "Require(24) node_modules/egg-session/app/extend/application.js",
    "start": 1648461071271,
    "end": 1648461071271,
    "duration": 0,
    "pid": 34000,
    "index": 29
  },
  {
    "name": "Require(25) node_modules/egg-security/app/extend/application.js",
    "start": 1648461071272,
    "end": 1648461071272,
    "duration": 0,
    "pid": 34000,
    "index": 30
  },
  {
    "name": "Require(26) node_modules/egg-jsonp/app/extend/application.js",
    "start": 1648461071273,
    "end": 1648461071273,
    "duration": 0,
    "pid": 34000,
    "index": 31
  },
  {
    "name": "Require(27) node_modules/egg-logrotator/app/extend/application.js",
    "start": 1648461071274,
    "end": 1648461071275,
    "duration": 1,
    "pid": 34000,
    "index": 32
  },
  {
    "name": "Require(28) node_modules/egg-view/app/extend/application.js",
    "start": 1648461071275,
    "end": 1648461071276,
    "duration": 1,
    "pid": 34000,
    "index": 33
  },
  {
    "name": "Require(29) app/extend/application.js",
    "start": 1648461071277,
    "end": 1648461071307,
    "duration": 30,
    "pid": 34000,
    "index": 34
  },
  {
    "name": "Load extend/request.js",
    "start": 1648461071308,
    "end": 1648461071312,
    "duration": 4,
    "pid": 34000,
    "index": 35
  },
  {
    "name": "Require(30) node_modules/egg/app/extend/request.js",
    "start": 1648461071310,
    "end": 1648461071310,
    "duration": 0,
    "pid": 34000,
    "index": 36
  },
  {
    "name": "Load extend/response.js",
    "start": 1648461071312,
    "end": 1648461071316,
    "duration": 4,
    "pid": 34000,
    "index": 37
  },
  {
    "name": "Require(31) node_modules/egg/app/extend/response.js",
    "start": 1648461071313,
    "end": 1648461071314,
    "duration": 1,
    "pid": 34000,
    "index": 38
  },
  {
    "name": "Load extend/context.js",
    "start": 1648461071316,
    "end": 1648461071355,
    "duration": 39,
    "pid": 34000,
    "index": 39
  },
  {
    "name": "Require(32) node_modules/egg-security/app/extend/context.js",
    "start": 1648461071316,
    "end": 1648461071321,
    "duration": 5,
    "pid": 34000,
    "index": 40
  },
  {
    "name": "Require(33) node_modules/egg-jsonp/app/extend/context.js",
    "start": 1648461071321,
    "end": 1648461071321,
    "duration": 0,
    "pid": 34000,
    "index": 41
  },
  {
    "name": "Require(34) node_modules/egg-i18n/app/extend/context.js",
    "start": 1648461071322,
    "end": 1648461071322,
    "duration": 0,
    "pid": 34000,
    "index": 42
  },
  {
    "name": "Require(35) node_modules/egg-multipart/app/extend/context.js",
    "start": 1648461071322,
    "end": 1648461071351,
    "duration": 29,
    "pid": 34000,
    "index": 43
  },
  {
    "name": "Require(36) node_modules/egg-view/app/extend/context.js",
    "start": 1648461071351,
    "end": 1648461071352,
    "duration": 1,
    "pid": 34000,
    "index": 44
  },
  {
    "name": "Require(37) node_modules/egg-mongoose/app/extend/context.js",
    "start": 1648461071352,
    "end": 1648461071352,
    "duration": 0,
    "pid": 34000,
    "index": 45
  },
  {
    "name": "Require(38) node_modules/egg-validate/app/extend/context.js",
    "start": 1648461071353,
    "end": 1648461071353,
    "duration": 0,
    "pid": 34000,
    "index": 46
  },
  {
    "name": "Require(39) node_modules/egg/app/extend/context.js",
    "start": 1648461071353,
    "end": 1648461071353,
    "duration": 0,
    "pid": 34000,
    "index": 47
  },
  {
    "name": "Load extend/helper.js",
    "start": 1648461071355,
    "end": 1648461071367,
    "duration": 12,
    "pid": 34000,
    "index": 48
  },
  {
    "name": "Require(40) node_modules/egg-security/app/extend/helper.js",
    "start": 1648461071355,
    "end": 1648461071364,
    "duration": 9,
    "pid": 34000,
    "index": 49
  },
  {
    "name": "Require(41) node_modules/egg/app/extend/helper.js",
    "start": 1648461071365,
    "end": 1648461071365,
    "duration": 0,
    "pid": 34000,
    "index": 50
  },
  {
    "name": "Require(42) app/extend/helper.js",
    "start": 1648461071366,
    "end": 1648461071366,
    "duration": 0,
    "pid": 34000,
    "index": 51
  },
  {
    "name": "Load app.js",
    "start": 1648461071367,
    "end": 1648461071389,
    "duration": 22,
    "pid": 34000,
    "index": 52
  },
  {
    "name": "Require(43) node_modules/egg-session/app.js",
    "start": 1648461071368,
    "end": 1648461071368,
    "duration": 0,
    "pid": 34000,
    "index": 53
  },
  {
    "name": "Require(44) node_modules/egg-security/app.js",
    "start": 1648461071368,
    "end": 1648461071369,
    "duration": 1,
    "pid": 34000,
    "index": 54
  },
  {
    "name": "Require(45) node_modules/egg-onerror/app.js",
    "start": 1648461071369,
    "end": 1648461071373,
    "duration": 4,
    "pid": 34000,
    "index": 55
  },
  {
    "name": "Require(46) node_modules/egg-i18n/app.js",
    "start": 1648461071373,
    "end": 1648461071383,
    "duration": 10,
    "pid": 34000,
    "index": 56
  },
  {
    "name": "Require(47) node_modules/egg-watcher/app.js",
    "start": 1648461071383,
    "end": 1648461071384,
    "duration": 1,
    "pid": 34000,
    "index": 57
  },
  {
    "name": "Require(48) node_modules/egg-schedule/app.js",
    "start": 1648461071385,
    "end": 1648461071385,
    "duration": 0,
    "pid": 34000,
    "index": 58
  },
  {
    "name": "Require(49) node_modules/egg-multipart/app.js",
    "start": 1648461071386,
    "end": 1648461071386,
    "duration": 0,
    "pid": 34000,
    "index": 59
  },
  {
    "name": "Require(50) node_modules/egg-development/app.js",
    "start": 1648461071386,
    "end": 1648461071386,
    "duration": 0,
    "pid": 34000,
    "index": 60
  },
  {
    "name": "Require(51) node_modules/egg-logrotator/app.js",
    "start": 1648461071386,
    "end": 1648461071386,
    "duration": 0,
    "pid": 34000,
    "index": 61
  },
  {
    "name": "Require(52) node_modules/egg-static/app.js",
    "start": 1648461071387,
    "end": 1648461071387,
    "duration": 0,
    "pid": 34000,
    "index": 62
  },
  {
    "name": "Require(53) node_modules/egg-mongoose/app.js",
    "start": 1648461071387,
    "end": 1648461071387,
    "duration": 0,
    "pid": 34000,
    "index": 63
  },
  {
    "name": "Require(54) node_modules/egg-validate/app.js",
    "start": 1648461071387,
    "end": 1648461071388,
    "duration": 1,
    "pid": 34000,
    "index": 64
  },
  {
    "name": "Require(55) node_modules/egg-cors/app.js",
    "start": 1648461071389,
    "end": 1648461071389,
    "duration": 0,
    "pid": 34000,
    "index": 65
  },
  {
    "name": "Before Start in node_modules/egg-watcher/lib/init.js:15:14",
    "start": 1648461071396,
    "end": 1648461071754,
    "duration": 358,
    "pid": 34000,
    "index": 66
  },
  {
    "name": "Before Start in node_modules/egg-mongoose/lib/mongoose.js:104:7",
    "start": 1648461071640,
    "end": 1648461071757,
    "duration": 117,
    "pid": 34000,
    "index": 67
  },
  {
    "name": "Before Start in node_modules/egg-mongoose/lib/mongoose.js:52:9",
    "start": 1648461071640,
    "end": 1648461071746,
    "duration": 106,
    "pid": 34000,
    "index": 68
  },
  {
    "name": "Load Service",
    "start": 1648461071640,
    "end": 1648461071660,
    "duration": 20,
    "pid": 34000,
    "index": 69
  },
  {
    "name": "Load \"service\" to Context",
    "start": 1648461071640,
    "end": 1648461071660,
    "duration": 20,
    "pid": 34000,
    "index": 70
  },
  {
    "name": "Load Middleware",
    "start": 1648461071660,
    "end": 1648461071721,
    "duration": 61,
    "pid": 34000,
    "index": 71
  },
  {
    "name": "Load \"middlewares\" to Application",
    "start": 1648461071660,
    "end": 1648461071715,
    "duration": 55,
    "pid": 34000,
    "index": 72
  },
  {
    "name": "Load Controller",
    "start": 1648461071721,
    "end": 1648461071723,
    "duration": 2,
    "pid": 34000,
    "index": 73
  },
  {
    "name": "Load \"controller\" to Application",
    "start": 1648461071721,
    "end": 1648461071723,
    "duration": 2,
    "pid": 34000,
    "index": 74
  },
  {
    "name": "Load Router",
    "start": 1648461071723,
    "end": 1648461071727,
    "duration": 4,
    "pid": 34000,
    "index": 75
  },
  {
    "name": "Require(56) app/router.js",
    "start": 1648461071723,
    "end": 1648461071723,
    "duration": 0,
    "pid": 34000,
    "index": 76
  },
  {
    "name": "Before Start in node_modules/egg-core/lib/egg.js:303:10",
    "start": 1648461071725,
    "end": 1648461071746,
    "duration": 21,
    "pid": 34000,
    "index": 77
  },
  {
    "name": "Load \"model\" to Application",
    "start": 1648461071733,
    "end": 1648461071745,
    "duration": 12,
    "pid": 34000,
    "index": 78
  }
]