[
  {
    "name": "Process Start",
    "start": 1648460723585,
    "end": 1648460724276,
    "duration": 691,
    "pid": 25568,
    "index": 0
  },
  {
    "name": "Application Start",
    "start": 1648460724277,
    "end": 1648460724913,
    "duration": 636,
    "pid": 25568,
    "index": 1
  },
  {
    "name": "Load Plugin",
    "start": 1648460724279,
    "end": 1648460724290,
    "duration": 11,
    "pid": 25568,
    "index": 2
  },
  {
    "name": "Load Config",
    "start": 1648460724290,
    "end": 1648460724306,
    "duration": 16,
    "pid": 25568,
    "index": 3
  },
  {
    "name": "Require(0) config/config.default.js",
    "start": 1648460724290,
    "end": 1648460724291,
    "duration": 1,
    "pid": 25568,
    "index": 4
  },
  {
    "name": "Require(1) config/config.local.js",
    "start": 1648460724291,
    "end": 1648460724292,
    "duration": 1,
    "pid": 25568,
    "index": 5
  },
  {
    "name": "Require(2) node_modules/egg-session/config/config.default.js",
    "start": 1648460724292,
    "end": 1648460724292,
    "duration": 0,
    "pid": 25568,
    "index": 6
  },
  {
    "name": "Require(3) node_modules/egg-security/config/config.default.js",
    "start": 1648460724292,
    "end": 1648460724293,
    "duration": 1,
    "pid": 25568,
    "index": 7
  },
  {
    "name": "Require(4) node_modules/egg-jsonp/config/config.default.js",
    "start": 1648460724293,
    "end": 1648460724294,
    "duration": 1,
    "pid": 25568,
    "index": 8
  },
  {
    "name": "Require(5) node_modules/egg-onerror/config/config.default.js",
    "start": 1648460724294,
    "end": 1648460724294,
    "duration": 0,
    "pid": 25568,
    "index": 9
  },
  {
    "name": "Require(6) node_modules/egg-i18n/config/config.default.js",
    "start": 1648460724294,
    "end": 1648460724295,
    "duration": 1,
    "pid": 25568,
    "index": 10
  },
  {
    "name": "Require(7) node_modules/egg-watcher/config/config.default.js",
    "start": 1648460724295,
    "end": 1648460724295,
    "duration": 0,
    "pid": 25568,
    "index": 11
  },
  {
    "name": "Require(8) node_modules/egg-schedule/config/config.default.js",
    "start": 1648460724296,
    "end": 1648460724296,
    "duration": 0,
    "pid": 25568,
    "index": 12
  },
  {
    "name": "Require(9) node_modules/egg-multipart/config/config.default.js",
    "start": 1648460724296,
    "end": 1648460724296,
    "duration": 0,
    "pid": 25568,
    "index": 13
  },
  {
    "name": "Require(10) node_modules/egg-development/config/config.default.js",
    "start": 1648460724297,
    "end": 1648460724297,
    "duration": 0,
    "pid": 25568,
    "index": 14
  },
  {
    "name": "Require(11) node_modules/egg-logrotator/config/config.default.js",
    "start": 1648460724297,
    "end": 1648460724297,
    "duration": 0,
    "pid": 25568,
    "index": 15
  },
  {
    "name": "Require(12) node_modules/egg-static/config/config.default.js",
    "start": 1648460724298,
    "end": 1648460724298,
    "duration": 0,
    "pid": 25568,
    "index": 16
  },
  {
    "name": "Require(13) node_modules/egg-view/config/config.default.js",
    "start": 1648460724298,
    "end": 1648460724298,
    "duration": 0,
    "pid": 25568,
    "index": 17
  },
  {
    "name": "Require(14) node_modules/egg-mongoose/config/config.default.js",
    "start": 1648460724299,
    "end": 1648460724299,
    "duration": 0,
    "pid": 25568,
    "index": 18
  },
  {
    "name": "Require(15) node_modules/egg-validate/config/config.default.js",
    "start": 1648460724299,
    "end": 1648460724299,
    "duration": 0,
    "pid": 25568,
    "index": 19
  },
  {
    "name": "Require(16) node_modules/egg-cors/config/config.default.js",
    "start": 1648460724300,
    "end": 1648460724300,
    "duration": 0,
    "pid": 25568,
    "index": 20
  },
  {
    "name": "Require(17) node_modules/egg/config/config.default.js",
    "start": 1648460724300,
    "end": 1648460724300,
    "duration": 0,
    "pid": 25568,
    "index": 21
  },
  {
    "name": "Require(18) config/config.default.js",
    "start": 1648460724301,
    "end": 1648460724301,
    "duration": 0,
    "pid": 25568,
    "index": 22
  },
  {
    "name": "Require(19) node_modules/egg-security/config/config.local.js",
    "start": 1648460724302,
    "end": 1648460724303,
    "duration": 1,
    "pid": 25568,
    "index": 23
  },
  {
    "name": "Require(20) node_modules/egg-watcher/config/config.local.js",
    "start": 1648460724305,
    "end": 1648460724305,
    "duration": 0,
    "pid": 25568,
    "index": 24
  },
  {
    "name": "Require(21) node_modules/egg-view/config/config.local.js",
    "start": 1648460724305,
    "end": 1648460724306,
    "duration": 1,
    "pid": 25568,
    "index": 25
  },
  {
    "name": "Require(22) node_modules/egg/config/config.local.js",
    "start": 1648460724306,
    "end": 1648460724306,
    "duration": 0,
    "pid": 25568,
    "index": 26
  },
  {
    "name": "Require(23) config/config.local.js",
    "start": 1648460724306,
    "end": 1648460724306,
    "duration": 0,
    "pid": 25568,
    "index": 27
  },
  {
    "name": "Load extend/application.js",
    "start": 1648460724307,
    "end": 1648460724342,
    "duration": 35,
    "pid": 25568,
    "index": 28
  },
  {
    "name": "Require(24) node_modules/egg-session/app/extend/application.js",
    "start": 1648460724307,
    "end": 1648460724308,
    "duration": 1,
    "pid": 25568,
    "index": 29
  },
  {
    "name": "Require(25) node_modules/egg-security/app/extend/application.js",
    "start": 1648460724308,
    "end": 1648460724308,
    "duration": 0,
    "pid": 25568,
    "index": 30
  },
  {
    "name": "Require(26) node_modules/egg-jsonp/app/extend/application.js",
    "start": 1648460724309,
    "end": 1648460724309,
    "duration": 0,
    "pid": 25568,
    "index": 31
  },
  {
    "name": "Require(27) node_modules/egg-logrotator/app/extend/application.js",
    "start": 1648460724310,
    "end": 1648460724311,
    "duration": 1,
    "pid": 25568,
    "index": 32
  },
  {
    "name": "Require(28) node_modules/egg-view/app/extend/application.js",
    "start": 1648460724311,
    "end": 1648460724312,
    "duration": 1,
    "pid": 25568,
    "index": 33
  },
  {
    "name": "Require(29) app/extend/application.js",
    "start": 1648460724312,
    "end": 1648460724340,
    "duration": 28,
    "pid": 25568,
    "index": 34
  },
  {
    "name": "Load extend/request.js",
    "start": 1648460724342,
    "end": 1648460724345,
    "duration": 3,
    "pid": 25568,
    "index": 35
  },
  {
    "name": "Require(30) node_modules/egg/app/extend/request.js",
    "start": 1648460724343,
    "end": 1648460724344,
    "duration": 1,
    "pid": 25568,
    "index": 36
  },
  {
    "name": "Load extend/response.js",
    "start": 1648460724345,
    "end": 1648460724349,
    "duration": 4,
    "pid": 25568,
    "index": 37
  },
  {
    "name": "Require(31) node_modules/egg/app/extend/response.js",
    "start": 1648460724346,
    "end": 1648460724347,
    "duration": 1,
    "pid": 25568,
    "index": 38
  },
  {
    "name": "Load extend/context.js",
    "start": 1648460724349,
    "end": 1648460724387,
    "duration": 38,
    "pid": 25568,
    "index": 39
  },
  {
    "name": "Require(32) node_modules/egg-security/app/extend/context.js",
    "start": 1648460724349,
    "end": 1648460724354,
    "duration": 5,
    "pid": 25568,
    "index": 40
  },
  {
    "name": "Require(33) node_modules/egg-jsonp/app/extend/context.js",
    "start": 1648460724354,
    "end": 1648460724354,
    "duration": 0,
    "pid": 25568,
    "index": 41
  },
  {
    "name": "Require(34) node_modules/egg-i18n/app/extend/context.js",
    "start": 1648460724355,
    "end": 1648460724355,
    "duration": 0,
    "pid": 25568,
    "index": 42
  },
  {
    "name": "Require(35) node_modules/egg-multipart/app/extend/context.js",
    "start": 1648460724355,
    "end": 1648460724383,
    "duration": 28,
    "pid": 25568,
    "index": 43
  },
  {
    "name": "Require(36) node_modules/egg-view/app/extend/context.js",
    "start": 1648460724384,
    "end": 1648460724384,
    "duration": 0,
    "pid": 25568,
    "index": 44
  },
  {
    "name": "Require(37) node_modules/egg-mongoose/app/extend/context.js",
    "start": 1648460724385,
    "end": 1648460724385,
    "duration": 0,
    "pid": 25568,
    "index": 45
  },
  {
    "name": "Require(38) node_modules/egg-validate/app/extend/context.js",
    "start": 1648460724385,
    "end": 1648460724385,
    "duration": 0,
    "pid": 25568,
    "index": 46
  },
  {
    "name": "Require(39) node_modules/egg/app/extend/context.js",
    "start": 1648460724385,
    "end": 1648460724386,
    "duration": 1,
    "pid": 25568,
    "index": 47
  },
  {
    "name": "Load extend/helper.js",
    "start": 1648460724387,
    "end": 1648460724410,
    "duration": 23,
    "pid": 25568,
    "index": 48
  },
  {
    "name": "Require(40) node_modules/egg-security/app/extend/helper.js",
    "start": 1648460724388,
    "end": 1648460724403,
    "duration": 15,
    "pid": 25568,
    "index": 49
  },
  {
    "name": "Require(41) node_modules/egg/app/extend/helper.js",
    "start": 1648460724405,
    "end": 1648460724406,
    "duration": 1,
    "pid": 25568,
    "index": 50
  },
  {
    "name": "Require(42) app/extend/helper.js",
    "start": 1648460724406,
    "end": 1648460724406,
    "duration": 0,
    "pid": 25568,
    "index": 51
  },
  {
    "name": "Load app.js",
    "start": 1648460724410,
    "end": 1648460724456,
    "duration": 46,
    "pid": 25568,
    "index": 52
  },
  {
    "name": "Require(43) node_modules/egg-session/app.js",
    "start": 1648460724411,
    "end": 1648460724411,
    "duration": 0,
    "pid": 25568,
    "index": 53
  },
  {
    "name": "Require(44) node_modules/egg-security/app.js",
    "start": 1648460724411,
    "end": 1648460724413,
    "duration": 2,
    "pid": 25568,
    "index": 54
  },
  {
    "name": "Require(45) node_modules/egg-onerror/app.js",
    "start": 1648460724414,
    "end": 1648460724422,
    "duration": 8,
    "pid": 25568,
    "index": 55
  },
  {
    "name": "Require(46) node_modules/egg-i18n/app.js",
    "start": 1648460724423,
    "end": 1648460724444,
    "duration": 21,
    "pid": 25568,
    "index": 56
  },
  {
    "name": "Require(47) node_modules/egg-watcher/app.js",
    "start": 1648460724445,
    "end": 1648460724449,
    "duration": 4,
    "pid": 25568,
    "index": 57
  },
  {
    "name": "Require(48) node_modules/egg-schedule/app.js",
    "start": 1648460724450,
    "end": 1648460724451,
    "duration": 1,
    "pid": 25568,
    "index": 58
  },
  {
    "name": "Require(49) node_modules/egg-multipart/app.js",
    "start": 1648460724452,
    "end": 1648460724452,
    "duration": 0,
    "pid": 25568,
    "index": 59
  },
  {
    "name": "Require(50) node_modules/egg-development/app.js",
    "start": 1648460724452,
    "end": 1648460724452,
    "duration": 0,
    "pid": 25568,
    "index": 60
  },
  {
    "name": "Require(51) node_modules/egg-logrotator/app.js",
    "start": 1648460724453,
    "end": 1648460724453,
    "duration": 0,
    "pid": 25568,
    "index": 61
  },
  {
    "name": "Require(52) node_modules/egg-static/app.js",
    "start": 1648460724453,
    "end": 1648460724453,
    "duration": 0,
    "pid": 25568,
    "index": 62
  },
  {
    "name": "Require(53) node_modules/egg-mongoose/app.js",
    "start": 1648460724454,
    "end": 1648460724454,
    "duration": 0,
    "pid": 25568,
    "index": 63
  },
  {
    "name": "Require(54) node_modules/egg-validate/app.js",
    "start": 1648460724454,
    "end": 1648460724455,
    "duration": 1,
    "pid": 25568,
    "index": 64
  },
  {
    "name": "Require(55) node_modules/egg-cors/app.js",
    "start": 1648460724455,
    "end": 1648460724456,
    "duration": 1,
    "pid": 25568,
    "index": 65
  },
  {
    "name": "Before Start in node_modules/egg-watcher/lib/init.js:15:14",
    "start": 1648460724465,
    "end": 1648460724912,
    "duration": 447,
    "pid": 25568,
    "index": 66
  },
  {
    "name": "Before Start in node_modules/egg-mongoose/lib/mongoose.js:104:7",
    "start": 1648460724732,
    "end": 1648460724905,
    "duration": 173,
    "pid": 25568,
    "index": 67
  },
  {
    "name": "Before Start in node_modules/egg-mongoose/lib/mongoose.js:52:9",
    "start": 1648460724732,
    "end": 1648460724880,
    "duration": 148,
    "pid": 25568,
    "index": 68
  },
  {
    "name": "Load Service",
    "start": 1648460724732,
    "end": 1648460724752,
    "duration": 20,
    "pid": 25568,
    "index": 69
  },
  {
    "name": "Load \"service\" to Context",
    "start": 1648460724732,
    "end": 1648460724752,
    "duration": 20,
    "pid": 25568,
    "index": 70
  },
  {
    "name": "Load Middleware",
    "start": 1648460724752,
    "end": 1648460724854,
    "duration": 102,
    "pid": 25568,
    "index": 71
  },
  {
    "name": "Load \"middlewares\" to Application",
    "start": 1648460724752,
    "end": 1648460724847,
    "duration": 95,
    "pid": 25568,
    "index": 72
  },
  {
    "name": "Load Controller",
    "start": 1648460724854,
    "end": 1648460724856,
    "duration": 2,
    "pid": 25568,
    "index": 73
  },
  {
    "name": "Load \"controller\" to Application",
    "start": 1648460724854,
    "end": 1648460724856,
    "duration": 2,
    "pid": 25568,
    "index": 74
  },
  {
    "name": "Load Router",
    "start": 1648460724856,
    "end": 1648460724858,
    "duration": 2,
    "pid": 25568,
    "index": 75
  },
  {
    "name": "Require(56) app/router.js",
    "start": 1648460724856,
    "end": 1648460724856,
    "duration": 0,
    "pid": 25568,
    "index": 76
  },
  {
    "name": "Before Start in node_modules/egg-core/lib/egg.js:303:10",
    "start": 1648460724856,
    "end": 1648460724880,
    "duration": 24,
    "pid": 25568,
    "index": 77
  },
  {
    "name": "Load \"model\" to Application",
    "start": 1648460724863,
    "end": 1648460724880,
    "duration": 17,
    "pid": 25568,
    "index": 78
  }
]