[
  {
    "name": "Process Start",
    "start": 1648546819493,
    "end": 1648546820157,
    "duration": 664,
    "pid": 22284,
    "index": 0
  },
  {
    "name": "Application Start",
    "start": 1648546820158,
    "end": 1648546820742,
    "duration": 584,
    "pid": 22284,
    "index": 1
  },
  {
    "name": "Load Plugin",
    "start": 1648546820160,
    "end": 1648546820170,
    "duration": 10,
    "pid": 22284,
    "index": 2
  },
  {
    "name": "Load Config",
    "start": 1648546820170,
    "end": 1648546820187,
    "duration": 17,
    "pid": 22284,
    "index": 3
  },
  {
    "name": "Require(0) config/config.default.js",
    "start": 1648546820170,
    "end": 1648546820171,
    "duration": 1,
    "pid": 22284,
    "index": 4
  },
  {
    "name": "Require(1) config/config.local.js",
    "start": 1648546820171,
    "end": 1648546820172,
    "duration": 1,
    "pid": 22284,
    "index": 5
  },
  {
    "name": "Require(2) node_modules/egg-session/config/config.default.js",
    "start": 1648546820172,
    "end": 1648546820172,
    "duration": 0,
    "pid": 22284,
    "index": 6
  },
  {
    "name": "Require(3) node_modules/egg-security/config/config.default.js",
    "start": 1648546820172,
    "end": 1648546820173,
    "duration": 1,
    "pid": 22284,
    "index": 7
  },
  {
    "name": "Require(4) node_modules/egg-jsonp/config/config.default.js",
    "start": 1648546820173,
    "end": 1648546820173,
    "duration": 0,
    "pid": 22284,
    "index": 8
  },
  {
    "name": "Require(5) node_modules/egg-onerror/config/config.default.js",
    "start": 1648546820174,
    "end": 1648546820174,
    "duration": 0,
    "pid": 22284,
    "index": 9
  },
  {
    "name": "Require(6) node_modules/egg-i18n/config/config.default.js",
    "start": 1648546820174,
    "end": 1648546820174,
    "duration": 0,
    "pid": 22284,
    "index": 10
  },
  {
    "name": "Require(7) node_modules/egg-watcher/config/config.default.js",
    "start": 1648546820175,
    "end": 1648546820175,
    "duration": 0,
    "pid": 22284,
    "index": 11
  },
  {
    "name": "Require(8) node_modules/egg-schedule/config/config.default.js",
    "start": 1648546820176,
    "end": 1648546820176,
    "duration": 0,
    "pid": 22284,
    "index": 12
  },
  {
    "name": "Require(9) node_modules/egg-multipart/config/config.default.js",
    "start": 1648546820176,
    "end": 1648546820177,
    "duration": 1,
    "pid": 22284,
    "index": 13
  },
  {
    "name": "Require(10) node_modules/egg-development/config/config.default.js",
    "start": 1648546820177,
    "end": 1648546820177,
    "duration": 0,
    "pid": 22284,
    "index": 14
  },
  {
    "name": "Require(11) node_modules/egg-logrotator/config/config.default.js",
    "start": 1648546820178,
    "end": 1648546820178,
    "duration": 0,
    "pid": 22284,
    "index": 15
  },
  {
    "name": "Require(12) node_modules/egg-static/config/config.default.js",
    "start": 1648546820178,
    "end": 1648546820178,
    "duration": 0,
    "pid": 22284,
    "index": 16
  },
  {
    "name": "Require(13) node_modules/egg-view/config/config.default.js",
    "start": 1648546820179,
    "end": 1648546820179,
    "duration": 0,
    "pid": 22284,
    "index": 17
  },
  {
    "name": "Require(14) node_modules/egg-mongoose/config/config.default.js",
    "start": 1648546820179,
    "end": 1648546820180,
    "duration": 1,
    "pid": 22284,
    "index": 18
  },
  {
    "name": "Require(15) node_modules/egg-validate/config/config.default.js",
    "start": 1648546820180,
    "end": 1648546820180,
    "duration": 0,
    "pid": 22284,
    "index": 19
  },
  {
    "name": "Require(16) node_modules/egg-cors/config/config.default.js",
    "start": 1648546820180,
    "end": 1648546820180,
    "duration": 0,
    "pid": 22284,
    "index": 20
  },
  {
    "name": "Require(17) node_modules/egg/config/config.default.js",
    "start": 1648546820181,
    "end": 1648546820181,
    "duration": 0,
    "pid": 22284,
    "index": 21
  },
  {
    "name": "Require(18) config/config.default.js",
    "start": 1648546820182,
    "end": 1648546820182,
    "duration": 0,
    "pid": 22284,
    "index": 22
  },
  {
    "name": "Require(19) node_modules/egg-security/config/config.local.js",
    "start": 1648546820182,
    "end": 1648546820183,
    "duration": 1,
    "pid": 22284,
    "index": 23
  },
  {
    "name": "Require(20) node_modules/egg-watcher/config/config.local.js",
    "start": 1648546820184,
    "end": 1648546820184,
    "duration": 0,
    "pid": 22284,
    "index": 24
  },
  {
    "name": "Require(21) node_modules/egg-view/config/config.local.js",
    "start": 1648546820186,
    "end": 1648546820186,
    "duration": 0,
    "pid": 22284,
    "index": 25
  },
  {
    "name": "Require(22) node_modules/egg/config/config.local.js",
    "start": 1648546820187,
    "end": 1648546820187,
    "duration": 0,
    "pid": 22284,
    "index": 26
  },
  {
    "name": "Require(23) config/config.local.js",
    "start": 1648546820187,
    "end": 1648546820187,
    "duration": 0,
    "pid": 22284,
    "index": 27
  },
  {
    "name": "Load extend/application.js",
    "start": 1648546820188,
    "end": 1648546820221,
    "duration": 33,
    "pid": 22284,
    "index": 28
  },
  {
    "name": "Require(24) node_modules/egg-session/app/extend/application.js",
    "start": 1648546820188,
    "end": 1648546820188,
    "duration": 0,
    "pid": 22284,
    "index": 29
  },
  {
    "name": "Require(25) node_modules/egg-security/app/extend/application.js",
    "start": 1648546820189,
    "end": 1648546820189,
    "duration": 0,
    "pid": 22284,
    "index": 30
  },
  {
    "name": "Require(26) node_modules/egg-jsonp/app/extend/application.js",
    "start": 1648546820189,
    "end": 1648546820190,
    "duration": 1,
    "pid": 22284,
    "index": 31
  },
  {
    "name": "Require(27) node_modules/egg-logrotator/app/extend/application.js",
    "start": 1648546820191,
    "end": 1648546820192,
    "duration": 1,
    "pid": 22284,
    "index": 32
  },
  {
    "name": "Require(28) node_modules/egg-view/app/extend/application.js",
    "start": 1648546820192,
    "end": 1648546820193,
    "duration": 1,
    "pid": 22284,
    "index": 33
  },
  {
    "name": "Require(29) app/extend/application.js",
    "start": 1648546820193,
    "end": 1648546820220,
    "duration": 27,
    "pid": 22284,
    "index": 34
  },
  {
    "name": "Load extend/request.js",
    "start": 1648546820222,
    "end": 1648546820226,
    "duration": 4,
    "pid": 22284,
    "index": 35
  },
  {
    "name": "Require(30) node_modules/egg/app/extend/request.js",
    "start": 1648546820223,
    "end": 1648546820224,
    "duration": 1,
    "pid": 22284,
    "index": 36
  },
  {
    "name": "Load extend/response.js",
    "start": 1648546820226,
    "end": 1648546820230,
    "duration": 4,
    "pid": 22284,
    "index": 37
  },
  {
    "name": "Require(31) node_modules/egg/app/extend/response.js",
    "start": 1648546820227,
    "end": 1648546820228,
    "duration": 1,
    "pid": 22284,
    "index": 38
  },
  {
    "name": "Load extend/context.js",
    "start": 1648546820230,
    "end": 1648546820285,
    "duration": 55,
    "pid": 22284,
    "index": 39
  },
  {
    "name": "Require(32) node_modules/egg-security/app/extend/context.js",
    "start": 1648546820230,
    "end": 1648546820234,
    "duration": 4,
    "pid": 22284,
    "index": 40
  },
  {
    "name": "Require(33) node_modules/egg-jsonp/app/extend/context.js",
    "start": 1648546820234,
    "end": 1648546820235,
    "duration": 1,
    "pid": 22284,
    "index": 41
  },
  {
    "name": "Require(34) node_modules/egg-i18n/app/extend/context.js",
    "start": 1648546820235,
    "end": 1648546820236,
    "duration": 1,
    "pid": 22284,
    "index": 42
  },
  {
    "name": "Require(35) node_modules/egg-multipart/app/extend/context.js",
    "start": 1648546820236,
    "end": 1648546820277,
    "duration": 41,
    "pid": 22284,
    "index": 43
  },
  {
    "name": "Require(36) node_modules/egg-view/app/extend/context.js",
    "start": 1648546820278,
    "end": 1648546820279,
    "duration": 1,
    "pid": 22284,
    "index": 44
  },
  {
    "name": "Require(37) node_modules/egg-mongoose/app/extend/context.js",
    "start": 1648546820279,
    "end": 1648546820280,
    "duration": 1,
    "pid": 22284,
    "index": 45
  },
  {
    "name": "Require(38) node_modules/egg-validate/app/extend/context.js",
    "start": 1648546820280,
    "end": 1648546820281,
    "duration": 1,
    "pid": 22284,
    "index": 46
  },
  {
    "name": "Require(39) node_modules/egg/app/extend/context.js",
    "start": 1648546820281,
    "end": 1648546820282,
    "duration": 1,
    "pid": 22284,
    "index": 47
  },
  {
    "name": "Load extend/helper.js",
    "start": 1648546820285,
    "end": 1648546820310,
    "duration": 25,
    "pid": 22284,
    "index": 48
  },
  {
    "name": "Require(40) node_modules/egg-security/app/extend/helper.js",
    "start": 1648546820286,
    "end": 1648546820304,
    "duration": 18,
    "pid": 22284,
    "index": 49
  },
  {
    "name": "Require(41) node_modules/egg/app/extend/helper.js",
    "start": 1648546820306,
    "end": 1648546820307,
    "duration": 1,
    "pid": 22284,
    "index": 50
  },
  {
    "name": "Require(42) app/extend/helper.js",
    "start": 1648546820307,
    "end": 1648546820307,
    "duration": 0,
    "pid": 22284,
    "index": 51
  },
  {
    "name": "Load app.js",
    "start": 1648546820311,
    "end": 1648546820332,
    "duration": 21,
    "pid": 22284,
    "index": 52
  },
  {
    "name": "Require(43) node_modules/egg-session/app.js",
    "start": 1648546820311,
    "end": 1648546820311,
    "duration": 0,
    "pid": 22284,
    "index": 53
  },
  {
    "name": "Require(44) node_modules/egg-security/app.js",
    "start": 1648546820311,
    "end": 1648546820312,
    "duration": 1,
    "pid": 22284,
    "index": 54
  },
  {
    "name": "Require(45) node_modules/egg-onerror/app.js",
    "start": 1648546820312,
    "end": 1648546820316,
    "duration": 4,
    "pid": 22284,
    "index": 55
  },
  {
    "name": "Require(46) node_modules/egg-i18n/app.js",
    "start": 1648546820317,
    "end": 1648546820326,
    "duration": 9,
    "pid": 22284,
    "index": 56
  },
  {
    "name": "Require(47) node_modules/egg-watcher/app.js",
    "start": 1648546820326,
    "end": 1648546820328,
    "duration": 2,
    "pid": 22284,
    "index": 57
  },
  {
    "name": "Require(48) node_modules/egg-schedule/app.js",
    "start": 1648546820328,
    "end": 1648546820329,
    "duration": 1,
    "pid": 22284,
    "index": 58
  },
  {
    "name": "Require(49) node_modules/egg-multipart/app.js",
    "start": 1648546820329,
    "end": 1648546820329,
    "duration": 0,
    "pid": 22284,
    "index": 59
  },
  {
    "name": "Require(50) node_modules/egg-development/app.js",
    "start": 1648546820329,
    "end": 1648546820330,
    "duration": 1,
    "pid": 22284,
    "index": 60
  },
  {
    "name": "Require(51) node_modules/egg-logrotator/app.js",
    "start": 1648546820330,
    "end": 1648546820330,
    "duration": 0,
    "pid": 22284,
    "index": 61
  },
  {
    "name": "Require(52) node_modules/egg-static/app.js",
    "start": 1648546820330,
    "end": 1648546820330,
    "duration": 0,
    "pid": 22284,
    "index": 62
  },
  {
    "name": "Require(53) node_modules/egg-mongoose/app.js",
    "start": 1648546820330,
    "end": 1648546820331,
    "duration": 1,
    "pid": 22284,
    "index": 63
  },
  {
    "name": "Require(54) node_modules/egg-validate/app.js",
    "start": 1648546820331,
    "end": 1648546820332,
    "duration": 1,
    "pid": 22284,
    "index": 64
  },
  {
    "name": "Require(55) node_modules/egg-cors/app.js",
    "start": 1648546820332,
    "end": 1648546820332,
    "duration": 0,
    "pid": 22284,
    "index": 65
  },
  {
    "name": "Before Start in node_modules/egg-watcher/lib/init.js:15:14",
    "start": 1648546820339,
    "end": 1648546820741,
    "duration": 402,
    "pid": 22284,
    "index": 66
  },
  {
    "name": "Before Start in node_modules/egg-mongoose/lib/mongoose.js:104:7",
    "start": 1648546820580,
    "end": 1648546820740,
    "duration": 160,
    "pid": 22284,
    "index": 67
  },
  {
    "name": "Before Start in node_modules/egg-mongoose/lib/mongoose.js:52:9",
    "start": 1648546820580,
    "end": 1648546820729,
    "duration": 149,
    "pid": 22284,
    "index": 68
  },
  {
    "name": "Load Service",
    "start": 1648546820580,
    "end": 1648546820601,
    "duration": 21,
    "pid": 22284,
    "index": 69
  },
  {
    "name": "Load \"service\" to Context",
    "start": 1648546820580,
    "end": 1648546820601,
    "duration": 21,
    "pid": 22284,
    "index": 70
  },
  {
    "name": "Load Middleware",
    "start": 1648546820601,
    "end": 1648546820706,
    "duration": 105,
    "pid": 22284,
    "index": 71
  },
  {
    "name": "Load \"middlewares\" to Application",
    "start": 1648546820601,
    "end": 1648546820699,
    "duration": 98,
    "pid": 22284,
    "index": 72
  },
  {
    "name": "Load Controller",
    "start": 1648546820706,
    "end": 1648546820709,
    "duration": 3,
    "pid": 22284,
    "index": 73
  },
  {
    "name": "Load \"controller\" to Application",
    "start": 1648546820706,
    "end": 1648546820709,
    "duration": 3,
    "pid": 22284,
    "index": 74
  },
  {
    "name": "Load Router",
    "start": 1648546820709,
    "end": 1648546820710,
    "duration": 1,
    "pid": 22284,
    "index": 75
  },
  {
    "name": "Require(56) app/router.js",
    "start": 1648546820709,
    "end": 1648546820709,
    "duration": 0,
    "pid": 22284,
    "index": 76
  },
  {
    "name": "Before Start in node_modules/egg-core/lib/egg.js:303:10",
    "start": 1648546820709,
    "end": 1648546820729,
    "duration": 20,
    "pid": 22284,
    "index": 77
  },
  {
    "name": "Load \"model\" to Application",
    "start": 1648546820716,
    "end": 1648546820729,
    "duration": 13,
    "pid": 22284,
    "index": 78
  }
]