[
  {
    "name": "Process Start",
    "start": 1648456971769,
    "end": 1648456972514,
    "duration": 745,
    "pid": 41480,
    "index": 0
  },
  {
    "name": "Application Start",
    "start": 1648456972515,
    "end": 1648456973097,
    "duration": 582,
    "pid": 41480,
    "index": 1
  },
  {
    "name": "Load Plugin",
    "start": 1648456972517,
    "end": 1648456972528,
    "duration": 11,
    "pid": 41480,
    "index": 2
  },
  {
    "name": "Load Config",
    "start": 1648456972528,
    "end": 1648456972542,
    "duration": 14,
    "pid": 41480,
    "index": 3
  },
  {
    "name": "Require(0) config/config.default.js",
    "start": 1648456972528,
    "end": 1648456972528,
    "duration": 0,
    "pid": 41480,
    "index": 4
  },
  {
    "name": "Require(1) node_modules/egg-session/config/config.default.js",
    "start": 1648456972529,
    "end": 1648456972530,
    "duration": 1,
    "pid": 41480,
    "index": 5
  },
  {
    "name": "Require(2) node_modules/egg-security/config/config.default.js",
    "start": 1648456972530,
    "end": 1648456972530,
    "duration": 0,
    "pid": 41480,
    "index": 6
  },
  {
    "name": "Require(3) node_modules/egg-jsonp/config/config.default.js",
    "start": 1648456972531,
    "end": 1648456972531,
    "duration": 0,
    "pid": 41480,
    "index": 7
  },
  {
    "name": "Require(4) node_modules/egg-onerror/config/config.default.js",
    "start": 1648456972531,
    "end": 1648456972531,
    "duration": 0,
    "pid": 41480,
    "index": 8
  },
  {
    "name": "Require(5) node_modules/egg-i18n/config/config.default.js",
    "start": 1648456972532,
    "end": 1648456972532,
    "duration": 0,
    "pid": 41480,
    "index": 9
  },
  {
    "name": "Require(6) node_modules/egg-watcher/config/config.default.js",
    "start": 1648456972532,
    "end": 1648456972533,
    "duration": 1,
    "pid": 41480,
    "index": 10
  },
  {
    "name": "Require(7) node_modules/egg-schedule/config/config.default.js",
    "start": 1648456972533,
    "end": 1648456972533,
    "duration": 0,
    "pid": 41480,
    "index": 11
  },
  {
    "name": "Require(8) node_modules/egg-multipart/config/config.default.js",
    "start": 1648456972533,
    "end": 1648456972534,
    "duration": 1,
    "pid": 41480,
    "index": 12
  },
  {
    "name": "Require(9) node_modules/egg-development/config/config.default.js",
    "start": 1648456972534,
    "end": 1648456972534,
    "duration": 0,
    "pid": 41480,
    "index": 13
  },
  {
    "name": "Require(10) node_modules/egg-logrotator/config/config.default.js",
    "start": 1648456972534,
    "end": 1648456972535,
    "duration": 1,
    "pid": 41480,
    "index": 14
  },
  {
    "name": "Require(11) node_modules/egg-static/config/config.default.js",
    "start": 1648456972535,
    "end": 1648456972535,
    "duration": 0,
    "pid": 41480,
    "index": 15
  },
  {
    "name": "Require(12) node_modules/egg-view/config/config.default.js",
    "start": 1648456972535,
    "end": 1648456972536,
    "duration": 1,
    "pid": 41480,
    "index": 16
  },
  {
    "name": "Require(13) node_modules/egg-mongoose/config/config.default.js",
    "start": 1648456972536,
    "end": 1648456972536,
    "duration": 0,
    "pid": 41480,
    "index": 17
  },
  {
    "name": "Require(14) node_modules/egg-validate/config/config.default.js",
    "start": 1648456972536,
    "end": 1648456972536,
    "duration": 0,
    "pid": 41480,
    "index": 18
  },
  {
    "name": "Require(15) node_modules/egg-cors/config/config.default.js",
    "start": 1648456972537,
    "end": 1648456972537,
    "duration": 0,
    "pid": 41480,
    "index": 19
  },
  {
    "name": "Require(16) node_modules/egg/config/config.default.js",
    "start": 1648456972537,
    "end": 1648456972537,
    "duration": 0,
    "pid": 41480,
    "index": 20
  },
  {
    "name": "Require(17) config/config.default.js",
    "start": 1648456972538,
    "end": 1648456972538,
    "duration": 0,
    "pid": 41480,
    "index": 21
  },
  {
    "name": "Require(18) node_modules/egg-security/config/config.local.js",
    "start": 1648456972539,
    "end": 1648456972539,
    "duration": 0,
    "pid": 41480,
    "index": 22
  },
  {
    "name": "Require(19) node_modules/egg-watcher/config/config.local.js",
    "start": 1648456972540,
    "end": 1648456972540,
    "duration": 0,
    "pid": 41480,
    "index": 23
  },
  {
    "name": "Require(20) node_modules/egg-view/config/config.local.js",
    "start": 1648456972541,
    "end": 1648456972541,
    "duration": 0,
    "pid": 41480,
    "index": 24
  },
  {
    "name": "Require(21) node_modules/egg/config/config.local.js",
    "start": 1648456972542,
    "end": 1648456972542,
    "duration": 0,
    "pid": 41480,
    "index": 25
  },
  {
    "name": "Load extend/application.js",
    "start": 1648456972543,
    "end": 1648456972549,
    "duration": 6,
    "pid": 41480,
    "index": 26
  },
  {
    "name": "Require(22) node_modules/egg-session/app/extend/application.js",
    "start": 1648456972543,
    "end": 1648456972543,
    "duration": 0,
    "pid": 41480,
    "index": 27
  },
  {
    "name": "Require(23) node_modules/egg-security/app/extend/application.js",
    "start": 1648456972543,
    "end": 1648456972544,
    "duration": 1,
    "pid": 41480,
    "index": 28
  },
  {
    "name": "Require(24) node_modules/egg-jsonp/app/extend/application.js",
    "start": 1648456972544,
    "end": 1648456972545,
    "duration": 1,
    "pid": 41480,
    "index": 29
  },
  {
    "name": "Require(25) node_modules/egg-logrotator/app/extend/application.js",
    "start": 1648456972546,
    "end": 1648456972547,
    "duration": 1,
    "pid": 41480,
    "index": 30
  },
  {
    "name": "Require(26) node_modules/egg-view/app/extend/application.js",
    "start": 1648456972547,
    "end": 1648456972548,
    "duration": 1,
    "pid": 41480,
    "index": 31
  },
  {
    "name": "Load extend/request.js",
    "start": 1648456972549,
    "end": 1648456972554,
    "duration": 5,
    "pid": 41480,
    "index": 32
  },
  {
    "name": "Require(27) node_modules/egg/app/extend/request.js",
    "start": 1648456972551,
    "end": 1648456972551,
    "duration": 0,
    "pid": 41480,
    "index": 33
  },
  {
    "name": "Load extend/response.js",
    "start": 1648456972554,
    "end": 1648456972558,
    "duration": 4,
    "pid": 41480,
    "index": 34
  },
  {
    "name": "Require(28) node_modules/egg/app/extend/response.js",
    "start": 1648456972556,
    "end": 1648456972557,
    "duration": 1,
    "pid": 41480,
    "index": 35
  },
  {
    "name": "Load extend/context.js",
    "start": 1648456972558,
    "end": 1648456972610,
    "duration": 52,
    "pid": 41480,
    "index": 36
  },
  {
    "name": "Require(29) node_modules/egg-security/app/extend/context.js",
    "start": 1648456972559,
    "end": 1648456972565,
    "duration": 6,
    "pid": 41480,
    "index": 37
  },
  {
    "name": "Require(30) node_modules/egg-jsonp/app/extend/context.js",
    "start": 1648456972565,
    "end": 1648456972566,
    "duration": 1,
    "pid": 41480,
    "index": 38
  },
  {
    "name": "Require(31) node_modules/egg-i18n/app/extend/context.js",
    "start": 1648456972566,
    "end": 1648456972567,
    "duration": 1,
    "pid": 41480,
    "index": 39
  },
  {
    "name": "Require(32) node_modules/egg-multipart/app/extend/context.js",
    "start": 1648456972567,
    "end": 1648456972600,
    "duration": 33,
    "pid": 41480,
    "index": 40
  },
  {
    "name": "Require(33) node_modules/egg-view/app/extend/context.js",
    "start": 1648456972601,
    "end": 1648456972603,
    "duration": 2,
    "pid": 41480,
    "index": 41
  },
  {
    "name": "Require(34) node_modules/egg-mongoose/app/extend/context.js",
    "start": 1648456972603,
    "end": 1648456972604,
    "duration": 1,
    "pid": 41480,
    "index": 42
  },
  {
    "name": "Require(35) node_modules/egg-validate/app/extend/context.js",
    "start": 1648456972604,
    "end": 1648456972605,
    "duration": 1,
    "pid": 41480,
    "index": 43
  },
  {
    "name": "Require(36) node_modules/egg/app/extend/context.js",
    "start": 1648456972606,
    "end": 1648456972607,
    "duration": 1,
    "pid": 41480,
    "index": 44
  },
  {
    "name": "Load extend/helper.js",
    "start": 1648456972610,
    "end": 1648456972641,
    "duration": 31,
    "pid": 41480,
    "index": 45
  },
  {
    "name": "Require(37) node_modules/egg-security/app/extend/helper.js",
    "start": 1648456972611,
    "end": 1648456972632,
    "duration": 21,
    "pid": 41480,
    "index": 46
  },
  {
    "name": "Require(38) node_modules/egg/app/extend/helper.js",
    "start": 1648456972635,
    "end": 1648456972636,
    "duration": 1,
    "pid": 41480,
    "index": 47
  },
  {
    "name": "Require(39) app/extend/helper.js",
    "start": 1648456972636,
    "end": 1648456972637,
    "duration": 1,
    "pid": 41480,
    "index": 48
  },
  {
    "name": "Load app.js",
    "start": 1648456972641,
    "end": 1648456972701,
    "duration": 60,
    "pid": 41480,
    "index": 49
  },
  {
    "name": "Require(40) node_modules/egg-session/app.js",
    "start": 1648456972641,
    "end": 1648456972642,
    "duration": 1,
    "pid": 41480,
    "index": 50
  },
  {
    "name": "Require(41) node_modules/egg-security/app.js",
    "start": 1648456972642,
    "end": 1648456972644,
    "duration": 2,
    "pid": 41480,
    "index": 51
  },
  {
    "name": "Require(42) node_modules/egg-onerror/app.js",
    "start": 1648456972645,
    "end": 1648456972656,
    "duration": 11,
    "pid": 41480,
    "index": 52
  },
  {
    "name": "Require(43) node_modules/egg-i18n/app.js",
    "start": 1648456972657,
    "end": 1648456972687,
    "duration": 30,
    "pid": 41480,
    "index": 53
  },
  {
    "name": "Require(44) node_modules/egg-watcher/app.js",
    "start": 1648456972688,
    "end": 1648456972691,
    "duration": 3,
    "pid": 41480,
    "index": 54
  },
  {
    "name": "Require(45) node_modules/egg-schedule/app.js",
    "start": 1648456972691,
    "end": 1648456972693,
    "duration": 2,
    "pid": 41480,
    "index": 55
  },
  {
    "name": "Require(46) node_modules/egg-multipart/app.js",
    "start": 1648456972693,
    "end": 1648456972694,
    "duration": 1,
    "pid": 41480,
    "index": 56
  },
  {
    "name": "Require(47) node_modules/egg-development/app.js",
    "start": 1648456972694,
    "end": 1648456972694,
    "duration": 0,
    "pid": 41480,
    "index": 57
  },
  {
    "name": "Require(48) node_modules/egg-logrotator/app.js",
    "start": 1648456972695,
    "end": 1648456972695,
    "duration": 0,
    "pid": 41480,
    "index": 58
  },
  {
    "name": "Require(49) node_modules/egg-static/app.js",
    "start": 1648456972695,
    "end": 1648456972696,
    "duration": 1,
    "pid": 41480,
    "index": 59
  },
  {
    "name": "Require(50) node_modules/egg-mongoose/app.js",
    "start": 1648456972697,
    "end": 1648456972697,
    "duration": 0,
    "pid": 41480,
    "index": 60
  },
  {
    "name": "Require(51) node_modules/egg-validate/app.js",
    "start": 1648456972697,
    "end": 1648456972699,
    "duration": 2,
    "pid": 41480,
    "index": 61
  },
  {
    "name": "Require(52) node_modules/egg-cors/app.js",
    "start": 1648456972700,
    "end": 1648456972700,
    "duration": 0,
    "pid": 41480,
    "index": 62
  },
  {
    "name": "Before Start in node_modules/egg-watcher/lib/init.js:15:14",
    "start": 1648456972712,
    "end": 1648456973097,
    "duration": 385,
    "pid": 41480,
    "index": 63
  },
  {
    "name": "Before Start in node_modules/egg-mongoose/lib/mongoose.js:104:7",
    "start": 1648456972952,
    "end": 1648456973095,
    "duration": 143,
    "pid": 41480,
    "index": 64
  },
  {
    "name": "Before Start in node_modules/egg-mongoose/lib/mongoose.js:52:9",
    "start": 1648456972952,
    "end": 1648456973083,
    "duration": 131,
    "pid": 41480,
    "index": 65
  },
  {
    "name": "Load Service",
    "start": 1648456972952,
    "end": 1648456972971,
    "duration": 19,
    "pid": 41480,
    "index": 66
  },
  {
    "name": "Load \"service\" to Context",
    "start": 1648456972952,
    "end": 1648456972971,
    "duration": 19,
    "pid": 41480,
    "index": 67
  },
  {
    "name": "Load Middleware",
    "start": 1648456972971,
    "end": 1648456973032,
    "duration": 61,
    "pid": 41480,
    "index": 68
  },
  {
    "name": "Load \"middlewares\" to Application",
    "start": 1648456972971,
    "end": 1648456973025,
    "duration": 54,
    "pid": 41480,
    "index": 69
  },
  {
    "name": "Load Controller",
    "start": 1648456973032,
    "end": 1648456973060,
    "duration": 28,
    "pid": 41480,
    "index": 70
  },
  {
    "name": "Load \"controller\" to Application",
    "start": 1648456973032,
    "end": 1648456973060,
    "duration": 28,
    "pid": 41480,
    "index": 71
  },
  {
    "name": "Load Router",
    "start": 1648456973060,
    "end": 1648456973062,
    "duration": 2,
    "pid": 41480,
    "index": 72
  },
  {
    "name": "Require(53) app/router.js",
    "start": 1648456973061,
    "end": 1648456973061,
    "duration": 0,
    "pid": 41480,
    "index": 73
  },
  {
    "name": "Before Start in node_modules/egg-core/lib/egg.js:303:10",
    "start": 1648456973061,
    "end": 1648456973083,
    "duration": 22,
    "pid": 41480,
    "index": 74
  },
  {
    "name": "Load \"model\" to Application",
    "start": 1648456973071,
    "end": 1648456973083,
    "duration": 12,
    "pid": 41480,
    "index": 75
  }
]