[
  {
    "name": "Process Start",
    "start": 1648545732514,
    "end": 1648545733336,
    "duration": 822,
    "pid": 25316,
    "index": 0
  },
  {
    "name": "Application Start",
    "start": 1648545733336,
    "end": 1648545733889,
    "duration": 553,
    "pid": 25316,
    "index": 1
  },
  {
    "name": "Load Plugin",
    "start": 1648545733339,
    "end": 1648545733350,
    "duration": 11,
    "pid": 25316,
    "index": 2
  },
  {
    "name": "Load Config",
    "start": 1648545733350,
    "end": 1648545733365,
    "duration": 15,
    "pid": 25316,
    "index": 3
  },
  {
    "name": "Require(0) config/config.default.js",
    "start": 1648545733350,
    "end": 1648545733350,
    "duration": 0,
    "pid": 25316,
    "index": 4
  },
  {
    "name": "Require(1) config/config.local.js",
    "start": 1648545733351,
    "end": 1648545733352,
    "duration": 1,
    "pid": 25316,
    "index": 5
  },
  {
    "name": "Require(2) node_modules/egg-session/config/config.default.js",
    "start": 1648545733352,
    "end": 1648545733352,
    "duration": 0,
    "pid": 25316,
    "index": 6
  },
  {
    "name": "Require(3) node_modules/egg-security/config/config.default.js",
    "start": 1648545733353,
    "end": 1648545733353,
    "duration": 0,
    "pid": 25316,
    "index": 7
  },
  {
    "name": "Require(4) node_modules/egg-jsonp/config/config.default.js",
    "start": 1648545733354,
    "end": 1648545733354,
    "duration": 0,
    "pid": 25316,
    "index": 8
  },
  {
    "name": "Require(5) node_modules/egg-onerror/config/config.default.js",
    "start": 1648545733354,
    "end": 1648545733354,
    "duration": 0,
    "pid": 25316,
    "index": 9
  },
  {
    "name": "Require(6) node_modules/egg-i18n/config/config.default.js",
    "start": 1648545733355,
    "end": 1648545733355,
    "duration": 0,
    "pid": 25316,
    "index": 10
  },
  {
    "name": "Require(7) node_modules/egg-watcher/config/config.default.js",
    "start": 1648545733355,
    "end": 1648545733355,
    "duration": 0,
    "pid": 25316,
    "index": 11
  },
  {
    "name": "Require(8) node_modules/egg-schedule/config/config.default.js",
    "start": 1648545733356,
    "end": 1648545733356,
    "duration": 0,
    "pid": 25316,
    "index": 12
  },
  {
    "name": "Require(9) node_modules/egg-multipart/config/config.default.js",
    "start": 1648545733356,
    "end": 1648545733356,
    "duration": 0,
    "pid": 25316,
    "index": 13
  },
  {
    "name": "Require(10) node_modules/egg-development/config/config.default.js",
    "start": 1648545733357,
    "end": 1648545733357,
    "duration": 0,
    "pid": 25316,
    "index": 14
  },
  {
    "name": "Require(11) node_modules/egg-logrotator/config/config.default.js",
    "start": 1648545733357,
    "end": 1648545733358,
    "duration": 1,
    "pid": 25316,
    "index": 15
  },
  {
    "name": "Require(12) node_modules/egg-static/config/config.default.js",
    "start": 1648545733358,
    "end": 1648545733358,
    "duration": 0,
    "pid": 25316,
    "index": 16
  },
  {
    "name": "Require(13) node_modules/egg-view/config/config.default.js",
    "start": 1648545733358,
    "end": 1648545733359,
    "duration": 1,
    "pid": 25316,
    "index": 17
  },
  {
    "name": "Require(14) node_modules/egg-mongoose/config/config.default.js",
    "start": 1648545733359,
    "end": 1648545733359,
    "duration": 0,
    "pid": 25316,
    "index": 18
  },
  {
    "name": "Require(15) node_modules/egg-validate/config/config.default.js",
    "start": 1648545733359,
    "end": 1648545733360,
    "duration": 1,
    "pid": 25316,
    "index": 19
  },
  {
    "name": "Require(16) node_modules/egg-cors/config/config.default.js",
    "start": 1648545733360,
    "end": 1648545733360,
    "duration": 0,
    "pid": 25316,
    "index": 20
  },
  {
    "name": "Require(17) node_modules/egg/config/config.default.js",
    "start": 1648545733360,
    "end": 1648545733361,
    "duration": 1,
    "pid": 25316,
    "index": 21
  },
  {
    "name": "Require(18) config/config.default.js",
    "start": 1648545733362,
    "end": 1648545733362,
    "duration": 0,
    "pid": 25316,
    "index": 22
  },
  {
    "name": "Require(19) node_modules/egg-security/config/config.local.js",
    "start": 1648545733362,
    "end": 1648545733363,
    "duration": 1,
    "pid": 25316,
    "index": 23
  },
  {
    "name": "Require(20) node_modules/egg-watcher/config/config.local.js",
    "start": 1648545733364,
    "end": 1648545733364,
    "duration": 0,
    "pid": 25316,
    "index": 24
  },
  {
    "name": "Require(21) node_modules/egg-view/config/config.local.js",
    "start": 1648545733364,
    "end": 1648545733364,
    "duration": 0,
    "pid": 25316,
    "index": 25
  },
  {
    "name": "Require(22) node_modules/egg/config/config.local.js",
    "start": 1648545733365,
    "end": 1648545733365,
    "duration": 0,
    "pid": 25316,
    "index": 26
  },
  {
    "name": "Require(23) config/config.local.js",
    "start": 1648545733365,
    "end": 1648545733365,
    "duration": 0,
    "pid": 25316,
    "index": 27
  },
  {
    "name": "Load extend/application.js",
    "start": 1648545733366,
    "end": 1648545733402,
    "duration": 36,
    "pid": 25316,
    "index": 28
  },
  {
    "name": "Require(24) node_modules/egg-session/app/extend/application.js",
    "start": 1648545733366,
    "end": 1648545733367,
    "duration": 1,
    "pid": 25316,
    "index": 29
  },
  {
    "name": "Require(25) node_modules/egg-security/app/extend/application.js",
    "start": 1648545733367,
    "end": 1648545733368,
    "duration": 1,
    "pid": 25316,
    "index": 30
  },
  {
    "name": "Require(26) node_modules/egg-jsonp/app/extend/application.js",
    "start": 1648545733368,
    "end": 1648545733369,
    "duration": 1,
    "pid": 25316,
    "index": 31
  },
  {
    "name": "Require(27) node_modules/egg-logrotator/app/extend/application.js",
    "start": 1648545733370,
    "end": 1648545733370,
    "duration": 0,
    "pid": 25316,
    "index": 32
  },
  {
    "name": "Require(28) node_modules/egg-view/app/extend/application.js",
    "start": 1648545733371,
    "end": 1648545733371,
    "duration": 0,
    "pid": 25316,
    "index": 33
  },
  {
    "name": "Require(29) app/extend/application.js",
    "start": 1648545733372,
    "end": 1648545733401,
    "duration": 29,
    "pid": 25316,
    "index": 34
  },
  {
    "name": "Load extend/request.js",
    "start": 1648545733402,
    "end": 1648545733406,
    "duration": 4,
    "pid": 25316,
    "index": 35
  },
  {
    "name": "Require(30) node_modules/egg/app/extend/request.js",
    "start": 1648545733404,
    "end": 1648545733404,
    "duration": 0,
    "pid": 25316,
    "index": 36
  },
  {
    "name": "Load extend/response.js",
    "start": 1648545733406,
    "end": 1648545733410,
    "duration": 4,
    "pid": 25316,
    "index": 37
  },
  {
    "name": "Require(31) node_modules/egg/app/extend/response.js",
    "start": 1648545733408,
    "end": 1648545733408,
    "duration": 0,
    "pid": 25316,
    "index": 38
  },
  {
    "name": "Load extend/context.js",
    "start": 1648545733410,
    "end": 1648545733448,
    "duration": 38,
    "pid": 25316,
    "index": 39
  },
  {
    "name": "Require(32) node_modules/egg-security/app/extend/context.js",
    "start": 1648545733410,
    "end": 1648545733414,
    "duration": 4,
    "pid": 25316,
    "index": 40
  },
  {
    "name": "Require(33) node_modules/egg-jsonp/app/extend/context.js",
    "start": 1648545733414,
    "end": 1648545733415,
    "duration": 1,
    "pid": 25316,
    "index": 41
  },
  {
    "name": "Require(34) node_modules/egg-i18n/app/extend/context.js",
    "start": 1648545733415,
    "end": 1648545733416,
    "duration": 1,
    "pid": 25316,
    "index": 42
  },
  {
    "name": "Require(35) node_modules/egg-multipart/app/extend/context.js",
    "start": 1648545733416,
    "end": 1648545733444,
    "duration": 28,
    "pid": 25316,
    "index": 43
  },
  {
    "name": "Require(36) node_modules/egg-view/app/extend/context.js",
    "start": 1648545733444,
    "end": 1648545733445,
    "duration": 1,
    "pid": 25316,
    "index": 44
  },
  {
    "name": "Require(37) node_modules/egg-mongoose/app/extend/context.js",
    "start": 1648545733445,
    "end": 1648545733445,
    "duration": 0,
    "pid": 25316,
    "index": 45
  },
  {
    "name": "Require(38) node_modules/egg-validate/app/extend/context.js",
    "start": 1648545733446,
    "end": 1648545733446,
    "duration": 0,
    "pid": 25316,
    "index": 46
  },
  {
    "name": "Require(39) node_modules/egg/app/extend/context.js",
    "start": 1648545733446,
    "end": 1648545733446,
    "duration": 0,
    "pid": 25316,
    "index": 47
  },
  {
    "name": "Load extend/helper.js",
    "start": 1648545733448,
    "end": 1648545733460,
    "duration": 12,
    "pid": 25316,
    "index": 48
  },
  {
    "name": "Require(40) node_modules/egg-security/app/extend/helper.js",
    "start": 1648545733448,
    "end": 1648545733457,
    "duration": 9,
    "pid": 25316,
    "index": 49
  },
  {
    "name": "Require(41) node_modules/egg/app/extend/helper.js",
    "start": 1648545733458,
    "end": 1648545733458,
    "duration": 0,
    "pid": 25316,
    "index": 50
  },
  {
    "name": "Require(42) app/extend/helper.js",
    "start": 1648545733458,
    "end": 1648545733459,
    "duration": 1,
    "pid": 25316,
    "index": 51
  },
  {
    "name": "Load app.js",
    "start": 1648545733460,
    "end": 1648545733482,
    "duration": 22,
    "pid": 25316,
    "index": 52
  },
  {
    "name": "Require(43) node_modules/egg-session/app.js",
    "start": 1648545733460,
    "end": 1648545733461,
    "duration": 1,
    "pid": 25316,
    "index": 53
  },
  {
    "name": "Require(44) node_modules/egg-security/app.js",
    "start": 1648545733461,
    "end": 1648545733461,
    "duration": 0,
    "pid": 25316,
    "index": 54
  },
  {
    "name": "Require(45) node_modules/egg-onerror/app.js",
    "start": 1648545733462,
    "end": 1648545733466,
    "duration": 4,
    "pid": 25316,
    "index": 55
  },
  {
    "name": "Require(46) node_modules/egg-i18n/app.js",
    "start": 1648545733466,
    "end": 1648545733476,
    "duration": 10,
    "pid": 25316,
    "index": 56
  },
  {
    "name": "Require(47) node_modules/egg-watcher/app.js",
    "start": 1648545733476,
    "end": 1648545733478,
    "duration": 2,
    "pid": 25316,
    "index": 57
  },
  {
    "name": "Require(48) node_modules/egg-schedule/app.js",
    "start": 1648545733478,
    "end": 1648545733479,
    "duration": 1,
    "pid": 25316,
    "index": 58
  },
  {
    "name": "Require(49) node_modules/egg-multipart/app.js",
    "start": 1648545733479,
    "end": 1648545733479,
    "duration": 0,
    "pid": 25316,
    "index": 59
  },
  {
    "name": "Require(50) node_modules/egg-development/app.js",
    "start": 1648545733479,
    "end": 1648545733479,
    "duration": 0,
    "pid": 25316,
    "index": 60
  },
  {
    "name": "Require(51) node_modules/egg-logrotator/app.js",
    "start": 1648545733480,
    "end": 1648545733480,
    "duration": 0,
    "pid": 25316,
    "index": 61
  },
  {
    "name": "Require(52) node_modules/egg-static/app.js",
    "start": 1648545733480,
    "end": 1648545733480,
    "duration": 0,
    "pid": 25316,
    "index": 62
  },
  {
    "name": "Require(53) node_modules/egg-mongoose/app.js",
    "start": 1648545733480,
    "end": 1648545733480,
    "duration": 0,
    "pid": 25316,
    "index": 63
  },
  {
    "name": "Require(54) node_modules/egg-validate/app.js",
    "start": 1648545733481,
    "end": 1648545733481,
    "duration": 0,
    "pid": 25316,
    "index": 64
  },
  {
    "name": "Require(55) node_modules/egg-cors/app.js",
    "start": 1648545733482,
    "end": 1648545733482,
    "duration": 0,
    "pid": 25316,
    "index": 65
  },
  {
    "name": "Before Start in node_modules/egg-watcher/lib/init.js:15:14",
    "start": 1648545733489,
    "end": 1648545733889,
    "duration": 400,
    "pid": 25316,
    "index": 66
  },
  {
    "name": "Before Start in node_modules/egg-mongoose/lib/mongoose.js:104:7",
    "start": 1648545733765,
    "end": 1648545733888,
    "duration": 123,
    "pid": 25316,
    "index": 67
  },
  {
    "name": "Before Start in node_modules/egg-mongoose/lib/mongoose.js:52:9",
    "start": 1648545733766,
    "end": 1648545733877,
    "duration": 111,
    "pid": 25316,
    "index": 68
  },
  {
    "name": "Load Service",
    "start": 1648545733766,
    "end": 1648545733787,
    "duration": 21,
    "pid": 25316,
    "index": 69
  },
  {
    "name": "Load \"service\" to Context",
    "start": 1648545733766,
    "end": 1648545733787,
    "duration": 21,
    "pid": 25316,
    "index": 70
  },
  {
    "name": "Load Middleware",
    "start": 1648545733787,
    "end": 1648545733853,
    "duration": 66,
    "pid": 25316,
    "index": 71
  },
  {
    "name": "Load \"middlewares\" to Application",
    "start": 1648545733788,
    "end": 1648545733846,
    "duration": 58,
    "pid": 25316,
    "index": 72
  },
  {
    "name": "Load Controller",
    "start": 1648545733853,
    "end": 1648545733857,
    "duration": 4,
    "pid": 25316,
    "index": 73
  },
  {
    "name": "Load \"controller\" to Application",
    "start": 1648545733853,
    "end": 1648545733857,
    "duration": 4,
    "pid": 25316,
    "index": 74
  },
  {
    "name": "Load Router",
    "start": 1648545733857,
    "end": 1648545733859,
    "duration": 2,
    "pid": 25316,
    "index": 75
  },
  {
    "name": "Require(56) app/router.js",
    "start": 1648545733857,
    "end": 1648545733857,
    "duration": 0,
    "pid": 25316,
    "index": 76
  },
  {
    "name": "Before Start in node_modules/egg-core/lib/egg.js:303:10",
    "start": 1648545733858,
    "end": 1648545733877,
    "duration": 19,
    "pid": 25316,
    "index": 77
  },
  {
    "name": "Load \"model\" to Application",
    "start": 1648545733864,
    "end": 1648545733877,
    "duration": 13,
    "pid": 25316,
    "index": 78
  }
]