[
  {
    "name": "Process Start",
    "start": 1648462378115,
    "end": 1648462378749,
    "duration": 634,
    "pid": 13536,
    "index": 0
  },
  {
    "name": "Application Start",
    "start": 1648462378749,
    "end": 1648462379270,
    "duration": 521,
    "pid": 13536,
    "index": 1
  },
  {
    "name": "Load Plugin",
    "start": 1648462378752,
    "end": 1648462378762,
    "duration": 10,
    "pid": 13536,
    "index": 2
  },
  {
    "name": "Load Config",
    "start": 1648462378762,
    "end": 1648462378779,
    "duration": 17,
    "pid": 13536,
    "index": 3
  },
  {
    "name": "Require(0) config/config.default.js",
    "start": 1648462378762,
    "end": 1648462378763,
    "duration": 1,
    "pid": 13536,
    "index": 4
  },
  {
    "name": "Require(1) config/config.local.js",
    "start": 1648462378763,
    "end": 1648462378764,
    "duration": 1,
    "pid": 13536,
    "index": 5
  },
  {
    "name": "Require(2) node_modules/egg-session/config/config.default.js",
    "start": 1648462378764,
    "end": 1648462378764,
    "duration": 0,
    "pid": 13536,
    "index": 6
  },
  {
    "name": "Require(3) node_modules/egg-security/config/config.default.js",
    "start": 1648462378764,
    "end": 1648462378765,
    "duration": 1,
    "pid": 13536,
    "index": 7
  },
  {
    "name": "Require(4) node_modules/egg-jsonp/config/config.default.js",
    "start": 1648462378765,
    "end": 1648462378766,
    "duration": 1,
    "pid": 13536,
    "index": 8
  },
  {
    "name": "Require(5) node_modules/egg-onerror/config/config.default.js",
    "start": 1648462378766,
    "end": 1648462378766,
    "duration": 0,
    "pid": 13536,
    "index": 9
  },
  {
    "name": "Require(6) node_modules/egg-i18n/config/config.default.js",
    "start": 1648462378766,
    "end": 1648462378767,
    "duration": 1,
    "pid": 13536,
    "index": 10
  },
  {
    "name": "Require(7) node_modules/egg-watcher/config/config.default.js",
    "start": 1648462378767,
    "end": 1648462378767,
    "duration": 0,
    "pid": 13536,
    "index": 11
  },
  {
    "name": "Require(8) node_modules/egg-schedule/config/config.default.js",
    "start": 1648462378768,
    "end": 1648462378768,
    "duration": 0,
    "pid": 13536,
    "index": 12
  },
  {
    "name": "Require(9) node_modules/egg-multipart/config/config.default.js",
    "start": 1648462378768,
    "end": 1648462378768,
    "duration": 0,
    "pid": 13536,
    "index": 13
  },
  {
    "name": "Require(10) node_modules/egg-development/config/config.default.js",
    "start": 1648462378769,
    "end": 1648462378769,
    "duration": 0,
    "pid": 13536,
    "index": 14
  },
  {
    "name": "Require(11) node_modules/egg-logrotator/config/config.default.js",
    "start": 1648462378769,
    "end": 1648462378769,
    "duration": 0,
    "pid": 13536,
    "index": 15
  },
  {
    "name": "Require(12) node_modules/egg-static/config/config.default.js",
    "start": 1648462378770,
    "end": 1648462378770,
    "duration": 0,
    "pid": 13536,
    "index": 16
  },
  {
    "name": "Require(13) node_modules/egg-view/config/config.default.js",
    "start": 1648462378770,
    "end": 1648462378770,
    "duration": 0,
    "pid": 13536,
    "index": 17
  },
  {
    "name": "Require(14) node_modules/egg-mongoose/config/config.default.js",
    "start": 1648462378771,
    "end": 1648462378771,
    "duration": 0,
    "pid": 13536,
    "index": 18
  },
  {
    "name": "Require(15) node_modules/egg-validate/config/config.default.js",
    "start": 1648462378771,
    "end": 1648462378771,
    "duration": 0,
    "pid": 13536,
    "index": 19
  },
  {
    "name": "Require(16) node_modules/egg-cors/config/config.default.js",
    "start": 1648462378772,
    "end": 1648462378772,
    "duration": 0,
    "pid": 13536,
    "index": 20
  },
  {
    "name": "Require(17) node_modules/egg/config/config.default.js",
    "start": 1648462378772,
    "end": 1648462378772,
    "duration": 0,
    "pid": 13536,
    "index": 21
  },
  {
    "name": "Require(18) config/config.default.js",
    "start": 1648462378773,
    "end": 1648462378773,
    "duration": 0,
    "pid": 13536,
    "index": 22
  },
  {
    "name": "Require(19) node_modules/egg-security/config/config.local.js",
    "start": 1648462378774,
    "end": 1648462378775,
    "duration": 1,
    "pid": 13536,
    "index": 23
  },
  {
    "name": "Require(20) node_modules/egg-watcher/config/config.local.js",
    "start": 1648462378775,
    "end": 1648462378777,
    "duration": 2,
    "pid": 13536,
    "index": 24
  },
  {
    "name": "Require(21) node_modules/egg-view/config/config.local.js",
    "start": 1648462378778,
    "end": 1648462378778,
    "duration": 0,
    "pid": 13536,
    "index": 25
  },
  {
    "name": "Require(22) node_modules/egg/config/config.local.js",
    "start": 1648462378779,
    "end": 1648462378779,
    "duration": 0,
    "pid": 13536,
    "index": 26
  },
  {
    "name": "Require(23) config/config.local.js",
    "start": 1648462378779,
    "end": 1648462378779,
    "duration": 0,
    "pid": 13536,
    "index": 27
  },
  {
    "name": "Load extend/application.js",
    "start": 1648462378780,
    "end": 1648462378813,
    "duration": 33,
    "pid": 13536,
    "index": 28
  },
  {
    "name": "Require(24) node_modules/egg-session/app/extend/application.js",
    "start": 1648462378781,
    "end": 1648462378781,
    "duration": 0,
    "pid": 13536,
    "index": 29
  },
  {
    "name": "Require(25) node_modules/egg-security/app/extend/application.js",
    "start": 1648462378781,
    "end": 1648462378782,
    "duration": 1,
    "pid": 13536,
    "index": 30
  },
  {
    "name": "Require(26) node_modules/egg-jsonp/app/extend/application.js",
    "start": 1648462378782,
    "end": 1648462378782,
    "duration": 0,
    "pid": 13536,
    "index": 31
  },
  {
    "name": "Require(27) node_modules/egg-logrotator/app/extend/application.js",
    "start": 1648462378783,
    "end": 1648462378784,
    "duration": 1,
    "pid": 13536,
    "index": 32
  },
  {
    "name": "Require(28) node_modules/egg-view/app/extend/application.js",
    "start": 1648462378784,
    "end": 1648462378785,
    "duration": 1,
    "pid": 13536,
    "index": 33
  },
  {
    "name": "Require(29) app/extend/application.js",
    "start": 1648462378785,
    "end": 1648462378812,
    "duration": 27,
    "pid": 13536,
    "index": 34
  },
  {
    "name": "Load extend/request.js",
    "start": 1648462378813,
    "end": 1648462378816,
    "duration": 3,
    "pid": 13536,
    "index": 35
  },
  {
    "name": "Require(30) node_modules/egg/app/extend/request.js",
    "start": 1648462378815,
    "end": 1648462378815,
    "duration": 0,
    "pid": 13536,
    "index": 36
  },
  {
    "name": "Load extend/response.js",
    "start": 1648462378816,
    "end": 1648462378820,
    "duration": 4,
    "pid": 13536,
    "index": 37
  },
  {
    "name": "Require(31) node_modules/egg/app/extend/response.js",
    "start": 1648462378818,
    "end": 1648462378818,
    "duration": 0,
    "pid": 13536,
    "index": 38
  },
  {
    "name": "Load extend/context.js",
    "start": 1648462378820,
    "end": 1648462378856,
    "duration": 36,
    "pid": 13536,
    "index": 39
  },
  {
    "name": "Require(32) node_modules/egg-security/app/extend/context.js",
    "start": 1648462378820,
    "end": 1648462378824,
    "duration": 4,
    "pid": 13536,
    "index": 40
  },
  {
    "name": "Require(33) node_modules/egg-jsonp/app/extend/context.js",
    "start": 1648462378824,
    "end": 1648462378825,
    "duration": 1,
    "pid": 13536,
    "index": 41
  },
  {
    "name": "Require(34) node_modules/egg-i18n/app/extend/context.js",
    "start": 1648462378825,
    "end": 1648462378825,
    "duration": 0,
    "pid": 13536,
    "index": 42
  },
  {
    "name": "Require(35) node_modules/egg-multipart/app/extend/context.js",
    "start": 1648462378826,
    "end": 1648462378852,
    "duration": 26,
    "pid": 13536,
    "index": 43
  },
  {
    "name": "Require(36) node_modules/egg-view/app/extend/context.js",
    "start": 1648462378852,
    "end": 1648462378853,
    "duration": 1,
    "pid": 13536,
    "index": 44
  },
  {
    "name": "Require(37) node_modules/egg-mongoose/app/extend/context.js",
    "start": 1648462378853,
    "end": 1648462378853,
    "duration": 0,
    "pid": 13536,
    "index": 45
  },
  {
    "name": "Require(38) node_modules/egg-validate/app/extend/context.js",
    "start": 1648462378853,
    "end": 1648462378854,
    "duration": 1,
    "pid": 13536,
    "index": 46
  },
  {
    "name": "Require(39) node_modules/egg/app/extend/context.js",
    "start": 1648462378854,
    "end": 1648462378854,
    "duration": 0,
    "pid": 13536,
    "index": 47
  },
  {
    "name": "Load extend/helper.js",
    "start": 1648462378856,
    "end": 1648462378868,
    "duration": 12,
    "pid": 13536,
    "index": 48
  },
  {
    "name": "Require(40) node_modules/egg-security/app/extend/helper.js",
    "start": 1648462378856,
    "end": 1648462378865,
    "duration": 9,
    "pid": 13536,
    "index": 49
  },
  {
    "name": "Require(41) node_modules/egg/app/extend/helper.js",
    "start": 1648462378866,
    "end": 1648462378866,
    "duration": 0,
    "pid": 13536,
    "index": 50
  },
  {
    "name": "Require(42) app/extend/helper.js",
    "start": 1648462378866,
    "end": 1648462378866,
    "duration": 0,
    "pid": 13536,
    "index": 51
  },
  {
    "name": "Load app.js",
    "start": 1648462378868,
    "end": 1648462378892,
    "duration": 24,
    "pid": 13536,
    "index": 52
  },
  {
    "name": "Require(43) node_modules/egg-session/app.js",
    "start": 1648462378868,
    "end": 1648462378868,
    "duration": 0,
    "pid": 13536,
    "index": 53
  },
  {
    "name": "Require(44) node_modules/egg-security/app.js",
    "start": 1648462378869,
    "end": 1648462378869,
    "duration": 0,
    "pid": 13536,
    "index": 54
  },
  {
    "name": "Require(45) node_modules/egg-onerror/app.js",
    "start": 1648462378870,
    "end": 1648462378874,
    "duration": 4,
    "pid": 13536,
    "index": 55
  },
  {
    "name": "Require(46) node_modules/egg-i18n/app.js",
    "start": 1648462378874,
    "end": 1648462378885,
    "duration": 11,
    "pid": 13536,
    "index": 56
  },
  {
    "name": "Require(47) node_modules/egg-watcher/app.js",
    "start": 1648462378885,
    "end": 1648462378887,
    "duration": 2,
    "pid": 13536,
    "index": 57
  },
  {
    "name": "Require(48) node_modules/egg-schedule/app.js",
    "start": 1648462378887,
    "end": 1648462378888,
    "duration": 1,
    "pid": 13536,
    "index": 58
  },
  {
    "name": "Require(49) node_modules/egg-multipart/app.js",
    "start": 1648462378888,
    "end": 1648462378889,
    "duration": 1,
    "pid": 13536,
    "index": 59
  },
  {
    "name": "Require(50) node_modules/egg-development/app.js",
    "start": 1648462378889,
    "end": 1648462378889,
    "duration": 0,
    "pid": 13536,
    "index": 60
  },
  {
    "name": "Require(51) node_modules/egg-logrotator/app.js",
    "start": 1648462378889,
    "end": 1648462378889,
    "duration": 0,
    "pid": 13536,
    "index": 61
  },
  {
    "name": "Require(52) node_modules/egg-static/app.js",
    "start": 1648462378889,
    "end": 1648462378890,
    "duration": 1,
    "pid": 13536,
    "index": 62
  },
  {
    "name": "Require(53) node_modules/egg-mongoose/app.js",
    "start": 1648462378890,
    "end": 1648462378890,
    "duration": 0,
    "pid": 13536,
    "index": 63
  },
  {
    "name": "Require(54) node_modules/egg-validate/app.js",
    "start": 1648462378890,
    "end": 1648462378891,
    "duration": 1,
    "pid": 13536,
    "index": 64
  },
  {
    "name": "Require(55) node_modules/egg-cors/app.js",
    "start": 1648462378891,
    "end": 1648462378891,
    "duration": 0,
    "pid": 13536,
    "index": 65
  },
  {
    "name": "Before Start in node_modules/egg-watcher/lib/init.js:15:14",
    "start": 1648462378899,
    "end": 1648462379270,
    "duration": 371,
    "pid": 13536,
    "index": 66
  },
  {
    "name": "Before Start in node_modules/egg-mongoose/lib/mongoose.js:104:7",
    "start": 1648462379146,
    "end": 1648462379268,
    "duration": 122,
    "pid": 13536,
    "index": 67
  },
  {
    "name": "Before Start in node_modules/egg-mongoose/lib/mongoose.js:52:9",
    "start": 1648462379147,
    "end": 1648462379257,
    "duration": 110,
    "pid": 13536,
    "index": 68
  },
  {
    "name": "Load Service",
    "start": 1648462379147,
    "end": 1648462379169,
    "duration": 22,
    "pid": 13536,
    "index": 69
  },
  {
    "name": "Load \"service\" to Context",
    "start": 1648462379147,
    "end": 1648462379169,
    "duration": 22,
    "pid": 13536,
    "index": 70
  },
  {
    "name": "Load Middleware",
    "start": 1648462379169,
    "end": 1648462379233,
    "duration": 64,
    "pid": 13536,
    "index": 71
  },
  {
    "name": "Load \"middlewares\" to Application",
    "start": 1648462379169,
    "end": 1648462379227,
    "duration": 58,
    "pid": 13536,
    "index": 72
  },
  {
    "name": "Load Controller",
    "start": 1648462379233,
    "end": 1648462379235,
    "duration": 2,
    "pid": 13536,
    "index": 73
  },
  {
    "name": "Load \"controller\" to Application",
    "start": 1648462379233,
    "end": 1648462379235,
    "duration": 2,
    "pid": 13536,
    "index": 74
  },
  {
    "name": "Load Router",
    "start": 1648462379235,
    "end": 1648462379237,
    "duration": 2,
    "pid": 13536,
    "index": 75
  },
  {
    "name": "Require(56) app/router.js",
    "start": 1648462379236,
    "end": 1648462379236,
    "duration": 0,
    "pid": 13536,
    "index": 76
  },
  {
    "name": "Before Start in node_modules/egg-core/lib/egg.js:303:10",
    "start": 1648462379236,
    "end": 1648462379257,
    "duration": 21,
    "pid": 13536,
    "index": 77
  },
  {
    "name": "Load \"model\" to Application",
    "start": 1648462379243,
    "end": 1648462379257,
    "duration": 14,
    "pid": 13536,
    "index": 78
  }
]