[
  {
    "name": "Process Start",
    "start": 1648545393684,
    "end": 1648545394407,
    "duration": 723,
    "pid": 45156,
    "index": 0
  },
  {
    "name": "Application Start",
    "start": 1648545394408,
    "end": 1648545394992,
    "duration": 584,
    "pid": 45156,
    "index": 1
  },
  {
    "name": "Load Plugin",
    "start": 1648545394411,
    "end": 1648545394422,
    "duration": 11,
    "pid": 45156,
    "index": 2
  },
  {
    "name": "Load Config",
    "start": 1648545394422,
    "end": 1648545394441,
    "duration": 19,
    "pid": 45156,
    "index": 3
  },
  {
    "name": "Require(0) config/config.default.js",
    "start": 1648545394422,
    "end": 1648545394423,
    "duration": 1,
    "pid": 45156,
    "index": 4
  },
  {
    "name": "Require(1) config/config.local.js",
    "start": 1648545394424,
    "end": 1648545394424,
    "duration": 0,
    "pid": 45156,
    "index": 5
  },
  {
    "name": "Require(2) node_modules/egg-session/config/config.default.js",
    "start": 1648545394425,
    "end": 1648545394425,
    "duration": 0,
    "pid": 45156,
    "index": 6
  },
  {
    "name": "Require(3) node_modules/egg-security/config/config.default.js",
    "start": 1648545394425,
    "end": 1648545394425,
    "duration": 0,
    "pid": 45156,
    "index": 7
  },
  {
    "name": "Require(4) node_modules/egg-jsonp/config/config.default.js",
    "start": 1648545394426,
    "end": 1648545394426,
    "duration": 0,
    "pid": 45156,
    "index": 8
  },
  {
    "name": "Require(5) node_modules/egg-onerror/config/config.default.js",
    "start": 1648545394427,
    "end": 1648545394427,
    "duration": 0,
    "pid": 45156,
    "index": 9
  },
  {
    "name": "Require(6) node_modules/egg-i18n/config/config.default.js",
    "start": 1648545394427,
    "end": 1648545394427,
    "duration": 0,
    "pid": 45156,
    "index": 10
  },
  {
    "name": "Require(7) node_modules/egg-watcher/config/config.default.js",
    "start": 1648545394428,
    "end": 1648545394428,
    "duration": 0,
    "pid": 45156,
    "index": 11
  },
  {
    "name": "Require(8) node_modules/egg-schedule/config/config.default.js",
    "start": 1648545394428,
    "end": 1648545394429,
    "duration": 1,
    "pid": 45156,
    "index": 12
  },
  {
    "name": "Require(9) node_modules/egg-multipart/config/config.default.js",
    "start": 1648545394429,
    "end": 1648545394429,
    "duration": 0,
    "pid": 45156,
    "index": 13
  },
  {
    "name": "Require(10) node_modules/egg-development/config/config.default.js",
    "start": 1648545394429,
    "end": 1648545394430,
    "duration": 1,
    "pid": 45156,
    "index": 14
  },
  {
    "name": "Require(11) node_modules/egg-logrotator/config/config.default.js",
    "start": 1648545394430,
    "end": 1648545394430,
    "duration": 0,
    "pid": 45156,
    "index": 15
  },
  {
    "name": "Require(12) node_modules/egg-static/config/config.default.js",
    "start": 1648545394430,
    "end": 1648545394431,
    "duration": 1,
    "pid": 45156,
    "index": 16
  },
  {
    "name": "Require(13) node_modules/egg-view/config/config.default.js",
    "start": 1648545394431,
    "end": 1648545394431,
    "duration": 0,
    "pid": 45156,
    "index": 17
  },
  {
    "name": "Require(14) node_modules/egg-mongoose/config/config.default.js",
    "start": 1648545394432,
    "end": 1648545394432,
    "duration": 0,
    "pid": 45156,
    "index": 18
  },
  {
    "name": "Require(15) node_modules/egg-validate/config/config.default.js",
    "start": 1648545394432,
    "end": 1648545394432,
    "duration": 0,
    "pid": 45156,
    "index": 19
  },
  {
    "name": "Require(16) node_modules/egg-cors/config/config.default.js",
    "start": 1648545394432,
    "end": 1648545394433,
    "duration": 1,
    "pid": 45156,
    "index": 20
  },
  {
    "name": "Require(17) node_modules/egg/config/config.default.js",
    "start": 1648545394433,
    "end": 1648545394433,
    "duration": 0,
    "pid": 45156,
    "index": 21
  },
  {
    "name": "Require(18) config/config.default.js",
    "start": 1648545394434,
    "end": 1648545394434,
    "duration": 0,
    "pid": 45156,
    "index": 22
  },
  {
    "name": "Require(19) node_modules/egg-security/config/config.local.js",
    "start": 1648545394434,
    "end": 1648545394435,
    "duration": 1,
    "pid": 45156,
    "index": 23
  },
  {
    "name": "Require(20) node_modules/egg-watcher/config/config.local.js",
    "start": 1648545394438,
    "end": 1648545394438,
    "duration": 0,
    "pid": 45156,
    "index": 24
  },
  {
    "name": "Require(21) node_modules/egg-view/config/config.local.js",
    "start": 1648545394439,
    "end": 1648545394439,
    "duration": 0,
    "pid": 45156,
    "index": 25
  },
  {
    "name": "Require(22) node_modules/egg/config/config.local.js",
    "start": 1648545394440,
    "end": 1648545394440,
    "duration": 0,
    "pid": 45156,
    "index": 26
  },
  {
    "name": "Require(23) config/config.local.js",
    "start": 1648545394441,
    "end": 1648545394441,
    "duration": 0,
    "pid": 45156,
    "index": 27
  },
  {
    "name": "Load extend/application.js",
    "start": 1648545394442,
    "end": 1648545394477,
    "duration": 35,
    "pid": 45156,
    "index": 28
  },
  {
    "name": "Require(24) node_modules/egg-session/app/extend/application.js",
    "start": 1648545394442,
    "end": 1648545394442,
    "duration": 0,
    "pid": 45156,
    "index": 29
  },
  {
    "name": "Require(25) node_modules/egg-security/app/extend/application.js",
    "start": 1648545394442,
    "end": 1648545394443,
    "duration": 1,
    "pid": 45156,
    "index": 30
  },
  {
    "name": "Require(26) node_modules/egg-jsonp/app/extend/application.js",
    "start": 1648545394443,
    "end": 1648545394444,
    "duration": 1,
    "pid": 45156,
    "index": 31
  },
  {
    "name": "Require(27) node_modules/egg-logrotator/app/extend/application.js",
    "start": 1648545394445,
    "end": 1648545394446,
    "duration": 1,
    "pid": 45156,
    "index": 32
  },
  {
    "name": "Require(28) node_modules/egg-view/app/extend/application.js",
    "start": 1648545394446,
    "end": 1648545394447,
    "duration": 1,
    "pid": 45156,
    "index": 33
  },
  {
    "name": "Require(29) app/extend/application.js",
    "start": 1648545394447,
    "end": 1648545394476,
    "duration": 29,
    "pid": 45156,
    "index": 34
  },
  {
    "name": "Load extend/request.js",
    "start": 1648545394477,
    "end": 1648545394481,
    "duration": 4,
    "pid": 45156,
    "index": 35
  },
  {
    "name": "Require(30) node_modules/egg/app/extend/request.js",
    "start": 1648545394479,
    "end": 1648545394479,
    "duration": 0,
    "pid": 45156,
    "index": 36
  },
  {
    "name": "Load extend/response.js",
    "start": 1648545394481,
    "end": 1648545394484,
    "duration": 3,
    "pid": 45156,
    "index": 37
  },
  {
    "name": "Require(31) node_modules/egg/app/extend/response.js",
    "start": 1648545394482,
    "end": 1648545394483,
    "duration": 1,
    "pid": 45156,
    "index": 38
  },
  {
    "name": "Load extend/context.js",
    "start": 1648545394484,
    "end": 1648545394524,
    "duration": 40,
    "pid": 45156,
    "index": 39
  },
  {
    "name": "Require(32) node_modules/egg-security/app/extend/context.js",
    "start": 1648545394484,
    "end": 1648545394489,
    "duration": 5,
    "pid": 45156,
    "index": 40
  },
  {
    "name": "Require(33) node_modules/egg-jsonp/app/extend/context.js",
    "start": 1648545394489,
    "end": 1648545394490,
    "duration": 1,
    "pid": 45156,
    "index": 41
  },
  {
    "name": "Require(34) node_modules/egg-i18n/app/extend/context.js",
    "start": 1648545394491,
    "end": 1648545394491,
    "duration": 0,
    "pid": 45156,
    "index": 42
  },
  {
    "name": "Require(35) node_modules/egg-multipart/app/extend/context.js",
    "start": 1648545394491,
    "end": 1648545394519,
    "duration": 28,
    "pid": 45156,
    "index": 43
  },
  {
    "name": "Require(36) node_modules/egg-view/app/extend/context.js",
    "start": 1648545394520,
    "end": 1648545394520,
    "duration": 0,
    "pid": 45156,
    "index": 44
  },
  {
    "name": "Require(37) node_modules/egg-mongoose/app/extend/context.js",
    "start": 1648545394520,
    "end": 1648545394521,
    "duration": 1,
    "pid": 45156,
    "index": 45
  },
  {
    "name": "Require(38) node_modules/egg-validate/app/extend/context.js",
    "start": 1648545394521,
    "end": 1648545394521,
    "duration": 0,
    "pid": 45156,
    "index": 46
  },
  {
    "name": "Require(39) node_modules/egg/app/extend/context.js",
    "start": 1648545394521,
    "end": 1648545394522,
    "duration": 1,
    "pid": 45156,
    "index": 47
  },
  {
    "name": "Load extend/helper.js",
    "start": 1648545394524,
    "end": 1648545394536,
    "duration": 12,
    "pid": 45156,
    "index": 48
  },
  {
    "name": "Require(40) node_modules/egg-security/app/extend/helper.js",
    "start": 1648545394524,
    "end": 1648545394533,
    "duration": 9,
    "pid": 45156,
    "index": 49
  },
  {
    "name": "Require(41) node_modules/egg/app/extend/helper.js",
    "start": 1648545394534,
    "end": 1648545394535,
    "duration": 1,
    "pid": 45156,
    "index": 50
  },
  {
    "name": "Require(42) app/extend/helper.js",
    "start": 1648545394535,
    "end": 1648545394535,
    "duration": 0,
    "pid": 45156,
    "index": 51
  },
  {
    "name": "Load app.js",
    "start": 1648545394536,
    "end": 1648545394560,
    "duration": 24,
    "pid": 45156,
    "index": 52
  },
  {
    "name": "Require(43) node_modules/egg-session/app.js",
    "start": 1648545394537,
    "end": 1648545394537,
    "duration": 0,
    "pid": 45156,
    "index": 53
  },
  {
    "name": "Require(44) node_modules/egg-security/app.js",
    "start": 1648545394537,
    "end": 1648545394538,
    "duration": 1,
    "pid": 45156,
    "index": 54
  },
  {
    "name": "Require(45) node_modules/egg-onerror/app.js",
    "start": 1648545394539,
    "end": 1648545394543,
    "duration": 4,
    "pid": 45156,
    "index": 55
  },
  {
    "name": "Require(46) node_modules/egg-i18n/app.js",
    "start": 1648545394544,
    "end": 1648545394553,
    "duration": 9,
    "pid": 45156,
    "index": 56
  },
  {
    "name": "Require(47) node_modules/egg-watcher/app.js",
    "start": 1648545394553,
    "end": 1648545394555,
    "duration": 2,
    "pid": 45156,
    "index": 57
  },
  {
    "name": "Require(48) node_modules/egg-schedule/app.js",
    "start": 1648545394555,
    "end": 1648545394556,
    "duration": 1,
    "pid": 45156,
    "index": 58
  },
  {
    "name": "Require(49) node_modules/egg-multipart/app.js",
    "start": 1648545394556,
    "end": 1648545394557,
    "duration": 1,
    "pid": 45156,
    "index": 59
  },
  {
    "name": "Require(50) node_modules/egg-development/app.js",
    "start": 1648545394557,
    "end": 1648545394557,
    "duration": 0,
    "pid": 45156,
    "index": 60
  },
  {
    "name": "Require(51) node_modules/egg-logrotator/app.js",
    "start": 1648545394557,
    "end": 1648545394558,
    "duration": 1,
    "pid": 45156,
    "index": 61
  },
  {
    "name": "Require(52) node_modules/egg-static/app.js",
    "start": 1648545394558,
    "end": 1648545394558,
    "duration": 0,
    "pid": 45156,
    "index": 62
  },
  {
    "name": "Require(53) node_modules/egg-mongoose/app.js",
    "start": 1648545394558,
    "end": 1648545394558,
    "duration": 0,
    "pid": 45156,
    "index": 63
  },
  {
    "name": "Require(54) node_modules/egg-validate/app.js",
    "start": 1648545394559,
    "end": 1648545394559,
    "duration": 0,
    "pid": 45156,
    "index": 64
  },
  {
    "name": "Require(55) node_modules/egg-cors/app.js",
    "start": 1648545394560,
    "end": 1648545394560,
    "duration": 0,
    "pid": 45156,
    "index": 65
  },
  {
    "name": "Before Start in node_modules/egg-watcher/lib/init.js:15:14",
    "start": 1648545394567,
    "end": 1648545394992,
    "duration": 425,
    "pid": 45156,
    "index": 66
  },
  {
    "name": "Before Start in node_modules/egg-mongoose/lib/mongoose.js:104:7",
    "start": 1648545394827,
    "end": 1648545394990,
    "duration": 163,
    "pid": 45156,
    "index": 67
  },
  {
    "name": "Before Start in node_modules/egg-mongoose/lib/mongoose.js:52:9",
    "start": 1648545394827,
    "end": 1648545394977,
    "duration": 150,
    "pid": 45156,
    "index": 68
  },
  {
    "name": "Load Service",
    "start": 1648545394828,
    "end": 1648545394848,
    "duration": 20,
    "pid": 45156,
    "index": 69
  },
  {
    "name": "Load \"service\" to Context",
    "start": 1648545394828,
    "end": 1648545394848,
    "duration": 20,
    "pid": 45156,
    "index": 70
  },
  {
    "name": "Load Middleware",
    "start": 1648545394848,
    "end": 1648545394931,
    "duration": 83,
    "pid": 45156,
    "index": 71
  },
  {
    "name": "Load \"middlewares\" to Application",
    "start": 1648545394848,
    "end": 1648545394920,
    "duration": 72,
    "pid": 45156,
    "index": 72
  },
  {
    "name": "Load Controller",
    "start": 1648545394931,
    "end": 1648545394935,
    "duration": 4,
    "pid": 45156,
    "index": 73
  },
  {
    "name": "Load \"controller\" to Application",
    "start": 1648545394931,
    "end": 1648545394935,
    "duration": 4,
    "pid": 45156,
    "index": 74
  },
  {
    "name": "Load Router",
    "start": 1648545394935,
    "end": 1648545394947,
    "duration": 12,
    "pid": 45156,
    "index": 75
  },
  {
    "name": "Require(56) app/router.js",
    "start": 1648545394935,
    "end": 1648545394935,
    "duration": 0,
    "pid": 45156,
    "index": 76
  },
  {
    "name": "Before Start in node_modules/egg-core/lib/egg.js:303:10",
    "start": 1648545394936,
    "end": 1648545394977,
    "duration": 41,
    "pid": 45156,
    "index": 77
  },
  {
    "name": "Load \"model\" to Application",
    "start": 1648545394961,
    "end": 1648545394977,
    "duration": 16,
    "pid": 45156,
    "index": 78
  }
]