[
  {
    "name": "Process Start",
    "start": 1648544953752,
    "end": 1648544954491,
    "duration": 739,
    "pid": 45116,
    "index": 0
  },
  {
    "name": "Application Start",
    "start": 1648544954491,
    "end": 1648544955086,
    "duration": 595,
    "pid": 45116,
    "index": 1
  },
  {
    "name": "Load Plugin",
    "start": 1648544954494,
    "end": 1648544954506,
    "duration": 12,
    "pid": 45116,
    "index": 2
  },
  {
    "name": "Load Config",
    "start": 1648544954506,
    "end": 1648544954523,
    "duration": 17,
    "pid": 45116,
    "index": 3
  },
  {
    "name": "Require(0) config/config.default.js",
    "start": 1648544954507,
    "end": 1648544954507,
    "duration": 0,
    "pid": 45116,
    "index": 4
  },
  {
    "name": "Require(1) config/config.local.js",
    "start": 1648544954508,
    "end": 1648544954508,
    "duration": 0,
    "pid": 45116,
    "index": 5
  },
  {
    "name": "Require(2) node_modules/egg-session/config/config.default.js",
    "start": 1648544954509,
    "end": 1648544954509,
    "duration": 0,
    "pid": 45116,
    "index": 6
  },
  {
    "name": "Require(3) node_modules/egg-security/config/config.default.js",
    "start": 1648544954509,
    "end": 1648544954509,
    "duration": 0,
    "pid": 45116,
    "index": 7
  },
  {
    "name": "Require(4) node_modules/egg-jsonp/config/config.default.js",
    "start": 1648544954510,
    "end": 1648544954511,
    "duration": 1,
    "pid": 45116,
    "index": 8
  },
  {
    "name": "Require(5) node_modules/egg-onerror/config/config.default.js",
    "start": 1648544954511,
    "end": 1648544954511,
    "duration": 0,
    "pid": 45116,
    "index": 9
  },
  {
    "name": "Require(6) node_modules/egg-i18n/config/config.default.js",
    "start": 1648544954512,
    "end": 1648544954512,
    "duration": 0,
    "pid": 45116,
    "index": 10
  },
  {
    "name": "Require(7) node_modules/egg-watcher/config/config.default.js",
    "start": 1648544954513,
    "end": 1648544954513,
    "duration": 0,
    "pid": 45116,
    "index": 11
  },
  {
    "name": "Require(8) node_modules/egg-schedule/config/config.default.js",
    "start": 1648544954513,
    "end": 1648544954514,
    "duration": 1,
    "pid": 45116,
    "index": 12
  },
  {
    "name": "Require(9) node_modules/egg-multipart/config/config.default.js",
    "start": 1648544954514,
    "end": 1648544954514,
    "duration": 0,
    "pid": 45116,
    "index": 13
  },
  {
    "name": "Require(10) node_modules/egg-development/config/config.default.js",
    "start": 1648544954515,
    "end": 1648544954515,
    "duration": 0,
    "pid": 45116,
    "index": 14
  },
  {
    "name": "Require(11) node_modules/egg-logrotator/config/config.default.js",
    "start": 1648544954515,
    "end": 1648544954515,
    "duration": 0,
    "pid": 45116,
    "index": 15
  },
  {
    "name": "Require(12) node_modules/egg-static/config/config.default.js",
    "start": 1648544954516,
    "end": 1648544954516,
    "duration": 0,
    "pid": 45116,
    "index": 16
  },
  {
    "name": "Require(13) node_modules/egg-view/config/config.default.js",
    "start": 1648544954516,
    "end": 1648544954517,
    "duration": 1,
    "pid": 45116,
    "index": 17
  },
  {
    "name": "Require(14) node_modules/egg-mongoose/config/config.default.js",
    "start": 1648544954517,
    "end": 1648544954517,
    "duration": 0,
    "pid": 45116,
    "index": 18
  },
  {
    "name": "Require(15) node_modules/egg-validate/config/config.default.js",
    "start": 1648544954517,
    "end": 1648544954518,
    "duration": 1,
    "pid": 45116,
    "index": 19
  },
  {
    "name": "Require(16) node_modules/egg-cors/config/config.default.js",
    "start": 1648544954518,
    "end": 1648544954518,
    "duration": 0,
    "pid": 45116,
    "index": 20
  },
  {
    "name": "Require(17) node_modules/egg/config/config.default.js",
    "start": 1648544954518,
    "end": 1648544954519,
    "duration": 1,
    "pid": 45116,
    "index": 21
  },
  {
    "name": "Require(18) config/config.default.js",
    "start": 1648544954520,
    "end": 1648544954520,
    "duration": 0,
    "pid": 45116,
    "index": 22
  },
  {
    "name": "Require(19) node_modules/egg-security/config/config.local.js",
    "start": 1648544954520,
    "end": 1648544954521,
    "duration": 1,
    "pid": 45116,
    "index": 23
  },
  {
    "name": "Require(20) node_modules/egg-watcher/config/config.local.js",
    "start": 1648544954522,
    "end": 1648544954522,
    "duration": 0,
    "pid": 45116,
    "index": 24
  },
  {
    "name": "Require(21) node_modules/egg-view/config/config.local.js",
    "start": 1648544954523,
    "end": 1648544954523,
    "duration": 0,
    "pid": 45116,
    "index": 25
  },
  {
    "name": "Require(22) node_modules/egg/config/config.local.js",
    "start": 1648544954523,
    "end": 1648544954523,
    "duration": 0,
    "pid": 45116,
    "index": 26
  },
  {
    "name": "Require(23) config/config.local.js",
    "start": 1648544954523,
    "end": 1648544954523,
    "duration": 0,
    "pid": 45116,
    "index": 27
  },
  {
    "name": "Load extend/application.js",
    "start": 1648544954524,
    "end": 1648544954574,
    "duration": 50,
    "pid": 45116,
    "index": 28
  },
  {
    "name": "Require(24) node_modules/egg-session/app/extend/application.js",
    "start": 1648544954528,
    "end": 1648544954528,
    "duration": 0,
    "pid": 45116,
    "index": 29
  },
  {
    "name": "Require(25) node_modules/egg-security/app/extend/application.js",
    "start": 1648544954529,
    "end": 1648544954530,
    "duration": 1,
    "pid": 45116,
    "index": 30
  },
  {
    "name": "Require(26) node_modules/egg-jsonp/app/extend/application.js",
    "start": 1648544954530,
    "end": 1648544954531,
    "duration": 1,
    "pid": 45116,
    "index": 31
  },
  {
    "name": "Require(27) node_modules/egg-logrotator/app/extend/application.js",
    "start": 1648544954532,
    "end": 1648544954533,
    "duration": 1,
    "pid": 45116,
    "index": 32
  },
  {
    "name": "Require(28) node_modules/egg-view/app/extend/application.js",
    "start": 1648544954534,
    "end": 1648544954535,
    "duration": 1,
    "pid": 45116,
    "index": 33
  },
  {
    "name": "Require(29) app/extend/application.js",
    "start": 1648544954536,
    "end": 1648544954572,
    "duration": 36,
    "pid": 45116,
    "index": 34
  },
  {
    "name": "Load extend/request.js",
    "start": 1648544954574,
    "end": 1648544954578,
    "duration": 4,
    "pid": 45116,
    "index": 35
  },
  {
    "name": "Require(30) node_modules/egg/app/extend/request.js",
    "start": 1648544954576,
    "end": 1648544954576,
    "duration": 0,
    "pid": 45116,
    "index": 36
  },
  {
    "name": "Load extend/response.js",
    "start": 1648544954578,
    "end": 1648544954583,
    "duration": 5,
    "pid": 45116,
    "index": 37
  },
  {
    "name": "Require(31) node_modules/egg/app/extend/response.js",
    "start": 1648544954580,
    "end": 1648544954581,
    "duration": 1,
    "pid": 45116,
    "index": 38
  },
  {
    "name": "Load extend/context.js",
    "start": 1648544954583,
    "end": 1648544954626,
    "duration": 43,
    "pid": 45116,
    "index": 39
  },
  {
    "name": "Require(32) node_modules/egg-security/app/extend/context.js",
    "start": 1648544954583,
    "end": 1648544954588,
    "duration": 5,
    "pid": 45116,
    "index": 40
  },
  {
    "name": "Require(33) node_modules/egg-jsonp/app/extend/context.js",
    "start": 1648544954588,
    "end": 1648544954589,
    "duration": 1,
    "pid": 45116,
    "index": 41
  },
  {
    "name": "Require(34) node_modules/egg-i18n/app/extend/context.js",
    "start": 1648544954589,
    "end": 1648544954589,
    "duration": 0,
    "pid": 45116,
    "index": 42
  },
  {
    "name": "Require(35) node_modules/egg-multipart/app/extend/context.js",
    "start": 1648544954590,
    "end": 1648544954622,
    "duration": 32,
    "pid": 45116,
    "index": 43
  },
  {
    "name": "Require(36) node_modules/egg-view/app/extend/context.js",
    "start": 1648544954622,
    "end": 1648544954623,
    "duration": 1,
    "pid": 45116,
    "index": 44
  },
  {
    "name": "Require(37) node_modules/egg-mongoose/app/extend/context.js",
    "start": 1648544954623,
    "end": 1648544954623,
    "duration": 0,
    "pid": 45116,
    "index": 45
  },
  {
    "name": "Require(38) node_modules/egg-validate/app/extend/context.js",
    "start": 1648544954623,
    "end": 1648544954624,
    "duration": 1,
    "pid": 45116,
    "index": 46
  },
  {
    "name": "Require(39) node_modules/egg/app/extend/context.js",
    "start": 1648544954624,
    "end": 1648544954624,
    "duration": 0,
    "pid": 45116,
    "index": 47
  },
  {
    "name": "Load extend/helper.js",
    "start": 1648544954626,
    "end": 1648544954640,
    "duration": 14,
    "pid": 45116,
    "index": 48
  },
  {
    "name": "Require(40) node_modules/egg-security/app/extend/helper.js",
    "start": 1648544954626,
    "end": 1648544954636,
    "duration": 10,
    "pid": 45116,
    "index": 49
  },
  {
    "name": "Require(41) node_modules/egg/app/extend/helper.js",
    "start": 1648544954638,
    "end": 1648544954638,
    "duration": 0,
    "pid": 45116,
    "index": 50
  },
  {
    "name": "Require(42) app/extend/helper.js",
    "start": 1648544954638,
    "end": 1648544954638,
    "duration": 0,
    "pid": 45116,
    "index": 51
  },
  {
    "name": "Load app.js",
    "start": 1648544954640,
    "end": 1648544954666,
    "duration": 26,
    "pid": 45116,
    "index": 52
  },
  {
    "name": "Require(43) node_modules/egg-session/app.js",
    "start": 1648544954640,
    "end": 1648544954640,
    "duration": 0,
    "pid": 45116,
    "index": 53
  },
  {
    "name": "Require(44) node_modules/egg-security/app.js",
    "start": 1648544954641,
    "end": 1648544954641,
    "duration": 0,
    "pid": 45116,
    "index": 54
  },
  {
    "name": "Require(45) node_modules/egg-onerror/app.js",
    "start": 1648544954642,
    "end": 1648544954647,
    "duration": 5,
    "pid": 45116,
    "index": 55
  },
  {
    "name": "Require(46) node_modules/egg-i18n/app.js",
    "start": 1648544954648,
    "end": 1648544954657,
    "duration": 9,
    "pid": 45116,
    "index": 56
  },
  {
    "name": "Require(47) node_modules/egg-watcher/app.js",
    "start": 1648544954658,
    "end": 1648544954659,
    "duration": 1,
    "pid": 45116,
    "index": 57
  },
  {
    "name": "Require(48) node_modules/egg-schedule/app.js",
    "start": 1648544954660,
    "end": 1648544954661,
    "duration": 1,
    "pid": 45116,
    "index": 58
  },
  {
    "name": "Require(49) node_modules/egg-multipart/app.js",
    "start": 1648544954661,
    "end": 1648544954661,
    "duration": 0,
    "pid": 45116,
    "index": 59
  },
  {
    "name": "Require(50) node_modules/egg-development/app.js",
    "start": 1648544954662,
    "end": 1648544954662,
    "duration": 0,
    "pid": 45116,
    "index": 60
  },
  {
    "name": "Require(51) node_modules/egg-logrotator/app.js",
    "start": 1648544954662,
    "end": 1648544954662,
    "duration": 0,
    "pid": 45116,
    "index": 61
  },
  {
    "name": "Require(52) node_modules/egg-static/app.js",
    "start": 1648544954663,
    "end": 1648544954663,
    "duration": 0,
    "pid": 45116,
    "index": 62
  },
  {
    "name": "Require(53) node_modules/egg-mongoose/app.js",
    "start": 1648544954663,
    "end": 1648544954663,
    "duration": 0,
    "pid": 45116,
    "index": 63
  },
  {
    "name": "Require(54) node_modules/egg-validate/app.js",
    "start": 1648544954663,
    "end": 1648544954665,
    "duration": 2,
    "pid": 45116,
    "index": 64
  },
  {
    "name": "Require(55) node_modules/egg-cors/app.js",
    "start": 1648544954665,
    "end": 1648544954665,
    "duration": 0,
    "pid": 45116,
    "index": 65
  },
  {
    "name": "Before Start in node_modules/egg-watcher/lib/init.js:15:14",
    "start": 1648544954672,
    "end": 1648544955086,
    "duration": 414,
    "pid": 45116,
    "index": 66
  },
  {
    "name": "Before Start in node_modules/egg-mongoose/lib/mongoose.js:104:7",
    "start": 1648544954965,
    "end": 1648544955085,
    "duration": 120,
    "pid": 45116,
    "index": 67
  },
  {
    "name": "Before Start in node_modules/egg-mongoose/lib/mongoose.js:52:9",
    "start": 1648544954965,
    "end": 1648544955074,
    "duration": 109,
    "pid": 45116,
    "index": 68
  },
  {
    "name": "Load Service",
    "start": 1648544954965,
    "end": 1648544954986,
    "duration": 21,
    "pid": 45116,
    "index": 69
  },
  {
    "name": "Load \"service\" to Context",
    "start": 1648544954965,
    "end": 1648544954986,
    "duration": 21,
    "pid": 45116,
    "index": 70
  },
  {
    "name": "Load Middleware",
    "start": 1648544954986,
    "end": 1648544955052,
    "duration": 66,
    "pid": 45116,
    "index": 71
  },
  {
    "name": "Load \"middlewares\" to Application",
    "start": 1648544954986,
    "end": 1648544955045,
    "duration": 59,
    "pid": 45116,
    "index": 72
  },
  {
    "name": "Load Controller",
    "start": 1648544955052,
    "end": 1648544955054,
    "duration": 2,
    "pid": 45116,
    "index": 73
  },
  {
    "name": "Load \"controller\" to Application",
    "start": 1648544955052,
    "end": 1648544955054,
    "duration": 2,
    "pid": 45116,
    "index": 74
  },
  {
    "name": "Load Router",
    "start": 1648544955054,
    "end": 1648544955056,
    "duration": 2,
    "pid": 45116,
    "index": 75
  },
  {
    "name": "Require(56) app/router.js",
    "start": 1648544955054,
    "end": 1648544955054,
    "duration": 0,
    "pid": 45116,
    "index": 76
  },
  {
    "name": "Before Start in node_modules/egg-core/lib/egg.js:303:10",
    "start": 1648544955055,
    "end": 1648544955074,
    "duration": 19,
    "pid": 45116,
    "index": 77
  },
  {
    "name": "Load \"model\" to Application",
    "start": 1648544955061,
    "end": 1648544955074,
    "duration": 13,
    "pid": 45116,
    "index": 78
  }
]