[
  {
    "name": "Process Start",
    "start": 1648460838657,
    "end": 1648460839393,
    "duration": 736,
    "pid": 37840,
    "index": 0
  },
  {
    "name": "Application Start",
    "start": 1648460839393,
    "end": 1648460839905,
    "duration": 512,
    "pid": 37840,
    "index": 1
  },
  {
    "name": "Load Plugin",
    "start": 1648460839396,
    "end": 1648460839407,
    "duration": 11,
    "pid": 37840,
    "index": 2
  },
  {
    "name": "Load Config",
    "start": 1648460839407,
    "end": 1648460839427,
    "duration": 20,
    "pid": 37840,
    "index": 3
  },
  {
    "name": "Require(0) config/config.default.js",
    "start": 1648460839408,
    "end": 1648460839408,
    "duration": 0,
    "pid": 37840,
    "index": 4
  },
  {
    "name": "Require(1) config/config.local.js",
    "start": 1648460839408,
    "end": 1648460839409,
    "duration": 1,
    "pid": 37840,
    "index": 5
  },
  {
    "name": "Require(2) node_modules/egg-session/config/config.default.js",
    "start": 1648460839409,
    "end": 1648460839409,
    "duration": 0,
    "pid": 37840,
    "index": 6
  },
  {
    "name": "Require(3) node_modules/egg-security/config/config.default.js",
    "start": 1648460839409,
    "end": 1648460839410,
    "duration": 1,
    "pid": 37840,
    "index": 7
  },
  {
    "name": "Require(4) node_modules/egg-jsonp/config/config.default.js",
    "start": 1648460839410,
    "end": 1648460839411,
    "duration": 1,
    "pid": 37840,
    "index": 8
  },
  {
    "name": "Require(5) node_modules/egg-onerror/config/config.default.js",
    "start": 1648460839411,
    "end": 1648460839411,
    "duration": 0,
    "pid": 37840,
    "index": 9
  },
  {
    "name": "Require(6) node_modules/egg-i18n/config/config.default.js",
    "start": 1648460839411,
    "end": 1648460839412,
    "duration": 1,
    "pid": 37840,
    "index": 10
  },
  {
    "name": "Require(7) node_modules/egg-watcher/config/config.default.js",
    "start": 1648460839412,
    "end": 1648460839413,
    "duration": 1,
    "pid": 37840,
    "index": 11
  },
  {
    "name": "Require(8) node_modules/egg-schedule/config/config.default.js",
    "start": 1648460839413,
    "end": 1648460839413,
    "duration": 0,
    "pid": 37840,
    "index": 12
  },
  {
    "name": "Require(9) node_modules/egg-multipart/config/config.default.js",
    "start": 1648460839414,
    "end": 1648460839414,
    "duration": 0,
    "pid": 37840,
    "index": 13
  },
  {
    "name": "Require(10) node_modules/egg-development/config/config.default.js",
    "start": 1648460839414,
    "end": 1648460839415,
    "duration": 1,
    "pid": 37840,
    "index": 14
  },
  {
    "name": "Require(11) node_modules/egg-logrotator/config/config.default.js",
    "start": 1648460839415,
    "end": 1648460839415,
    "duration": 0,
    "pid": 37840,
    "index": 15
  },
  {
    "name": "Require(12) node_modules/egg-static/config/config.default.js",
    "start": 1648460839416,
    "end": 1648460839416,
    "duration": 0,
    "pid": 37840,
    "index": 16
  },
  {
    "name": "Require(13) node_modules/egg-view/config/config.default.js",
    "start": 1648460839416,
    "end": 1648460839416,
    "duration": 0,
    "pid": 37840,
    "index": 17
  },
  {
    "name": "Require(14) node_modules/egg-mongoose/config/config.default.js",
    "start": 1648460839417,
    "end": 1648460839417,
    "duration": 0,
    "pid": 37840,
    "index": 18
  },
  {
    "name": "Require(15) node_modules/egg-validate/config/config.default.js",
    "start": 1648460839417,
    "end": 1648460839417,
    "duration": 0,
    "pid": 37840,
    "index": 19
  },
  {
    "name": "Require(16) node_modules/egg-cors/config/config.default.js",
    "start": 1648460839418,
    "end": 1648460839418,
    "duration": 0,
    "pid": 37840,
    "index": 20
  },
  {
    "name": "Require(17) node_modules/egg/config/config.default.js",
    "start": 1648460839418,
    "end": 1648460839419,
    "duration": 1,
    "pid": 37840,
    "index": 21
  },
  {
    "name": "Require(18) config/config.default.js",
    "start": 1648460839420,
    "end": 1648460839420,
    "duration": 0,
    "pid": 37840,
    "index": 22
  },
  {
    "name": "Require(19) node_modules/egg-security/config/config.local.js",
    "start": 1648460839421,
    "end": 1648460839422,
    "duration": 1,
    "pid": 37840,
    "index": 23
  },
  {
    "name": "Require(20) node_modules/egg-watcher/config/config.local.js",
    "start": 1648460839423,
    "end": 1648460839423,
    "duration": 0,
    "pid": 37840,
    "index": 24
  },
  {
    "name": "Require(21) node_modules/egg-view/config/config.local.js",
    "start": 1648460839426,
    "end": 1648460839426,
    "duration": 0,
    "pid": 37840,
    "index": 25
  },
  {
    "name": "Require(22) node_modules/egg/config/config.local.js",
    "start": 1648460839427,
    "end": 1648460839427,
    "duration": 0,
    "pid": 37840,
    "index": 26
  },
  {
    "name": "Require(23) config/config.local.js",
    "start": 1648460839427,
    "end": 1648460839427,
    "duration": 0,
    "pid": 37840,
    "index": 27
  },
  {
    "name": "Load extend/application.js",
    "start": 1648460839428,
    "end": 1648460839464,
    "duration": 36,
    "pid": 37840,
    "index": 28
  },
  {
    "name": "Require(24) node_modules/egg-session/app/extend/application.js",
    "start": 1648460839428,
    "end": 1648460839428,
    "duration": 0,
    "pid": 37840,
    "index": 29
  },
  {
    "name": "Require(25) node_modules/egg-security/app/extend/application.js",
    "start": 1648460839429,
    "end": 1648460839429,
    "duration": 0,
    "pid": 37840,
    "index": 30
  },
  {
    "name": "Require(26) node_modules/egg-jsonp/app/extend/application.js",
    "start": 1648460839429,
    "end": 1648460839430,
    "duration": 1,
    "pid": 37840,
    "index": 31
  },
  {
    "name": "Require(27) node_modules/egg-logrotator/app/extend/application.js",
    "start": 1648460839431,
    "end": 1648460839432,
    "duration": 1,
    "pid": 37840,
    "index": 32
  },
  {
    "name": "Require(28) node_modules/egg-view/app/extend/application.js",
    "start": 1648460839432,
    "end": 1648460839433,
    "duration": 1,
    "pid": 37840,
    "index": 33
  },
  {
    "name": "Require(29) app/extend/application.js",
    "start": 1648460839433,
    "end": 1648460839462,
    "duration": 29,
    "pid": 37840,
    "index": 34
  },
  {
    "name": "Load extend/request.js",
    "start": 1648460839464,
    "end": 1648460839467,
    "duration": 3,
    "pid": 37840,
    "index": 35
  },
  {
    "name": "Require(30) node_modules/egg/app/extend/request.js",
    "start": 1648460839465,
    "end": 1648460839466,
    "duration": 1,
    "pid": 37840,
    "index": 36
  },
  {
    "name": "Load extend/response.js",
    "start": 1648460839467,
    "end": 1648460839471,
    "duration": 4,
    "pid": 37840,
    "index": 37
  },
  {
    "name": "Require(31) node_modules/egg/app/extend/response.js",
    "start": 1648460839469,
    "end": 1648460839469,
    "duration": 0,
    "pid": 37840,
    "index": 38
  },
  {
    "name": "Load extend/context.js",
    "start": 1648460839471,
    "end": 1648460839510,
    "duration": 39,
    "pid": 37840,
    "index": 39
  },
  {
    "name": "Require(32) node_modules/egg-security/app/extend/context.js",
    "start": 1648460839471,
    "end": 1648460839476,
    "duration": 5,
    "pid": 37840,
    "index": 40
  },
  {
    "name": "Require(33) node_modules/egg-jsonp/app/extend/context.js",
    "start": 1648460839476,
    "end": 1648460839477,
    "duration": 1,
    "pid": 37840,
    "index": 41
  },
  {
    "name": "Require(34) node_modules/egg-i18n/app/extend/context.js",
    "start": 1648460839477,
    "end": 1648460839477,
    "duration": 0,
    "pid": 37840,
    "index": 42
  },
  {
    "name": "Require(35) node_modules/egg-multipart/app/extend/context.js",
    "start": 1648460839477,
    "end": 1648460839506,
    "duration": 29,
    "pid": 37840,
    "index": 43
  },
  {
    "name": "Require(36) node_modules/egg-view/app/extend/context.js",
    "start": 1648460839506,
    "end": 1648460839507,
    "duration": 1,
    "pid": 37840,
    "index": 44
  },
  {
    "name": "Require(37) node_modules/egg-mongoose/app/extend/context.js",
    "start": 1648460839507,
    "end": 1648460839507,
    "duration": 0,
    "pid": 37840,
    "index": 45
  },
  {
    "name": "Require(38) node_modules/egg-validate/app/extend/context.js",
    "start": 1648460839507,
    "end": 1648460839508,
    "duration": 1,
    "pid": 37840,
    "index": 46
  },
  {
    "name": "Require(39) node_modules/egg/app/extend/context.js",
    "start": 1648460839508,
    "end": 1648460839508,
    "duration": 0,
    "pid": 37840,
    "index": 47
  },
  {
    "name": "Load extend/helper.js",
    "start": 1648460839510,
    "end": 1648460839523,
    "duration": 13,
    "pid": 37840,
    "index": 48
  },
  {
    "name": "Require(40) node_modules/egg-security/app/extend/helper.js",
    "start": 1648460839510,
    "end": 1648460839519,
    "duration": 9,
    "pid": 37840,
    "index": 49
  },
  {
    "name": "Require(41) node_modules/egg/app/extend/helper.js",
    "start": 1648460839521,
    "end": 1648460839521,
    "duration": 0,
    "pid": 37840,
    "index": 50
  },
  {
    "name": "Require(42) app/extend/helper.js",
    "start": 1648460839521,
    "end": 1648460839521,
    "duration": 0,
    "pid": 37840,
    "index": 51
  },
  {
    "name": "Load app.js",
    "start": 1648460839523,
    "end": 1648460839547,
    "duration": 24,
    "pid": 37840,
    "index": 52
  },
  {
    "name": "Require(43) node_modules/egg-session/app.js",
    "start": 1648460839523,
    "end": 1648460839523,
    "duration": 0,
    "pid": 37840,
    "index": 53
  },
  {
    "name": "Require(44) node_modules/egg-security/app.js",
    "start": 1648460839523,
    "end": 1648460839525,
    "duration": 2,
    "pid": 37840,
    "index": 54
  },
  {
    "name": "Require(45) node_modules/egg-onerror/app.js",
    "start": 1648460839525,
    "end": 1648460839529,
    "duration": 4,
    "pid": 37840,
    "index": 55
  },
  {
    "name": "Require(46) node_modules/egg-i18n/app.js",
    "start": 1648460839529,
    "end": 1648460839540,
    "duration": 11,
    "pid": 37840,
    "index": 56
  },
  {
    "name": "Require(47) node_modules/egg-watcher/app.js",
    "start": 1648460839540,
    "end": 1648460839542,
    "duration": 2,
    "pid": 37840,
    "index": 57
  },
  {
    "name": "Require(48) node_modules/egg-schedule/app.js",
    "start": 1648460839542,
    "end": 1648460839543,
    "duration": 1,
    "pid": 37840,
    "index": 58
  },
  {
    "name": "Require(49) node_modules/egg-multipart/app.js",
    "start": 1648460839543,
    "end": 1648460839544,
    "duration": 1,
    "pid": 37840,
    "index": 59
  },
  {
    "name": "Require(50) node_modules/egg-development/app.js",
    "start": 1648460839544,
    "end": 1648460839544,
    "duration": 0,
    "pid": 37840,
    "index": 60
  },
  {
    "name": "Require(51) node_modules/egg-logrotator/app.js",
    "start": 1648460839544,
    "end": 1648460839544,
    "duration": 0,
    "pid": 37840,
    "index": 61
  },
  {
    "name": "Require(52) node_modules/egg-static/app.js",
    "start": 1648460839544,
    "end": 1648460839545,
    "duration": 1,
    "pid": 37840,
    "index": 62
  },
  {
    "name": "Require(53) node_modules/egg-mongoose/app.js",
    "start": 1648460839545,
    "end": 1648460839545,
    "duration": 0,
    "pid": 37840,
    "index": 63
  },
  {
    "name": "Require(54) node_modules/egg-validate/app.js",
    "start": 1648460839545,
    "end": 1648460839546,
    "duration": 1,
    "pid": 37840,
    "index": 64
  },
  {
    "name": "Require(55) node_modules/egg-cors/app.js",
    "start": 1648460839546,
    "end": 1648460839546,
    "duration": 0,
    "pid": 37840,
    "index": 65
  },
  {
    "name": "Before Start in node_modules/egg-watcher/lib/init.js:15:14",
    "start": 1648460839553,
    "end": 1648460839904,
    "duration": 351,
    "pid": 37840,
    "index": 66
  },
  {
    "name": "Before Start in node_modules/egg-mongoose/lib/mongoose.js:104:7",
    "start": 1648460839791,
    "end": 1648460839903,
    "duration": 112,
    "pid": 37840,
    "index": 67
  },
  {
    "name": "Before Start in node_modules/egg-mongoose/lib/mongoose.js:52:9",
    "start": 1648460839791,
    "end": 1648460839893,
    "duration": 102,
    "pid": 37840,
    "index": 68
  },
  {
    "name": "Load Service",
    "start": 1648460839791,
    "end": 1648460839810,
    "duration": 19,
    "pid": 37840,
    "index": 69
  },
  {
    "name": "Load \"service\" to Context",
    "start": 1648460839791,
    "end": 1648460839810,
    "duration": 19,
    "pid": 37840,
    "index": 70
  },
  {
    "name": "Load Middleware",
    "start": 1648460839810,
    "end": 1648460839872,
    "duration": 62,
    "pid": 37840,
    "index": 71
  },
  {
    "name": "Load \"middlewares\" to Application",
    "start": 1648460839810,
    "end": 1648460839866,
    "duration": 56,
    "pid": 37840,
    "index": 72
  },
  {
    "name": "Load Controller",
    "start": 1648460839872,
    "end": 1648460839874,
    "duration": 2,
    "pid": 37840,
    "index": 73
  },
  {
    "name": "Load \"controller\" to Application",
    "start": 1648460839872,
    "end": 1648460839874,
    "duration": 2,
    "pid": 37840,
    "index": 74
  },
  {
    "name": "Load Router",
    "start": 1648460839874,
    "end": 1648460839876,
    "duration": 2,
    "pid": 37840,
    "index": 75
  },
  {
    "name": "Require(56) app/router.js",
    "start": 1648460839874,
    "end": 1648460839874,
    "duration": 0,
    "pid": 37840,
    "index": 76
  },
  {
    "name": "Before Start in node_modules/egg-core/lib/egg.js:303:10",
    "start": 1648460839874,
    "end": 1648460839893,
    "duration": 19,
    "pid": 37840,
    "index": 77
  },
  {
    "name": "Load \"model\" to Application",
    "start": 1648460839881,
    "end": 1648460839892,
    "duration": 11,
    "pid": 37840,
    "index": 78
  }
]