[
  {
    "name": "Process Start",
    "start": 1648524614018,
    "end": 1648524614880,
    "duration": 862,
    "pid": 23672,
    "index": 0
  },
  {
    "name": "Application Start",
    "start": 1648524614881,
    "end": 1648524615598,
    "duration": 717,
    "pid": 23672,
    "index": 1
  },
  {
    "name": "Load Plugin",
    "start": 1648524614884,
    "end": 1648524614897,
    "duration": 13,
    "pid": 23672,
    "index": 2
  },
  {
    "name": "Load Config",
    "start": 1648524614897,
    "end": 1648524614921,
    "duration": 24,
    "pid": 23672,
    "index": 3
  },
  {
    "name": "Require(0) config/config.default.js",
    "start": 1648524614898,
    "end": 1648524614898,
    "duration": 0,
    "pid": 23672,
    "index": 4
  },
  {
    "name": "Require(1) config/config.local.js",
    "start": 1648524614899,
    "end": 1648524614900,
    "duration": 1,
    "pid": 23672,
    "index": 5
  },
  {
    "name": "Require(2) node_modules/egg-session/config/config.default.js",
    "start": 1648524614900,
    "end": 1648524614900,
    "duration": 0,
    "pid": 23672,
    "index": 6
  },
  {
    "name": "Require(3) node_modules/egg-security/config/config.default.js",
    "start": 1648524614901,
    "end": 1648524614901,
    "duration": 0,
    "pid": 23672,
    "index": 7
  },
  {
    "name": "Require(4) node_modules/egg-jsonp/config/config.default.js",
    "start": 1648524614902,
    "end": 1648524614902,
    "duration": 0,
    "pid": 23672,
    "index": 8
  },
  {
    "name": "Require(5) node_modules/egg-onerror/config/config.default.js",
    "start": 1648524614903,
    "end": 1648524614903,
    "duration": 0,
    "pid": 23672,
    "index": 9
  },
  {
    "name": "Require(6) node_modules/egg-i18n/config/config.default.js",
    "start": 1648524614903,
    "end": 1648524614904,
    "duration": 1,
    "pid": 23672,
    "index": 10
  },
  {
    "name": "Require(7) node_modules/egg-watcher/config/config.default.js",
    "start": 1648524614904,
    "end": 1648524614904,
    "duration": 0,
    "pid": 23672,
    "index": 11
  },
  {
    "name": "Require(8) node_modules/egg-schedule/config/config.default.js",
    "start": 1648524614905,
    "end": 1648524614905,
    "duration": 0,
    "pid": 23672,
    "index": 12
  },
  {
    "name": "Require(9) node_modules/egg-multipart/config/config.default.js",
    "start": 1648524614905,
    "end": 1648524614906,
    "duration": 1,
    "pid": 23672,
    "index": 13
  },
  {
    "name": "Require(10) node_modules/egg-development/config/config.default.js",
    "start": 1648524614906,
    "end": 1648524614907,
    "duration": 1,
    "pid": 23672,
    "index": 14
  },
  {
    "name": "Require(11) node_modules/egg-logrotator/config/config.default.js",
    "start": 1648524614907,
    "end": 1648524614907,
    "duration": 0,
    "pid": 23672,
    "index": 15
  },
  {
    "name": "Require(12) node_modules/egg-static/config/config.default.js",
    "start": 1648524614908,
    "end": 1648524614908,
    "duration": 0,
    "pid": 23672,
    "index": 16
  },
  {
    "name": "Require(13) node_modules/egg-view/config/config.default.js",
    "start": 1648524614908,
    "end": 1648524614909,
    "duration": 1,
    "pid": 23672,
    "index": 17
  },
  {
    "name": "Require(14) node_modules/egg-mongoose/config/config.default.js",
    "start": 1648524614909,
    "end": 1648524614909,
    "duration": 0,
    "pid": 23672,
    "index": 18
  },
  {
    "name": "Require(15) node_modules/egg-validate/config/config.default.js",
    "start": 1648524614910,
    "end": 1648524614910,
    "duration": 0,
    "pid": 23672,
    "index": 19
  },
  {
    "name": "Require(16) node_modules/egg-cors/config/config.default.js",
    "start": 1648524614910,
    "end": 1648524614910,
    "duration": 0,
    "pid": 23672,
    "index": 20
  },
  {
    "name": "Require(17) node_modules/egg/config/config.default.js",
    "start": 1648524614911,
    "end": 1648524614911,
    "duration": 0,
    "pid": 23672,
    "index": 21
  },
  {
    "name": "Require(18) config/config.default.js",
    "start": 1648524614912,
    "end": 1648524614912,
    "duration": 0,
    "pid": 23672,
    "index": 22
  },
  {
    "name": "Require(19) node_modules/egg-security/config/config.local.js",
    "start": 1648524614912,
    "end": 1648524614914,
    "duration": 2,
    "pid": 23672,
    "index": 23
  },
  {
    "name": "Require(20) node_modules/egg-watcher/config/config.local.js",
    "start": 1648524614917,
    "end": 1648524614918,
    "duration": 1,
    "pid": 23672,
    "index": 24
  },
  {
    "name": "Require(21) node_modules/egg-view/config/config.local.js",
    "start": 1648524614919,
    "end": 1648524614919,
    "duration": 0,
    "pid": 23672,
    "index": 25
  },
  {
    "name": "Require(22) node_modules/egg/config/config.local.js",
    "start": 1648524614920,
    "end": 1648524614921,
    "duration": 1,
    "pid": 23672,
    "index": 26
  },
  {
    "name": "Require(23) config/config.local.js",
    "start": 1648524614921,
    "end": 1648524614921,
    "duration": 0,
    "pid": 23672,
    "index": 27
  },
  {
    "name": "Load extend/application.js",
    "start": 1648524614922,
    "end": 1648524614972,
    "duration": 50,
    "pid": 23672,
    "index": 28
  },
  {
    "name": "Require(24) node_modules/egg-session/app/extend/application.js",
    "start": 1648524614922,
    "end": 1648524614922,
    "duration": 0,
    "pid": 23672,
    "index": 29
  },
  {
    "name": "Require(25) node_modules/egg-security/app/extend/application.js",
    "start": 1648524614923,
    "end": 1648524614923,
    "duration": 0,
    "pid": 23672,
    "index": 30
  },
  {
    "name": "Require(26) node_modules/egg-jsonp/app/extend/application.js",
    "start": 1648524614924,
    "end": 1648524614925,
    "duration": 1,
    "pid": 23672,
    "index": 31
  },
  {
    "name": "Require(27) node_modules/egg-logrotator/app/extend/application.js",
    "start": 1648524614925,
    "end": 1648524614926,
    "duration": 1,
    "pid": 23672,
    "index": 32
  },
  {
    "name": "Require(28) node_modules/egg-view/app/extend/application.js",
    "start": 1648524614927,
    "end": 1648524614928,
    "duration": 1,
    "pid": 23672,
    "index": 33
  },
  {
    "name": "Require(29) app/extend/application.js",
    "start": 1648524614928,
    "end": 1648524614970,
    "duration": 42,
    "pid": 23672,
    "index": 34
  },
  {
    "name": "Load extend/request.js",
    "start": 1648524614972,
    "end": 1648524614976,
    "duration": 4,
    "pid": 23672,
    "index": 35
  },
  {
    "name": "Require(30) node_modules/egg/app/extend/request.js",
    "start": 1648524614974,
    "end": 1648524614975,
    "duration": 1,
    "pid": 23672,
    "index": 36
  },
  {
    "name": "Load extend/response.js",
    "start": 1648524614976,
    "end": 1648524614981,
    "duration": 5,
    "pid": 23672,
    "index": 37
  },
  {
    "name": "Require(31) node_modules/egg/app/extend/response.js",
    "start": 1648524614979,
    "end": 1648524614979,
    "duration": 0,
    "pid": 23672,
    "index": 38
  },
  {
    "name": "Load extend/context.js",
    "start": 1648524614981,
    "end": 1648524615029,
    "duration": 48,
    "pid": 23672,
    "index": 39
  },
  {
    "name": "Require(32) node_modules/egg-security/app/extend/context.js",
    "start": 1648524614982,
    "end": 1648524614987,
    "duration": 5,
    "pid": 23672,
    "index": 40
  },
  {
    "name": "Require(33) node_modules/egg-jsonp/app/extend/context.js",
    "start": 1648524614988,
    "end": 1648524614988,
    "duration": 0,
    "pid": 23672,
    "index": 41
  },
  {
    "name": "Require(34) node_modules/egg-i18n/app/extend/context.js",
    "start": 1648524614989,
    "end": 1648524614989,
    "duration": 0,
    "pid": 23672,
    "index": 42
  },
  {
    "name": "Require(35) node_modules/egg-multipart/app/extend/context.js",
    "start": 1648524614989,
    "end": 1648524615024,
    "duration": 35,
    "pid": 23672,
    "index": 43
  },
  {
    "name": "Require(36) node_modules/egg-view/app/extend/context.js",
    "start": 1648524615025,
    "end": 1648524615026,
    "duration": 1,
    "pid": 23672,
    "index": 44
  },
  {
    "name": "Require(37) node_modules/egg-mongoose/app/extend/context.js",
    "start": 1648524615026,
    "end": 1648524615026,
    "duration": 0,
    "pid": 23672,
    "index": 45
  },
  {
    "name": "Require(38) node_modules/egg-validate/app/extend/context.js",
    "start": 1648524615026,
    "end": 1648524615027,
    "duration": 1,
    "pid": 23672,
    "index": 46
  },
  {
    "name": "Require(39) node_modules/egg/app/extend/context.js",
    "start": 1648524615027,
    "end": 1648524615027,
    "duration": 0,
    "pid": 23672,
    "index": 47
  },
  {
    "name": "Load extend/helper.js",
    "start": 1648524615029,
    "end": 1648524615044,
    "duration": 15,
    "pid": 23672,
    "index": 48
  },
  {
    "name": "Require(40) node_modules/egg-security/app/extend/helper.js",
    "start": 1648524615030,
    "end": 1648524615040,
    "duration": 10,
    "pid": 23672,
    "index": 49
  },
  {
    "name": "Require(41) node_modules/egg/app/extend/helper.js",
    "start": 1648524615042,
    "end": 1648524615042,
    "duration": 0,
    "pid": 23672,
    "index": 50
  },
  {
    "name": "Require(42) app/extend/helper.js",
    "start": 1648524615042,
    "end": 1648524615042,
    "duration": 0,
    "pid": 23672,
    "index": 51
  },
  {
    "name": "Load app.js",
    "start": 1648524615044,
    "end": 1648524615076,
    "duration": 32,
    "pid": 23672,
    "index": 52
  },
  {
    "name": "Require(43) node_modules/egg-session/app.js",
    "start": 1648524615045,
    "end": 1648524615045,
    "duration": 0,
    "pid": 23672,
    "index": 53
  },
  {
    "name": "Require(44) node_modules/egg-security/app.js",
    "start": 1648524615045,
    "end": 1648524615046,
    "duration": 1,
    "pid": 23672,
    "index": 54
  },
  {
    "name": "Require(45) node_modules/egg-onerror/app.js",
    "start": 1648524615047,
    "end": 1648524615053,
    "duration": 6,
    "pid": 23672,
    "index": 55
  },
  {
    "name": "Require(46) node_modules/egg-i18n/app.js",
    "start": 1648524615054,
    "end": 1648524615067,
    "duration": 13,
    "pid": 23672,
    "index": 56
  },
  {
    "name": "Require(47) node_modules/egg-watcher/app.js",
    "start": 1648524615067,
    "end": 1648524615069,
    "duration": 2,
    "pid": 23672,
    "index": 57
  },
  {
    "name": "Require(48) node_modules/egg-schedule/app.js",
    "start": 1648524615070,
    "end": 1648524615071,
    "duration": 1,
    "pid": 23672,
    "index": 58
  },
  {
    "name": "Require(49) node_modules/egg-multipart/app.js",
    "start": 1648524615071,
    "end": 1648524615071,
    "duration": 0,
    "pid": 23672,
    "index": 59
  },
  {
    "name": "Require(50) node_modules/egg-development/app.js",
    "start": 1648524615071,
    "end": 1648524615072,
    "duration": 1,
    "pid": 23672,
    "index": 60
  },
  {
    "name": "Require(51) node_modules/egg-logrotator/app.js",
    "start": 1648524615072,
    "end": 1648524615072,
    "duration": 0,
    "pid": 23672,
    "index": 61
  },
  {
    "name": "Require(52) node_modules/egg-static/app.js",
    "start": 1648524615073,
    "end": 1648524615073,
    "duration": 0,
    "pid": 23672,
    "index": 62
  },
  {
    "name": "Require(53) node_modules/egg-mongoose/app.js",
    "start": 1648524615073,
    "end": 1648524615073,
    "duration": 0,
    "pid": 23672,
    "index": 63
  },
  {
    "name": "Require(54) node_modules/egg-validate/app.js",
    "start": 1648524615074,
    "end": 1648524615075,
    "duration": 1,
    "pid": 23672,
    "index": 64
  },
  {
    "name": "Require(55) node_modules/egg-cors/app.js",
    "start": 1648524615075,
    "end": 1648524615075,
    "duration": 0,
    "pid": 23672,
    "index": 65
  },
  {
    "name": "Before Start in node_modules/egg-watcher/lib/init.js:15:14",
    "start": 1648524615083,
    "end": 1648524615597,
    "duration": 514,
    "pid": 23672,
    "index": 66
  },
  {
    "name": "Before Start in node_modules/egg-mongoose/lib/mongoose.js:104:7",
    "start": 1648524615423,
    "end": 1648524615594,
    "duration": 171,
    "pid": 23672,
    "index": 67
  },
  {
    "name": "Before Start in node_modules/egg-mongoose/lib/mongoose.js:52:9",
    "start": 1648524615423,
    "end": 1648524615576,
    "duration": 153,
    "pid": 23672,
    "index": 68
  },
  {
    "name": "Load Service",
    "start": 1648524615423,
    "end": 1648524615448,
    "duration": 25,
    "pid": 23672,
    "index": 69
  },
  {
    "name": "Load \"service\" to Context",
    "start": 1648524615423,
    "end": 1648524615448,
    "duration": 25,
    "pid": 23672,
    "index": 70
  },
  {
    "name": "Load Middleware",
    "start": 1648524615448,
    "end": 1648524615546,
    "duration": 98,
    "pid": 23672,
    "index": 71
  },
  {
    "name": "Load \"middlewares\" to Application",
    "start": 1648524615449,
    "end": 1648524615534,
    "duration": 85,
    "pid": 23672,
    "index": 72
  },
  {
    "name": "Load Controller",
    "start": 1648524615546,
    "end": 1648524615549,
    "duration": 3,
    "pid": 23672,
    "index": 73
  },
  {
    "name": "Load \"controller\" to Application",
    "start": 1648524615546,
    "end": 1648524615549,
    "duration": 3,
    "pid": 23672,
    "index": 74
  },
  {
    "name": "Load Router",
    "start": 1648524615549,
    "end": 1648524615551,
    "duration": 2,
    "pid": 23672,
    "index": 75
  },
  {
    "name": "Require(56) app/router.js",
    "start": 1648524615549,
    "end": 1648524615550,
    "duration": 1,
    "pid": 23672,
    "index": 76
  },
  {
    "name": "Before Start in node_modules/egg-core/lib/egg.js:303:10",
    "start": 1648524615550,
    "end": 1648524615576,
    "duration": 26,
    "pid": 23672,
    "index": 77
  },
  {
    "name": "Load \"model\" to Application",
    "start": 1648524615558,
    "end": 1648524615576,
    "duration": 18,
    "pid": 23672,
    "index": 78
  }
]