[
  {
    "name": "Process Start",
    "start": 1648545267995,
    "end": 1648545268704,
    "duration": 709,
    "pid": 21128,
    "index": 0
  },
  {
    "name": "Application Start",
    "start": 1648545268704,
    "end": 1648545269221,
    "duration": 517,
    "pid": 21128,
    "index": 1
  },
  {
    "name": "Load Plugin",
    "start": 1648545268707,
    "end": 1648545268717,
    "duration": 10,
    "pid": 21128,
    "index": 2
  },
  {
    "name": "Load Config",
    "start": 1648545268717,
    "end": 1648545268733,
    "duration": 16,
    "pid": 21128,
    "index": 3
  },
  {
    "name": "Require(0) config/config.default.js",
    "start": 1648545268717,
    "end": 1648545268717,
    "duration": 0,
    "pid": 21128,
    "index": 4
  },
  {
    "name": "Require(1) config/config.local.js",
    "start": 1648545268718,
    "end": 1648545268718,
    "duration": 0,
    "pid": 21128,
    "index": 5
  },
  {
    "name": "Require(2) node_modules/egg-session/config/config.default.js",
    "start": 1648545268719,
    "end": 1648545268719,
    "duration": 0,
    "pid": 21128,
    "index": 6
  },
  {
    "name": "Require(3) node_modules/egg-security/config/config.default.js",
    "start": 1648545268719,
    "end": 1648545268720,
    "duration": 1,
    "pid": 21128,
    "index": 7
  },
  {
    "name": "Require(4) node_modules/egg-jsonp/config/config.default.js",
    "start": 1648545268720,
    "end": 1648545268720,
    "duration": 0,
    "pid": 21128,
    "index": 8
  },
  {
    "name": "Require(5) node_modules/egg-onerror/config/config.default.js",
    "start": 1648545268721,
    "end": 1648545268721,
    "duration": 0,
    "pid": 21128,
    "index": 9
  },
  {
    "name": "Require(6) node_modules/egg-i18n/config/config.default.js",
    "start": 1648545268721,
    "end": 1648545268721,
    "duration": 0,
    "pid": 21128,
    "index": 10
  },
  {
    "name": "Require(7) node_modules/egg-watcher/config/config.default.js",
    "start": 1648545268722,
    "end": 1648545268722,
    "duration": 0,
    "pid": 21128,
    "index": 11
  },
  {
    "name": "Require(8) node_modules/egg-schedule/config/config.default.js",
    "start": 1648545268722,
    "end": 1648545268722,
    "duration": 0,
    "pid": 21128,
    "index": 12
  },
  {
    "name": "Require(9) node_modules/egg-multipart/config/config.default.js",
    "start": 1648545268723,
    "end": 1648545268723,
    "duration": 0,
    "pid": 21128,
    "index": 13
  },
  {
    "name": "Require(10) node_modules/egg-development/config/config.default.js",
    "start": 1648545268723,
    "end": 1648545268724,
    "duration": 1,
    "pid": 21128,
    "index": 14
  },
  {
    "name": "Require(11) node_modules/egg-logrotator/config/config.default.js",
    "start": 1648545268724,
    "end": 1648545268724,
    "duration": 0,
    "pid": 21128,
    "index": 15
  },
  {
    "name": "Require(12) node_modules/egg-static/config/config.default.js",
    "start": 1648545268724,
    "end": 1648545268725,
    "duration": 1,
    "pid": 21128,
    "index": 16
  },
  {
    "name": "Require(13) node_modules/egg-view/config/config.default.js",
    "start": 1648545268725,
    "end": 1648545268725,
    "duration": 0,
    "pid": 21128,
    "index": 17
  },
  {
    "name": "Require(14) node_modules/egg-mongoose/config/config.default.js",
    "start": 1648545268725,
    "end": 1648545268726,
    "duration": 1,
    "pid": 21128,
    "index": 18
  },
  {
    "name": "Require(15) node_modules/egg-validate/config/config.default.js",
    "start": 1648545268726,
    "end": 1648545268726,
    "duration": 0,
    "pid": 21128,
    "index": 19
  },
  {
    "name": "Require(16) node_modules/egg-cors/config/config.default.js",
    "start": 1648545268726,
    "end": 1648545268727,
    "duration": 1,
    "pid": 21128,
    "index": 20
  },
  {
    "name": "Require(17) node_modules/egg/config/config.default.js",
    "start": 1648545268727,
    "end": 1648545268727,
    "duration": 0,
    "pid": 21128,
    "index": 21
  },
  {
    "name": "Require(18) config/config.default.js",
    "start": 1648545268728,
    "end": 1648545268728,
    "duration": 0,
    "pid": 21128,
    "index": 22
  },
  {
    "name": "Require(19) node_modules/egg-security/config/config.local.js",
    "start": 1648545268728,
    "end": 1648545268729,
    "duration": 1,
    "pid": 21128,
    "index": 23
  },
  {
    "name": "Require(20) node_modules/egg-watcher/config/config.local.js",
    "start": 1648545268730,
    "end": 1648545268730,
    "duration": 0,
    "pid": 21128,
    "index": 24
  },
  {
    "name": "Require(21) node_modules/egg-view/config/config.local.js",
    "start": 1648545268732,
    "end": 1648545268732,
    "duration": 0,
    "pid": 21128,
    "index": 25
  },
  {
    "name": "Require(22) node_modules/egg/config/config.local.js",
    "start": 1648545268733,
    "end": 1648545268733,
    "duration": 0,
    "pid": 21128,
    "index": 26
  },
  {
    "name": "Require(23) config/config.local.js",
    "start": 1648545268733,
    "end": 1648545268733,
    "duration": 0,
    "pid": 21128,
    "index": 27
  },
  {
    "name": "Load extend/application.js",
    "start": 1648545268734,
    "end": 1648545268770,
    "duration": 36,
    "pid": 21128,
    "index": 28
  },
  {
    "name": "Require(24) node_modules/egg-session/app/extend/application.js",
    "start": 1648545268734,
    "end": 1648545268735,
    "duration": 1,
    "pid": 21128,
    "index": 29
  },
  {
    "name": "Require(25) node_modules/egg-security/app/extend/application.js",
    "start": 1648545268735,
    "end": 1648545268735,
    "duration": 0,
    "pid": 21128,
    "index": 30
  },
  {
    "name": "Require(26) node_modules/egg-jsonp/app/extend/application.js",
    "start": 1648545268736,
    "end": 1648545268736,
    "duration": 0,
    "pid": 21128,
    "index": 31
  },
  {
    "name": "Require(27) node_modules/egg-logrotator/app/extend/application.js",
    "start": 1648545268737,
    "end": 1648545268738,
    "duration": 1,
    "pid": 21128,
    "index": 32
  },
  {
    "name": "Require(28) node_modules/egg-view/app/extend/application.js",
    "start": 1648545268738,
    "end": 1648545268739,
    "duration": 1,
    "pid": 21128,
    "index": 33
  },
  {
    "name": "Require(29) app/extend/application.js",
    "start": 1648545268739,
    "end": 1648545268768,
    "duration": 29,
    "pid": 21128,
    "index": 34
  },
  {
    "name": "Load extend/request.js",
    "start": 1648545268770,
    "end": 1648545268773,
    "duration": 3,
    "pid": 21128,
    "index": 35
  },
  {
    "name": "Require(30) node_modules/egg/app/extend/request.js",
    "start": 1648545268771,
    "end": 1648545268772,
    "duration": 1,
    "pid": 21128,
    "index": 36
  },
  {
    "name": "Load extend/response.js",
    "start": 1648545268773,
    "end": 1648545268777,
    "duration": 4,
    "pid": 21128,
    "index": 37
  },
  {
    "name": "Require(31) node_modules/egg/app/extend/response.js",
    "start": 1648545268774,
    "end": 1648545268775,
    "duration": 1,
    "pid": 21128,
    "index": 38
  },
  {
    "name": "Load extend/context.js",
    "start": 1648545268777,
    "end": 1648545268813,
    "duration": 36,
    "pid": 21128,
    "index": 39
  },
  {
    "name": "Require(32) node_modules/egg-security/app/extend/context.js",
    "start": 1648545268777,
    "end": 1648545268781,
    "duration": 4,
    "pid": 21128,
    "index": 40
  },
  {
    "name": "Require(33) node_modules/egg-jsonp/app/extend/context.js",
    "start": 1648545268781,
    "end": 1648545268782,
    "duration": 1,
    "pid": 21128,
    "index": 41
  },
  {
    "name": "Require(34) node_modules/egg-i18n/app/extend/context.js",
    "start": 1648545268782,
    "end": 1648545268782,
    "duration": 0,
    "pid": 21128,
    "index": 42
  },
  {
    "name": "Require(35) node_modules/egg-multipart/app/extend/context.js",
    "start": 1648545268783,
    "end": 1648545268810,
    "duration": 27,
    "pid": 21128,
    "index": 43
  },
  {
    "name": "Require(36) node_modules/egg-view/app/extend/context.js",
    "start": 1648545268810,
    "end": 1648545268811,
    "duration": 1,
    "pid": 21128,
    "index": 44
  },
  {
    "name": "Require(37) node_modules/egg-mongoose/app/extend/context.js",
    "start": 1648545268811,
    "end": 1648545268811,
    "duration": 0,
    "pid": 21128,
    "index": 45
  },
  {
    "name": "Require(38) node_modules/egg-validate/app/extend/context.js",
    "start": 1648545268811,
    "end": 1648545268811,
    "duration": 0,
    "pid": 21128,
    "index": 46
  },
  {
    "name": "Require(39) node_modules/egg/app/extend/context.js",
    "start": 1648545268812,
    "end": 1648545268812,
    "duration": 0,
    "pid": 21128,
    "index": 47
  },
  {
    "name": "Load extend/helper.js",
    "start": 1648545268814,
    "end": 1648545268826,
    "duration": 12,
    "pid": 21128,
    "index": 48
  },
  {
    "name": "Require(40) node_modules/egg-security/app/extend/helper.js",
    "start": 1648545268814,
    "end": 1648545268822,
    "duration": 8,
    "pid": 21128,
    "index": 49
  },
  {
    "name": "Require(41) node_modules/egg/app/extend/helper.js",
    "start": 1648545268824,
    "end": 1648545268824,
    "duration": 0,
    "pid": 21128,
    "index": 50
  },
  {
    "name": "Require(42) app/extend/helper.js",
    "start": 1648545268824,
    "end": 1648545268824,
    "duration": 0,
    "pid": 21128,
    "index": 51
  },
  {
    "name": "Load app.js",
    "start": 1648545268826,
    "end": 1648545268848,
    "duration": 22,
    "pid": 21128,
    "index": 52
  },
  {
    "name": "Require(43) node_modules/egg-session/app.js",
    "start": 1648545268826,
    "end": 1648545268826,
    "duration": 0,
    "pid": 21128,
    "index": 53
  },
  {
    "name": "Require(44) node_modules/egg-security/app.js",
    "start": 1648545268826,
    "end": 1648545268827,
    "duration": 1,
    "pid": 21128,
    "index": 54
  },
  {
    "name": "Require(45) node_modules/egg-onerror/app.js",
    "start": 1648545268827,
    "end": 1648545268831,
    "duration": 4,
    "pid": 21128,
    "index": 55
  },
  {
    "name": "Require(46) node_modules/egg-i18n/app.js",
    "start": 1648545268832,
    "end": 1648545268841,
    "duration": 9,
    "pid": 21128,
    "index": 56
  },
  {
    "name": "Require(47) node_modules/egg-watcher/app.js",
    "start": 1648545268841,
    "end": 1648545268843,
    "duration": 2,
    "pid": 21128,
    "index": 57
  },
  {
    "name": "Require(48) node_modules/egg-schedule/app.js",
    "start": 1648545268843,
    "end": 1648545268844,
    "duration": 1,
    "pid": 21128,
    "index": 58
  },
  {
    "name": "Require(49) node_modules/egg-multipart/app.js",
    "start": 1648545268844,
    "end": 1648545268845,
    "duration": 1,
    "pid": 21128,
    "index": 59
  },
  {
    "name": "Require(50) node_modules/egg-development/app.js",
    "start": 1648545268845,
    "end": 1648545268845,
    "duration": 0,
    "pid": 21128,
    "index": 60
  },
  {
    "name": "Require(51) node_modules/egg-logrotator/app.js",
    "start": 1648545268845,
    "end": 1648545268845,
    "duration": 0,
    "pid": 21128,
    "index": 61
  },
  {
    "name": "Require(52) node_modules/egg-static/app.js",
    "start": 1648545268845,
    "end": 1648545268846,
    "duration": 1,
    "pid": 21128,
    "index": 62
  },
  {
    "name": "Require(53) node_modules/egg-mongoose/app.js",
    "start": 1648545268846,
    "end": 1648545268846,
    "duration": 0,
    "pid": 21128,
    "index": 63
  },
  {
    "name": "Require(54) node_modules/egg-validate/app.js",
    "start": 1648545268846,
    "end": 1648545268847,
    "duration": 1,
    "pid": 21128,
    "index": 64
  },
  {
    "name": "Require(55) node_modules/egg-cors/app.js",
    "start": 1648545268847,
    "end": 1648545268847,
    "duration": 0,
    "pid": 21128,
    "index": 65
  },
  {
    "name": "Before Start in node_modules/egg-watcher/lib/init.js:15:14",
    "start": 1648545268854,
    "end": 1648545269221,
    "duration": 367,
    "pid": 21128,
    "index": 66
  },
  {
    "name": "Before Start in node_modules/egg-mongoose/lib/mongoose.js:104:7",
    "start": 1648545269099,
    "end": 1648545269220,
    "duration": 121,
    "pid": 21128,
    "index": 67
  },
  {
    "name": "Before Start in node_modules/egg-mongoose/lib/mongoose.js:52:9",
    "start": 1648545269100,
    "end": 1648545269208,
    "duration": 108,
    "pid": 21128,
    "index": 68
  },
  {
    "name": "Load Service",
    "start": 1648545269100,
    "end": 1648545269120,
    "duration": 20,
    "pid": 21128,
    "index": 69
  },
  {
    "name": "Load \"service\" to Context",
    "start": 1648545269100,
    "end": 1648545269120,
    "duration": 20,
    "pid": 21128,
    "index": 70
  },
  {
    "name": "Load Middleware",
    "start": 1648545269120,
    "end": 1648545269185,
    "duration": 65,
    "pid": 21128,
    "index": 71
  },
  {
    "name": "Load \"middlewares\" to Application",
    "start": 1648545269120,
    "end": 1648545269178,
    "duration": 58,
    "pid": 21128,
    "index": 72
  },
  {
    "name": "Load Controller",
    "start": 1648545269185,
    "end": 1648545269187,
    "duration": 2,
    "pid": 21128,
    "index": 73
  },
  {
    "name": "Load \"controller\" to Application",
    "start": 1648545269185,
    "end": 1648545269187,
    "duration": 2,
    "pid": 21128,
    "index": 74
  },
  {
    "name": "Load Router",
    "start": 1648545269187,
    "end": 1648545269189,
    "duration": 2,
    "pid": 21128,
    "index": 75
  },
  {
    "name": "Require(56) app/router.js",
    "start": 1648545269188,
    "end": 1648545269188,
    "duration": 0,
    "pid": 21128,
    "index": 76
  },
  {
    "name": "Before Start in node_modules/egg-core/lib/egg.js:303:10",
    "start": 1648545269188,
    "end": 1648545269208,
    "duration": 20,
    "pid": 21128,
    "index": 77
  },
  {
    "name": "Load \"model\" to Application",
    "start": 1648545269195,
    "end": 1648545269208,
    "duration": 13,
    "pid": 21128,
    "index": 78
  }
]