[
  {
    "name": "Process Start",
    "start": 1648545813496,
    "end": 1648545814231,
    "duration": 735,
    "pid": 44020,
    "index": 0
  },
  {
    "name": "Application Start",
    "start": 1648545814232,
    "end": 1648545814752,
    "duration": 520,
    "pid": 44020,
    "index": 1
  },
  {
    "name": "Load Plugin",
    "start": 1648545814234,
    "end": 1648545814245,
    "duration": 11,
    "pid": 44020,
    "index": 2
  },
  {
    "name": "Load Config",
    "start": 1648545814245,
    "end": 1648545814261,
    "duration": 16,
    "pid": 44020,
    "index": 3
  },
  {
    "name": "Require(0) config/config.default.js",
    "start": 1648545814246,
    "end": 1648545814246,
    "duration": 0,
    "pid": 44020,
    "index": 4
  },
  {
    "name": "Require(1) config/config.local.js",
    "start": 1648545814247,
    "end": 1648545814247,
    "duration": 0,
    "pid": 44020,
    "index": 5
  },
  {
    "name": "Require(2) node_modules/egg-session/config/config.default.js",
    "start": 1648545814247,
    "end": 1648545814248,
    "duration": 1,
    "pid": 44020,
    "index": 6
  },
  {
    "name": "Require(3) node_modules/egg-security/config/config.default.js",
    "start": 1648545814248,
    "end": 1648545814248,
    "duration": 0,
    "pid": 44020,
    "index": 7
  },
  {
    "name": "Require(4) node_modules/egg-jsonp/config/config.default.js",
    "start": 1648545814249,
    "end": 1648545814249,
    "duration": 0,
    "pid": 44020,
    "index": 8
  },
  {
    "name": "Require(5) node_modules/egg-onerror/config/config.default.js",
    "start": 1648545814249,
    "end": 1648545814250,
    "duration": 1,
    "pid": 44020,
    "index": 9
  },
  {
    "name": "Require(6) node_modules/egg-i18n/config/config.default.js",
    "start": 1648545814250,
    "end": 1648545814250,
    "duration": 0,
    "pid": 44020,
    "index": 10
  },
  {
    "name": "Require(7) node_modules/egg-watcher/config/config.default.js",
    "start": 1648545814251,
    "end": 1648545814251,
    "duration": 0,
    "pid": 44020,
    "index": 11
  },
  {
    "name": "Require(8) node_modules/egg-schedule/config/config.default.js",
    "start": 1648545814251,
    "end": 1648545814251,
    "duration": 0,
    "pid": 44020,
    "index": 12
  },
  {
    "name": "Require(9) node_modules/egg-multipart/config/config.default.js",
    "start": 1648545814252,
    "end": 1648545814252,
    "duration": 0,
    "pid": 44020,
    "index": 13
  },
  {
    "name": "Require(10) node_modules/egg-development/config/config.default.js",
    "start": 1648545814252,
    "end": 1648545814252,
    "duration": 0,
    "pid": 44020,
    "index": 14
  },
  {
    "name": "Require(11) node_modules/egg-logrotator/config/config.default.js",
    "start": 1648545814253,
    "end": 1648545814253,
    "duration": 0,
    "pid": 44020,
    "index": 15
  },
  {
    "name": "Require(12) node_modules/egg-static/config/config.default.js",
    "start": 1648545814253,
    "end": 1648545814253,
    "duration": 0,
    "pid": 44020,
    "index": 16
  },
  {
    "name": "Require(13) node_modules/egg-view/config/config.default.js",
    "start": 1648545814254,
    "end": 1648545814254,
    "duration": 0,
    "pid": 44020,
    "index": 17
  },
  {
    "name": "Require(14) node_modules/egg-mongoose/config/config.default.js",
    "start": 1648545814254,
    "end": 1648545814255,
    "duration": 1,
    "pid": 44020,
    "index": 18
  },
  {
    "name": "Require(15) node_modules/egg-validate/config/config.default.js",
    "start": 1648545814255,
    "end": 1648545814255,
    "duration": 0,
    "pid": 44020,
    "index": 19
  },
  {
    "name": "Require(16) node_modules/egg-cors/config/config.default.js",
    "start": 1648545814255,
    "end": 1648545814256,
    "duration": 1,
    "pid": 44020,
    "index": 20
  },
  {
    "name": "Require(17) node_modules/egg/config/config.default.js",
    "start": 1648545814256,
    "end": 1648545814256,
    "duration": 0,
    "pid": 44020,
    "index": 21
  },
  {
    "name": "Require(18) config/config.default.js",
    "start": 1648545814257,
    "end": 1648545814257,
    "duration": 0,
    "pid": 44020,
    "index": 22
  },
  {
    "name": "Require(19) node_modules/egg-security/config/config.local.js",
    "start": 1648545814257,
    "end": 1648545814258,
    "duration": 1,
    "pid": 44020,
    "index": 23
  },
  {
    "name": "Require(20) node_modules/egg-watcher/config/config.local.js",
    "start": 1648545814259,
    "end": 1648545814259,
    "duration": 0,
    "pid": 44020,
    "index": 24
  },
  {
    "name": "Require(21) node_modules/egg-view/config/config.local.js",
    "start": 1648545814260,
    "end": 1648545814260,
    "duration": 0,
    "pid": 44020,
    "index": 25
  },
  {
    "name": "Require(22) node_modules/egg/config/config.local.js",
    "start": 1648545814260,
    "end": 1648545814261,
    "duration": 1,
    "pid": 44020,
    "index": 26
  },
  {
    "name": "Require(23) config/config.local.js",
    "start": 1648545814261,
    "end": 1648545814261,
    "duration": 0,
    "pid": 44020,
    "index": 27
  },
  {
    "name": "Load extend/application.js",
    "start": 1648545814262,
    "end": 1648545814301,
    "duration": 39,
    "pid": 44020,
    "index": 28
  },
  {
    "name": "Require(24) node_modules/egg-session/app/extend/application.js",
    "start": 1648545814262,
    "end": 1648545814263,
    "duration": 1,
    "pid": 44020,
    "index": 29
  },
  {
    "name": "Require(25) node_modules/egg-security/app/extend/application.js",
    "start": 1648545814263,
    "end": 1648545814264,
    "duration": 1,
    "pid": 44020,
    "index": 30
  },
  {
    "name": "Require(26) node_modules/egg-jsonp/app/extend/application.js",
    "start": 1648545814264,
    "end": 1648545814265,
    "duration": 1,
    "pid": 44020,
    "index": 31
  },
  {
    "name": "Require(27) node_modules/egg-logrotator/app/extend/application.js",
    "start": 1648545814266,
    "end": 1648545814266,
    "duration": 0,
    "pid": 44020,
    "index": 32
  },
  {
    "name": "Require(28) node_modules/egg-view/app/extend/application.js",
    "start": 1648545814267,
    "end": 1648545814268,
    "duration": 1,
    "pid": 44020,
    "index": 33
  },
  {
    "name": "Require(29) app/extend/application.js",
    "start": 1648545814268,
    "end": 1648545814299,
    "duration": 31,
    "pid": 44020,
    "index": 34
  },
  {
    "name": "Load extend/request.js",
    "start": 1648545814301,
    "end": 1648545814304,
    "duration": 3,
    "pid": 44020,
    "index": 35
  },
  {
    "name": "Require(30) node_modules/egg/app/extend/request.js",
    "start": 1648545814302,
    "end": 1648545814303,
    "duration": 1,
    "pid": 44020,
    "index": 36
  },
  {
    "name": "Load extend/response.js",
    "start": 1648545814304,
    "end": 1648545814308,
    "duration": 4,
    "pid": 44020,
    "index": 37
  },
  {
    "name": "Require(31) node_modules/egg/app/extend/response.js",
    "start": 1648545814306,
    "end": 1648545814306,
    "duration": 0,
    "pid": 44020,
    "index": 38
  },
  {
    "name": "Load extend/context.js",
    "start": 1648545814308,
    "end": 1648545814348,
    "duration": 40,
    "pid": 44020,
    "index": 39
  },
  {
    "name": "Require(32) node_modules/egg-security/app/extend/context.js",
    "start": 1648545814308,
    "end": 1648545814313,
    "duration": 5,
    "pid": 44020,
    "index": 40
  },
  {
    "name": "Require(33) node_modules/egg-jsonp/app/extend/context.js",
    "start": 1648545814313,
    "end": 1648545814314,
    "duration": 1,
    "pid": 44020,
    "index": 41
  },
  {
    "name": "Require(34) node_modules/egg-i18n/app/extend/context.js",
    "start": 1648545814314,
    "end": 1648545814314,
    "duration": 0,
    "pid": 44020,
    "index": 42
  },
  {
    "name": "Require(35) node_modules/egg-multipart/app/extend/context.js",
    "start": 1648545814315,
    "end": 1648545814343,
    "duration": 28,
    "pid": 44020,
    "index": 43
  },
  {
    "name": "Require(36) node_modules/egg-view/app/extend/context.js",
    "start": 1648545814344,
    "end": 1648545814345,
    "duration": 1,
    "pid": 44020,
    "index": 44
  },
  {
    "name": "Require(37) node_modules/egg-mongoose/app/extend/context.js",
    "start": 1648545814345,
    "end": 1648545814345,
    "duration": 0,
    "pid": 44020,
    "index": 45
  },
  {
    "name": "Require(38) node_modules/egg-validate/app/extend/context.js",
    "start": 1648545814345,
    "end": 1648545814345,
    "duration": 0,
    "pid": 44020,
    "index": 46
  },
  {
    "name": "Require(39) node_modules/egg/app/extend/context.js",
    "start": 1648545814346,
    "end": 1648545814346,
    "duration": 0,
    "pid": 44020,
    "index": 47
  },
  {
    "name": "Load extend/helper.js",
    "start": 1648545814348,
    "end": 1648545814360,
    "duration": 12,
    "pid": 44020,
    "index": 48
  },
  {
    "name": "Require(40) node_modules/egg-security/app/extend/helper.js",
    "start": 1648545814348,
    "end": 1648545814357,
    "duration": 9,
    "pid": 44020,
    "index": 49
  },
  {
    "name": "Require(41) node_modules/egg/app/extend/helper.js",
    "start": 1648545814358,
    "end": 1648545814358,
    "duration": 0,
    "pid": 44020,
    "index": 50
  },
  {
    "name": "Require(42) app/extend/helper.js",
    "start": 1648545814358,
    "end": 1648545814359,
    "duration": 1,
    "pid": 44020,
    "index": 51
  },
  {
    "name": "Load app.js",
    "start": 1648545814360,
    "end": 1648545814383,
    "duration": 23,
    "pid": 44020,
    "index": 52
  },
  {
    "name": "Require(43) node_modules/egg-session/app.js",
    "start": 1648545814361,
    "end": 1648545814361,
    "duration": 0,
    "pid": 44020,
    "index": 53
  },
  {
    "name": "Require(44) node_modules/egg-security/app.js",
    "start": 1648545814361,
    "end": 1648545814362,
    "duration": 1,
    "pid": 44020,
    "index": 54
  },
  {
    "name": "Require(45) node_modules/egg-onerror/app.js",
    "start": 1648545814362,
    "end": 1648545814366,
    "duration": 4,
    "pid": 44020,
    "index": 55
  },
  {
    "name": "Require(46) node_modules/egg-i18n/app.js",
    "start": 1648545814366,
    "end": 1648545814376,
    "duration": 10,
    "pid": 44020,
    "index": 56
  },
  {
    "name": "Require(47) node_modules/egg-watcher/app.js",
    "start": 1648545814376,
    "end": 1648545814378,
    "duration": 2,
    "pid": 44020,
    "index": 57
  },
  {
    "name": "Require(48) node_modules/egg-schedule/app.js",
    "start": 1648545814378,
    "end": 1648545814379,
    "duration": 1,
    "pid": 44020,
    "index": 58
  },
  {
    "name": "Require(49) node_modules/egg-multipart/app.js",
    "start": 1648545814379,
    "end": 1648545814379,
    "duration": 0,
    "pid": 44020,
    "index": 59
  },
  {
    "name": "Require(50) node_modules/egg-development/app.js",
    "start": 1648545814380,
    "end": 1648545814380,
    "duration": 0,
    "pid": 44020,
    "index": 60
  },
  {
    "name": "Require(51) node_modules/egg-logrotator/app.js",
    "start": 1648545814380,
    "end": 1648545814380,
    "duration": 0,
    "pid": 44020,
    "index": 61
  },
  {
    "name": "Require(52) node_modules/egg-static/app.js",
    "start": 1648545814380,
    "end": 1648545814381,
    "duration": 1,
    "pid": 44020,
    "index": 62
  },
  {
    "name": "Require(53) node_modules/egg-mongoose/app.js",
    "start": 1648545814381,
    "end": 1648545814381,
    "duration": 0,
    "pid": 44020,
    "index": 63
  },
  {
    "name": "Require(54) node_modules/egg-validate/app.js",
    "start": 1648545814381,
    "end": 1648545814382,
    "duration": 1,
    "pid": 44020,
    "index": 64
  },
  {
    "name": "Require(55) node_modules/egg-cors/app.js",
    "start": 1648545814382,
    "end": 1648545814382,
    "duration": 0,
    "pid": 44020,
    "index": 65
  },
  {
    "name": "Before Start in node_modules/egg-watcher/lib/init.js:15:14",
    "start": 1648545814389,
    "end": 1648545814751,
    "duration": 362,
    "pid": 44020,
    "index": 66
  },
  {
    "name": "Before Start in node_modules/egg-mongoose/lib/mongoose.js:104:7",
    "start": 1648545814636,
    "end": 1648545814750,
    "duration": 114,
    "pid": 44020,
    "index": 67
  },
  {
    "name": "Before Start in node_modules/egg-mongoose/lib/mongoose.js:52:9",
    "start": 1648545814636,
    "end": 1648545814740,
    "duration": 104,
    "pid": 44020,
    "index": 68
  },
  {
    "name": "Load Service",
    "start": 1648545814636,
    "end": 1648545814656,
    "duration": 20,
    "pid": 44020,
    "index": 69
  },
  {
    "name": "Load \"service\" to Context",
    "start": 1648545814636,
    "end": 1648545814656,
    "duration": 20,
    "pid": 44020,
    "index": 70
  },
  {
    "name": "Load Middleware",
    "start": 1648545814656,
    "end": 1648545814716,
    "duration": 60,
    "pid": 44020,
    "index": 71
  },
  {
    "name": "Load \"middlewares\" to Application",
    "start": 1648545814656,
    "end": 1648545814710,
    "duration": 54,
    "pid": 44020,
    "index": 72
  },
  {
    "name": "Load Controller",
    "start": 1648545814716,
    "end": 1648545814720,
    "duration": 4,
    "pid": 44020,
    "index": 73
  },
  {
    "name": "Load \"controller\" to Application",
    "start": 1648545814716,
    "end": 1648545814720,
    "duration": 4,
    "pid": 44020,
    "index": 74
  },
  {
    "name": "Load Router",
    "start": 1648545814720,
    "end": 1648545814722,
    "duration": 2,
    "pid": 44020,
    "index": 75
  },
  {
    "name": "Require(56) app/router.js",
    "start": 1648545814720,
    "end": 1648545814721,
    "duration": 1,
    "pid": 44020,
    "index": 76
  },
  {
    "name": "Before Start in node_modules/egg-core/lib/egg.js:303:10",
    "start": 1648545814721,
    "end": 1648545814740,
    "duration": 19,
    "pid": 44020,
    "index": 77
  },
  {
    "name": "Load \"model\" to Application",
    "start": 1648545814728,
    "end": 1648545814739,
    "duration": 11,
    "pid": 44020,
    "index": 78
  }
]