[
  {
    "name": "Process Start",
    "start": 1648537254532,
    "end": 1648537255174,
    "duration": 642,
    "pid": 36056,
    "index": 0
  },
  {
    "name": "Application Start",
    "start": 1648537255174,
    "end": 1648537255749,
    "duration": 575,
    "pid": 36056,
    "index": 1
  },
  {
    "name": "Load Plugin",
    "start": 1648537255177,
    "end": 1648537255187,
    "duration": 10,
    "pid": 36056,
    "index": 2
  },
  {
    "name": "Load Config",
    "start": 1648537255187,
    "end": 1648537255204,
    "duration": 17,
    "pid": 36056,
    "index": 3
  },
  {
    "name": "Require(0) config/config.default.js",
    "start": 1648537255187,
    "end": 1648537255187,
    "duration": 0,
    "pid": 36056,
    "index": 4
  },
  {
    "name": "Require(1) config/config.local.js",
    "start": 1648537255188,
    "end": 1648537255188,
    "duration": 0,
    "pid": 36056,
    "index": 5
  },
  {
    "name": "Require(2) node_modules/egg-session/config/config.default.js",
    "start": 1648537255189,
    "end": 1648537255189,
    "duration": 0,
    "pid": 36056,
    "index": 6
  },
  {
    "name": "Require(3) node_modules/egg-security/config/config.default.js",
    "start": 1648537255189,
    "end": 1648537255190,
    "duration": 1,
    "pid": 36056,
    "index": 7
  },
  {
    "name": "Require(4) node_modules/egg-jsonp/config/config.default.js",
    "start": 1648537255190,
    "end": 1648537255190,
    "duration": 0,
    "pid": 36056,
    "index": 8
  },
  {
    "name": "Require(5) node_modules/egg-onerror/config/config.default.js",
    "start": 1648537255191,
    "end": 1648537255191,
    "duration": 0,
    "pid": 36056,
    "index": 9
  },
  {
    "name": "Require(6) node_modules/egg-i18n/config/config.default.js",
    "start": 1648537255191,
    "end": 1648537255191,
    "duration": 0,
    "pid": 36056,
    "index": 10
  },
  {
    "name": "Require(7) node_modules/egg-watcher/config/config.default.js",
    "start": 1648537255192,
    "end": 1648537255192,
    "duration": 0,
    "pid": 36056,
    "index": 11
  },
  {
    "name": "Require(8) node_modules/egg-schedule/config/config.default.js",
    "start": 1648537255192,
    "end": 1648537255192,
    "duration": 0,
    "pid": 36056,
    "index": 12
  },
  {
    "name": "Require(9) node_modules/egg-multipart/config/config.default.js",
    "start": 1648537255193,
    "end": 1648537255193,
    "duration": 0,
    "pid": 36056,
    "index": 13
  },
  {
    "name": "Require(10) node_modules/egg-development/config/config.default.js",
    "start": 1648537255193,
    "end": 1648537255194,
    "duration": 1,
    "pid": 36056,
    "index": 14
  },
  {
    "name": "Require(11) node_modules/egg-logrotator/config/config.default.js",
    "start": 1648537255194,
    "end": 1648537255194,
    "duration": 0,
    "pid": 36056,
    "index": 15
  },
  {
    "name": "Require(12) node_modules/egg-static/config/config.default.js",
    "start": 1648537255194,
    "end": 1648537255195,
    "duration": 1,
    "pid": 36056,
    "index": 16
  },
  {
    "name": "Require(13) node_modules/egg-view/config/config.default.js",
    "start": 1648537255195,
    "end": 1648537255195,
    "duration": 0,
    "pid": 36056,
    "index": 17
  },
  {
    "name": "Require(14) node_modules/egg-mongoose/config/config.default.js",
    "start": 1648537255196,
    "end": 1648537255196,
    "duration": 0,
    "pid": 36056,
    "index": 18
  },
  {
    "name": "Require(15) node_modules/egg-validate/config/config.default.js",
    "start": 1648537255196,
    "end": 1648537255196,
    "duration": 0,
    "pid": 36056,
    "index": 19
  },
  {
    "name": "Require(16) node_modules/egg-cors/config/config.default.js",
    "start": 1648537255196,
    "end": 1648537255197,
    "duration": 1,
    "pid": 36056,
    "index": 20
  },
  {
    "name": "Require(17) node_modules/egg/config/config.default.js",
    "start": 1648537255197,
    "end": 1648537255197,
    "duration": 0,
    "pid": 36056,
    "index": 21
  },
  {
    "name": "Require(18) config/config.default.js",
    "start": 1648537255198,
    "end": 1648537255198,
    "duration": 0,
    "pid": 36056,
    "index": 22
  },
  {
    "name": "Require(19) node_modules/egg-security/config/config.local.js",
    "start": 1648537255198,
    "end": 1648537255199,
    "duration": 1,
    "pid": 36056,
    "index": 23
  },
  {
    "name": "Require(20) node_modules/egg-watcher/config/config.local.js",
    "start": 1648537255200,
    "end": 1648537255200,
    "duration": 0,
    "pid": 36056,
    "index": 24
  },
  {
    "name": "Require(21) node_modules/egg-view/config/config.local.js",
    "start": 1648537255203,
    "end": 1648537255203,
    "duration": 0,
    "pid": 36056,
    "index": 25
  },
  {
    "name": "Require(22) node_modules/egg/config/config.local.js",
    "start": 1648537255203,
    "end": 1648537255204,
    "duration": 1,
    "pid": 36056,
    "index": 26
  },
  {
    "name": "Require(23) config/config.local.js",
    "start": 1648537255204,
    "end": 1648537255204,
    "duration": 0,
    "pid": 36056,
    "index": 27
  },
  {
    "name": "Load extend/application.js",
    "start": 1648537255204,
    "end": 1648537255238,
    "duration": 34,
    "pid": 36056,
    "index": 28
  },
  {
    "name": "Require(24) node_modules/egg-session/app/extend/application.js",
    "start": 1648537255205,
    "end": 1648537255205,
    "duration": 0,
    "pid": 36056,
    "index": 29
  },
  {
    "name": "Require(25) node_modules/egg-security/app/extend/application.js",
    "start": 1648537255205,
    "end": 1648537255206,
    "duration": 1,
    "pid": 36056,
    "index": 30
  },
  {
    "name": "Require(26) node_modules/egg-jsonp/app/extend/application.js",
    "start": 1648537255206,
    "end": 1648537255207,
    "duration": 1,
    "pid": 36056,
    "index": 31
  },
  {
    "name": "Require(27) node_modules/egg-logrotator/app/extend/application.js",
    "start": 1648537255207,
    "end": 1648537255208,
    "duration": 1,
    "pid": 36056,
    "index": 32
  },
  {
    "name": "Require(28) node_modules/egg-view/app/extend/application.js",
    "start": 1648537255208,
    "end": 1648537255209,
    "duration": 1,
    "pid": 36056,
    "index": 33
  },
  {
    "name": "Require(29) app/extend/application.js",
    "start": 1648537255210,
    "end": 1648537255236,
    "duration": 26,
    "pid": 36056,
    "index": 34
  },
  {
    "name": "Load extend/request.js",
    "start": 1648537255238,
    "end": 1648537255241,
    "duration": 3,
    "pid": 36056,
    "index": 35
  },
  {
    "name": "Require(30) node_modules/egg/app/extend/request.js",
    "start": 1648537255239,
    "end": 1648537255239,
    "duration": 0,
    "pid": 36056,
    "index": 36
  },
  {
    "name": "Load extend/response.js",
    "start": 1648537255241,
    "end": 1648537255244,
    "duration": 3,
    "pid": 36056,
    "index": 37
  },
  {
    "name": "Require(31) node_modules/egg/app/extend/response.js",
    "start": 1648537255242,
    "end": 1648537255243,
    "duration": 1,
    "pid": 36056,
    "index": 38
  },
  {
    "name": "Load extend/context.js",
    "start": 1648537255244,
    "end": 1648537255281,
    "duration": 37,
    "pid": 36056,
    "index": 39
  },
  {
    "name": "Require(32) node_modules/egg-security/app/extend/context.js",
    "start": 1648537255244,
    "end": 1648537255249,
    "duration": 5,
    "pid": 36056,
    "index": 40
  },
  {
    "name": "Require(33) node_modules/egg-jsonp/app/extend/context.js",
    "start": 1648537255249,
    "end": 1648537255249,
    "duration": 0,
    "pid": 36056,
    "index": 41
  },
  {
    "name": "Require(34) node_modules/egg-i18n/app/extend/context.js",
    "start": 1648537255250,
    "end": 1648537255250,
    "duration": 0,
    "pid": 36056,
    "index": 42
  },
  {
    "name": "Require(35) node_modules/egg-multipart/app/extend/context.js",
    "start": 1648537255250,
    "end": 1648537255277,
    "duration": 27,
    "pid": 36056,
    "index": 43
  },
  {
    "name": "Require(36) node_modules/egg-view/app/extend/context.js",
    "start": 1648537255278,
    "end": 1648537255278,
    "duration": 0,
    "pid": 36056,
    "index": 44
  },
  {
    "name": "Require(37) node_modules/egg-mongoose/app/extend/context.js",
    "start": 1648537255279,
    "end": 1648537255279,
    "duration": 0,
    "pid": 36056,
    "index": 45
  },
  {
    "name": "Require(38) node_modules/egg-validate/app/extend/context.js",
    "start": 1648537255279,
    "end": 1648537255279,
    "duration": 0,
    "pid": 36056,
    "index": 46
  },
  {
    "name": "Require(39) node_modules/egg/app/extend/context.js",
    "start": 1648537255279,
    "end": 1648537255280,
    "duration": 1,
    "pid": 36056,
    "index": 47
  },
  {
    "name": "Load extend/helper.js",
    "start": 1648537255281,
    "end": 1648537255294,
    "duration": 13,
    "pid": 36056,
    "index": 48
  },
  {
    "name": "Require(40) node_modules/egg-security/app/extend/helper.js",
    "start": 1648537255282,
    "end": 1648537255291,
    "duration": 9,
    "pid": 36056,
    "index": 49
  },
  {
    "name": "Require(41) node_modules/egg/app/extend/helper.js",
    "start": 1648537255292,
    "end": 1648537255292,
    "duration": 0,
    "pid": 36056,
    "index": 50
  },
  {
    "name": "Require(42) app/extend/helper.js",
    "start": 1648537255292,
    "end": 1648537255293,
    "duration": 1,
    "pid": 36056,
    "index": 51
  },
  {
    "name": "Load app.js",
    "start": 1648537255294,
    "end": 1648537255316,
    "duration": 22,
    "pid": 36056,
    "index": 52
  },
  {
    "name": "Require(43) node_modules/egg-session/app.js",
    "start": 1648537255294,
    "end": 1648537255295,
    "duration": 1,
    "pid": 36056,
    "index": 53
  },
  {
    "name": "Require(44) node_modules/egg-security/app.js",
    "start": 1648537255295,
    "end": 1648537255295,
    "duration": 0,
    "pid": 36056,
    "index": 54
  },
  {
    "name": "Require(45) node_modules/egg-onerror/app.js",
    "start": 1648537255296,
    "end": 1648537255300,
    "duration": 4,
    "pid": 36056,
    "index": 55
  },
  {
    "name": "Require(46) node_modules/egg-i18n/app.js",
    "start": 1648537255300,
    "end": 1648537255310,
    "duration": 10,
    "pid": 36056,
    "index": 56
  },
  {
    "name": "Require(47) node_modules/egg-watcher/app.js",
    "start": 1648537255310,
    "end": 1648537255311,
    "duration": 1,
    "pid": 36056,
    "index": 57
  },
  {
    "name": "Require(48) node_modules/egg-schedule/app.js",
    "start": 1648537255312,
    "end": 1648537255312,
    "duration": 0,
    "pid": 36056,
    "index": 58
  },
  {
    "name": "Require(49) node_modules/egg-multipart/app.js",
    "start": 1648537255313,
    "end": 1648537255313,
    "duration": 0,
    "pid": 36056,
    "index": 59
  },
  {
    "name": "Require(50) node_modules/egg-development/app.js",
    "start": 1648537255313,
    "end": 1648537255313,
    "duration": 0,
    "pid": 36056,
    "index": 60
  },
  {
    "name": "Require(51) node_modules/egg-logrotator/app.js",
    "start": 1648537255313,
    "end": 1648537255314,
    "duration": 1,
    "pid": 36056,
    "index": 61
  },
  {
    "name": "Require(52) node_modules/egg-static/app.js",
    "start": 1648537255314,
    "end": 1648537255314,
    "duration": 0,
    "pid": 36056,
    "index": 62
  },
  {
    "name": "Require(53) node_modules/egg-mongoose/app.js",
    "start": 1648537255314,
    "end": 1648537255314,
    "duration": 0,
    "pid": 36056,
    "index": 63
  },
  {
    "name": "Require(54) node_modules/egg-validate/app.js",
    "start": 1648537255314,
    "end": 1648537255315,
    "duration": 1,
    "pid": 36056,
    "index": 64
  },
  {
    "name": "Require(55) node_modules/egg-cors/app.js",
    "start": 1648537255316,
    "end": 1648537255316,
    "duration": 0,
    "pid": 36056,
    "index": 65
  },
  {
    "name": "Before Start in node_modules/egg-watcher/lib/init.js:15:14",
    "start": 1648537255322,
    "end": 1648537255748,
    "duration": 426,
    "pid": 36056,
    "index": 66
  },
  {
    "name": "Before Start in node_modules/egg-mongoose/lib/mongoose.js:104:7",
    "start": 1648537255609,
    "end": 1648537255747,
    "duration": 138,
    "pid": 36056,
    "index": 67
  },
  {
    "name": "Before Start in node_modules/egg-mongoose/lib/mongoose.js:52:9",
    "start": 1648537255610,
    "end": 1648537255735,
    "duration": 125,
    "pid": 36056,
    "index": 68
  },
  {
    "name": "Load Service",
    "start": 1648537255610,
    "end": 1648537255641,
    "duration": 31,
    "pid": 36056,
    "index": 69
  },
  {
    "name": "Load \"service\" to Context",
    "start": 1648537255610,
    "end": 1648537255641,
    "duration": 31,
    "pid": 36056,
    "index": 70
  },
  {
    "name": "Load Middleware",
    "start": 1648537255641,
    "end": 1648537255710,
    "duration": 69,
    "pid": 36056,
    "index": 71
  },
  {
    "name": "Load \"middlewares\" to Application",
    "start": 1648537255641,
    "end": 1648537255703,
    "duration": 62,
    "pid": 36056,
    "index": 72
  },
  {
    "name": "Load Controller",
    "start": 1648537255710,
    "end": 1648537255713,
    "duration": 3,
    "pid": 36056,
    "index": 73
  },
  {
    "name": "Load \"controller\" to Application",
    "start": 1648537255711,
    "end": 1648537255713,
    "duration": 2,
    "pid": 36056,
    "index": 74
  },
  {
    "name": "Load Router",
    "start": 1648537255713,
    "end": 1648537255715,
    "duration": 2,
    "pid": 36056,
    "index": 75
  },
  {
    "name": "Require(56) app/router.js",
    "start": 1648537255713,
    "end": 1648537255713,
    "duration": 0,
    "pid": 36056,
    "index": 76
  },
  {
    "name": "Before Start in node_modules/egg-core/lib/egg.js:303:10",
    "start": 1648537255713,
    "end": 1648537255735,
    "duration": 22,
    "pid": 36056,
    "index": 77
  },
  {
    "name": "Load \"model\" to Application",
    "start": 1648537255721,
    "end": 1648537255735,
    "duration": 14,
    "pid": 36056,
    "index": 78
  }
]