[
  {
    "name": "Process Start",
    "start": 1648537128412,
    "end": 1648537129077,
    "duration": 665,
    "pid": 22320,
    "index": 0
  },
  {
    "name": "Application Start",
    "start": 1648537129078,
    "end": 1648537129618,
    "duration": 540,
    "pid": 22320,
    "index": 1
  },
  {
    "name": "Load Plugin",
    "start": 1648537129080,
    "end": 1648537129091,
    "duration": 11,
    "pid": 22320,
    "index": 2
  },
  {
    "name": "Load Config",
    "start": 1648537129091,
    "end": 1648537129108,
    "duration": 17,
    "pid": 22320,
    "index": 3
  },
  {
    "name": "Require(0) config/config.default.js",
    "start": 1648537129091,
    "end": 1648537129091,
    "duration": 0,
    "pid": 22320,
    "index": 4
  },
  {
    "name": "Require(1) config/config.local.js",
    "start": 1648537129092,
    "end": 1648537129092,
    "duration": 0,
    "pid": 22320,
    "index": 5
  },
  {
    "name": "Require(2) node_modules/egg-session/config/config.default.js",
    "start": 1648537129093,
    "end": 1648537129093,
    "duration": 0,
    "pid": 22320,
    "index": 6
  },
  {
    "name": "Require(3) node_modules/egg-security/config/config.default.js",
    "start": 1648537129093,
    "end": 1648537129093,
    "duration": 0,
    "pid": 22320,
    "index": 7
  },
  {
    "name": "Require(4) node_modules/egg-jsonp/config/config.default.js",
    "start": 1648537129094,
    "end": 1648537129094,
    "duration": 0,
    "pid": 22320,
    "index": 8
  },
  {
    "name": "Require(5) node_modules/egg-onerror/config/config.default.js",
    "start": 1648537129095,
    "end": 1648537129095,
    "duration": 0,
    "pid": 22320,
    "index": 9
  },
  {
    "name": "Require(6) node_modules/egg-i18n/config/config.default.js",
    "start": 1648537129095,
    "end": 1648537129095,
    "duration": 0,
    "pid": 22320,
    "index": 10
  },
  {
    "name": "Require(7) node_modules/egg-watcher/config/config.default.js",
    "start": 1648537129096,
    "end": 1648537129096,
    "duration": 0,
    "pid": 22320,
    "index": 11
  },
  {
    "name": "Require(8) node_modules/egg-schedule/config/config.default.js",
    "start": 1648537129096,
    "end": 1648537129096,
    "duration": 0,
    "pid": 22320,
    "index": 12
  },
  {
    "name": "Require(9) node_modules/egg-multipart/config/config.default.js",
    "start": 1648537129097,
    "end": 1648537129097,
    "duration": 0,
    "pid": 22320,
    "index": 13
  },
  {
    "name": "Require(10) node_modules/egg-development/config/config.default.js",
    "start": 1648537129097,
    "end": 1648537129098,
    "duration": 1,
    "pid": 22320,
    "index": 14
  },
  {
    "name": "Require(11) node_modules/egg-logrotator/config/config.default.js",
    "start": 1648537129098,
    "end": 1648537129098,
    "duration": 0,
    "pid": 22320,
    "index": 15
  },
  {
    "name": "Require(12) node_modules/egg-static/config/config.default.js",
    "start": 1648537129099,
    "end": 1648537129099,
    "duration": 0,
    "pid": 22320,
    "index": 16
  },
  {
    "name": "Require(13) node_modules/egg-view/config/config.default.js",
    "start": 1648537129099,
    "end": 1648537129099,
    "duration": 0,
    "pid": 22320,
    "index": 17
  },
  {
    "name": "Require(14) node_modules/egg-mongoose/config/config.default.js",
    "start": 1648537129100,
    "end": 1648537129100,
    "duration": 0,
    "pid": 22320,
    "index": 18
  },
  {
    "name": "Require(15) node_modules/egg-validate/config/config.default.js",
    "start": 1648537129100,
    "end": 1648537129100,
    "duration": 0,
    "pid": 22320,
    "index": 19
  },
  {
    "name": "Require(16) node_modules/egg-cors/config/config.default.js",
    "start": 1648537129100,
    "end": 1648537129101,
    "duration": 1,
    "pid": 22320,
    "index": 20
  },
  {
    "name": "Require(17) node_modules/egg/config/config.default.js",
    "start": 1648537129101,
    "end": 1648537129101,
    "duration": 0,
    "pid": 22320,
    "index": 21
  },
  {
    "name": "Require(18) config/config.default.js",
    "start": 1648537129102,
    "end": 1648537129102,
    "duration": 0,
    "pid": 22320,
    "index": 22
  },
  {
    "name": "Require(19) node_modules/egg-security/config/config.local.js",
    "start": 1648537129102,
    "end": 1648537129103,
    "duration": 1,
    "pid": 22320,
    "index": 23
  },
  {
    "name": "Require(20) node_modules/egg-watcher/config/config.local.js",
    "start": 1648537129104,
    "end": 1648537129104,
    "duration": 0,
    "pid": 22320,
    "index": 24
  },
  {
    "name": "Require(21) node_modules/egg-view/config/config.local.js",
    "start": 1648537129107,
    "end": 1648537129107,
    "duration": 0,
    "pid": 22320,
    "index": 25
  },
  {
    "name": "Require(22) node_modules/egg/config/config.local.js",
    "start": 1648537129108,
    "end": 1648537129108,
    "duration": 0,
    "pid": 22320,
    "index": 26
  },
  {
    "name": "Require(23) config/config.local.js",
    "start": 1648537129108,
    "end": 1648537129108,
    "duration": 0,
    "pid": 22320,
    "index": 27
  },
  {
    "name": "Load extend/application.js",
    "start": 1648537129109,
    "end": 1648537129143,
    "duration": 34,
    "pid": 22320,
    "index": 28
  },
  {
    "name": "Require(24) node_modules/egg-session/app/extend/application.js",
    "start": 1648537129109,
    "end": 1648537129109,
    "duration": 0,
    "pid": 22320,
    "index": 29
  },
  {
    "name": "Require(25) node_modules/egg-security/app/extend/application.js",
    "start": 1648537129109,
    "end": 1648537129110,
    "duration": 1,
    "pid": 22320,
    "index": 30
  },
  {
    "name": "Require(26) node_modules/egg-jsonp/app/extend/application.js",
    "start": 1648537129110,
    "end": 1648537129111,
    "duration": 1,
    "pid": 22320,
    "index": 31
  },
  {
    "name": "Require(27) node_modules/egg-logrotator/app/extend/application.js",
    "start": 1648537129112,
    "end": 1648537129112,
    "duration": 0,
    "pid": 22320,
    "index": 32
  },
  {
    "name": "Require(28) node_modules/egg-view/app/extend/application.js",
    "start": 1648537129113,
    "end": 1648537129113,
    "duration": 0,
    "pid": 22320,
    "index": 33
  },
  {
    "name": "Require(29) app/extend/application.js",
    "start": 1648537129114,
    "end": 1648537129141,
    "duration": 27,
    "pid": 22320,
    "index": 34
  },
  {
    "name": "Load extend/request.js",
    "start": 1648537129143,
    "end": 1648537129147,
    "duration": 4,
    "pid": 22320,
    "index": 35
  },
  {
    "name": "Require(30) node_modules/egg/app/extend/request.js",
    "start": 1648537129144,
    "end": 1648537129145,
    "duration": 1,
    "pid": 22320,
    "index": 36
  },
  {
    "name": "Load extend/response.js",
    "start": 1648537129147,
    "end": 1648537129151,
    "duration": 4,
    "pid": 22320,
    "index": 37
  },
  {
    "name": "Require(31) node_modules/egg/app/extend/response.js",
    "start": 1648537129148,
    "end": 1648537129149,
    "duration": 1,
    "pid": 22320,
    "index": 38
  },
  {
    "name": "Load extend/context.js",
    "start": 1648537129151,
    "end": 1648537129189,
    "duration": 38,
    "pid": 22320,
    "index": 39
  },
  {
    "name": "Require(32) node_modules/egg-security/app/extend/context.js",
    "start": 1648537129151,
    "end": 1648537129155,
    "duration": 4,
    "pid": 22320,
    "index": 40
  },
  {
    "name": "Require(33) node_modules/egg-jsonp/app/extend/context.js",
    "start": 1648537129155,
    "end": 1648537129156,
    "duration": 1,
    "pid": 22320,
    "index": 41
  },
  {
    "name": "Require(34) node_modules/egg-i18n/app/extend/context.js",
    "start": 1648537129156,
    "end": 1648537129157,
    "duration": 1,
    "pid": 22320,
    "index": 42
  },
  {
    "name": "Require(35) node_modules/egg-multipart/app/extend/context.js",
    "start": 1648537129157,
    "end": 1648537129185,
    "duration": 28,
    "pid": 22320,
    "index": 43
  },
  {
    "name": "Require(36) node_modules/egg-view/app/extend/context.js",
    "start": 1648537129185,
    "end": 1648537129186,
    "duration": 1,
    "pid": 22320,
    "index": 44
  },
  {
    "name": "Require(37) node_modules/egg-mongoose/app/extend/context.js",
    "start": 1648537129186,
    "end": 1648537129186,
    "duration": 0,
    "pid": 22320,
    "index": 45
  },
  {
    "name": "Require(38) node_modules/egg-validate/app/extend/context.js",
    "start": 1648537129187,
    "end": 1648537129187,
    "duration": 0,
    "pid": 22320,
    "index": 46
  },
  {
    "name": "Require(39) node_modules/egg/app/extend/context.js",
    "start": 1648537129187,
    "end": 1648537129187,
    "duration": 0,
    "pid": 22320,
    "index": 47
  },
  {
    "name": "Load extend/helper.js",
    "start": 1648537129189,
    "end": 1648537129201,
    "duration": 12,
    "pid": 22320,
    "index": 48
  },
  {
    "name": "Require(40) node_modules/egg-security/app/extend/helper.js",
    "start": 1648537129189,
    "end": 1648537129198,
    "duration": 9,
    "pid": 22320,
    "index": 49
  },
  {
    "name": "Require(41) node_modules/egg/app/extend/helper.js",
    "start": 1648537129199,
    "end": 1648537129199,
    "duration": 0,
    "pid": 22320,
    "index": 50
  },
  {
    "name": "Require(42) app/extend/helper.js",
    "start": 1648537129199,
    "end": 1648537129200,
    "duration": 1,
    "pid": 22320,
    "index": 51
  },
  {
    "name": "Load app.js",
    "start": 1648537129201,
    "end": 1648537129222,
    "duration": 21,
    "pid": 22320,
    "index": 52
  },
  {
    "name": "Require(43) node_modules/egg-session/app.js",
    "start": 1648537129201,
    "end": 1648537129201,
    "duration": 0,
    "pid": 22320,
    "index": 53
  },
  {
    "name": "Require(44) node_modules/egg-security/app.js",
    "start": 1648537129202,
    "end": 1648537129202,
    "duration": 0,
    "pid": 22320,
    "index": 54
  },
  {
    "name": "Require(45) node_modules/egg-onerror/app.js",
    "start": 1648537129203,
    "end": 1648537129206,
    "duration": 3,
    "pid": 22320,
    "index": 55
  },
  {
    "name": "Require(46) node_modules/egg-i18n/app.js",
    "start": 1648537129206,
    "end": 1648537129216,
    "duration": 10,
    "pid": 22320,
    "index": 56
  },
  {
    "name": "Require(47) node_modules/egg-watcher/app.js",
    "start": 1648537129216,
    "end": 1648537129218,
    "duration": 2,
    "pid": 22320,
    "index": 57
  },
  {
    "name": "Require(48) node_modules/egg-schedule/app.js",
    "start": 1648537129218,
    "end": 1648537129219,
    "duration": 1,
    "pid": 22320,
    "index": 58
  },
  {
    "name": "Require(49) node_modules/egg-multipart/app.js",
    "start": 1648537129219,
    "end": 1648537129219,
    "duration": 0,
    "pid": 22320,
    "index": 59
  },
  {
    "name": "Require(50) node_modules/egg-development/app.js",
    "start": 1648537129219,
    "end": 1648537129219,
    "duration": 0,
    "pid": 22320,
    "index": 60
  },
  {
    "name": "Require(51) node_modules/egg-logrotator/app.js",
    "start": 1648537129219,
    "end": 1648537129220,
    "duration": 1,
    "pid": 22320,
    "index": 61
  },
  {
    "name": "Require(52) node_modules/egg-static/app.js",
    "start": 1648537129220,
    "end": 1648537129220,
    "duration": 0,
    "pid": 22320,
    "index": 62
  },
  {
    "name": "Require(53) node_modules/egg-mongoose/app.js",
    "start": 1648537129220,
    "end": 1648537129220,
    "duration": 0,
    "pid": 22320,
    "index": 63
  },
  {
    "name": "Require(54) node_modules/egg-validate/app.js",
    "start": 1648537129221,
    "end": 1648537129221,
    "duration": 0,
    "pid": 22320,
    "index": 64
  },
  {
    "name": "Require(55) node_modules/egg-cors/app.js",
    "start": 1648537129222,
    "end": 1648537129222,
    "duration": 0,
    "pid": 22320,
    "index": 65
  },
  {
    "name": "Before Start in node_modules/egg-watcher/lib/init.js:15:14",
    "start": 1648537129228,
    "end": 1648537129617,
    "duration": 389,
    "pid": 22320,
    "index": 66
  },
  {
    "name": "Before Start in node_modules/egg-mongoose/lib/mongoose.js:104:7",
    "start": 1648537129480,
    "end": 1648537129616,
    "duration": 136,
    "pid": 22320,
    "index": 67
  },
  {
    "name": "Before Start in node_modules/egg-mongoose/lib/mongoose.js:52:9",
    "start": 1648537129481,
    "end": 1648537129605,
    "duration": 124,
    "pid": 22320,
    "index": 68
  },
  {
    "name": "Load Service",
    "start": 1648537129481,
    "end": 1648537129513,
    "duration": 32,
    "pid": 22320,
    "index": 69
  },
  {
    "name": "Load \"service\" to Context",
    "start": 1648537129481,
    "end": 1648537129513,
    "duration": 32,
    "pid": 22320,
    "index": 70
  },
  {
    "name": "Load Middleware",
    "start": 1648537129513,
    "end": 1648537129583,
    "duration": 70,
    "pid": 22320,
    "index": 71
  },
  {
    "name": "Load \"middlewares\" to Application",
    "start": 1648537129513,
    "end": 1648537129576,
    "duration": 63,
    "pid": 22320,
    "index": 72
  },
  {
    "name": "Load Controller",
    "start": 1648537129583,
    "end": 1648537129585,
    "duration": 2,
    "pid": 22320,
    "index": 73
  },
  {
    "name": "Load \"controller\" to Application",
    "start": 1648537129583,
    "end": 1648537129585,
    "duration": 2,
    "pid": 22320,
    "index": 74
  },
  {
    "name": "Load Router",
    "start": 1648537129585,
    "end": 1648537129587,
    "duration": 2,
    "pid": 22320,
    "index": 75
  },
  {
    "name": "Require(56) app/router.js",
    "start": 1648537129585,
    "end": 1648537129585,
    "duration": 0,
    "pid": 22320,
    "index": 76
  },
  {
    "name": "Before Start in node_modules/egg-core/lib/egg.js:303:10",
    "start": 1648537129585,
    "end": 1648537129605,
    "duration": 20,
    "pid": 22320,
    "index": 77
  },
  {
    "name": "Load \"model\" to Application",
    "start": 1648537129592,
    "end": 1648537129605,
    "duration": 13,
    "pid": 22320,
    "index": 78
  }
]