[
  {
    "name": "Process Start",
    "start": 1648460715160,
    "end": 1648460715866,
    "duration": 706,
    "pid": 31144,
    "index": 0
  },
  {
    "name": "Application Start",
    "start": 1648460715867,
    "end": 1648460716390,
    "duration": 523,
    "pid": 31144,
    "index": 1
  },
  {
    "name": "Load Plugin",
    "start": 1648460715870,
    "end": 1648460715879,
    "duration": 9,
    "pid": 31144,
    "index": 2
  },
  {
    "name": "Load Config",
    "start": 1648460715879,
    "end": 1648460715898,
    "duration": 19,
    "pid": 31144,
    "index": 3
  },
  {
    "name": "Require(0) config/config.default.js",
    "start": 1648460715880,
    "end": 1648460715880,
    "duration": 0,
    "pid": 31144,
    "index": 4
  },
  {
    "name": "Require(1) config/config.local.js",
    "start": 1648460715881,
    "end": 1648460715881,
    "duration": 0,
    "pid": 31144,
    "index": 5
  },
  {
    "name": "Require(2) node_modules/egg-session/config/config.default.js",
    "start": 1648460715881,
    "end": 1648460715881,
    "duration": 0,
    "pid": 31144,
    "index": 6
  },
  {
    "name": "Require(3) node_modules/egg-security/config/config.default.js",
    "start": 1648460715881,
    "end": 1648460715882,
    "duration": 1,
    "pid": 31144,
    "index": 7
  },
  {
    "name": "Require(4) node_modules/egg-jsonp/config/config.default.js",
    "start": 1648460715882,
    "end": 1648460715883,
    "duration": 1,
    "pid": 31144,
    "index": 8
  },
  {
    "name": "Require(5) node_modules/egg-onerror/config/config.default.js",
    "start": 1648460715883,
    "end": 1648460715883,
    "duration": 0,
    "pid": 31144,
    "index": 9
  },
  {
    "name": "Require(6) node_modules/egg-i18n/config/config.default.js",
    "start": 1648460715883,
    "end": 1648460715884,
    "duration": 1,
    "pid": 31144,
    "index": 10
  },
  {
    "name": "Require(7) node_modules/egg-watcher/config/config.default.js",
    "start": 1648460715884,
    "end": 1648460715884,
    "duration": 0,
    "pid": 31144,
    "index": 11
  },
  {
    "name": "Require(8) node_modules/egg-schedule/config/config.default.js",
    "start": 1648460715884,
    "end": 1648460715885,
    "duration": 1,
    "pid": 31144,
    "index": 12
  },
  {
    "name": "Require(9) node_modules/egg-multipart/config/config.default.js",
    "start": 1648460715885,
    "end": 1648460715885,
    "duration": 0,
    "pid": 31144,
    "index": 13
  },
  {
    "name": "Require(10) node_modules/egg-development/config/config.default.js",
    "start": 1648460715886,
    "end": 1648460715886,
    "duration": 0,
    "pid": 31144,
    "index": 14
  },
  {
    "name": "Require(11) node_modules/egg-logrotator/config/config.default.js",
    "start": 1648460715886,
    "end": 1648460715887,
    "duration": 1,
    "pid": 31144,
    "index": 15
  },
  {
    "name": "Require(12) node_modules/egg-static/config/config.default.js",
    "start": 1648460715887,
    "end": 1648460715887,
    "duration": 0,
    "pid": 31144,
    "index": 16
  },
  {
    "name": "Require(13) node_modules/egg-view/config/config.default.js",
    "start": 1648460715888,
    "end": 1648460715888,
    "duration": 0,
    "pid": 31144,
    "index": 17
  },
  {
    "name": "Require(14) node_modules/egg-mongoose/config/config.default.js",
    "start": 1648460715888,
    "end": 1648460715888,
    "duration": 0,
    "pid": 31144,
    "index": 18
  },
  {
    "name": "Require(15) node_modules/egg-validate/config/config.default.js",
    "start": 1648460715889,
    "end": 1648460715889,
    "duration": 0,
    "pid": 31144,
    "index": 19
  },
  {
    "name": "Require(16) node_modules/egg-cors/config/config.default.js",
    "start": 1648460715889,
    "end": 1648460715889,
    "duration": 0,
    "pid": 31144,
    "index": 20
  },
  {
    "name": "Require(17) node_modules/egg/config/config.default.js",
    "start": 1648460715890,
    "end": 1648460715890,
    "duration": 0,
    "pid": 31144,
    "index": 21
  },
  {
    "name": "Require(18) config/config.default.js",
    "start": 1648460715891,
    "end": 1648460715891,
    "duration": 0,
    "pid": 31144,
    "index": 22
  },
  {
    "name": "Require(19) node_modules/egg-security/config/config.local.js",
    "start": 1648460715892,
    "end": 1648460715893,
    "duration": 1,
    "pid": 31144,
    "index": 23
  },
  {
    "name": "Require(20) node_modules/egg-watcher/config/config.local.js",
    "start": 1648460715893,
    "end": 1648460715894,
    "duration": 1,
    "pid": 31144,
    "index": 24
  },
  {
    "name": "Require(21) node_modules/egg-view/config/config.local.js",
    "start": 1648460715894,
    "end": 1648460715895,
    "duration": 1,
    "pid": 31144,
    "index": 25
  },
  {
    "name": "Require(22) node_modules/egg/config/config.local.js",
    "start": 1648460715895,
    "end": 1648460715898,
    "duration": 3,
    "pid": 31144,
    "index": 26
  },
  {
    "name": "Require(23) config/config.local.js",
    "start": 1648460715898,
    "end": 1648460715898,
    "duration": 0,
    "pid": 31144,
    "index": 27
  },
  {
    "name": "Load extend/application.js",
    "start": 1648460715899,
    "end": 1648460715936,
    "duration": 37,
    "pid": 31144,
    "index": 28
  },
  {
    "name": "Require(24) node_modules/egg-session/app/extend/application.js",
    "start": 1648460715899,
    "end": 1648460715900,
    "duration": 1,
    "pid": 31144,
    "index": 29
  },
  {
    "name": "Require(25) node_modules/egg-security/app/extend/application.js",
    "start": 1648460715900,
    "end": 1648460715901,
    "duration": 1,
    "pid": 31144,
    "index": 30
  },
  {
    "name": "Require(26) node_modules/egg-jsonp/app/extend/application.js",
    "start": 1648460715901,
    "end": 1648460715901,
    "duration": 0,
    "pid": 31144,
    "index": 31
  },
  {
    "name": "Require(27) node_modules/egg-logrotator/app/extend/application.js",
    "start": 1648460715902,
    "end": 1648460715903,
    "duration": 1,
    "pid": 31144,
    "index": 32
  },
  {
    "name": "Require(28) node_modules/egg-view/app/extend/application.js",
    "start": 1648460715903,
    "end": 1648460715904,
    "duration": 1,
    "pid": 31144,
    "index": 33
  },
  {
    "name": "Require(29) app/extend/application.js",
    "start": 1648460715905,
    "end": 1648460715934,
    "duration": 29,
    "pid": 31144,
    "index": 34
  },
  {
    "name": "Load extend/request.js",
    "start": 1648460715936,
    "end": 1648460715939,
    "duration": 3,
    "pid": 31144,
    "index": 35
  },
  {
    "name": "Require(30) node_modules/egg/app/extend/request.js",
    "start": 1648460715937,
    "end": 1648460715938,
    "duration": 1,
    "pid": 31144,
    "index": 36
  },
  {
    "name": "Load extend/response.js",
    "start": 1648460715939,
    "end": 1648460715942,
    "duration": 3,
    "pid": 31144,
    "index": 37
  },
  {
    "name": "Require(31) node_modules/egg/app/extend/response.js",
    "start": 1648460715940,
    "end": 1648460715941,
    "duration": 1,
    "pid": 31144,
    "index": 38
  },
  {
    "name": "Load extend/context.js",
    "start": 1648460715942,
    "end": 1648460715981,
    "duration": 39,
    "pid": 31144,
    "index": 39
  },
  {
    "name": "Require(32) node_modules/egg-security/app/extend/context.js",
    "start": 1648460715943,
    "end": 1648460715947,
    "duration": 4,
    "pid": 31144,
    "index": 40
  },
  {
    "name": "Require(33) node_modules/egg-jsonp/app/extend/context.js",
    "start": 1648460715947,
    "end": 1648460715948,
    "duration": 1,
    "pid": 31144,
    "index": 41
  },
  {
    "name": "Require(34) node_modules/egg-i18n/app/extend/context.js",
    "start": 1648460715948,
    "end": 1648460715948,
    "duration": 0,
    "pid": 31144,
    "index": 42
  },
  {
    "name": "Require(35) node_modules/egg-multipart/app/extend/context.js",
    "start": 1648460715949,
    "end": 1648460715978,
    "duration": 29,
    "pid": 31144,
    "index": 43
  },
  {
    "name": "Require(36) node_modules/egg-view/app/extend/context.js",
    "start": 1648460715978,
    "end": 1648460715979,
    "duration": 1,
    "pid": 31144,
    "index": 44
  },
  {
    "name": "Require(37) node_modules/egg-mongoose/app/extend/context.js",
    "start": 1648460715979,
    "end": 1648460715979,
    "duration": 0,
    "pid": 31144,
    "index": 45
  },
  {
    "name": "Require(38) node_modules/egg-validate/app/extend/context.js",
    "start": 1648460715979,
    "end": 1648460715979,
    "duration": 0,
    "pid": 31144,
    "index": 46
  },
  {
    "name": "Require(39) node_modules/egg/app/extend/context.js",
    "start": 1648460715980,
    "end": 1648460715980,
    "duration": 0,
    "pid": 31144,
    "index": 47
  },
  {
    "name": "Load extend/helper.js",
    "start": 1648460715982,
    "end": 1648460715994,
    "duration": 12,
    "pid": 31144,
    "index": 48
  },
  {
    "name": "Require(40) node_modules/egg-security/app/extend/helper.js",
    "start": 1648460715982,
    "end": 1648460715990,
    "duration": 8,
    "pid": 31144,
    "index": 49
  },
  {
    "name": "Require(41) node_modules/egg/app/extend/helper.js",
    "start": 1648460715992,
    "end": 1648460715992,
    "duration": 0,
    "pid": 31144,
    "index": 50
  },
  {
    "name": "Require(42) app/extend/helper.js",
    "start": 1648460715992,
    "end": 1648460715992,
    "duration": 0,
    "pid": 31144,
    "index": 51
  },
  {
    "name": "Load app.js",
    "start": 1648460715994,
    "end": 1648460716017,
    "duration": 23,
    "pid": 31144,
    "index": 52
  },
  {
    "name": "Require(43) node_modules/egg-session/app.js",
    "start": 1648460715994,
    "end": 1648460715994,
    "duration": 0,
    "pid": 31144,
    "index": 53
  },
  {
    "name": "Require(44) node_modules/egg-security/app.js",
    "start": 1648460715995,
    "end": 1648460715995,
    "duration": 0,
    "pid": 31144,
    "index": 54
  },
  {
    "name": "Require(45) node_modules/egg-onerror/app.js",
    "start": 1648460715996,
    "end": 1648460716000,
    "duration": 4,
    "pid": 31144,
    "index": 55
  },
  {
    "name": "Require(46) node_modules/egg-i18n/app.js",
    "start": 1648460716000,
    "end": 1648460716010,
    "duration": 10,
    "pid": 31144,
    "index": 56
  },
  {
    "name": "Require(47) node_modules/egg-watcher/app.js",
    "start": 1648460716010,
    "end": 1648460716012,
    "duration": 2,
    "pid": 31144,
    "index": 57
  },
  {
    "name": "Require(48) node_modules/egg-schedule/app.js",
    "start": 1648460716012,
    "end": 1648460716013,
    "duration": 1,
    "pid": 31144,
    "index": 58
  },
  {
    "name": "Require(49) node_modules/egg-multipart/app.js",
    "start": 1648460716013,
    "end": 1648460716013,
    "duration": 0,
    "pid": 31144,
    "index": 59
  },
  {
    "name": "Require(50) node_modules/egg-development/app.js",
    "start": 1648460716013,
    "end": 1648460716014,
    "duration": 1,
    "pid": 31144,
    "index": 60
  },
  {
    "name": "Require(51) node_modules/egg-logrotator/app.js",
    "start": 1648460716014,
    "end": 1648460716014,
    "duration": 0,
    "pid": 31144,
    "index": 61
  },
  {
    "name": "Require(52) node_modules/egg-static/app.js",
    "start": 1648460716014,
    "end": 1648460716014,
    "duration": 0,
    "pid": 31144,
    "index": 62
  },
  {
    "name": "Require(53) node_modules/egg-mongoose/app.js",
    "start": 1648460716015,
    "end": 1648460716015,
    "duration": 0,
    "pid": 31144,
    "index": 63
  },
  {
    "name": "Require(54) node_modules/egg-validate/app.js",
    "start": 1648460716015,
    "end": 1648460716016,
    "duration": 1,
    "pid": 31144,
    "index": 64
  },
  {
    "name": "Require(55) node_modules/egg-cors/app.js",
    "start": 1648460716016,
    "end": 1648460716016,
    "duration": 0,
    "pid": 31144,
    "index": 65
  },
  {
    "name": "Before Start in node_modules/egg-watcher/lib/init.js:15:14",
    "start": 1648460716023,
    "end": 1648460716385,
    "duration": 362,
    "pid": 31144,
    "index": 66
  },
  {
    "name": "Before Start in node_modules/egg-mongoose/lib/mongoose.js:104:7",
    "start": 1648460716271,
    "end": 1648460716389,
    "duration": 118,
    "pid": 31144,
    "index": 67
  },
  {
    "name": "Before Start in node_modules/egg-mongoose/lib/mongoose.js:52:9",
    "start": 1648460716271,
    "end": 1648460716378,
    "duration": 107,
    "pid": 31144,
    "index": 68
  },
  {
    "name": "Load Service",
    "start": 1648460716271,
    "end": 1648460716292,
    "duration": 21,
    "pid": 31144,
    "index": 69
  },
  {
    "name": "Load \"service\" to Context",
    "start": 1648460716271,
    "end": 1648460716292,
    "duration": 21,
    "pid": 31144,
    "index": 70
  },
  {
    "name": "Load Middleware",
    "start": 1648460716292,
    "end": 1648460716356,
    "duration": 64,
    "pid": 31144,
    "index": 71
  },
  {
    "name": "Load \"middlewares\" to Application",
    "start": 1648460716292,
    "end": 1648460716349,
    "duration": 57,
    "pid": 31144,
    "index": 72
  },
  {
    "name": "Load Controller",
    "start": 1648460716356,
    "end": 1648460716358,
    "duration": 2,
    "pid": 31144,
    "index": 73
  },
  {
    "name": "Load \"controller\" to Application",
    "start": 1648460716356,
    "end": 1648460716358,
    "duration": 2,
    "pid": 31144,
    "index": 74
  },
  {
    "name": "Load Router",
    "start": 1648460716358,
    "end": 1648460716360,
    "duration": 2,
    "pid": 31144,
    "index": 75
  },
  {
    "name": "Require(56) app/router.js",
    "start": 1648460716358,
    "end": 1648460716358,
    "duration": 0,
    "pid": 31144,
    "index": 76
  },
  {
    "name": "Before Start in node_modules/egg-core/lib/egg.js:303:10",
    "start": 1648460716358,
    "end": 1648460716378,
    "duration": 20,
    "pid": 31144,
    "index": 77
  },
  {
    "name": "Load \"model\" to Application",
    "start": 1648460716365,
    "end": 1648460716377,
    "duration": 12,
    "pid": 31144,
    "index": 78
  }
]