[
  {
    "name": "Process Start",
    "start": 1648462498571,
    "end": 1648462499223,
    "duration": 652,
    "pid": 40380,
    "index": 0
  },
  {
    "name": "Application Start",
    "start": 1648462499224,
    "end": 1648462499802,
    "duration": 578,
    "pid": 40380,
    "index": 1
  },
  {
    "name": "Load Plugin",
    "start": 1648462499227,
    "end": 1648462499237,
    "duration": 10,
    "pid": 40380,
    "index": 2
  },
  {
    "name": "Load Config",
    "start": 1648462499237,
    "end": 1648462499251,
    "duration": 14,
    "pid": 40380,
    "index": 3
  },
  {
    "name": "Require(0) config/config.default.js",
    "start": 1648462499237,
    "end": 1648462499237,
    "duration": 0,
    "pid": 40380,
    "index": 4
  },
  {
    "name": "Require(1) config/config.local.js",
    "start": 1648462499238,
    "end": 1648462499238,
    "duration": 0,
    "pid": 40380,
    "index": 5
  },
  {
    "name": "Require(2) node_modules/egg-session/config/config.default.js",
    "start": 1648462499239,
    "end": 1648462499239,
    "duration": 0,
    "pid": 40380,
    "index": 6
  },
  {
    "name": "Require(3) node_modules/egg-security/config/config.default.js",
    "start": 1648462499239,
    "end": 1648462499240,
    "duration": 1,
    "pid": 40380,
    "index": 7
  },
  {
    "name": "Require(4) node_modules/egg-jsonp/config/config.default.js",
    "start": 1648462499240,
    "end": 1648462499240,
    "duration": 0,
    "pid": 40380,
    "index": 8
  },
  {
    "name": "Require(5) node_modules/egg-onerror/config/config.default.js",
    "start": 1648462499241,
    "end": 1648462499241,
    "duration": 0,
    "pid": 40380,
    "index": 9
  },
  {
    "name": "Require(6) node_modules/egg-i18n/config/config.default.js",
    "start": 1648462499241,
    "end": 1648462499241,
    "duration": 0,
    "pid": 40380,
    "index": 10
  },
  {
    "name": "Require(7) node_modules/egg-watcher/config/config.default.js",
    "start": 1648462499242,
    "end": 1648462499242,
    "duration": 0,
    "pid": 40380,
    "index": 11
  },
  {
    "name": "Require(8) node_modules/egg-schedule/config/config.default.js",
    "start": 1648462499242,
    "end": 1648462499242,
    "duration": 0,
    "pid": 40380,
    "index": 12
  },
  {
    "name": "Require(9) node_modules/egg-multipart/config/config.default.js",
    "start": 1648462499243,
    "end": 1648462499243,
    "duration": 0,
    "pid": 40380,
    "index": 13
  },
  {
    "name": "Require(10) node_modules/egg-development/config/config.default.js",
    "start": 1648462499243,
    "end": 1648462499244,
    "duration": 1,
    "pid": 40380,
    "index": 14
  },
  {
    "name": "Require(11) node_modules/egg-logrotator/config/config.default.js",
    "start": 1648462499244,
    "end": 1648462499244,
    "duration": 0,
    "pid": 40380,
    "index": 15
  },
  {
    "name": "Require(12) node_modules/egg-static/config/config.default.js",
    "start": 1648462499244,
    "end": 1648462499245,
    "duration": 1,
    "pid": 40380,
    "index": 16
  },
  {
    "name": "Require(13) node_modules/egg-view/config/config.default.js",
    "start": 1648462499245,
    "end": 1648462499245,
    "duration": 0,
    "pid": 40380,
    "index": 17
  },
  {
    "name": "Require(14) node_modules/egg-mongoose/config/config.default.js",
    "start": 1648462499245,
    "end": 1648462499246,
    "duration": 1,
    "pid": 40380,
    "index": 18
  },
  {
    "name": "Require(15) node_modules/egg-validate/config/config.default.js",
    "start": 1648462499246,
    "end": 1648462499246,
    "duration": 0,
    "pid": 40380,
    "index": 19
  },
  {
    "name": "Require(16) node_modules/egg-cors/config/config.default.js",
    "start": 1648462499246,
    "end": 1648462499246,
    "duration": 0,
    "pid": 40380,
    "index": 20
  },
  {
    "name": "Require(17) node_modules/egg/config/config.default.js",
    "start": 1648462499247,
    "end": 1648462499247,
    "duration": 0,
    "pid": 40380,
    "index": 21
  },
  {
    "name": "Require(18) config/config.default.js",
    "start": 1648462499248,
    "end": 1648462499248,
    "duration": 0,
    "pid": 40380,
    "index": 22
  },
  {
    "name": "Require(19) node_modules/egg-security/config/config.local.js",
    "start": 1648462499248,
    "end": 1648462499249,
    "duration": 1,
    "pid": 40380,
    "index": 23
  },
  {
    "name": "Require(20) node_modules/egg-watcher/config/config.local.js",
    "start": 1648462499250,
    "end": 1648462499250,
    "duration": 0,
    "pid": 40380,
    "index": 24
  },
  {
    "name": "Require(21) node_modules/egg-view/config/config.local.js",
    "start": 1648462499250,
    "end": 1648462499251,
    "duration": 1,
    "pid": 40380,
    "index": 25
  },
  {
    "name": "Require(22) node_modules/egg/config/config.local.js",
    "start": 1648462499251,
    "end": 1648462499251,
    "duration": 0,
    "pid": 40380,
    "index": 26
  },
  {
    "name": "Require(23) config/config.local.js",
    "start": 1648462499251,
    "end": 1648462499251,
    "duration": 0,
    "pid": 40380,
    "index": 27
  },
  {
    "name": "Load extend/application.js",
    "start": 1648462499252,
    "end": 1648462499287,
    "duration": 35,
    "pid": 40380,
    "index": 28
  },
  {
    "name": "Require(24) node_modules/egg-session/app/extend/application.js",
    "start": 1648462499252,
    "end": 1648462499253,
    "duration": 1,
    "pid": 40380,
    "index": 29
  },
  {
    "name": "Require(25) node_modules/egg-security/app/extend/application.js",
    "start": 1648462499253,
    "end": 1648462499254,
    "duration": 1,
    "pid": 40380,
    "index": 30
  },
  {
    "name": "Require(26) node_modules/egg-jsonp/app/extend/application.js",
    "start": 1648462499254,
    "end": 1648462499254,
    "duration": 0,
    "pid": 40380,
    "index": 31
  },
  {
    "name": "Require(27) node_modules/egg-logrotator/app/extend/application.js",
    "start": 1648462499255,
    "end": 1648462499256,
    "duration": 1,
    "pid": 40380,
    "index": 32
  },
  {
    "name": "Require(28) node_modules/egg-view/app/extend/application.js",
    "start": 1648462499256,
    "end": 1648462499257,
    "duration": 1,
    "pid": 40380,
    "index": 33
  },
  {
    "name": "Require(29) app/extend/application.js",
    "start": 1648462499258,
    "end": 1648462499286,
    "duration": 28,
    "pid": 40380,
    "index": 34
  },
  {
    "name": "Load extend/request.js",
    "start": 1648462499287,
    "end": 1648462499291,
    "duration": 4,
    "pid": 40380,
    "index": 35
  },
  {
    "name": "Require(30) node_modules/egg/app/extend/request.js",
    "start": 1648462499289,
    "end": 1648462499289,
    "duration": 0,
    "pid": 40380,
    "index": 36
  },
  {
    "name": "Load extend/response.js",
    "start": 1648462499291,
    "end": 1648462499294,
    "duration": 3,
    "pid": 40380,
    "index": 37
  },
  {
    "name": "Require(31) node_modules/egg/app/extend/response.js",
    "start": 1648462499292,
    "end": 1648462499293,
    "duration": 1,
    "pid": 40380,
    "index": 38
  },
  {
    "name": "Load extend/context.js",
    "start": 1648462499294,
    "end": 1648462499332,
    "duration": 38,
    "pid": 40380,
    "index": 39
  },
  {
    "name": "Require(32) node_modules/egg-security/app/extend/context.js",
    "start": 1648462499294,
    "end": 1648462499299,
    "duration": 5,
    "pid": 40380,
    "index": 40
  },
  {
    "name": "Require(33) node_modules/egg-jsonp/app/extend/context.js",
    "start": 1648462499299,
    "end": 1648462499300,
    "duration": 1,
    "pid": 40380,
    "index": 41
  },
  {
    "name": "Require(34) node_modules/egg-i18n/app/extend/context.js",
    "start": 1648462499300,
    "end": 1648462499300,
    "duration": 0,
    "pid": 40380,
    "index": 42
  },
  {
    "name": "Require(35) node_modules/egg-multipart/app/extend/context.js",
    "start": 1648462499301,
    "end": 1648462499328,
    "duration": 27,
    "pid": 40380,
    "index": 43
  },
  {
    "name": "Require(36) node_modules/egg-view/app/extend/context.js",
    "start": 1648462499328,
    "end": 1648462499329,
    "duration": 1,
    "pid": 40380,
    "index": 44
  },
  {
    "name": "Require(37) node_modules/egg-mongoose/app/extend/context.js",
    "start": 1648462499329,
    "end": 1648462499329,
    "duration": 0,
    "pid": 40380,
    "index": 45
  },
  {
    "name": "Require(38) node_modules/egg-validate/app/extend/context.js",
    "start": 1648462499329,
    "end": 1648462499329,
    "duration": 0,
    "pid": 40380,
    "index": 46
  },
  {
    "name": "Require(39) node_modules/egg/app/extend/context.js",
    "start": 1648462499330,
    "end": 1648462499330,
    "duration": 0,
    "pid": 40380,
    "index": 47
  },
  {
    "name": "Load extend/helper.js",
    "start": 1648462499332,
    "end": 1648462499343,
    "duration": 11,
    "pid": 40380,
    "index": 48
  },
  {
    "name": "Require(40) node_modules/egg-security/app/extend/helper.js",
    "start": 1648462499332,
    "end": 1648462499340,
    "duration": 8,
    "pid": 40380,
    "index": 49
  },
  {
    "name": "Require(41) node_modules/egg/app/extend/helper.js",
    "start": 1648462499341,
    "end": 1648462499341,
    "duration": 0,
    "pid": 40380,
    "index": 50
  },
  {
    "name": "Require(42) app/extend/helper.js",
    "start": 1648462499341,
    "end": 1648462499342,
    "duration": 1,
    "pid": 40380,
    "index": 51
  },
  {
    "name": "Load app.js",
    "start": 1648462499343,
    "end": 1648462499366,
    "duration": 23,
    "pid": 40380,
    "index": 52
  },
  {
    "name": "Require(43) node_modules/egg-session/app.js",
    "start": 1648462499343,
    "end": 1648462499343,
    "duration": 0,
    "pid": 40380,
    "index": 53
  },
  {
    "name": "Require(44) node_modules/egg-security/app.js",
    "start": 1648462499344,
    "end": 1648462499344,
    "duration": 0,
    "pid": 40380,
    "index": 54
  },
  {
    "name": "Require(45) node_modules/egg-onerror/app.js",
    "start": 1648462499345,
    "end": 1648462499349,
    "duration": 4,
    "pid": 40380,
    "index": 55
  },
  {
    "name": "Require(46) node_modules/egg-i18n/app.js",
    "start": 1648462499349,
    "end": 1648462499358,
    "duration": 9,
    "pid": 40380,
    "index": 56
  },
  {
    "name": "Require(47) node_modules/egg-watcher/app.js",
    "start": 1648462499358,
    "end": 1648462499360,
    "duration": 2,
    "pid": 40380,
    "index": 57
  },
  {
    "name": "Require(48) node_modules/egg-schedule/app.js",
    "start": 1648462499360,
    "end": 1648462499361,
    "duration": 1,
    "pid": 40380,
    "index": 58
  },
  {
    "name": "Require(49) node_modules/egg-multipart/app.js",
    "start": 1648462499361,
    "end": 1648462499361,
    "duration": 0,
    "pid": 40380,
    "index": 59
  },
  {
    "name": "Require(50) node_modules/egg-development/app.js",
    "start": 1648462499362,
    "end": 1648462499362,
    "duration": 0,
    "pid": 40380,
    "index": 60
  },
  {
    "name": "Require(51) node_modules/egg-logrotator/app.js",
    "start": 1648462499362,
    "end": 1648462499362,
    "duration": 0,
    "pid": 40380,
    "index": 61
  },
  {
    "name": "Require(52) node_modules/egg-static/app.js",
    "start": 1648462499362,
    "end": 1648462499363,
    "duration": 1,
    "pid": 40380,
    "index": 62
  },
  {
    "name": "Require(53) node_modules/egg-mongoose/app.js",
    "start": 1648462499363,
    "end": 1648462499363,
    "duration": 0,
    "pid": 40380,
    "index": 63
  },
  {
    "name": "Require(54) node_modules/egg-validate/app.js",
    "start": 1648462499363,
    "end": 1648462499365,
    "duration": 2,
    "pid": 40380,
    "index": 64
  },
  {
    "name": "Require(55) node_modules/egg-cors/app.js",
    "start": 1648462499365,
    "end": 1648462499365,
    "duration": 0,
    "pid": 40380,
    "index": 65
  },
  {
    "name": "Before Start in node_modules/egg-watcher/lib/init.js:15:14",
    "start": 1648462499376,
    "end": 1648462499802,
    "duration": 426,
    "pid": 40380,
    "index": 66
  },
  {
    "name": "Before Start in node_modules/egg-mongoose/lib/mongoose.js:104:7",
    "start": 1648462499635,
    "end": 1648462499801,
    "duration": 166,
    "pid": 40380,
    "index": 67
  },
  {
    "name": "Before Start in node_modules/egg-mongoose/lib/mongoose.js:52:9",
    "start": 1648462499635,
    "end": 1648462499791,
    "duration": 156,
    "pid": 40380,
    "index": 68
  },
  {
    "name": "Load Service",
    "start": 1648462499636,
    "end": 1648462499656,
    "duration": 20,
    "pid": 40380,
    "index": 69
  },
  {
    "name": "Load \"service\" to Context",
    "start": 1648462499636,
    "end": 1648462499656,
    "duration": 20,
    "pid": 40380,
    "index": 70
  },
  {
    "name": "Load Middleware",
    "start": 1648462499656,
    "end": 1648462499768,
    "duration": 112,
    "pid": 40380,
    "index": 71
  },
  {
    "name": "Load \"middlewares\" to Application",
    "start": 1648462499656,
    "end": 1648462499762,
    "duration": 106,
    "pid": 40380,
    "index": 72
  },
  {
    "name": "Load Controller",
    "start": 1648462499768,
    "end": 1648462499771,
    "duration": 3,
    "pid": 40380,
    "index": 73
  },
  {
    "name": "Load \"controller\" to Application",
    "start": 1648462499768,
    "end": 1648462499771,
    "duration": 3,
    "pid": 40380,
    "index": 74
  },
  {
    "name": "Load Router",
    "start": 1648462499771,
    "end": 1648462499774,
    "duration": 3,
    "pid": 40380,
    "index": 75
  },
  {
    "name": "Require(56) app/router.js",
    "start": 1648462499772,
    "end": 1648462499772,
    "duration": 0,
    "pid": 40380,
    "index": 76
  },
  {
    "name": "Before Start in node_modules/egg-core/lib/egg.js:303:10",
    "start": 1648462499772,
    "end": 1648462499791,
    "duration": 19,
    "pid": 40380,
    "index": 77
  },
  {
    "name": "Load \"model\" to Application",
    "start": 1648462499779,
    "end": 1648462499790,
    "duration": 11,
    "pid": 40380,
    "index": 78
  }
]