[
  {
    "name": "Process Start",
    "start": 1648545517010,
    "end": 1648545517647,
    "duration": 637,
    "pid": 42508,
    "index": 0
  },
  {
    "name": "Application Start",
    "start": 1648545517647,
    "end": 1648545518172,
    "duration": 525,
    "pid": 42508,
    "index": 1
  },
  {
    "name": "Load Plugin",
    "start": 1648545517650,
    "end": 1648545517659,
    "duration": 9,
    "pid": 42508,
    "index": 2
  },
  {
    "name": "Load Config",
    "start": 1648545517659,
    "end": 1648545517676,
    "duration": 17,
    "pid": 42508,
    "index": 3
  },
  {
    "name": "Require(0) config/config.default.js",
    "start": 1648545517660,
    "end": 1648545517660,
    "duration": 0,
    "pid": 42508,
    "index": 4
  },
  {
    "name": "Require(1) config/config.local.js",
    "start": 1648545517661,
    "end": 1648545517661,
    "duration": 0,
    "pid": 42508,
    "index": 5
  },
  {
    "name": "Require(2) node_modules/egg-session/config/config.default.js",
    "start": 1648545517661,
    "end": 1648545517662,
    "duration": 1,
    "pid": 42508,
    "index": 6
  },
  {
    "name": "Require(3) node_modules/egg-security/config/config.default.js",
    "start": 1648545517662,
    "end": 1648545517662,
    "duration": 0,
    "pid": 42508,
    "index": 7
  },
  {
    "name": "Require(4) node_modules/egg-jsonp/config/config.default.js",
    "start": 1648545517663,
    "end": 1648545517663,
    "duration": 0,
    "pid": 42508,
    "index": 8
  },
  {
    "name": "Require(5) node_modules/egg-onerror/config/config.default.js",
    "start": 1648545517663,
    "end": 1648545517663,
    "duration": 0,
    "pid": 42508,
    "index": 9
  },
  {
    "name": "Require(6) node_modules/egg-i18n/config/config.default.js",
    "start": 1648545517664,
    "end": 1648545517664,
    "duration": 0,
    "pid": 42508,
    "index": 10
  },
  {
    "name": "Require(7) node_modules/egg-watcher/config/config.default.js",
    "start": 1648545517664,
    "end": 1648545517665,
    "duration": 1,
    "pid": 42508,
    "index": 11
  },
  {
    "name": "Require(8) node_modules/egg-schedule/config/config.default.js",
    "start": 1648545517665,
    "end": 1648545517665,
    "duration": 0,
    "pid": 42508,
    "index": 12
  },
  {
    "name": "Require(9) node_modules/egg-multipart/config/config.default.js",
    "start": 1648545517665,
    "end": 1648545517666,
    "duration": 1,
    "pid": 42508,
    "index": 13
  },
  {
    "name": "Require(10) node_modules/egg-development/config/config.default.js",
    "start": 1648545517666,
    "end": 1648545517666,
    "duration": 0,
    "pid": 42508,
    "index": 14
  },
  {
    "name": "Require(11) node_modules/egg-logrotator/config/config.default.js",
    "start": 1648545517667,
    "end": 1648545517667,
    "duration": 0,
    "pid": 42508,
    "index": 15
  },
  {
    "name": "Require(12) node_modules/egg-static/config/config.default.js",
    "start": 1648545517667,
    "end": 1648545517667,
    "duration": 0,
    "pid": 42508,
    "index": 16
  },
  {
    "name": "Require(13) node_modules/egg-view/config/config.default.js",
    "start": 1648545517668,
    "end": 1648545517668,
    "duration": 0,
    "pid": 42508,
    "index": 17
  },
  {
    "name": "Require(14) node_modules/egg-mongoose/config/config.default.js",
    "start": 1648545517668,
    "end": 1648545517668,
    "duration": 0,
    "pid": 42508,
    "index": 18
  },
  {
    "name": "Require(15) node_modules/egg-validate/config/config.default.js",
    "start": 1648545517669,
    "end": 1648545517669,
    "duration": 0,
    "pid": 42508,
    "index": 19
  },
  {
    "name": "Require(16) node_modules/egg-cors/config/config.default.js",
    "start": 1648545517669,
    "end": 1648545517669,
    "duration": 0,
    "pid": 42508,
    "index": 20
  },
  {
    "name": "Require(17) node_modules/egg/config/config.default.js",
    "start": 1648545517669,
    "end": 1648545517670,
    "duration": 1,
    "pid": 42508,
    "index": 21
  },
  {
    "name": "Require(18) config/config.default.js",
    "start": 1648545517671,
    "end": 1648545517671,
    "duration": 0,
    "pid": 42508,
    "index": 22
  },
  {
    "name": "Require(19) node_modules/egg-security/config/config.local.js",
    "start": 1648545517671,
    "end": 1648545517672,
    "duration": 1,
    "pid": 42508,
    "index": 23
  },
  {
    "name": "Require(20) node_modules/egg-watcher/config/config.local.js",
    "start": 1648545517672,
    "end": 1648545517673,
    "duration": 1,
    "pid": 42508,
    "index": 24
  },
  {
    "name": "Require(21) node_modules/egg-view/config/config.local.js",
    "start": 1648545517675,
    "end": 1648545517675,
    "duration": 0,
    "pid": 42508,
    "index": 25
  },
  {
    "name": "Require(22) node_modules/egg/config/config.local.js",
    "start": 1648545517676,
    "end": 1648545517676,
    "duration": 0,
    "pid": 42508,
    "index": 26
  },
  {
    "name": "Require(23) config/config.local.js",
    "start": 1648545517676,
    "end": 1648545517676,
    "duration": 0,
    "pid": 42508,
    "index": 27
  },
  {
    "name": "Load extend/application.js",
    "start": 1648545517677,
    "end": 1648545517711,
    "duration": 34,
    "pid": 42508,
    "index": 28
  },
  {
    "name": "Require(24) node_modules/egg-session/app/extend/application.js",
    "start": 1648545517677,
    "end": 1648545517677,
    "duration": 0,
    "pid": 42508,
    "index": 29
  },
  {
    "name": "Require(25) node_modules/egg-security/app/extend/application.js",
    "start": 1648545517678,
    "end": 1648545517678,
    "duration": 0,
    "pid": 42508,
    "index": 30
  },
  {
    "name": "Require(26) node_modules/egg-jsonp/app/extend/application.js",
    "start": 1648545517678,
    "end": 1648545517679,
    "duration": 1,
    "pid": 42508,
    "index": 31
  },
  {
    "name": "Require(27) node_modules/egg-logrotator/app/extend/application.js",
    "start": 1648545517680,
    "end": 1648545517681,
    "duration": 1,
    "pid": 42508,
    "index": 32
  },
  {
    "name": "Require(28) node_modules/egg-view/app/extend/application.js",
    "start": 1648545517681,
    "end": 1648545517682,
    "duration": 1,
    "pid": 42508,
    "index": 33
  },
  {
    "name": "Require(29) app/extend/application.js",
    "start": 1648545517682,
    "end": 1648545517710,
    "duration": 28,
    "pid": 42508,
    "index": 34
  },
  {
    "name": "Load extend/request.js",
    "start": 1648545517711,
    "end": 1648545517715,
    "duration": 4,
    "pid": 42508,
    "index": 35
  },
  {
    "name": "Require(30) node_modules/egg/app/extend/request.js",
    "start": 1648545517713,
    "end": 1648545517713,
    "duration": 0,
    "pid": 42508,
    "index": 36
  },
  {
    "name": "Load extend/response.js",
    "start": 1648545517715,
    "end": 1648545517718,
    "duration": 3,
    "pid": 42508,
    "index": 37
  },
  {
    "name": "Require(31) node_modules/egg/app/extend/response.js",
    "start": 1648545517716,
    "end": 1648545517717,
    "duration": 1,
    "pid": 42508,
    "index": 38
  },
  {
    "name": "Load extend/context.js",
    "start": 1648545517718,
    "end": 1648545517756,
    "duration": 38,
    "pid": 42508,
    "index": 39
  },
  {
    "name": "Require(32) node_modules/egg-security/app/extend/context.js",
    "start": 1648545517719,
    "end": 1648545517723,
    "duration": 4,
    "pid": 42508,
    "index": 40
  },
  {
    "name": "Require(33) node_modules/egg-jsonp/app/extend/context.js",
    "start": 1648545517723,
    "end": 1648545517724,
    "duration": 1,
    "pid": 42508,
    "index": 41
  },
  {
    "name": "Require(34) node_modules/egg-i18n/app/extend/context.js",
    "start": 1648545517724,
    "end": 1648545517724,
    "duration": 0,
    "pid": 42508,
    "index": 42
  },
  {
    "name": "Require(35) node_modules/egg-multipart/app/extend/context.js",
    "start": 1648545517725,
    "end": 1648545517752,
    "duration": 27,
    "pid": 42508,
    "index": 43
  },
  {
    "name": "Require(36) node_modules/egg-view/app/extend/context.js",
    "start": 1648545517753,
    "end": 1648545517753,
    "duration": 0,
    "pid": 42508,
    "index": 44
  },
  {
    "name": "Require(37) node_modules/egg-mongoose/app/extend/context.js",
    "start": 1648545517753,
    "end": 1648545517753,
    "duration": 0,
    "pid": 42508,
    "index": 45
  },
  {
    "name": "Require(38) node_modules/egg-validate/app/extend/context.js",
    "start": 1648545517754,
    "end": 1648545517754,
    "duration": 0,
    "pid": 42508,
    "index": 46
  },
  {
    "name": "Require(39) node_modules/egg/app/extend/context.js",
    "start": 1648545517754,
    "end": 1648545517755,
    "duration": 1,
    "pid": 42508,
    "index": 47
  },
  {
    "name": "Load extend/helper.js",
    "start": 1648545517756,
    "end": 1648545517768,
    "duration": 12,
    "pid": 42508,
    "index": 48
  },
  {
    "name": "Require(40) node_modules/egg-security/app/extend/helper.js",
    "start": 1648545517756,
    "end": 1648545517765,
    "duration": 9,
    "pid": 42508,
    "index": 49
  },
  {
    "name": "Require(41) node_modules/egg/app/extend/helper.js",
    "start": 1648545517766,
    "end": 1648545517766,
    "duration": 0,
    "pid": 42508,
    "index": 50
  },
  {
    "name": "Require(42) app/extend/helper.js",
    "start": 1648545517766,
    "end": 1648545517766,
    "duration": 0,
    "pid": 42508,
    "index": 51
  },
  {
    "name": "Load app.js",
    "start": 1648545517768,
    "end": 1648545517789,
    "duration": 21,
    "pid": 42508,
    "index": 52
  },
  {
    "name": "Require(43) node_modules/egg-session/app.js",
    "start": 1648545517768,
    "end": 1648545517768,
    "duration": 0,
    "pid": 42508,
    "index": 53
  },
  {
    "name": "Require(44) node_modules/egg-security/app.js",
    "start": 1648545517768,
    "end": 1648545517769,
    "duration": 1,
    "pid": 42508,
    "index": 54
  },
  {
    "name": "Require(45) node_modules/egg-onerror/app.js",
    "start": 1648545517769,
    "end": 1648545517773,
    "duration": 4,
    "pid": 42508,
    "index": 55
  },
  {
    "name": "Require(46) node_modules/egg-i18n/app.js",
    "start": 1648545517773,
    "end": 1648545517783,
    "duration": 10,
    "pid": 42508,
    "index": 56
  },
  {
    "name": "Require(47) node_modules/egg-watcher/app.js",
    "start": 1648545517783,
    "end": 1648545517784,
    "duration": 1,
    "pid": 42508,
    "index": 57
  },
  {
    "name": "Require(48) node_modules/egg-schedule/app.js",
    "start": 1648545517785,
    "end": 1648545517785,
    "duration": 0,
    "pid": 42508,
    "index": 58
  },
  {
    "name": "Require(49) node_modules/egg-multipart/app.js",
    "start": 1648545517785,
    "end": 1648545517786,
    "duration": 1,
    "pid": 42508,
    "index": 59
  },
  {
    "name": "Require(50) node_modules/egg-development/app.js",
    "start": 1648545517786,
    "end": 1648545517786,
    "duration": 0,
    "pid": 42508,
    "index": 60
  },
  {
    "name": "Require(51) node_modules/egg-logrotator/app.js",
    "start": 1648545517786,
    "end": 1648545517786,
    "duration": 0,
    "pid": 42508,
    "index": 61
  },
  {
    "name": "Require(52) node_modules/egg-static/app.js",
    "start": 1648545517787,
    "end": 1648545517787,
    "duration": 0,
    "pid": 42508,
    "index": 62
  },
  {
    "name": "Require(53) node_modules/egg-mongoose/app.js",
    "start": 1648545517787,
    "end": 1648545517787,
    "duration": 0,
    "pid": 42508,
    "index": 63
  },
  {
    "name": "Require(54) node_modules/egg-validate/app.js",
    "start": 1648545517787,
    "end": 1648545517788,
    "duration": 1,
    "pid": 42508,
    "index": 64
  },
  {
    "name": "Require(55) node_modules/egg-cors/app.js",
    "start": 1648545517788,
    "end": 1648545517789,
    "duration": 1,
    "pid": 42508,
    "index": 65
  },
  {
    "name": "Before Start in node_modules/egg-watcher/lib/init.js:15:14",
    "start": 1648545517795,
    "end": 1648545518171,
    "duration": 376,
    "pid": 42508,
    "index": 66
  },
  {
    "name": "Before Start in node_modules/egg-mongoose/lib/mongoose.js:104:7",
    "start": 1648545518059,
    "end": 1648545518170,
    "duration": 111,
    "pid": 42508,
    "index": 67
  },
  {
    "name": "Before Start in node_modules/egg-mongoose/lib/mongoose.js:52:9",
    "start": 1648545518059,
    "end": 1648545518160,
    "duration": 101,
    "pid": 42508,
    "index": 68
  },
  {
    "name": "Load Service",
    "start": 1648545518059,
    "end": 1648545518078,
    "duration": 19,
    "pid": 42508,
    "index": 69
  },
  {
    "name": "Load \"service\" to Context",
    "start": 1648545518059,
    "end": 1648545518078,
    "duration": 19,
    "pid": 42508,
    "index": 70
  },
  {
    "name": "Load Middleware",
    "start": 1648545518078,
    "end": 1648545518139,
    "duration": 61,
    "pid": 42508,
    "index": 71
  },
  {
    "name": "Load \"middlewares\" to Application",
    "start": 1648545518078,
    "end": 1648545518133,
    "duration": 55,
    "pid": 42508,
    "index": 72
  },
  {
    "name": "Load Controller",
    "start": 1648545518139,
    "end": 1648545518141,
    "duration": 2,
    "pid": 42508,
    "index": 73
  },
  {
    "name": "Load \"controller\" to Application",
    "start": 1648545518139,
    "end": 1648545518141,
    "duration": 2,
    "pid": 42508,
    "index": 74
  },
  {
    "name": "Load Router",
    "start": 1648545518141,
    "end": 1648545518143,
    "duration": 2,
    "pid": 42508,
    "index": 75
  },
  {
    "name": "Require(56) app/router.js",
    "start": 1648545518141,
    "end": 1648545518141,
    "duration": 0,
    "pid": 42508,
    "index": 76
  },
  {
    "name": "Before Start in node_modules/egg-core/lib/egg.js:303:10",
    "start": 1648545518142,
    "end": 1648545518160,
    "duration": 18,
    "pid": 42508,
    "index": 77
  },
  {
    "name": "Load \"model\" to Application",
    "start": 1648545518148,
    "end": 1648545518159,
    "duration": 11,
    "pid": 42508,
    "index": 78
  }
]