[
  {
    "name": "Process Start",
    "start": 1648546573959,
    "end": 1648546574667,
    "duration": 708,
    "pid": 29216,
    "index": 0
  },
  {
    "name": "Application Start",
    "start": 1648546574668,
    "end": 1648546575283,
    "duration": 615,
    "pid": 29216,
    "index": 1
  },
  {
    "name": "Load Plugin",
    "start": 1648546574673,
    "end": 1648546574694,
    "duration": 21,
    "pid": 29216,
    "index": 2
  },
  {
    "name": "Load Config",
    "start": 1648546574694,
    "end": 1648546574717,
    "duration": 23,
    "pid": 29216,
    "index": 3
  },
  {
    "name": "Require(0) config/config.default.js",
    "start": 1648546574695,
    "end": 1648546574695,
    "duration": 0,
    "pid": 29216,
    "index": 4
  },
  {
    "name": "Require(1) config/config.local.js",
    "start": 1648546574696,
    "end": 1648546574697,
    "duration": 1,
    "pid": 29216,
    "index": 5
  },
  {
    "name": "Require(2) node_modules/egg-session/config/config.default.js",
    "start": 1648546574697,
    "end": 1648546574697,
    "duration": 0,
    "pid": 29216,
    "index": 6
  },
  {
    "name": "Require(3) node_modules/egg-security/config/config.default.js",
    "start": 1648546574698,
    "end": 1648546574698,
    "duration": 0,
    "pid": 29216,
    "index": 7
  },
  {
    "name": "Require(4) node_modules/egg-jsonp/config/config.default.js",
    "start": 1648546574699,
    "end": 1648546574699,
    "duration": 0,
    "pid": 29216,
    "index": 8
  },
  {
    "name": "Require(5) node_modules/egg-onerror/config/config.default.js",
    "start": 1648546574700,
    "end": 1648546574700,
    "duration": 0,
    "pid": 29216,
    "index": 9
  },
  {
    "name": "Require(6) node_modules/egg-i18n/config/config.default.js",
    "start": 1648546574700,
    "end": 1648546574701,
    "duration": 1,
    "pid": 29216,
    "index": 10
  },
  {
    "name": "Require(7) node_modules/egg-watcher/config/config.default.js",
    "start": 1648546574701,
    "end": 1648546574702,
    "duration": 1,
    "pid": 29216,
    "index": 11
  },
  {
    "name": "Require(8) node_modules/egg-schedule/config/config.default.js",
    "start": 1648546574702,
    "end": 1648546574702,
    "duration": 0,
    "pid": 29216,
    "index": 12
  },
  {
    "name": "Require(9) node_modules/egg-multipart/config/config.default.js",
    "start": 1648546574703,
    "end": 1648546574703,
    "duration": 0,
    "pid": 29216,
    "index": 13
  },
  {
    "name": "Require(10) node_modules/egg-development/config/config.default.js",
    "start": 1648546574704,
    "end": 1648546574704,
    "duration": 0,
    "pid": 29216,
    "index": 14
  },
  {
    "name": "Require(11) node_modules/egg-logrotator/config/config.default.js",
    "start": 1648546574705,
    "end": 1648546574705,
    "duration": 0,
    "pid": 29216,
    "index": 15
  },
  {
    "name": "Require(12) node_modules/egg-static/config/config.default.js",
    "start": 1648546574706,
    "end": 1648546574706,
    "duration": 0,
    "pid": 29216,
    "index": 16
  },
  {
    "name": "Require(13) node_modules/egg-view/config/config.default.js",
    "start": 1648546574706,
    "end": 1648546574707,
    "duration": 1,
    "pid": 29216,
    "index": 17
  },
  {
    "name": "Require(14) node_modules/egg-mongoose/config/config.default.js",
    "start": 1648546574707,
    "end": 1648546574707,
    "duration": 0,
    "pid": 29216,
    "index": 18
  },
  {
    "name": "Require(15) node_modules/egg-validate/config/config.default.js",
    "start": 1648546574708,
    "end": 1648546574708,
    "duration": 0,
    "pid": 29216,
    "index": 19
  },
  {
    "name": "Require(16) node_modules/egg-cors/config/config.default.js",
    "start": 1648546574708,
    "end": 1648546574708,
    "duration": 0,
    "pid": 29216,
    "index": 20
  },
  {
    "name": "Require(17) node_modules/egg/config/config.default.js",
    "start": 1648546574708,
    "end": 1648546574709,
    "duration": 1,
    "pid": 29216,
    "index": 21
  },
  {
    "name": "Require(18) config/config.default.js",
    "start": 1648546574710,
    "end": 1648546574710,
    "duration": 0,
    "pid": 29216,
    "index": 22
  },
  {
    "name": "Require(19) node_modules/egg-security/config/config.local.js",
    "start": 1648546574712,
    "end": 1648546574714,
    "duration": 2,
    "pid": 29216,
    "index": 23
  },
  {
    "name": "Require(20) node_modules/egg-watcher/config/config.local.js",
    "start": 1648546574715,
    "end": 1648546574715,
    "duration": 0,
    "pid": 29216,
    "index": 24
  },
  {
    "name": "Require(21) node_modules/egg-view/config/config.local.js",
    "start": 1648546574716,
    "end": 1648546574716,
    "duration": 0,
    "pid": 29216,
    "index": 25
  },
  {
    "name": "Require(22) node_modules/egg/config/config.local.js",
    "start": 1648546574716,
    "end": 1648546574717,
    "duration": 1,
    "pid": 29216,
    "index": 26
  },
  {
    "name": "Require(23) config/config.local.js",
    "start": 1648546574717,
    "end": 1648546574717,
    "duration": 0,
    "pid": 29216,
    "index": 27
  },
  {
    "name": "Load extend/application.js",
    "start": 1648546574718,
    "end": 1648546574772,
    "duration": 54,
    "pid": 29216,
    "index": 28
  },
  {
    "name": "Require(24) node_modules/egg-session/app/extend/application.js",
    "start": 1648546574720,
    "end": 1648546574721,
    "duration": 1,
    "pid": 29216,
    "index": 29
  },
  {
    "name": "Require(25) node_modules/egg-security/app/extend/application.js",
    "start": 1648546574721,
    "end": 1648546574723,
    "duration": 2,
    "pid": 29216,
    "index": 30
  },
  {
    "name": "Require(26) node_modules/egg-jsonp/app/extend/application.js",
    "start": 1648546574724,
    "end": 1648546574726,
    "duration": 2,
    "pid": 29216,
    "index": 31
  },
  {
    "name": "Require(27) node_modules/egg-logrotator/app/extend/application.js",
    "start": 1648546574727,
    "end": 1648546574729,
    "duration": 2,
    "pid": 29216,
    "index": 32
  },
  {
    "name": "Require(28) node_modules/egg-view/app/extend/application.js",
    "start": 1648546574729,
    "end": 1648546574730,
    "duration": 1,
    "pid": 29216,
    "index": 33
  },
  {
    "name": "Require(29) app/extend/application.js",
    "start": 1648546574731,
    "end": 1648546574770,
    "duration": 39,
    "pid": 29216,
    "index": 34
  },
  {
    "name": "Load extend/request.js",
    "start": 1648546574772,
    "end": 1648546574776,
    "duration": 4,
    "pid": 29216,
    "index": 35
  },
  {
    "name": "Require(30) node_modules/egg/app/extend/request.js",
    "start": 1648546574774,
    "end": 1648546574774,
    "duration": 0,
    "pid": 29216,
    "index": 36
  },
  {
    "name": "Load extend/response.js",
    "start": 1648546574776,
    "end": 1648546574780,
    "duration": 4,
    "pid": 29216,
    "index": 37
  },
  {
    "name": "Require(31) node_modules/egg/app/extend/response.js",
    "start": 1648546574777,
    "end": 1648546574779,
    "duration": 2,
    "pid": 29216,
    "index": 38
  },
  {
    "name": "Load extend/context.js",
    "start": 1648546574780,
    "end": 1648546574823,
    "duration": 43,
    "pid": 29216,
    "index": 39
  },
  {
    "name": "Require(32) node_modules/egg-security/app/extend/context.js",
    "start": 1648546574781,
    "end": 1648546574786,
    "duration": 5,
    "pid": 29216,
    "index": 40
  },
  {
    "name": "Require(33) node_modules/egg-jsonp/app/extend/context.js",
    "start": 1648546574786,
    "end": 1648546574787,
    "duration": 1,
    "pid": 29216,
    "index": 41
  },
  {
    "name": "Require(34) node_modules/egg-i18n/app/extend/context.js",
    "start": 1648546574787,
    "end": 1648546574787,
    "duration": 0,
    "pid": 29216,
    "index": 42
  },
  {
    "name": "Require(35) node_modules/egg-multipart/app/extend/context.js",
    "start": 1648546574788,
    "end": 1648546574819,
    "duration": 31,
    "pid": 29216,
    "index": 43
  },
  {
    "name": "Require(36) node_modules/egg-view/app/extend/context.js",
    "start": 1648546574820,
    "end": 1648546574820,
    "duration": 0,
    "pid": 29216,
    "index": 44
  },
  {
    "name": "Require(37) node_modules/egg-mongoose/app/extend/context.js",
    "start": 1648546574821,
    "end": 1648546574821,
    "duration": 0,
    "pid": 29216,
    "index": 45
  },
  {
    "name": "Require(38) node_modules/egg-validate/app/extend/context.js",
    "start": 1648546574821,
    "end": 1648546574821,
    "duration": 0,
    "pid": 29216,
    "index": 46
  },
  {
    "name": "Require(39) node_modules/egg/app/extend/context.js",
    "start": 1648546574821,
    "end": 1648546574822,
    "duration": 1,
    "pid": 29216,
    "index": 47
  },
  {
    "name": "Load extend/helper.js",
    "start": 1648546574823,
    "end": 1648546574837,
    "duration": 14,
    "pid": 29216,
    "index": 48
  },
  {
    "name": "Require(40) node_modules/egg-security/app/extend/helper.js",
    "start": 1648546574824,
    "end": 1648546574834,
    "duration": 10,
    "pid": 29216,
    "index": 49
  },
  {
    "name": "Require(41) node_modules/egg/app/extend/helper.js",
    "start": 1648546574835,
    "end": 1648546574835,
    "duration": 0,
    "pid": 29216,
    "index": 50
  },
  {
    "name": "Require(42) app/extend/helper.js",
    "start": 1648546574836,
    "end": 1648546574836,
    "duration": 0,
    "pid": 29216,
    "index": 51
  },
  {
    "name": "Load app.js",
    "start": 1648546574837,
    "end": 1648546574863,
    "duration": 26,
    "pid": 29216,
    "index": 52
  },
  {
    "name": "Require(43) node_modules/egg-session/app.js",
    "start": 1648546574838,
    "end": 1648546574838,
    "duration": 0,
    "pid": 29216,
    "index": 53
  },
  {
    "name": "Require(44) node_modules/egg-security/app.js",
    "start": 1648546574838,
    "end": 1648546574839,
    "duration": 1,
    "pid": 29216,
    "index": 54
  },
  {
    "name": "Require(45) node_modules/egg-onerror/app.js",
    "start": 1648546574839,
    "end": 1648546574843,
    "duration": 4,
    "pid": 29216,
    "index": 55
  },
  {
    "name": "Require(46) node_modules/egg-i18n/app.js",
    "start": 1648546574843,
    "end": 1648546574855,
    "duration": 12,
    "pid": 29216,
    "index": 56
  },
  {
    "name": "Require(47) node_modules/egg-watcher/app.js",
    "start": 1648546574855,
    "end": 1648546574857,
    "duration": 2,
    "pid": 29216,
    "index": 57
  },
  {
    "name": "Require(48) node_modules/egg-schedule/app.js",
    "start": 1648546574857,
    "end": 1648546574858,
    "duration": 1,
    "pid": 29216,
    "index": 58
  },
  {
    "name": "Require(49) node_modules/egg-multipart/app.js",
    "start": 1648546574858,
    "end": 1648546574858,
    "duration": 0,
    "pid": 29216,
    "index": 59
  },
  {
    "name": "Require(50) node_modules/egg-development/app.js",
    "start": 1648546574858,
    "end": 1648546574858,
    "duration": 0,
    "pid": 29216,
    "index": 60
  },
  {
    "name": "Require(51) node_modules/egg-logrotator/app.js",
    "start": 1648546574859,
    "end": 1648546574859,
    "duration": 0,
    "pid": 29216,
    "index": 61
  },
  {
    "name": "Require(52) node_modules/egg-static/app.js",
    "start": 1648546574859,
    "end": 1648546574859,
    "duration": 0,
    "pid": 29216,
    "index": 62
  },
  {
    "name": "Require(53) node_modules/egg-mongoose/app.js",
    "start": 1648546574859,
    "end": 1648546574860,
    "duration": 1,
    "pid": 29216,
    "index": 63
  },
  {
    "name": "Require(54) node_modules/egg-validate/app.js",
    "start": 1648546574860,
    "end": 1648546574862,
    "duration": 2,
    "pid": 29216,
    "index": 64
  },
  {
    "name": "Require(55) node_modules/egg-cors/app.js",
    "start": 1648546574862,
    "end": 1648546574862,
    "duration": 0,
    "pid": 29216,
    "index": 65
  },
  {
    "name": "Before Start in node_modules/egg-watcher/lib/init.js:15:14",
    "start": 1648546574871,
    "end": 1648546575283,
    "duration": 412,
    "pid": 29216,
    "index": 66
  },
  {
    "name": "Before Start in node_modules/egg-mongoose/lib/mongoose.js:104:7",
    "start": 1648546575151,
    "end": 1648546575281,
    "duration": 130,
    "pid": 29216,
    "index": 67
  },
  {
    "name": "Before Start in node_modules/egg-mongoose/lib/mongoose.js:52:9",
    "start": 1648546575151,
    "end": 1648546575270,
    "duration": 119,
    "pid": 29216,
    "index": 68
  },
  {
    "name": "Load Service",
    "start": 1648546575152,
    "end": 1648546575172,
    "duration": 20,
    "pid": 29216,
    "index": 69
  },
  {
    "name": "Load \"service\" to Context",
    "start": 1648546575152,
    "end": 1648546575172,
    "duration": 20,
    "pid": 29216,
    "index": 70
  },
  {
    "name": "Load Middleware",
    "start": 1648546575173,
    "end": 1648546575246,
    "duration": 73,
    "pid": 29216,
    "index": 71
  },
  {
    "name": "Load \"middlewares\" to Application",
    "start": 1648546575173,
    "end": 1648546575239,
    "duration": 66,
    "pid": 29216,
    "index": 72
  },
  {
    "name": "Load Controller",
    "start": 1648546575246,
    "end": 1648546575248,
    "duration": 2,
    "pid": 29216,
    "index": 73
  },
  {
    "name": "Load \"controller\" to Application",
    "start": 1648546575246,
    "end": 1648546575248,
    "duration": 2,
    "pid": 29216,
    "index": 74
  },
  {
    "name": "Load Router",
    "start": 1648546575248,
    "end": 1648546575251,
    "duration": 3,
    "pid": 29216,
    "index": 75
  },
  {
    "name": "Require(56) app/router.js",
    "start": 1648546575249,
    "end": 1648546575249,
    "duration": 0,
    "pid": 29216,
    "index": 76
  },
  {
    "name": "Before Start in node_modules/egg-core/lib/egg.js:303:10",
    "start": 1648546575249,
    "end": 1648546575270,
    "duration": 21,
    "pid": 29216,
    "index": 77
  },
  {
    "name": "Load \"model\" to Application",
    "start": 1648546575256,
    "end": 1648546575270,
    "duration": 14,
    "pid": 29216,
    "index": 78
  }
]