[
  {
    "name": "Process Start",
    "start": 1648460256767,
    "end": 1648460257499,
    "duration": 732,
    "pid": 33304,
    "index": 0
  },
  {
    "name": "Application Start",
    "start": 1648460257499,
    "end": 1648460258025,
    "duration": 526,
    "pid": 33304,
    "index": 1
  },
  {
    "name": "Load Plugin",
    "start": 1648460257502,
    "end": 1648460257512,
    "duration": 10,
    "pid": 33304,
    "index": 2
  },
  {
    "name": "Load Config",
    "start": 1648460257512,
    "end": 1648460257529,
    "duration": 17,
    "pid": 33304,
    "index": 3
  },
  {
    "name": "Require(0) config/config.default.js",
    "start": 1648460257513,
    "end": 1648460257513,
    "duration": 0,
    "pid": 33304,
    "index": 4
  },
  {
    "name": "Require(1) config/config.local.js",
    "start": 1648460257514,
    "end": 1648460257514,
    "duration": 0,
    "pid": 33304,
    "index": 5
  },
  {
    "name": "Require(2) node_modules/egg-session/config/config.default.js",
    "start": 1648460257514,
    "end": 1648460257515,
    "duration": 1,
    "pid": 33304,
    "index": 6
  },
  {
    "name": "Require(3) node_modules/egg-security/config/config.default.js",
    "start": 1648460257515,
    "end": 1648460257515,
    "duration": 0,
    "pid": 33304,
    "index": 7
  },
  {
    "name": "Require(4) node_modules/egg-jsonp/config/config.default.js",
    "start": 1648460257516,
    "end": 1648460257516,
    "duration": 0,
    "pid": 33304,
    "index": 8
  },
  {
    "name": "Require(5) node_modules/egg-onerror/config/config.default.js",
    "start": 1648460257516,
    "end": 1648460257516,
    "duration": 0,
    "pid": 33304,
    "index": 9
  },
  {
    "name": "Require(6) node_modules/egg-i18n/config/config.default.js",
    "start": 1648460257517,
    "end": 1648460257517,
    "duration": 0,
    "pid": 33304,
    "index": 10
  },
  {
    "name": "Require(7) node_modules/egg-watcher/config/config.default.js",
    "start": 1648460257517,
    "end": 1648460257518,
    "duration": 1,
    "pid": 33304,
    "index": 11
  },
  {
    "name": "Require(8) node_modules/egg-schedule/config/config.default.js",
    "start": 1648460257518,
    "end": 1648460257518,
    "duration": 0,
    "pid": 33304,
    "index": 12
  },
  {
    "name": "Require(9) node_modules/egg-multipart/config/config.default.js",
    "start": 1648460257518,
    "end": 1648460257519,
    "duration": 1,
    "pid": 33304,
    "index": 13
  },
  {
    "name": "Require(10) node_modules/egg-development/config/config.default.js",
    "start": 1648460257519,
    "end": 1648460257519,
    "duration": 0,
    "pid": 33304,
    "index": 14
  },
  {
    "name": "Require(11) node_modules/egg-logrotator/config/config.default.js",
    "start": 1648460257520,
    "end": 1648460257520,
    "duration": 0,
    "pid": 33304,
    "index": 15
  },
  {
    "name": "Require(12) node_modules/egg-static/config/config.default.js",
    "start": 1648460257520,
    "end": 1648460257520,
    "duration": 0,
    "pid": 33304,
    "index": 16
  },
  {
    "name": "Require(13) node_modules/egg-view/config/config.default.js",
    "start": 1648460257521,
    "end": 1648460257521,
    "duration": 0,
    "pid": 33304,
    "index": 17
  },
  {
    "name": "Require(14) node_modules/egg-mongoose/config/config.default.js",
    "start": 1648460257521,
    "end": 1648460257521,
    "duration": 0,
    "pid": 33304,
    "index": 18
  },
  {
    "name": "Require(15) node_modules/egg-validate/config/config.default.js",
    "start": 1648460257522,
    "end": 1648460257522,
    "duration": 0,
    "pid": 33304,
    "index": 19
  },
  {
    "name": "Require(16) node_modules/egg-cors/config/config.default.js",
    "start": 1648460257522,
    "end": 1648460257522,
    "duration": 0,
    "pid": 33304,
    "index": 20
  },
  {
    "name": "Require(17) node_modules/egg/config/config.default.js",
    "start": 1648460257522,
    "end": 1648460257523,
    "duration": 1,
    "pid": 33304,
    "index": 21
  },
  {
    "name": "Require(18) config/config.default.js",
    "start": 1648460257525,
    "end": 1648460257525,
    "duration": 0,
    "pid": 33304,
    "index": 22
  },
  {
    "name": "Require(19) node_modules/egg-security/config/config.local.js",
    "start": 1648460257525,
    "end": 1648460257526,
    "duration": 1,
    "pid": 33304,
    "index": 23
  },
  {
    "name": "Require(20) node_modules/egg-watcher/config/config.local.js",
    "start": 1648460257527,
    "end": 1648460257527,
    "duration": 0,
    "pid": 33304,
    "index": 24
  },
  {
    "name": "Require(21) node_modules/egg-view/config/config.local.js",
    "start": 1648460257528,
    "end": 1648460257528,
    "duration": 0,
    "pid": 33304,
    "index": 25
  },
  {
    "name": "Require(22) node_modules/egg/config/config.local.js",
    "start": 1648460257528,
    "end": 1648460257528,
    "duration": 0,
    "pid": 33304,
    "index": 26
  },
  {
    "name": "Require(23) config/config.local.js",
    "start": 1648460257528,
    "end": 1648460257528,
    "duration": 0,
    "pid": 33304,
    "index": 27
  },
  {
    "name": "Load extend/application.js",
    "start": 1648460257529,
    "end": 1648460257563,
    "duration": 34,
    "pid": 33304,
    "index": 28
  },
  {
    "name": "Require(24) node_modules/egg-session/app/extend/application.js",
    "start": 1648460257530,
    "end": 1648460257530,
    "duration": 0,
    "pid": 33304,
    "index": 29
  },
  {
    "name": "Require(25) node_modules/egg-security/app/extend/application.js",
    "start": 1648460257530,
    "end": 1648460257531,
    "duration": 1,
    "pid": 33304,
    "index": 30
  },
  {
    "name": "Require(26) node_modules/egg-jsonp/app/extend/application.js",
    "start": 1648460257531,
    "end": 1648460257532,
    "duration": 1,
    "pid": 33304,
    "index": 31
  },
  {
    "name": "Require(27) node_modules/egg-logrotator/app/extend/application.js",
    "start": 1648460257532,
    "end": 1648460257533,
    "duration": 1,
    "pid": 33304,
    "index": 32
  },
  {
    "name": "Require(28) node_modules/egg-view/app/extend/application.js",
    "start": 1648460257533,
    "end": 1648460257534,
    "duration": 1,
    "pid": 33304,
    "index": 33
  },
  {
    "name": "Require(29) app/extend/application.js",
    "start": 1648460257534,
    "end": 1648460257562,
    "duration": 28,
    "pid": 33304,
    "index": 34
  },
  {
    "name": "Load extend/request.js",
    "start": 1648460257563,
    "end": 1648460257566,
    "duration": 3,
    "pid": 33304,
    "index": 35
  },
  {
    "name": "Require(30) node_modules/egg/app/extend/request.js",
    "start": 1648460257565,
    "end": 1648460257565,
    "duration": 0,
    "pid": 33304,
    "index": 36
  },
  {
    "name": "Load extend/response.js",
    "start": 1648460257566,
    "end": 1648460257570,
    "duration": 4,
    "pid": 33304,
    "index": 37
  },
  {
    "name": "Require(31) node_modules/egg/app/extend/response.js",
    "start": 1648460257568,
    "end": 1648460257568,
    "duration": 0,
    "pid": 33304,
    "index": 38
  },
  {
    "name": "Load extend/context.js",
    "start": 1648460257570,
    "end": 1648460257607,
    "duration": 37,
    "pid": 33304,
    "index": 39
  },
  {
    "name": "Require(32) node_modules/egg-security/app/extend/context.js",
    "start": 1648460257570,
    "end": 1648460257575,
    "duration": 5,
    "pid": 33304,
    "index": 40
  },
  {
    "name": "Require(33) node_modules/egg-jsonp/app/extend/context.js",
    "start": 1648460257575,
    "end": 1648460257576,
    "duration": 1,
    "pid": 33304,
    "index": 41
  },
  {
    "name": "Require(34) node_modules/egg-i18n/app/extend/context.js",
    "start": 1648460257576,
    "end": 1648460257576,
    "duration": 0,
    "pid": 33304,
    "index": 42
  },
  {
    "name": "Require(35) node_modules/egg-multipart/app/extend/context.js",
    "start": 1648460257576,
    "end": 1648460257603,
    "duration": 27,
    "pid": 33304,
    "index": 43
  },
  {
    "name": "Require(36) node_modules/egg-view/app/extend/context.js",
    "start": 1648460257603,
    "end": 1648460257604,
    "duration": 1,
    "pid": 33304,
    "index": 44
  },
  {
    "name": "Require(37) node_modules/egg-mongoose/app/extend/context.js",
    "start": 1648460257604,
    "end": 1648460257604,
    "duration": 0,
    "pid": 33304,
    "index": 45
  },
  {
    "name": "Require(38) node_modules/egg-validate/app/extend/context.js",
    "start": 1648460257604,
    "end": 1648460257605,
    "duration": 1,
    "pid": 33304,
    "index": 46
  },
  {
    "name": "Require(39) node_modules/egg/app/extend/context.js",
    "start": 1648460257605,
    "end": 1648460257605,
    "duration": 0,
    "pid": 33304,
    "index": 47
  },
  {
    "name": "Load extend/helper.js",
    "start": 1648460257607,
    "end": 1648460257618,
    "duration": 11,
    "pid": 33304,
    "index": 48
  },
  {
    "name": "Require(40) node_modules/egg-security/app/extend/helper.js",
    "start": 1648460257607,
    "end": 1648460257615,
    "duration": 8,
    "pid": 33304,
    "index": 49
  },
  {
    "name": "Require(41) node_modules/egg/app/extend/helper.js",
    "start": 1648460257616,
    "end": 1648460257617,
    "duration": 1,
    "pid": 33304,
    "index": 50
  },
  {
    "name": "Require(42) app/extend/helper.js",
    "start": 1648460257617,
    "end": 1648460257617,
    "duration": 0,
    "pid": 33304,
    "index": 51
  },
  {
    "name": "Load app.js",
    "start": 1648460257619,
    "end": 1648460257641,
    "duration": 22,
    "pid": 33304,
    "index": 52
  },
  {
    "name": "Require(43) node_modules/egg-session/app.js",
    "start": 1648460257619,
    "end": 1648460257619,
    "duration": 0,
    "pid": 33304,
    "index": 53
  },
  {
    "name": "Require(44) node_modules/egg-security/app.js",
    "start": 1648460257619,
    "end": 1648460257620,
    "duration": 1,
    "pid": 33304,
    "index": 54
  },
  {
    "name": "Require(45) node_modules/egg-onerror/app.js",
    "start": 1648460257620,
    "end": 1648460257624,
    "duration": 4,
    "pid": 33304,
    "index": 55
  },
  {
    "name": "Require(46) node_modules/egg-i18n/app.js",
    "start": 1648460257624,
    "end": 1648460257633,
    "duration": 9,
    "pid": 33304,
    "index": 56
  },
  {
    "name": "Require(47) node_modules/egg-watcher/app.js",
    "start": 1648460257634,
    "end": 1648460257635,
    "duration": 1,
    "pid": 33304,
    "index": 57
  },
  {
    "name": "Require(48) node_modules/egg-schedule/app.js",
    "start": 1648460257635,
    "end": 1648460257636,
    "duration": 1,
    "pid": 33304,
    "index": 58
  },
  {
    "name": "Require(49) node_modules/egg-multipart/app.js",
    "start": 1648460257636,
    "end": 1648460257637,
    "duration": 1,
    "pid": 33304,
    "index": 59
  },
  {
    "name": "Require(50) node_modules/egg-development/app.js",
    "start": 1648460257637,
    "end": 1648460257637,
    "duration": 0,
    "pid": 33304,
    "index": 60
  },
  {
    "name": "Require(51) node_modules/egg-logrotator/app.js",
    "start": 1648460257637,
    "end": 1648460257637,
    "duration": 0,
    "pid": 33304,
    "index": 61
  },
  {
    "name": "Require(52) node_modules/egg-static/app.js",
    "start": 1648460257638,
    "end": 1648460257638,
    "duration": 0,
    "pid": 33304,
    "index": 62
  },
  {
    "name": "Require(53) node_modules/egg-mongoose/app.js",
    "start": 1648460257638,
    "end": 1648460257638,
    "duration": 0,
    "pid": 33304,
    "index": 63
  },
  {
    "name": "Require(54) node_modules/egg-validate/app.js",
    "start": 1648460257638,
    "end": 1648460257640,
    "duration": 2,
    "pid": 33304,
    "index": 64
  },
  {
    "name": "Require(55) node_modules/egg-cors/app.js",
    "start": 1648460257640,
    "end": 1648460257641,
    "duration": 1,
    "pid": 33304,
    "index": 65
  },
  {
    "name": "Before Start in node_modules/egg-watcher/lib/init.js:15:14",
    "start": 1648460257648,
    "end": 1648460258025,
    "duration": 377,
    "pid": 33304,
    "index": 66
  },
  {
    "name": "Before Start in node_modules/egg-mongoose/lib/mongoose.js:104:7",
    "start": 1648460257907,
    "end": 1648460258024,
    "duration": 117,
    "pid": 33304,
    "index": 67
  },
  {
    "name": "Before Start in node_modules/egg-mongoose/lib/mongoose.js:52:9",
    "start": 1648460257907,
    "end": 1648460258012,
    "duration": 105,
    "pid": 33304,
    "index": 68
  },
  {
    "name": "Load Service",
    "start": 1648460257907,
    "end": 1648460257926,
    "duration": 19,
    "pid": 33304,
    "index": 69
  },
  {
    "name": "Load \"service\" to Context",
    "start": 1648460257907,
    "end": 1648460257926,
    "duration": 19,
    "pid": 33304,
    "index": 70
  },
  {
    "name": "Load Middleware",
    "start": 1648460257926,
    "end": 1648460257989,
    "duration": 63,
    "pid": 33304,
    "index": 71
  },
  {
    "name": "Load \"middlewares\" to Application",
    "start": 1648460257927,
    "end": 1648460257982,
    "duration": 55,
    "pid": 33304,
    "index": 72
  },
  {
    "name": "Load Controller",
    "start": 1648460257989,
    "end": 1648460257991,
    "duration": 2,
    "pid": 33304,
    "index": 73
  },
  {
    "name": "Load \"controller\" to Application",
    "start": 1648460257989,
    "end": 1648460257991,
    "duration": 2,
    "pid": 33304,
    "index": 74
  },
  {
    "name": "Load Router",
    "start": 1648460257991,
    "end": 1648460257993,
    "duration": 2,
    "pid": 33304,
    "index": 75
  },
  {
    "name": "Require(56) app/router.js",
    "start": 1648460257991,
    "end": 1648460257991,
    "duration": 0,
    "pid": 33304,
    "index": 76
  },
  {
    "name": "Before Start in node_modules/egg-core/lib/egg.js:303:10",
    "start": 1648460257991,
    "end": 1648460258012,
    "duration": 21,
    "pid": 33304,
    "index": 77
  },
  {
    "name": "Load \"model\" to Application",
    "start": 1648460257998,
    "end": 1648460258012,
    "duration": 14,
    "pid": 33304,
    "index": 78
  }
]