[
  {
    "name": "Process Start",
    "start": 1648547754981,
    "end": 1648547755673,
    "duration": 692,
    "pid": 28812,
    "index": 0
  },
  {
    "name": "Application Start",
    "start": 1648547755673,
    "end": 1648547756302,
    "duration": 629,
    "pid": 28812,
    "index": 1
  },
  {
    "name": "Load Plugin",
    "start": 1648547755676,
    "end": 1648547755686,
    "duration": 10,
    "pid": 28812,
    "index": 2
  },
  {
    "name": "Load Config",
    "start": 1648547755686,
    "end": 1648547755701,
    "duration": 15,
    "pid": 28812,
    "index": 3
  },
  {
    "name": "Require(0) config/config.default.js",
    "start": 1648547755687,
    "end": 1648547755687,
    "duration": 0,
    "pid": 28812,
    "index": 4
  },
  {
    "name": "Require(1) config/config.local.js",
    "start": 1648547755688,
    "end": 1648547755688,
    "duration": 0,
    "pid": 28812,
    "index": 5
  },
  {
    "name": "Require(2) node_modules/egg-session/config/config.default.js",
    "start": 1648547755688,
    "end": 1648547755689,
    "duration": 1,
    "pid": 28812,
    "index": 6
  },
  {
    "name": "Require(3) node_modules/egg-security/config/config.default.js",
    "start": 1648547755689,
    "end": 1648547755689,
    "duration": 0,
    "pid": 28812,
    "index": 7
  },
  {
    "name": "Require(4) node_modules/egg-jsonp/config/config.default.js",
    "start": 1648547755690,
    "end": 1648547755690,
    "duration": 0,
    "pid": 28812,
    "index": 8
  },
  {
    "name": "Require(5) node_modules/egg-onerror/config/config.default.js",
    "start": 1648547755690,
    "end": 1648547755690,
    "duration": 0,
    "pid": 28812,
    "index": 9
  },
  {
    "name": "Require(6) node_modules/egg-i18n/config/config.default.js",
    "start": 1648547755691,
    "end": 1648547755691,
    "duration": 0,
    "pid": 28812,
    "index": 10
  },
  {
    "name": "Require(7) node_modules/egg-watcher/config/config.default.js",
    "start": 1648547755691,
    "end": 1648547755692,
    "duration": 1,
    "pid": 28812,
    "index": 11
  },
  {
    "name": "Require(8) node_modules/egg-schedule/config/config.default.js",
    "start": 1648547755692,
    "end": 1648547755692,
    "duration": 0,
    "pid": 28812,
    "index": 12
  },
  {
    "name": "Require(9) node_modules/egg-multipart/config/config.default.js",
    "start": 1648547755692,
    "end": 1648547755693,
    "duration": 1,
    "pid": 28812,
    "index": 13
  },
  {
    "name": "Require(10) node_modules/egg-development/config/config.default.js",
    "start": 1648547755693,
    "end": 1648547755693,
    "duration": 0,
    "pid": 28812,
    "index": 14
  },
  {
    "name": "Require(11) node_modules/egg-logrotator/config/config.default.js",
    "start": 1648547755693,
    "end": 1648547755694,
    "duration": 1,
    "pid": 28812,
    "index": 15
  },
  {
    "name": "Require(12) node_modules/egg-static/config/config.default.js",
    "start": 1648547755694,
    "end": 1648547755694,
    "duration": 0,
    "pid": 28812,
    "index": 16
  },
  {
    "name": "Require(13) node_modules/egg-view/config/config.default.js",
    "start": 1648547755694,
    "end": 1648547755695,
    "duration": 1,
    "pid": 28812,
    "index": 17
  },
  {
    "name": "Require(14) node_modules/egg-mongoose/config/config.default.js",
    "start": 1648547755695,
    "end": 1648547755695,
    "duration": 0,
    "pid": 28812,
    "index": 18
  },
  {
    "name": "Require(15) node_modules/egg-validate/config/config.default.js",
    "start": 1648547755695,
    "end": 1648547755696,
    "duration": 1,
    "pid": 28812,
    "index": 19
  },
  {
    "name": "Require(16) node_modules/egg-cors/config/config.default.js",
    "start": 1648547755696,
    "end": 1648547755696,
    "duration": 0,
    "pid": 28812,
    "index": 20
  },
  {
    "name": "Require(17) node_modules/egg/config/config.default.js",
    "start": 1648547755696,
    "end": 1648547755696,
    "duration": 0,
    "pid": 28812,
    "index": 21
  },
  {
    "name": "Require(18) config/config.default.js",
    "start": 1648547755697,
    "end": 1648547755697,
    "duration": 0,
    "pid": 28812,
    "index": 22
  },
  {
    "name": "Require(19) node_modules/egg-security/config/config.local.js",
    "start": 1648547755698,
    "end": 1648547755699,
    "duration": 1,
    "pid": 28812,
    "index": 23
  },
  {
    "name": "Require(20) node_modules/egg-watcher/config/config.local.js",
    "start": 1648547755699,
    "end": 1648547755699,
    "duration": 0,
    "pid": 28812,
    "index": 24
  },
  {
    "name": "Require(21) node_modules/egg-view/config/config.local.js",
    "start": 1648547755700,
    "end": 1648547755700,
    "duration": 0,
    "pid": 28812,
    "index": 25
  },
  {
    "name": "Require(22) node_modules/egg/config/config.local.js",
    "start": 1648547755700,
    "end": 1648547755701,
    "duration": 1,
    "pid": 28812,
    "index": 26
  },
  {
    "name": "Require(23) config/config.local.js",
    "start": 1648547755701,
    "end": 1648547755701,
    "duration": 0,
    "pid": 28812,
    "index": 27
  },
  {
    "name": "Load extend/application.js",
    "start": 1648547755701,
    "end": 1648547755738,
    "duration": 37,
    "pid": 28812,
    "index": 28
  },
  {
    "name": "Require(24) node_modules/egg-session/app/extend/application.js",
    "start": 1648547755702,
    "end": 1648547755702,
    "duration": 0,
    "pid": 28812,
    "index": 29
  },
  {
    "name": "Require(25) node_modules/egg-security/app/extend/application.js",
    "start": 1648547755702,
    "end": 1648547755703,
    "duration": 1,
    "pid": 28812,
    "index": 30
  },
  {
    "name": "Require(26) node_modules/egg-jsonp/app/extend/application.js",
    "start": 1648547755703,
    "end": 1648547755704,
    "duration": 1,
    "pid": 28812,
    "index": 31
  },
  {
    "name": "Require(27) node_modules/egg-logrotator/app/extend/application.js",
    "start": 1648547755705,
    "end": 1648547755705,
    "duration": 0,
    "pid": 28812,
    "index": 32
  },
  {
    "name": "Require(28) node_modules/egg-view/app/extend/application.js",
    "start": 1648547755706,
    "end": 1648547755706,
    "duration": 0,
    "pid": 28812,
    "index": 33
  },
  {
    "name": "Require(29) app/extend/application.js",
    "start": 1648547755707,
    "end": 1648547755737,
    "duration": 30,
    "pid": 28812,
    "index": 34
  },
  {
    "name": "Load extend/request.js",
    "start": 1648547755738,
    "end": 1648547755745,
    "duration": 7,
    "pid": 28812,
    "index": 35
  },
  {
    "name": "Require(30) node_modules/egg/app/extend/request.js",
    "start": 1648547755740,
    "end": 1648547755741,
    "duration": 1,
    "pid": 28812,
    "index": 36
  },
  {
    "name": "Load extend/response.js",
    "start": 1648547755745,
    "end": 1648547755753,
    "duration": 8,
    "pid": 28812,
    "index": 37
  },
  {
    "name": "Require(31) node_modules/egg/app/extend/response.js",
    "start": 1648547755748,
    "end": 1648547755750,
    "duration": 2,
    "pid": 28812,
    "index": 38
  },
  {
    "name": "Load extend/context.js",
    "start": 1648547755753,
    "end": 1648547755802,
    "duration": 49,
    "pid": 28812,
    "index": 39
  },
  {
    "name": "Require(32) node_modules/egg-security/app/extend/context.js",
    "start": 1648547755754,
    "end": 1648547755764,
    "duration": 10,
    "pid": 28812,
    "index": 40
  },
  {
    "name": "Require(33) node_modules/egg-jsonp/app/extend/context.js",
    "start": 1648547755765,
    "end": 1648547755766,
    "duration": 1,
    "pid": 28812,
    "index": 41
  },
  {
    "name": "Require(34) node_modules/egg-i18n/app/extend/context.js",
    "start": 1648547755767,
    "end": 1648547755767,
    "duration": 0,
    "pid": 28812,
    "index": 42
  },
  {
    "name": "Require(35) node_modules/egg-multipart/app/extend/context.js",
    "start": 1648547755768,
    "end": 1648547755796,
    "duration": 28,
    "pid": 28812,
    "index": 43
  },
  {
    "name": "Require(36) node_modules/egg-view/app/extend/context.js",
    "start": 1648547755797,
    "end": 1648547755797,
    "duration": 0,
    "pid": 28812,
    "index": 44
  },
  {
    "name": "Require(37) node_modules/egg-mongoose/app/extend/context.js",
    "start": 1648547755797,
    "end": 1648547755798,
    "duration": 1,
    "pid": 28812,
    "index": 45
  },
  {
    "name": "Require(38) node_modules/egg-validate/app/extend/context.js",
    "start": 1648547755798,
    "end": 1648547755798,
    "duration": 0,
    "pid": 28812,
    "index": 46
  },
  {
    "name": "Require(39) node_modules/egg/app/extend/context.js",
    "start": 1648547755798,
    "end": 1648547755799,
    "duration": 1,
    "pid": 28812,
    "index": 47
  },
  {
    "name": "Load extend/helper.js",
    "start": 1648547755802,
    "end": 1648547755829,
    "duration": 27,
    "pid": 28812,
    "index": 48
  },
  {
    "name": "Require(40) node_modules/egg-security/app/extend/helper.js",
    "start": 1648547755802,
    "end": 1648547755821,
    "duration": 19,
    "pid": 28812,
    "index": 49
  },
  {
    "name": "Require(41) node_modules/egg/app/extend/helper.js",
    "start": 1648547755824,
    "end": 1648547755825,
    "duration": 1,
    "pid": 28812,
    "index": 50
  },
  {
    "name": "Require(42) app/extend/helper.js",
    "start": 1648547755825,
    "end": 1648547755826,
    "duration": 1,
    "pid": 28812,
    "index": 51
  },
  {
    "name": "Load app.js",
    "start": 1648547755830,
    "end": 1648547755906,
    "duration": 76,
    "pid": 28812,
    "index": 52
  },
  {
    "name": "Require(43) node_modules/egg-session/app.js",
    "start": 1648547755830,
    "end": 1648547755830,
    "duration": 0,
    "pid": 28812,
    "index": 53
  },
  {
    "name": "Require(44) node_modules/egg-security/app.js",
    "start": 1648547755831,
    "end": 1648547755833,
    "duration": 2,
    "pid": 28812,
    "index": 54
  },
  {
    "name": "Require(45) node_modules/egg-onerror/app.js",
    "start": 1648547755834,
    "end": 1648547755844,
    "duration": 10,
    "pid": 28812,
    "index": 55
  },
  {
    "name": "Require(46) node_modules/egg-i18n/app.js",
    "start": 1648547755845,
    "end": 1648547755877,
    "duration": 32,
    "pid": 28812,
    "index": 56
  },
  {
    "name": "Require(47) node_modules/egg-watcher/app.js",
    "start": 1648547755878,
    "end": 1648547755885,
    "duration": 7,
    "pid": 28812,
    "index": 57
  },
  {
    "name": "Require(48) node_modules/egg-schedule/app.js",
    "start": 1648547755886,
    "end": 1648547755889,
    "duration": 3,
    "pid": 28812,
    "index": 58
  },
  {
    "name": "Require(49) node_modules/egg-multipart/app.js",
    "start": 1648547755890,
    "end": 1648547755891,
    "duration": 1,
    "pid": 28812,
    "index": 59
  },
  {
    "name": "Require(50) node_modules/egg-development/app.js",
    "start": 1648547755892,
    "end": 1648547755893,
    "duration": 1,
    "pid": 28812,
    "index": 60
  },
  {
    "name": "Require(51) node_modules/egg-logrotator/app.js",
    "start": 1648547755894,
    "end": 1648547755894,
    "duration": 0,
    "pid": 28812,
    "index": 61
  },
  {
    "name": "Require(52) node_modules/egg-static/app.js",
    "start": 1648547755895,
    "end": 1648547755896,
    "duration": 1,
    "pid": 28812,
    "index": 62
  },
  {
    "name": "Require(53) node_modules/egg-mongoose/app.js",
    "start": 1648547755897,
    "end": 1648547755898,
    "duration": 1,
    "pid": 28812,
    "index": 63
  },
  {
    "name": "Require(54) node_modules/egg-validate/app.js",
    "start": 1648547755899,
    "end": 1648547755902,
    "duration": 3,
    "pid": 28812,
    "index": 64
  },
  {
    "name": "Require(55) node_modules/egg-cors/app.js",
    "start": 1648547755903,
    "end": 1648547755904,
    "duration": 1,
    "pid": 28812,
    "index": 65
  },
  {
    "name": "Before Start in node_modules/egg-watcher/lib/init.js:15:14",
    "start": 1648547755927,
    "end": 1648547756302,
    "duration": 375,
    "pid": 28812,
    "index": 66
  },
  {
    "name": "Before Start in node_modules/egg-mongoose/lib/mongoose.js:104:7",
    "start": 1648547756184,
    "end": 1648547756301,
    "duration": 117,
    "pid": 28812,
    "index": 67
  },
  {
    "name": "Before Start in node_modules/egg-mongoose/lib/mongoose.js:52:9",
    "start": 1648547756184,
    "end": 1648547756290,
    "duration": 106,
    "pid": 28812,
    "index": 68
  },
  {
    "name": "Load Service",
    "start": 1648547756184,
    "end": 1648547756204,
    "duration": 20,
    "pid": 28812,
    "index": 69
  },
  {
    "name": "Load \"service\" to Context",
    "start": 1648547756184,
    "end": 1648547756204,
    "duration": 20,
    "pid": 28812,
    "index": 70
  },
  {
    "name": "Load Middleware",
    "start": 1648547756204,
    "end": 1648547756265,
    "duration": 61,
    "pid": 28812,
    "index": 71
  },
  {
    "name": "Load \"middlewares\" to Application",
    "start": 1648547756204,
    "end": 1648547756259,
    "duration": 55,
    "pid": 28812,
    "index": 72
  },
  {
    "name": "Load Controller",
    "start": 1648547756265,
    "end": 1648547756268,
    "duration": 3,
    "pid": 28812,
    "index": 73
  },
  {
    "name": "Load \"controller\" to Application",
    "start": 1648547756265,
    "end": 1648547756268,
    "duration": 3,
    "pid": 28812,
    "index": 74
  },
  {
    "name": "Load Router",
    "start": 1648547756268,
    "end": 1648547756270,
    "duration": 2,
    "pid": 28812,
    "index": 75
  },
  {
    "name": "Require(56) app/router.js",
    "start": 1648547756268,
    "end": 1648547756268,
    "duration": 0,
    "pid": 28812,
    "index": 76
  },
  {
    "name": "Before Start in node_modules/egg-core/lib/egg.js:303:10",
    "start": 1648547756268,
    "end": 1648547756290,
    "duration": 22,
    "pid": 28812,
    "index": 77
  },
  {
    "name": "Load \"model\" to Application",
    "start": 1648547756277,
    "end": 1648547756290,
    "duration": 13,
    "pid": 28812,
    "index": 78
  }
]