[
  {
    "name": "Process Start",
    "start": 1648460563203,
    "end": 1648460563848,
    "duration": 645,
    "pid": 35536,
    "index": 0
  },
  {
    "name": "Application Start",
    "start": 1648460563848,
    "end": 1648460564428,
    "duration": 580,
    "pid": 35536,
    "index": 1
  },
  {
    "name": "Load Plugin",
    "start": 1648460563851,
    "end": 1648460563861,
    "duration": 10,
    "pid": 35536,
    "index": 2
  },
  {
    "name": "Load Config",
    "start": 1648460563861,
    "end": 1648460563878,
    "duration": 17,
    "pid": 35536,
    "index": 3
  },
  {
    "name": "Require(0) config/config.default.js",
    "start": 1648460563862,
    "end": 1648460563862,
    "duration": 0,
    "pid": 35536,
    "index": 4
  },
  {
    "name": "Require(1) config/config.local.js",
    "start": 1648460563862,
    "end": 1648460563863,
    "duration": 1,
    "pid": 35536,
    "index": 5
  },
  {
    "name": "Require(2) node_modules/egg-session/config/config.default.js",
    "start": 1648460563863,
    "end": 1648460563863,
    "duration": 0,
    "pid": 35536,
    "index": 6
  },
  {
    "name": "Require(3) node_modules/egg-security/config/config.default.js",
    "start": 1648460563863,
    "end": 1648460563864,
    "duration": 1,
    "pid": 35536,
    "index": 7
  },
  {
    "name": "Require(4) node_modules/egg-jsonp/config/config.default.js",
    "start": 1648460563864,
    "end": 1648460563865,
    "duration": 1,
    "pid": 35536,
    "index": 8
  },
  {
    "name": "Require(5) node_modules/egg-onerror/config/config.default.js",
    "start": 1648460563865,
    "end": 1648460563865,
    "duration": 0,
    "pid": 35536,
    "index": 9
  },
  {
    "name": "Require(6) node_modules/egg-i18n/config/config.default.js",
    "start": 1648460563865,
    "end": 1648460563866,
    "duration": 1,
    "pid": 35536,
    "index": 10
  },
  {
    "name": "Require(7) node_modules/egg-watcher/config/config.default.js",
    "start": 1648460563866,
    "end": 1648460563866,
    "duration": 0,
    "pid": 35536,
    "index": 11
  },
  {
    "name": "Require(8) node_modules/egg-schedule/config/config.default.js",
    "start": 1648460563867,
    "end": 1648460563867,
    "duration": 0,
    "pid": 35536,
    "index": 12
  },
  {
    "name": "Require(9) node_modules/egg-multipart/config/config.default.js",
    "start": 1648460563867,
    "end": 1648460563867,
    "duration": 0,
    "pid": 35536,
    "index": 13
  },
  {
    "name": "Require(10) node_modules/egg-development/config/config.default.js",
    "start": 1648460563868,
    "end": 1648460563868,
    "duration": 0,
    "pid": 35536,
    "index": 14
  },
  {
    "name": "Require(11) node_modules/egg-logrotator/config/config.default.js",
    "start": 1648460563868,
    "end": 1648460563868,
    "duration": 0,
    "pid": 35536,
    "index": 15
  },
  {
    "name": "Require(12) node_modules/egg-static/config/config.default.js",
    "start": 1648460563869,
    "end": 1648460563869,
    "duration": 0,
    "pid": 35536,
    "index": 16
  },
  {
    "name": "Require(13) node_modules/egg-view/config/config.default.js",
    "start": 1648460563869,
    "end": 1648460563869,
    "duration": 0,
    "pid": 35536,
    "index": 17
  },
  {
    "name": "Require(14) node_modules/egg-mongoose/config/config.default.js",
    "start": 1648460563870,
    "end": 1648460563870,
    "duration": 0,
    "pid": 35536,
    "index": 18
  },
  {
    "name": "Require(15) node_modules/egg-validate/config/config.default.js",
    "start": 1648460563870,
    "end": 1648460563871,
    "duration": 1,
    "pid": 35536,
    "index": 19
  },
  {
    "name": "Require(16) node_modules/egg-cors/config/config.default.js",
    "start": 1648460563871,
    "end": 1648460563871,
    "duration": 0,
    "pid": 35536,
    "index": 20
  },
  {
    "name": "Require(17) node_modules/egg/config/config.default.js",
    "start": 1648460563871,
    "end": 1648460563871,
    "duration": 0,
    "pid": 35536,
    "index": 21
  },
  {
    "name": "Require(18) config/config.default.js",
    "start": 1648460563872,
    "end": 1648460563872,
    "duration": 0,
    "pid": 35536,
    "index": 22
  },
  {
    "name": "Require(19) node_modules/egg-security/config/config.local.js",
    "start": 1648460563874,
    "end": 1648460563875,
    "duration": 1,
    "pid": 35536,
    "index": 23
  },
  {
    "name": "Require(20) node_modules/egg-watcher/config/config.local.js",
    "start": 1648460563876,
    "end": 1648460563876,
    "duration": 0,
    "pid": 35536,
    "index": 24
  },
  {
    "name": "Require(21) node_modules/egg-view/config/config.local.js",
    "start": 1648460563877,
    "end": 1648460563877,
    "duration": 0,
    "pid": 35536,
    "index": 25
  },
  {
    "name": "Require(22) node_modules/egg/config/config.local.js",
    "start": 1648460563877,
    "end": 1648460563877,
    "duration": 0,
    "pid": 35536,
    "index": 26
  },
  {
    "name": "Require(23) config/config.local.js",
    "start": 1648460563877,
    "end": 1648460563877,
    "duration": 0,
    "pid": 35536,
    "index": 27
  },
  {
    "name": "Load extend/application.js",
    "start": 1648460563878,
    "end": 1648460563914,
    "duration": 36,
    "pid": 35536,
    "index": 28
  },
  {
    "name": "Require(24) node_modules/egg-session/app/extend/application.js",
    "start": 1648460563879,
    "end": 1648460563879,
    "duration": 0,
    "pid": 35536,
    "index": 29
  },
  {
    "name": "Require(25) node_modules/egg-security/app/extend/application.js",
    "start": 1648460563879,
    "end": 1648460563880,
    "duration": 1,
    "pid": 35536,
    "index": 30
  },
  {
    "name": "Require(26) node_modules/egg-jsonp/app/extend/application.js",
    "start": 1648460563880,
    "end": 1648460563881,
    "duration": 1,
    "pid": 35536,
    "index": 31
  },
  {
    "name": "Require(27) node_modules/egg-logrotator/app/extend/application.js",
    "start": 1648460563882,
    "end": 1648460563883,
    "duration": 1,
    "pid": 35536,
    "index": 32
  },
  {
    "name": "Require(28) node_modules/egg-view/app/extend/application.js",
    "start": 1648460563883,
    "end": 1648460563884,
    "duration": 1,
    "pid": 35536,
    "index": 33
  },
  {
    "name": "Require(29) app/extend/application.js",
    "start": 1648460563884,
    "end": 1648460563913,
    "duration": 29,
    "pid": 35536,
    "index": 34
  },
  {
    "name": "Load extend/request.js",
    "start": 1648460563914,
    "end": 1648460563917,
    "duration": 3,
    "pid": 35536,
    "index": 35
  },
  {
    "name": "Require(30) node_modules/egg/app/extend/request.js",
    "start": 1648460563916,
    "end": 1648460563916,
    "duration": 0,
    "pid": 35536,
    "index": 36
  },
  {
    "name": "Load extend/response.js",
    "start": 1648460563917,
    "end": 1648460563921,
    "duration": 4,
    "pid": 35536,
    "index": 37
  },
  {
    "name": "Require(31) node_modules/egg/app/extend/response.js",
    "start": 1648460563919,
    "end": 1648460563919,
    "duration": 0,
    "pid": 35536,
    "index": 38
  },
  {
    "name": "Load extend/context.js",
    "start": 1648460563921,
    "end": 1648460563958,
    "duration": 37,
    "pid": 35536,
    "index": 39
  },
  {
    "name": "Require(32) node_modules/egg-security/app/extend/context.js",
    "start": 1648460563921,
    "end": 1648460563926,
    "duration": 5,
    "pid": 35536,
    "index": 40
  },
  {
    "name": "Require(33) node_modules/egg-jsonp/app/extend/context.js",
    "start": 1648460563926,
    "end": 1648460563926,
    "duration": 0,
    "pid": 35536,
    "index": 41
  },
  {
    "name": "Require(34) node_modules/egg-i18n/app/extend/context.js",
    "start": 1648460563927,
    "end": 1648460563927,
    "duration": 0,
    "pid": 35536,
    "index": 42
  },
  {
    "name": "Require(35) node_modules/egg-multipart/app/extend/context.js",
    "start": 1648460563927,
    "end": 1648460563955,
    "duration": 28,
    "pid": 35536,
    "index": 43
  },
  {
    "name": "Require(36) node_modules/egg-view/app/extend/context.js",
    "start": 1648460563955,
    "end": 1648460563956,
    "duration": 1,
    "pid": 35536,
    "index": 44
  },
  {
    "name": "Require(37) node_modules/egg-mongoose/app/extend/context.js",
    "start": 1648460563956,
    "end": 1648460563956,
    "duration": 0,
    "pid": 35536,
    "index": 45
  },
  {
    "name": "Require(38) node_modules/egg-validate/app/extend/context.js",
    "start": 1648460563956,
    "end": 1648460563956,
    "duration": 0,
    "pid": 35536,
    "index": 46
  },
  {
    "name": "Require(39) node_modules/egg/app/extend/context.js",
    "start": 1648460563957,
    "end": 1648460563957,
    "duration": 0,
    "pid": 35536,
    "index": 47
  },
  {
    "name": "Load extend/helper.js",
    "start": 1648460563959,
    "end": 1648460563970,
    "duration": 11,
    "pid": 35536,
    "index": 48
  },
  {
    "name": "Require(40) node_modules/egg-security/app/extend/helper.js",
    "start": 1648460563959,
    "end": 1648460563967,
    "duration": 8,
    "pid": 35536,
    "index": 49
  },
  {
    "name": "Require(41) node_modules/egg/app/extend/helper.js",
    "start": 1648460563968,
    "end": 1648460563968,
    "duration": 0,
    "pid": 35536,
    "index": 50
  },
  {
    "name": "Require(42) app/extend/helper.js",
    "start": 1648460563969,
    "end": 1648460563969,
    "duration": 0,
    "pid": 35536,
    "index": 51
  },
  {
    "name": "Load app.js",
    "start": 1648460563970,
    "end": 1648460563993,
    "duration": 23,
    "pid": 35536,
    "index": 52
  },
  {
    "name": "Require(43) node_modules/egg-session/app.js",
    "start": 1648460563971,
    "end": 1648460563971,
    "duration": 0,
    "pid": 35536,
    "index": 53
  },
  {
    "name": "Require(44) node_modules/egg-security/app.js",
    "start": 1648460563971,
    "end": 1648460563972,
    "duration": 1,
    "pid": 35536,
    "index": 54
  },
  {
    "name": "Require(45) node_modules/egg-onerror/app.js",
    "start": 1648460563972,
    "end": 1648460563976,
    "duration": 4,
    "pid": 35536,
    "index": 55
  },
  {
    "name": "Require(46) node_modules/egg-i18n/app.js",
    "start": 1648460563976,
    "end": 1648460563986,
    "duration": 10,
    "pid": 35536,
    "index": 56
  },
  {
    "name": "Require(47) node_modules/egg-watcher/app.js",
    "start": 1648460563986,
    "end": 1648460563988,
    "duration": 2,
    "pid": 35536,
    "index": 57
  },
  {
    "name": "Require(48) node_modules/egg-schedule/app.js",
    "start": 1648460563988,
    "end": 1648460563989,
    "duration": 1,
    "pid": 35536,
    "index": 58
  },
  {
    "name": "Require(49) node_modules/egg-multipart/app.js",
    "start": 1648460563989,
    "end": 1648460563989,
    "duration": 0,
    "pid": 35536,
    "index": 59
  },
  {
    "name": "Require(50) node_modules/egg-development/app.js",
    "start": 1648460563990,
    "end": 1648460563990,
    "duration": 0,
    "pid": 35536,
    "index": 60
  },
  {
    "name": "Require(51) node_modules/egg-logrotator/app.js",
    "start": 1648460563990,
    "end": 1648460563990,
    "duration": 0,
    "pid": 35536,
    "index": 61
  },
  {
    "name": "Require(52) node_modules/egg-static/app.js",
    "start": 1648460563990,
    "end": 1648460563990,
    "duration": 0,
    "pid": 35536,
    "index": 62
  },
  {
    "name": "Require(53) node_modules/egg-mongoose/app.js",
    "start": 1648460563991,
    "end": 1648460563991,
    "duration": 0,
    "pid": 35536,
    "index": 63
  },
  {
    "name": "Require(54) node_modules/egg-validate/app.js",
    "start": 1648460563991,
    "end": 1648460563992,
    "duration": 1,
    "pid": 35536,
    "index": 64
  },
  {
    "name": "Require(55) node_modules/egg-cors/app.js",
    "start": 1648460563992,
    "end": 1648460563992,
    "duration": 0,
    "pid": 35536,
    "index": 65
  },
  {
    "name": "Before Start in node_modules/egg-watcher/lib/init.js:15:14",
    "start": 1648460563999,
    "end": 1648460564427,
    "duration": 428,
    "pid": 35536,
    "index": 66
  },
  {
    "name": "Before Start in node_modules/egg-mongoose/lib/mongoose.js:104:7",
    "start": 1648460564306,
    "end": 1648460564426,
    "duration": 120,
    "pid": 35536,
    "index": 67
  },
  {
    "name": "Before Start in node_modules/egg-mongoose/lib/mongoose.js:52:9",
    "start": 1648460564306,
    "end": 1648460564416,
    "duration": 110,
    "pid": 35536,
    "index": 68
  },
  {
    "name": "Load Service",
    "start": 1648460564307,
    "end": 1648460564327,
    "duration": 20,
    "pid": 35536,
    "index": 69
  },
  {
    "name": "Load \"service\" to Context",
    "start": 1648460564307,
    "end": 1648460564327,
    "duration": 20,
    "pid": 35536,
    "index": 70
  },
  {
    "name": "Load Middleware",
    "start": 1648460564327,
    "end": 1648460564393,
    "duration": 66,
    "pid": 35536,
    "index": 71
  },
  {
    "name": "Load \"middlewares\" to Application",
    "start": 1648460564327,
    "end": 1648460564387,
    "duration": 60,
    "pid": 35536,
    "index": 72
  },
  {
    "name": "Load Controller",
    "start": 1648460564393,
    "end": 1648460564395,
    "duration": 2,
    "pid": 35536,
    "index": 73
  },
  {
    "name": "Load \"controller\" to Application",
    "start": 1648460564393,
    "end": 1648460564395,
    "duration": 2,
    "pid": 35536,
    "index": 74
  },
  {
    "name": "Load Router",
    "start": 1648460564395,
    "end": 1648460564397,
    "duration": 2,
    "pid": 35536,
    "index": 75
  },
  {
    "name": "Require(56) app/router.js",
    "start": 1648460564395,
    "end": 1648460564395,
    "duration": 0,
    "pid": 35536,
    "index": 76
  },
  {
    "name": "Before Start in node_modules/egg-core/lib/egg.js:303:10",
    "start": 1648460564396,
    "end": 1648460564416,
    "duration": 20,
    "pid": 35536,
    "index": 77
  },
  {
    "name": "Load \"model\" to Application",
    "start": 1648460564403,
    "end": 1648460564415,
    "duration": 12,
    "pid": 35536,
    "index": 78
  }
]