[
  {
    "name": "Process Start",
    "start": 1648525851785,
    "end": 1648525852689,
    "duration": 904,
    "pid": 45620,
    "index": 0
  },
  {
    "name": "Application Start",
    "start": 1648525852689,
    "end": 1648525853408,
    "duration": 719,
    "pid": 45620,
    "index": 1
  },
  {
    "name": "Load Plugin",
    "start": 1648525852693,
    "end": 1648525852708,
    "duration": 15,
    "pid": 45620,
    "index": 2
  },
  {
    "name": "Load Config",
    "start": 1648525852708,
    "end": 1648525852730,
    "duration": 22,
    "pid": 45620,
    "index": 3
  },
  {
    "name": "Require(0) config/config.default.js",
    "start": 1648525852709,
    "end": 1648525852709,
    "duration": 0,
    "pid": 45620,
    "index": 4
  },
  {
    "name": "Require(1) config/config.local.js",
    "start": 1648525852710,
    "end": 1648525852710,
    "duration": 0,
    "pid": 45620,
    "index": 5
  },
  {
    "name": "Require(2) node_modules/egg-session/config/config.default.js",
    "start": 1648525852711,
    "end": 1648525852711,
    "duration": 0,
    "pid": 45620,
    "index": 6
  },
  {
    "name": "Require(3) node_modules/egg-security/config/config.default.js",
    "start": 1648525852711,
    "end": 1648525852712,
    "duration": 1,
    "pid": 45620,
    "index": 7
  },
  {
    "name": "Require(4) node_modules/egg-jsonp/config/config.default.js",
    "start": 1648525852712,
    "end": 1648525852713,
    "duration": 1,
    "pid": 45620,
    "index": 8
  },
  {
    "name": "Require(5) node_modules/egg-onerror/config/config.default.js",
    "start": 1648525852713,
    "end": 1648525852713,
    "duration": 0,
    "pid": 45620,
    "index": 9
  },
  {
    "name": "Require(6) node_modules/egg-i18n/config/config.default.js",
    "start": 1648525852714,
    "end": 1648525852714,
    "duration": 0,
    "pid": 45620,
    "index": 10
  },
  {
    "name": "Require(7) node_modules/egg-watcher/config/config.default.js",
    "start": 1648525852715,
    "end": 1648525852715,
    "duration": 0,
    "pid": 45620,
    "index": 11
  },
  {
    "name": "Require(8) node_modules/egg-schedule/config/config.default.js",
    "start": 1648525852716,
    "end": 1648525852716,
    "duration": 0,
    "pid": 45620,
    "index": 12
  },
  {
    "name": "Require(9) node_modules/egg-multipart/config/config.default.js",
    "start": 1648525852717,
    "end": 1648525852717,
    "duration": 0,
    "pid": 45620,
    "index": 13
  },
  {
    "name": "Require(10) node_modules/egg-development/config/config.default.js",
    "start": 1648525852718,
    "end": 1648525852718,
    "duration": 0,
    "pid": 45620,
    "index": 14
  },
  {
    "name": "Require(11) node_modules/egg-logrotator/config/config.default.js",
    "start": 1648525852718,
    "end": 1648525852719,
    "duration": 1,
    "pid": 45620,
    "index": 15
  },
  {
    "name": "Require(12) node_modules/egg-static/config/config.default.js",
    "start": 1648525852719,
    "end": 1648525852719,
    "duration": 0,
    "pid": 45620,
    "index": 16
  },
  {
    "name": "Require(13) node_modules/egg-view/config/config.default.js",
    "start": 1648525852720,
    "end": 1648525852720,
    "duration": 0,
    "pid": 45620,
    "index": 17
  },
  {
    "name": "Require(14) node_modules/egg-mongoose/config/config.default.js",
    "start": 1648525852720,
    "end": 1648525852721,
    "duration": 1,
    "pid": 45620,
    "index": 18
  },
  {
    "name": "Require(15) node_modules/egg-validate/config/config.default.js",
    "start": 1648525852721,
    "end": 1648525852721,
    "duration": 0,
    "pid": 45620,
    "index": 19
  },
  {
    "name": "Require(16) node_modules/egg-cors/config/config.default.js",
    "start": 1648525852722,
    "end": 1648525852722,
    "duration": 0,
    "pid": 45620,
    "index": 20
  },
  {
    "name": "Require(17) node_modules/egg/config/config.default.js",
    "start": 1648525852722,
    "end": 1648525852722,
    "duration": 0,
    "pid": 45620,
    "index": 21
  },
  {
    "name": "Require(18) config/config.default.js",
    "start": 1648525852723,
    "end": 1648525852723,
    "duration": 0,
    "pid": 45620,
    "index": 22
  },
  {
    "name": "Require(19) node_modules/egg-security/config/config.local.js",
    "start": 1648525852724,
    "end": 1648525852725,
    "duration": 1,
    "pid": 45620,
    "index": 23
  },
  {
    "name": "Require(20) node_modules/egg-watcher/config/config.local.js",
    "start": 1648525852726,
    "end": 1648525852727,
    "duration": 1,
    "pid": 45620,
    "index": 24
  },
  {
    "name": "Require(21) node_modules/egg-view/config/config.local.js",
    "start": 1648525852728,
    "end": 1648525852728,
    "duration": 0,
    "pid": 45620,
    "index": 25
  },
  {
    "name": "Require(22) node_modules/egg/config/config.local.js",
    "start": 1648525852729,
    "end": 1648525852730,
    "duration": 1,
    "pid": 45620,
    "index": 26
  },
  {
    "name": "Require(23) config/config.local.js",
    "start": 1648525852730,
    "end": 1648525852730,
    "duration": 0,
    "pid": 45620,
    "index": 27
  },
  {
    "name": "Load extend/application.js",
    "start": 1648525852731,
    "end": 1648525852779,
    "duration": 48,
    "pid": 45620,
    "index": 28
  },
  {
    "name": "Require(24) node_modules/egg-session/app/extend/application.js",
    "start": 1648525852732,
    "end": 1648525852733,
    "duration": 1,
    "pid": 45620,
    "index": 29
  },
  {
    "name": "Require(25) node_modules/egg-security/app/extend/application.js",
    "start": 1648525852733,
    "end": 1648525852734,
    "duration": 1,
    "pid": 45620,
    "index": 30
  },
  {
    "name": "Require(26) node_modules/egg-jsonp/app/extend/application.js",
    "start": 1648525852734,
    "end": 1648525852735,
    "duration": 1,
    "pid": 45620,
    "index": 31
  },
  {
    "name": "Require(27) node_modules/egg-logrotator/app/extend/application.js",
    "start": 1648525852736,
    "end": 1648525852737,
    "duration": 1,
    "pid": 45620,
    "index": 32
  },
  {
    "name": "Require(28) node_modules/egg-view/app/extend/application.js",
    "start": 1648525852737,
    "end": 1648525852738,
    "duration": 1,
    "pid": 45620,
    "index": 33
  },
  {
    "name": "Require(29) app/extend/application.js",
    "start": 1648525852739,
    "end": 1648525852776,
    "duration": 37,
    "pid": 45620,
    "index": 34
  },
  {
    "name": "Load extend/request.js",
    "start": 1648525852779,
    "end": 1648525852785,
    "duration": 6,
    "pid": 45620,
    "index": 35
  },
  {
    "name": "Require(30) node_modules/egg/app/extend/request.js",
    "start": 1648525852781,
    "end": 1648525852782,
    "duration": 1,
    "pid": 45620,
    "index": 36
  },
  {
    "name": "Load extend/response.js",
    "start": 1648525852785,
    "end": 1648525852790,
    "duration": 5,
    "pid": 45620,
    "index": 37
  },
  {
    "name": "Require(31) node_modules/egg/app/extend/response.js",
    "start": 1648525852787,
    "end": 1648525852788,
    "duration": 1,
    "pid": 45620,
    "index": 38
  },
  {
    "name": "Load extend/context.js",
    "start": 1648525852790,
    "end": 1648525852845,
    "duration": 55,
    "pid": 45620,
    "index": 39
  },
  {
    "name": "Require(32) node_modules/egg-security/app/extend/context.js",
    "start": 1648525852790,
    "end": 1648525852799,
    "duration": 9,
    "pid": 45620,
    "index": 40
  },
  {
    "name": "Require(33) node_modules/egg-jsonp/app/extend/context.js",
    "start": 1648525852800,
    "end": 1648525852800,
    "duration": 0,
    "pid": 45620,
    "index": 41
  },
  {
    "name": "Require(34) node_modules/egg-i18n/app/extend/context.js",
    "start": 1648525852801,
    "end": 1648525852801,
    "duration": 0,
    "pid": 45620,
    "index": 42
  },
  {
    "name": "Require(35) node_modules/egg-multipart/app/extend/context.js",
    "start": 1648525852802,
    "end": 1648525852839,
    "duration": 37,
    "pid": 45620,
    "index": 43
  },
  {
    "name": "Require(36) node_modules/egg-view/app/extend/context.js",
    "start": 1648525852840,
    "end": 1648525852841,
    "duration": 1,
    "pid": 45620,
    "index": 44
  },
  {
    "name": "Require(37) node_modules/egg-mongoose/app/extend/context.js",
    "start": 1648525852841,
    "end": 1648525852842,
    "duration": 1,
    "pid": 45620,
    "index": 45
  },
  {
    "name": "Require(38) node_modules/egg-validate/app/extend/context.js",
    "start": 1648525852842,
    "end": 1648525852842,
    "duration": 0,
    "pid": 45620,
    "index": 46
  },
  {
    "name": "Require(39) node_modules/egg/app/extend/context.js",
    "start": 1648525852843,
    "end": 1648525852843,
    "duration": 0,
    "pid": 45620,
    "index": 47
  },
  {
    "name": "Load extend/helper.js",
    "start": 1648525852845,
    "end": 1648525852861,
    "duration": 16,
    "pid": 45620,
    "index": 48
  },
  {
    "name": "Require(40) node_modules/egg-security/app/extend/helper.js",
    "start": 1648525852846,
    "end": 1648525852857,
    "duration": 11,
    "pid": 45620,
    "index": 49
  },
  {
    "name": "Require(41) node_modules/egg/app/extend/helper.js",
    "start": 1648525852858,
    "end": 1648525852859,
    "duration": 1,
    "pid": 45620,
    "index": 50
  },
  {
    "name": "Require(42) app/extend/helper.js",
    "start": 1648525852859,
    "end": 1648525852859,
    "duration": 0,
    "pid": 45620,
    "index": 51
  },
  {
    "name": "Load app.js",
    "start": 1648525852861,
    "end": 1648525852888,
    "duration": 27,
    "pid": 45620,
    "index": 52
  },
  {
    "name": "Require(43) node_modules/egg-session/app.js",
    "start": 1648525852861,
    "end": 1648525852862,
    "duration": 1,
    "pid": 45620,
    "index": 53
  },
  {
    "name": "Require(44) node_modules/egg-security/app.js",
    "start": 1648525852862,
    "end": 1648525852863,
    "duration": 1,
    "pid": 45620,
    "index": 54
  },
  {
    "name": "Require(45) node_modules/egg-onerror/app.js",
    "start": 1648525852863,
    "end": 1648525852868,
    "duration": 5,
    "pid": 45620,
    "index": 55
  },
  {
    "name": "Require(46) node_modules/egg-i18n/app.js",
    "start": 1648525852868,
    "end": 1648525852880,
    "duration": 12,
    "pid": 45620,
    "index": 56
  },
  {
    "name": "Require(47) node_modules/egg-watcher/app.js",
    "start": 1648525852880,
    "end": 1648525852882,
    "duration": 2,
    "pid": 45620,
    "index": 57
  },
  {
    "name": "Require(48) node_modules/egg-schedule/app.js",
    "start": 1648525852883,
    "end": 1648525852883,
    "duration": 0,
    "pid": 45620,
    "index": 58
  },
  {
    "name": "Require(49) node_modules/egg-multipart/app.js",
    "start": 1648525852884,
    "end": 1648525852884,
    "duration": 0,
    "pid": 45620,
    "index": 59
  },
  {
    "name": "Require(50) node_modules/egg-development/app.js",
    "start": 1648525852884,
    "end": 1648525852884,
    "duration": 0,
    "pid": 45620,
    "index": 60
  },
  {
    "name": "Require(51) node_modules/egg-logrotator/app.js",
    "start": 1648525852885,
    "end": 1648525852885,
    "duration": 0,
    "pid": 45620,
    "index": 61
  },
  {
    "name": "Require(52) node_modules/egg-static/app.js",
    "start": 1648525852885,
    "end": 1648525852885,
    "duration": 0,
    "pid": 45620,
    "index": 62
  },
  {
    "name": "Require(53) node_modules/egg-mongoose/app.js",
    "start": 1648525852886,
    "end": 1648525852886,
    "duration": 0,
    "pid": 45620,
    "index": 63
  },
  {
    "name": "Require(54) node_modules/egg-validate/app.js",
    "start": 1648525852886,
    "end": 1648525852887,
    "duration": 1,
    "pid": 45620,
    "index": 64
  },
  {
    "name": "Require(55) node_modules/egg-cors/app.js",
    "start": 1648525852887,
    "end": 1648525852888,
    "duration": 1,
    "pid": 45620,
    "index": 65
  },
  {
    "name": "Before Start in node_modules/egg-watcher/lib/init.js:15:14",
    "start": 1648525852896,
    "end": 1648525853408,
    "duration": 512,
    "pid": 45620,
    "index": 66
  },
  {
    "name": "Before Start in node_modules/egg-mongoose/lib/mongoose.js:104:7",
    "start": 1648525853236,
    "end": 1648525853404,
    "duration": 168,
    "pid": 45620,
    "index": 67
  },
  {
    "name": "Before Start in node_modules/egg-mongoose/lib/mongoose.js:52:9",
    "start": 1648525853236,
    "end": 1648525853390,
    "duration": 154,
    "pid": 45620,
    "index": 68
  },
  {
    "name": "Load Service",
    "start": 1648525853236,
    "end": 1648525853262,
    "duration": 26,
    "pid": 45620,
    "index": 69
  },
  {
    "name": "Load \"service\" to Context",
    "start": 1648525853236,
    "end": 1648525853262,
    "duration": 26,
    "pid": 45620,
    "index": 70
  },
  {
    "name": "Load Middleware",
    "start": 1648525853263,
    "end": 1648525853358,
    "duration": 95,
    "pid": 45620,
    "index": 71
  },
  {
    "name": "Load \"middlewares\" to Application",
    "start": 1648525853263,
    "end": 1648525853349,
    "duration": 86,
    "pid": 45620,
    "index": 72
  },
  {
    "name": "Load Controller",
    "start": 1648525853358,
    "end": 1648525853363,
    "duration": 5,
    "pid": 45620,
    "index": 73
  },
  {
    "name": "Load \"controller\" to Application",
    "start": 1648525853358,
    "end": 1648525853363,
    "duration": 5,
    "pid": 45620,
    "index": 74
  },
  {
    "name": "Load Router",
    "start": 1648525853363,
    "end": 1648525853365,
    "duration": 2,
    "pid": 45620,
    "index": 75
  },
  {
    "name": "Require(56) app/router.js",
    "start": 1648525853363,
    "end": 1648525853363,
    "duration": 0,
    "pid": 45620,
    "index": 76
  },
  {
    "name": "Before Start in node_modules/egg-core/lib/egg.js:303:10",
    "start": 1648525853363,
    "end": 1648525853390,
    "duration": 27,
    "pid": 45620,
    "index": 77
  },
  {
    "name": "Load \"model\" to Application",
    "start": 1648525853372,
    "end": 1648525853389,
    "duration": 17,
    "pid": 45620,
    "index": 78
  }
]