[
  {
    "name": "Process Start",
    "start": 1648460249066,
    "end": 1648460249761,
    "duration": 695,
    "pid": 11768,
    "index": 0
  },
  {
    "name": "Application Start",
    "start": 1648460249762,
    "end": 1648460250264,
    "duration": 502,
    "pid": 11768,
    "index": 1
  },
  {
    "name": "Load Plugin",
    "start": 1648460249764,
    "end": 1648460249774,
    "duration": 10,
    "pid": 11768,
    "index": 2
  },
  {
    "name": "Load Config",
    "start": 1648460249774,
    "end": 1648460249791,
    "duration": 17,
    "pid": 11768,
    "index": 3
  },
  {
    "name": "Require(0) config/config.default.js",
    "start": 1648460249775,
    "end": 1648460249775,
    "duration": 0,
    "pid": 11768,
    "index": 4
  },
  {
    "name": "Require(1) config/config.local.js",
    "start": 1648460249776,
    "end": 1648460249776,
    "duration": 0,
    "pid": 11768,
    "index": 5
  },
  {
    "name": "Require(2) node_modules/egg-session/config/config.default.js",
    "start": 1648460249776,
    "end": 1648460249776,
    "duration": 0,
    "pid": 11768,
    "index": 6
  },
  {
    "name": "Require(3) node_modules/egg-security/config/config.default.js",
    "start": 1648460249777,
    "end": 1648460249777,
    "duration": 0,
    "pid": 11768,
    "index": 7
  },
  {
    "name": "Require(4) node_modules/egg-jsonp/config/config.default.js",
    "start": 1648460249778,
    "end": 1648460249778,
    "duration": 0,
    "pid": 11768,
    "index": 8
  },
  {
    "name": "Require(5) node_modules/egg-onerror/config/config.default.js",
    "start": 1648460249778,
    "end": 1648460249778,
    "duration": 0,
    "pid": 11768,
    "index": 9
  },
  {
    "name": "Require(6) node_modules/egg-i18n/config/config.default.js",
    "start": 1648460249779,
    "end": 1648460249779,
    "duration": 0,
    "pid": 11768,
    "index": 10
  },
  {
    "name": "Require(7) node_modules/egg-watcher/config/config.default.js",
    "start": 1648460249779,
    "end": 1648460249780,
    "duration": 1,
    "pid": 11768,
    "index": 11
  },
  {
    "name": "Require(8) node_modules/egg-schedule/config/config.default.js",
    "start": 1648460249780,
    "end": 1648460249780,
    "duration": 0,
    "pid": 11768,
    "index": 12
  },
  {
    "name": "Require(9) node_modules/egg-multipart/config/config.default.js",
    "start": 1648460249780,
    "end": 1648460249781,
    "duration": 1,
    "pid": 11768,
    "index": 13
  },
  {
    "name": "Require(10) node_modules/egg-development/config/config.default.js",
    "start": 1648460249781,
    "end": 1648460249781,
    "duration": 0,
    "pid": 11768,
    "index": 14
  },
  {
    "name": "Require(11) node_modules/egg-logrotator/config/config.default.js",
    "start": 1648460249782,
    "end": 1648460249782,
    "duration": 0,
    "pid": 11768,
    "index": 15
  },
  {
    "name": "Require(12) node_modules/egg-static/config/config.default.js",
    "start": 1648460249782,
    "end": 1648460249782,
    "duration": 0,
    "pid": 11768,
    "index": 16
  },
  {
    "name": "Require(13) node_modules/egg-view/config/config.default.js",
    "start": 1648460249783,
    "end": 1648460249783,
    "duration": 0,
    "pid": 11768,
    "index": 17
  },
  {
    "name": "Require(14) node_modules/egg-mongoose/config/config.default.js",
    "start": 1648460249783,
    "end": 1648460249784,
    "duration": 1,
    "pid": 11768,
    "index": 18
  },
  {
    "name": "Require(15) node_modules/egg-validate/config/config.default.js",
    "start": 1648460249784,
    "end": 1648460249784,
    "duration": 0,
    "pid": 11768,
    "index": 19
  },
  {
    "name": "Require(16) node_modules/egg-cors/config/config.default.js",
    "start": 1648460249784,
    "end": 1648460249784,
    "duration": 0,
    "pid": 11768,
    "index": 20
  },
  {
    "name": "Require(17) node_modules/egg/config/config.default.js",
    "start": 1648460249785,
    "end": 1648460249785,
    "duration": 0,
    "pid": 11768,
    "index": 21
  },
  {
    "name": "Require(18) config/config.default.js",
    "start": 1648460249786,
    "end": 1648460249786,
    "duration": 0,
    "pid": 11768,
    "index": 22
  },
  {
    "name": "Require(19) node_modules/egg-security/config/config.local.js",
    "start": 1648460249786,
    "end": 1648460249787,
    "duration": 1,
    "pid": 11768,
    "index": 23
  },
  {
    "name": "Require(20) node_modules/egg-watcher/config/config.local.js",
    "start": 1648460249788,
    "end": 1648460249788,
    "duration": 0,
    "pid": 11768,
    "index": 24
  },
  {
    "name": "Require(21) node_modules/egg-view/config/config.local.js",
    "start": 1648460249790,
    "end": 1648460249790,
    "duration": 0,
    "pid": 11768,
    "index": 25
  },
  {
    "name": "Require(22) node_modules/egg/config/config.local.js",
    "start": 1648460249791,
    "end": 1648460249791,
    "duration": 0,
    "pid": 11768,
    "index": 26
  },
  {
    "name": "Require(23) config/config.local.js",
    "start": 1648460249791,
    "end": 1648460249791,
    "duration": 0,
    "pid": 11768,
    "index": 27
  },
  {
    "name": "Load extend/application.js",
    "start": 1648460249792,
    "end": 1648460249826,
    "duration": 34,
    "pid": 11768,
    "index": 28
  },
  {
    "name": "Require(24) node_modules/egg-session/app/extend/application.js",
    "start": 1648460249792,
    "end": 1648460249792,
    "duration": 0,
    "pid": 11768,
    "index": 29
  },
  {
    "name": "Require(25) node_modules/egg-security/app/extend/application.js",
    "start": 1648460249793,
    "end": 1648460249793,
    "duration": 0,
    "pid": 11768,
    "index": 30
  },
  {
    "name": "Require(26) node_modules/egg-jsonp/app/extend/application.js",
    "start": 1648460249793,
    "end": 1648460249794,
    "duration": 1,
    "pid": 11768,
    "index": 31
  },
  {
    "name": "Require(27) node_modules/egg-logrotator/app/extend/application.js",
    "start": 1648460249795,
    "end": 1648460249796,
    "duration": 1,
    "pid": 11768,
    "index": 32
  },
  {
    "name": "Require(28) node_modules/egg-view/app/extend/application.js",
    "start": 1648460249796,
    "end": 1648460249797,
    "duration": 1,
    "pid": 11768,
    "index": 33
  },
  {
    "name": "Require(29) app/extend/application.js",
    "start": 1648460249797,
    "end": 1648460249825,
    "duration": 28,
    "pid": 11768,
    "index": 34
  },
  {
    "name": "Load extend/request.js",
    "start": 1648460249827,
    "end": 1648460249830,
    "duration": 3,
    "pid": 11768,
    "index": 35
  },
  {
    "name": "Require(30) node_modules/egg/app/extend/request.js",
    "start": 1648460249828,
    "end": 1648460249828,
    "duration": 0,
    "pid": 11768,
    "index": 36
  },
  {
    "name": "Load extend/response.js",
    "start": 1648460249830,
    "end": 1648460249833,
    "duration": 3,
    "pid": 11768,
    "index": 37
  },
  {
    "name": "Require(31) node_modules/egg/app/extend/response.js",
    "start": 1648460249831,
    "end": 1648460249832,
    "duration": 1,
    "pid": 11768,
    "index": 38
  },
  {
    "name": "Load extend/context.js",
    "start": 1648460249833,
    "end": 1648460249869,
    "duration": 36,
    "pid": 11768,
    "index": 39
  },
  {
    "name": "Require(32) node_modules/egg-security/app/extend/context.js",
    "start": 1648460249834,
    "end": 1648460249838,
    "duration": 4,
    "pid": 11768,
    "index": 40
  },
  {
    "name": "Require(33) node_modules/egg-jsonp/app/extend/context.js",
    "start": 1648460249838,
    "end": 1648460249839,
    "duration": 1,
    "pid": 11768,
    "index": 41
  },
  {
    "name": "Require(34) node_modules/egg-i18n/app/extend/context.js",
    "start": 1648460249839,
    "end": 1648460249839,
    "duration": 0,
    "pid": 11768,
    "index": 42
  },
  {
    "name": "Require(35) node_modules/egg-multipart/app/extend/context.js",
    "start": 1648460249839,
    "end": 1648460249866,
    "duration": 27,
    "pid": 11768,
    "index": 43
  },
  {
    "name": "Require(36) node_modules/egg-view/app/extend/context.js",
    "start": 1648460249866,
    "end": 1648460249867,
    "duration": 1,
    "pid": 11768,
    "index": 44
  },
  {
    "name": "Require(37) node_modules/egg-mongoose/app/extend/context.js",
    "start": 1648460249867,
    "end": 1648460249867,
    "duration": 0,
    "pid": 11768,
    "index": 45
  },
  {
    "name": "Require(38) node_modules/egg-validate/app/extend/context.js",
    "start": 1648460249867,
    "end": 1648460249867,
    "duration": 0,
    "pid": 11768,
    "index": 46
  },
  {
    "name": "Require(39) node_modules/egg/app/extend/context.js",
    "start": 1648460249868,
    "end": 1648460249868,
    "duration": 0,
    "pid": 11768,
    "index": 47
  },
  {
    "name": "Load extend/helper.js",
    "start": 1648460249869,
    "end": 1648460249881,
    "duration": 12,
    "pid": 11768,
    "index": 48
  },
  {
    "name": "Require(40) node_modules/egg-security/app/extend/helper.js",
    "start": 1648460249870,
    "end": 1648460249878,
    "duration": 8,
    "pid": 11768,
    "index": 49
  },
  {
    "name": "Require(41) node_modules/egg/app/extend/helper.js",
    "start": 1648460249879,
    "end": 1648460249879,
    "duration": 0,
    "pid": 11768,
    "index": 50
  },
  {
    "name": "Require(42) app/extend/helper.js",
    "start": 1648460249879,
    "end": 1648460249880,
    "duration": 1,
    "pid": 11768,
    "index": 51
  },
  {
    "name": "Load app.js",
    "start": 1648460249881,
    "end": 1648460249902,
    "duration": 21,
    "pid": 11768,
    "index": 52
  },
  {
    "name": "Require(43) node_modules/egg-session/app.js",
    "start": 1648460249881,
    "end": 1648460249881,
    "duration": 0,
    "pid": 11768,
    "index": 53
  },
  {
    "name": "Require(44) node_modules/egg-security/app.js",
    "start": 1648460249882,
    "end": 1648460249882,
    "duration": 0,
    "pid": 11768,
    "index": 54
  },
  {
    "name": "Require(45) node_modules/egg-onerror/app.js",
    "start": 1648460249883,
    "end": 1648460249886,
    "duration": 3,
    "pid": 11768,
    "index": 55
  },
  {
    "name": "Require(46) node_modules/egg-i18n/app.js",
    "start": 1648460249886,
    "end": 1648460249895,
    "duration": 9,
    "pid": 11768,
    "index": 56
  },
  {
    "name": "Require(47) node_modules/egg-watcher/app.js",
    "start": 1648460249895,
    "end": 1648460249897,
    "duration": 2,
    "pid": 11768,
    "index": 57
  },
  {
    "name": "Require(48) node_modules/egg-schedule/app.js",
    "start": 1648460249897,
    "end": 1648460249898,
    "duration": 1,
    "pid": 11768,
    "index": 58
  },
  {
    "name": "Require(49) node_modules/egg-multipart/app.js",
    "start": 1648460249898,
    "end": 1648460249898,
    "duration": 0,
    "pid": 11768,
    "index": 59
  },
  {
    "name": "Require(50) node_modules/egg-development/app.js",
    "start": 1648460249899,
    "end": 1648460249899,
    "duration": 0,
    "pid": 11768,
    "index": 60
  },
  {
    "name": "Require(51) node_modules/egg-logrotator/app.js",
    "start": 1648460249899,
    "end": 1648460249899,
    "duration": 0,
    "pid": 11768,
    "index": 61
  },
  {
    "name": "Require(52) node_modules/egg-static/app.js",
    "start": 1648460249899,
    "end": 1648460249899,
    "duration": 0,
    "pid": 11768,
    "index": 62
  },
  {
    "name": "Require(53) node_modules/egg-mongoose/app.js",
    "start": 1648460249900,
    "end": 1648460249900,
    "duration": 0,
    "pid": 11768,
    "index": 63
  },
  {
    "name": "Require(54) node_modules/egg-validate/app.js",
    "start": 1648460249900,
    "end": 1648460249901,
    "duration": 1,
    "pid": 11768,
    "index": 64
  },
  {
    "name": "Require(55) node_modules/egg-cors/app.js",
    "start": 1648460249901,
    "end": 1648460249901,
    "duration": 0,
    "pid": 11768,
    "index": 65
  },
  {
    "name": "Before Start in node_modules/egg-watcher/lib/init.js:15:14",
    "start": 1648460249908,
    "end": 1648460250264,
    "duration": 356,
    "pid": 11768,
    "index": 66
  },
  {
    "name": "Before Start in node_modules/egg-mongoose/lib/mongoose.js:104:7",
    "start": 1648460250146,
    "end": 1648460250263,
    "duration": 117,
    "pid": 11768,
    "index": 67
  },
  {
    "name": "Before Start in node_modules/egg-mongoose/lib/mongoose.js:52:9",
    "start": 1648460250146,
    "end": 1648460250252,
    "duration": 106,
    "pid": 11768,
    "index": 68
  },
  {
    "name": "Load Service",
    "start": 1648460250146,
    "end": 1648460250166,
    "duration": 20,
    "pid": 11768,
    "index": 69
  },
  {
    "name": "Load \"service\" to Context",
    "start": 1648460250146,
    "end": 1648460250166,
    "duration": 20,
    "pid": 11768,
    "index": 70
  },
  {
    "name": "Load Middleware",
    "start": 1648460250166,
    "end": 1648460250231,
    "duration": 65,
    "pid": 11768,
    "index": 71
  },
  {
    "name": "Load \"middlewares\" to Application",
    "start": 1648460250166,
    "end": 1648460250224,
    "duration": 58,
    "pid": 11768,
    "index": 72
  },
  {
    "name": "Load Controller",
    "start": 1648460250231,
    "end": 1648460250232,
    "duration": 1,
    "pid": 11768,
    "index": 73
  },
  {
    "name": "Load \"controller\" to Application",
    "start": 1648460250231,
    "end": 1648460250232,
    "duration": 1,
    "pid": 11768,
    "index": 74
  },
  {
    "name": "Load Router",
    "start": 1648460250232,
    "end": 1648460250234,
    "duration": 2,
    "pid": 11768,
    "index": 75
  },
  {
    "name": "Require(56) app/router.js",
    "start": 1648460250233,
    "end": 1648460250233,
    "duration": 0,
    "pid": 11768,
    "index": 76
  },
  {
    "name": "Before Start in node_modules/egg-core/lib/egg.js:303:10",
    "start": 1648460250233,
    "end": 1648460250252,
    "duration": 19,
    "pid": 11768,
    "index": 77
  },
  {
    "name": "Load \"model\" to Application",
    "start": 1648460250240,
    "end": 1648460250252,
    "duration": 12,
    "pid": 11768,
    "index": 78
  }
]