[
  {
    "name": "Process Start",
    "start": 1648462520950,
    "end": 1648462521647,
    "duration": 697,
    "pid": 33972,
    "index": 0
  },
  {
    "name": "Application Start",
    "start": 1648462521647,
    "end": 1648462522148,
    "duration": 501,
    "pid": 33972,
    "index": 1
  },
  {
    "name": "Load Plugin",
    "start": 1648462521650,
    "end": 1648462521660,
    "duration": 10,
    "pid": 33972,
    "index": 2
  },
  {
    "name": "Load Config",
    "start": 1648462521660,
    "end": 1648462521674,
    "duration": 14,
    "pid": 33972,
    "index": 3
  },
  {
    "name": "Require(0) config/config.default.js",
    "start": 1648462521660,
    "end": 1648462521660,
    "duration": 0,
    "pid": 33972,
    "index": 4
  },
  {
    "name": "Require(1) config/config.local.js",
    "start": 1648462521661,
    "end": 1648462521661,
    "duration": 0,
    "pid": 33972,
    "index": 5
  },
  {
    "name": "Require(2) node_modules/egg-session/config/config.default.js",
    "start": 1648462521662,
    "end": 1648462521662,
    "duration": 0,
    "pid": 33972,
    "index": 6
  },
  {
    "name": "Require(3) node_modules/egg-security/config/config.default.js",
    "start": 1648462521662,
    "end": 1648462521662,
    "duration": 0,
    "pid": 33972,
    "index": 7
  },
  {
    "name": "Require(4) node_modules/egg-jsonp/config/config.default.js",
    "start": 1648462521663,
    "end": 1648462521663,
    "duration": 0,
    "pid": 33972,
    "index": 8
  },
  {
    "name": "Require(5) node_modules/egg-onerror/config/config.default.js",
    "start": 1648462521664,
    "end": 1648462521664,
    "duration": 0,
    "pid": 33972,
    "index": 9
  },
  {
    "name": "Require(6) node_modules/egg-i18n/config/config.default.js",
    "start": 1648462521664,
    "end": 1648462521664,
    "duration": 0,
    "pid": 33972,
    "index": 10
  },
  {
    "name": "Require(7) node_modules/egg-watcher/config/config.default.js",
    "start": 1648462521665,
    "end": 1648462521665,
    "duration": 0,
    "pid": 33972,
    "index": 11
  },
  {
    "name": "Require(8) node_modules/egg-schedule/config/config.default.js",
    "start": 1648462521665,
    "end": 1648462521665,
    "duration": 0,
    "pid": 33972,
    "index": 12
  },
  {
    "name": "Require(9) node_modules/egg-multipart/config/config.default.js",
    "start": 1648462521666,
    "end": 1648462521666,
    "duration": 0,
    "pid": 33972,
    "index": 13
  },
  {
    "name": "Require(10) node_modules/egg-development/config/config.default.js",
    "start": 1648462521666,
    "end": 1648462521666,
    "duration": 0,
    "pid": 33972,
    "index": 14
  },
  {
    "name": "Require(11) node_modules/egg-logrotator/config/config.default.js",
    "start": 1648462521667,
    "end": 1648462521667,
    "duration": 0,
    "pid": 33972,
    "index": 15
  },
  {
    "name": "Require(12) node_modules/egg-static/config/config.default.js",
    "start": 1648462521667,
    "end": 1648462521667,
    "duration": 0,
    "pid": 33972,
    "index": 16
  },
  {
    "name": "Require(13) node_modules/egg-view/config/config.default.js",
    "start": 1648462521668,
    "end": 1648462521668,
    "duration": 0,
    "pid": 33972,
    "index": 17
  },
  {
    "name": "Require(14) node_modules/egg-mongoose/config/config.default.js",
    "start": 1648462521668,
    "end": 1648462521669,
    "duration": 1,
    "pid": 33972,
    "index": 18
  },
  {
    "name": "Require(15) node_modules/egg-validate/config/config.default.js",
    "start": 1648462521669,
    "end": 1648462521669,
    "duration": 0,
    "pid": 33972,
    "index": 19
  },
  {
    "name": "Require(16) node_modules/egg-cors/config/config.default.js",
    "start": 1648462521669,
    "end": 1648462521670,
    "duration": 1,
    "pid": 33972,
    "index": 20
  },
  {
    "name": "Require(17) node_modules/egg/config/config.default.js",
    "start": 1648462521670,
    "end": 1648462521670,
    "duration": 0,
    "pid": 33972,
    "index": 21
  },
  {
    "name": "Require(18) config/config.default.js",
    "start": 1648462521671,
    "end": 1648462521671,
    "duration": 0,
    "pid": 33972,
    "index": 22
  },
  {
    "name": "Require(19) node_modules/egg-security/config/config.local.js",
    "start": 1648462521671,
    "end": 1648462521672,
    "duration": 1,
    "pid": 33972,
    "index": 23
  },
  {
    "name": "Require(20) node_modules/egg-watcher/config/config.local.js",
    "start": 1648462521673,
    "end": 1648462521673,
    "duration": 0,
    "pid": 33972,
    "index": 24
  },
  {
    "name": "Require(21) node_modules/egg-view/config/config.local.js",
    "start": 1648462521673,
    "end": 1648462521674,
    "duration": 1,
    "pid": 33972,
    "index": 25
  },
  {
    "name": "Require(22) node_modules/egg/config/config.local.js",
    "start": 1648462521674,
    "end": 1648462521674,
    "duration": 0,
    "pid": 33972,
    "index": 26
  },
  {
    "name": "Require(23) config/config.local.js",
    "start": 1648462521674,
    "end": 1648462521674,
    "duration": 0,
    "pid": 33972,
    "index": 27
  },
  {
    "name": "Load extend/application.js",
    "start": 1648462521675,
    "end": 1648462521711,
    "duration": 36,
    "pid": 33972,
    "index": 28
  },
  {
    "name": "Require(24) node_modules/egg-session/app/extend/application.js",
    "start": 1648462521675,
    "end": 1648462521675,
    "duration": 0,
    "pid": 33972,
    "index": 29
  },
  {
    "name": "Require(25) node_modules/egg-security/app/extend/application.js",
    "start": 1648462521676,
    "end": 1648462521676,
    "duration": 0,
    "pid": 33972,
    "index": 30
  },
  {
    "name": "Require(26) node_modules/egg-jsonp/app/extend/application.js",
    "start": 1648462521677,
    "end": 1648462521677,
    "duration": 0,
    "pid": 33972,
    "index": 31
  },
  {
    "name": "Require(27) node_modules/egg-logrotator/app/extend/application.js",
    "start": 1648462521678,
    "end": 1648462521679,
    "duration": 1,
    "pid": 33972,
    "index": 32
  },
  {
    "name": "Require(28) node_modules/egg-view/app/extend/application.js",
    "start": 1648462521679,
    "end": 1648462521680,
    "duration": 1,
    "pid": 33972,
    "index": 33
  },
  {
    "name": "Require(29) app/extend/application.js",
    "start": 1648462521680,
    "end": 1648462521710,
    "duration": 30,
    "pid": 33972,
    "index": 34
  },
  {
    "name": "Load extend/request.js",
    "start": 1648462521711,
    "end": 1648462521714,
    "duration": 3,
    "pid": 33972,
    "index": 35
  },
  {
    "name": "Require(30) node_modules/egg/app/extend/request.js",
    "start": 1648462521712,
    "end": 1648462521713,
    "duration": 1,
    "pid": 33972,
    "index": 36
  },
  {
    "name": "Load extend/response.js",
    "start": 1648462521714,
    "end": 1648462521718,
    "duration": 4,
    "pid": 33972,
    "index": 37
  },
  {
    "name": "Require(31) node_modules/egg/app/extend/response.js",
    "start": 1648462521716,
    "end": 1648462521716,
    "duration": 0,
    "pid": 33972,
    "index": 38
  },
  {
    "name": "Load extend/context.js",
    "start": 1648462521718,
    "end": 1648462521756,
    "duration": 38,
    "pid": 33972,
    "index": 39
  },
  {
    "name": "Require(32) node_modules/egg-security/app/extend/context.js",
    "start": 1648462521718,
    "end": 1648462521722,
    "duration": 4,
    "pid": 33972,
    "index": 40
  },
  {
    "name": "Require(33) node_modules/egg-jsonp/app/extend/context.js",
    "start": 1648462521723,
    "end": 1648462521723,
    "duration": 0,
    "pid": 33972,
    "index": 41
  },
  {
    "name": "Require(34) node_modules/egg-i18n/app/extend/context.js",
    "start": 1648462521724,
    "end": 1648462521724,
    "duration": 0,
    "pid": 33972,
    "index": 42
  },
  {
    "name": "Require(35) node_modules/egg-multipart/app/extend/context.js",
    "start": 1648462521724,
    "end": 1648462521752,
    "duration": 28,
    "pid": 33972,
    "index": 43
  },
  {
    "name": "Require(36) node_modules/egg-view/app/extend/context.js",
    "start": 1648462521753,
    "end": 1648462521753,
    "duration": 0,
    "pid": 33972,
    "index": 44
  },
  {
    "name": "Require(37) node_modules/egg-mongoose/app/extend/context.js",
    "start": 1648462521754,
    "end": 1648462521754,
    "duration": 0,
    "pid": 33972,
    "index": 45
  },
  {
    "name": "Require(38) node_modules/egg-validate/app/extend/context.js",
    "start": 1648462521754,
    "end": 1648462521754,
    "duration": 0,
    "pid": 33972,
    "index": 46
  },
  {
    "name": "Require(39) node_modules/egg/app/extend/context.js",
    "start": 1648462521754,
    "end": 1648462521755,
    "duration": 1,
    "pid": 33972,
    "index": 47
  },
  {
    "name": "Load extend/helper.js",
    "start": 1648462521756,
    "end": 1648462521769,
    "duration": 13,
    "pid": 33972,
    "index": 48
  },
  {
    "name": "Require(40) node_modules/egg-security/app/extend/helper.js",
    "start": 1648462521757,
    "end": 1648462521766,
    "duration": 9,
    "pid": 33972,
    "index": 49
  },
  {
    "name": "Require(41) node_modules/egg/app/extend/helper.js",
    "start": 1648462521767,
    "end": 1648462521767,
    "duration": 0,
    "pid": 33972,
    "index": 50
  },
  {
    "name": "Require(42) app/extend/helper.js",
    "start": 1648462521767,
    "end": 1648462521768,
    "duration": 1,
    "pid": 33972,
    "index": 51
  },
  {
    "name": "Load app.js",
    "start": 1648462521769,
    "end": 1648462521790,
    "duration": 21,
    "pid": 33972,
    "index": 52
  },
  {
    "name": "Require(43) node_modules/egg-session/app.js",
    "start": 1648462521769,
    "end": 1648462521770,
    "duration": 1,
    "pid": 33972,
    "index": 53
  },
  {
    "name": "Require(44) node_modules/egg-security/app.js",
    "start": 1648462521770,
    "end": 1648462521770,
    "duration": 0,
    "pid": 33972,
    "index": 54
  },
  {
    "name": "Require(45) node_modules/egg-onerror/app.js",
    "start": 1648462521771,
    "end": 1648462521774,
    "duration": 3,
    "pid": 33972,
    "index": 55
  },
  {
    "name": "Require(46) node_modules/egg-i18n/app.js",
    "start": 1648462521775,
    "end": 1648462521784,
    "duration": 9,
    "pid": 33972,
    "index": 56
  },
  {
    "name": "Require(47) node_modules/egg-watcher/app.js",
    "start": 1648462521784,
    "end": 1648462521786,
    "duration": 2,
    "pid": 33972,
    "index": 57
  },
  {
    "name": "Require(48) node_modules/egg-schedule/app.js",
    "start": 1648462521786,
    "end": 1648462521787,
    "duration": 1,
    "pid": 33972,
    "index": 58
  },
  {
    "name": "Require(49) node_modules/egg-multipart/app.js",
    "start": 1648462521787,
    "end": 1648462521787,
    "duration": 0,
    "pid": 33972,
    "index": 59
  },
  {
    "name": "Require(50) node_modules/egg-development/app.js",
    "start": 1648462521787,
    "end": 1648462521788,
    "duration": 1,
    "pid": 33972,
    "index": 60
  },
  {
    "name": "Require(51) node_modules/egg-logrotator/app.js",
    "start": 1648462521788,
    "end": 1648462521788,
    "duration": 0,
    "pid": 33972,
    "index": 61
  },
  {
    "name": "Require(52) node_modules/egg-static/app.js",
    "start": 1648462521788,
    "end": 1648462521788,
    "duration": 0,
    "pid": 33972,
    "index": 62
  },
  {
    "name": "Require(53) node_modules/egg-mongoose/app.js",
    "start": 1648462521788,
    "end": 1648462521789,
    "duration": 1,
    "pid": 33972,
    "index": 63
  },
  {
    "name": "Require(54) node_modules/egg-validate/app.js",
    "start": 1648462521789,
    "end": 1648462521790,
    "duration": 1,
    "pid": 33972,
    "index": 64
  },
  {
    "name": "Require(55) node_modules/egg-cors/app.js",
    "start": 1648462521790,
    "end": 1648462521790,
    "duration": 0,
    "pid": 33972,
    "index": 65
  },
  {
    "name": "Before Start in node_modules/egg-watcher/lib/init.js:15:14",
    "start": 1648462521796,
    "end": 1648462522147,
    "duration": 351,
    "pid": 33972,
    "index": 66
  },
  {
    "name": "Before Start in node_modules/egg-mongoose/lib/mongoose.js:104:7",
    "start": 1648462522035,
    "end": 1648462522146,
    "duration": 111,
    "pid": 33972,
    "index": 67
  },
  {
    "name": "Before Start in node_modules/egg-mongoose/lib/mongoose.js:52:9",
    "start": 1648462522035,
    "end": 1648462522136,
    "duration": 101,
    "pid": 33972,
    "index": 68
  },
  {
    "name": "Load Service",
    "start": 1648462522035,
    "end": 1648462522054,
    "duration": 19,
    "pid": 33972,
    "index": 69
  },
  {
    "name": "Load \"service\" to Context",
    "start": 1648462522035,
    "end": 1648462522054,
    "duration": 19,
    "pid": 33972,
    "index": 70
  },
  {
    "name": "Load Middleware",
    "start": 1648462522054,
    "end": 1648462522113,
    "duration": 59,
    "pid": 33972,
    "index": 71
  },
  {
    "name": "Load \"middlewares\" to Application",
    "start": 1648462522054,
    "end": 1648462522107,
    "duration": 53,
    "pid": 33972,
    "index": 72
  },
  {
    "name": "Load Controller",
    "start": 1648462522113,
    "end": 1648462522117,
    "duration": 4,
    "pid": 33972,
    "index": 73
  },
  {
    "name": "Load \"controller\" to Application",
    "start": 1648462522113,
    "end": 1648462522117,
    "duration": 4,
    "pid": 33972,
    "index": 74
  },
  {
    "name": "Load Router",
    "start": 1648462522117,
    "end": 1648462522119,
    "duration": 2,
    "pid": 33972,
    "index": 75
  },
  {
    "name": "Require(56) app/router.js",
    "start": 1648462522117,
    "end": 1648462522117,
    "duration": 0,
    "pid": 33972,
    "index": 76
  },
  {
    "name": "Before Start in node_modules/egg-core/lib/egg.js:303:10",
    "start": 1648462522117,
    "end": 1648462522136,
    "duration": 19,
    "pid": 33972,
    "index": 77
  },
  {
    "name": "Load \"model\" to Application",
    "start": 1648462522124,
    "end": 1648462522135,
    "duration": 11,
    "pid": 33972,
    "index": 78
  }
]