[
  {
    "name": "Process Start",
    "start": 1648457266518,
    "end": 1648457267164,
    "duration": 646,
    "pid": 15316,
    "index": 0
  },
  {
    "name": "Application Start",
    "start": 1648457267164,
    "end": 1648457267730,
    "duration": 566,
    "pid": 15316,
    "index": 1
  },
  {
    "name": "Load Plugin",
    "start": 1648457267167,
    "end": 1648457267176,
    "duration": 9,
    "pid": 15316,
    "index": 2
  },
  {
    "name": "Load Config",
    "start": 1648457267176,
    "end": 1648457267192,
    "duration": 16,
    "pid": 15316,
    "index": 3
  },
  {
    "name": "Require(0) config/config.default.js",
    "start": 1648457267177,
    "end": 1648457267177,
    "duration": 0,
    "pid": 15316,
    "index": 4
  },
  {
    "name": "Require(1) node_modules/egg-session/config/config.default.js",
    "start": 1648457267178,
    "end": 1648457267178,
    "duration": 0,
    "pid": 15316,
    "index": 5
  },
  {
    "name": "Require(2) node_modules/egg-security/config/config.default.js",
    "start": 1648457267178,
    "end": 1648457267178,
    "duration": 0,
    "pid": 15316,
    "index": 6
  },
  {
    "name": "Require(3) node_modules/egg-jsonp/config/config.default.js",
    "start": 1648457267179,
    "end": 1648457267179,
    "duration": 0,
    "pid": 15316,
    "index": 7
  },
  {
    "name": "Require(4) node_modules/egg-onerror/config/config.default.js",
    "start": 1648457267180,
    "end": 1648457267180,
    "duration": 0,
    "pid": 15316,
    "index": 8
  },
  {
    "name": "Require(5) node_modules/egg-i18n/config/config.default.js",
    "start": 1648457267180,
    "end": 1648457267180,
    "duration": 0,
    "pid": 15316,
    "index": 9
  },
  {
    "name": "Require(6) node_modules/egg-watcher/config/config.default.js",
    "start": 1648457267181,
    "end": 1648457267181,
    "duration": 0,
    "pid": 15316,
    "index": 10
  },
  {
    "name": "Require(7) node_modules/egg-schedule/config/config.default.js",
    "start": 1648457267181,
    "end": 1648457267181,
    "duration": 0,
    "pid": 15316,
    "index": 11
  },
  {
    "name": "Require(8) node_modules/egg-multipart/config/config.default.js",
    "start": 1648457267182,
    "end": 1648457267182,
    "duration": 0,
    "pid": 15316,
    "index": 12
  },
  {
    "name": "Require(9) node_modules/egg-development/config/config.default.js",
    "start": 1648457267182,
    "end": 1648457267183,
    "duration": 1,
    "pid": 15316,
    "index": 13
  },
  {
    "name": "Require(10) node_modules/egg-logrotator/config/config.default.js",
    "start": 1648457267183,
    "end": 1648457267183,
    "duration": 0,
    "pid": 15316,
    "index": 14
  },
  {
    "name": "Require(11) node_modules/egg-static/config/config.default.js",
    "start": 1648457267183,
    "end": 1648457267183,
    "duration": 0,
    "pid": 15316,
    "index": 15
  },
  {
    "name": "Require(12) node_modules/egg-view/config/config.default.js",
    "start": 1648457267184,
    "end": 1648457267184,
    "duration": 0,
    "pid": 15316,
    "index": 16
  },
  {
    "name": "Require(13) node_modules/egg-mongoose/config/config.default.js",
    "start": 1648457267184,
    "end": 1648457267185,
    "duration": 1,
    "pid": 15316,
    "index": 17
  },
  {
    "name": "Require(14) node_modules/egg-validate/config/config.default.js",
    "start": 1648457267185,
    "end": 1648457267185,
    "duration": 0,
    "pid": 15316,
    "index": 18
  },
  {
    "name": "Require(15) node_modules/egg-cors/config/config.default.js",
    "start": 1648457267185,
    "end": 1648457267185,
    "duration": 0,
    "pid": 15316,
    "index": 19
  },
  {
    "name": "Require(16) node_modules/egg/config/config.default.js",
    "start": 1648457267186,
    "end": 1648457267186,
    "duration": 0,
    "pid": 15316,
    "index": 20
  },
  {
    "name": "Require(17) config/config.default.js",
    "start": 1648457267187,
    "end": 1648457267187,
    "duration": 0,
    "pid": 15316,
    "index": 21
  },
  {
    "name": "Require(18) node_modules/egg-security/config/config.local.js",
    "start": 1648457267187,
    "end": 1648457267187,
    "duration": 0,
    "pid": 15316,
    "index": 22
  },
  {
    "name": "Require(19) node_modules/egg-watcher/config/config.local.js",
    "start": 1648457267189,
    "end": 1648457267189,
    "duration": 0,
    "pid": 15316,
    "index": 23
  },
  {
    "name": "Require(20) node_modules/egg-view/config/config.local.js",
    "start": 1648457267189,
    "end": 1648457267190,
    "duration": 1,
    "pid": 15316,
    "index": 24
  },
  {
    "name": "Require(21) node_modules/egg/config/config.local.js",
    "start": 1648457267190,
    "end": 1648457267190,
    "duration": 0,
    "pid": 15316,
    "index": 25
  },
  {
    "name": "Load extend/application.js",
    "start": 1648457267193,
    "end": 1648457267226,
    "duration": 33,
    "pid": 15316,
    "index": 26
  },
  {
    "name": "Require(22) node_modules/egg-session/app/extend/application.js",
    "start": 1648457267193,
    "end": 1648457267193,
    "duration": 0,
    "pid": 15316,
    "index": 27
  },
  {
    "name": "Require(23) node_modules/egg-security/app/extend/application.js",
    "start": 1648457267193,
    "end": 1648457267194,
    "duration": 1,
    "pid": 15316,
    "index": 28
  },
  {
    "name": "Require(24) node_modules/egg-jsonp/app/extend/application.js",
    "start": 1648457267194,
    "end": 1648457267195,
    "duration": 1,
    "pid": 15316,
    "index": 29
  },
  {
    "name": "Require(25) node_modules/egg-logrotator/app/extend/application.js",
    "start": 1648457267196,
    "end": 1648457267196,
    "duration": 0,
    "pid": 15316,
    "index": 30
  },
  {
    "name": "Require(26) node_modules/egg-view/app/extend/application.js",
    "start": 1648457267197,
    "end": 1648457267197,
    "duration": 0,
    "pid": 15316,
    "index": 31
  },
  {
    "name": "Require(27) app/extend/application.js",
    "start": 1648457267198,
    "end": 1648457267224,
    "duration": 26,
    "pid": 15316,
    "index": 32
  },
  {
    "name": "Load extend/request.js",
    "start": 1648457267226,
    "end": 1648457267229,
    "duration": 3,
    "pid": 15316,
    "index": 33
  },
  {
    "name": "Require(28) node_modules/egg/app/extend/request.js",
    "start": 1648457267227,
    "end": 1648457267228,
    "duration": 1,
    "pid": 15316,
    "index": 34
  },
  {
    "name": "Load extend/response.js",
    "start": 1648457267229,
    "end": 1648457267232,
    "duration": 3,
    "pid": 15316,
    "index": 35
  },
  {
    "name": "Require(29) node_modules/egg/app/extend/response.js",
    "start": 1648457267230,
    "end": 1648457267231,
    "duration": 1,
    "pid": 15316,
    "index": 36
  },
  {
    "name": "Load extend/context.js",
    "start": 1648457267232,
    "end": 1648457267270,
    "duration": 38,
    "pid": 15316,
    "index": 37
  },
  {
    "name": "Require(30) node_modules/egg-security/app/extend/context.js",
    "start": 1648457267233,
    "end": 1648457267237,
    "duration": 4,
    "pid": 15316,
    "index": 38
  },
  {
    "name": "Require(31) node_modules/egg-jsonp/app/extend/context.js",
    "start": 1648457267237,
    "end": 1648457267238,
    "duration": 1,
    "pid": 15316,
    "index": 39
  },
  {
    "name": "Require(32) node_modules/egg-i18n/app/extend/context.js",
    "start": 1648457267238,
    "end": 1648457267238,
    "duration": 0,
    "pid": 15316,
    "index": 40
  },
  {
    "name": "Require(33) node_modules/egg-multipart/app/extend/context.js",
    "start": 1648457267239,
    "end": 1648457267266,
    "duration": 27,
    "pid": 15316,
    "index": 41
  },
  {
    "name": "Require(34) node_modules/egg-view/app/extend/context.js",
    "start": 1648457267267,
    "end": 1648457267267,
    "duration": 0,
    "pid": 15316,
    "index": 42
  },
  {
    "name": "Require(35) node_modules/egg-mongoose/app/extend/context.js",
    "start": 1648457267267,
    "end": 1648457267268,
    "duration": 1,
    "pid": 15316,
    "index": 43
  },
  {
    "name": "Require(36) node_modules/egg-validate/app/extend/context.js",
    "start": 1648457267268,
    "end": 1648457267268,
    "duration": 0,
    "pid": 15316,
    "index": 44
  },
  {
    "name": "Require(37) node_modules/egg/app/extend/context.js",
    "start": 1648457267268,
    "end": 1648457267269,
    "duration": 1,
    "pid": 15316,
    "index": 45
  },
  {
    "name": "Load extend/helper.js",
    "start": 1648457267270,
    "end": 1648457267282,
    "duration": 12,
    "pid": 15316,
    "index": 46
  },
  {
    "name": "Require(38) node_modules/egg-security/app/extend/helper.js",
    "start": 1648457267271,
    "end": 1648457267279,
    "duration": 8,
    "pid": 15316,
    "index": 47
  },
  {
    "name": "Require(39) node_modules/egg/app/extend/helper.js",
    "start": 1648457267280,
    "end": 1648457267280,
    "duration": 0,
    "pid": 15316,
    "index": 48
  },
  {
    "name": "Require(40) app/extend/helper.js",
    "start": 1648457267280,
    "end": 1648457267281,
    "duration": 1,
    "pid": 15316,
    "index": 49
  },
  {
    "name": "Load app.js",
    "start": 1648457267282,
    "end": 1648457267304,
    "duration": 22,
    "pid": 15316,
    "index": 50
  },
  {
    "name": "Require(41) node_modules/egg-session/app.js",
    "start": 1648457267282,
    "end": 1648457267282,
    "duration": 0,
    "pid": 15316,
    "index": 51
  },
  {
    "name": "Require(42) node_modules/egg-security/app.js",
    "start": 1648457267283,
    "end": 1648457267283,
    "duration": 0,
    "pid": 15316,
    "index": 52
  },
  {
    "name": "Require(43) node_modules/egg-onerror/app.js",
    "start": 1648457267284,
    "end": 1648457267288,
    "duration": 4,
    "pid": 15316,
    "index": 53
  },
  {
    "name": "Require(44) node_modules/egg-i18n/app.js",
    "start": 1648457267288,
    "end": 1648457267297,
    "duration": 9,
    "pid": 15316,
    "index": 54
  },
  {
    "name": "Require(45) node_modules/egg-watcher/app.js",
    "start": 1648457267298,
    "end": 1648457267300,
    "duration": 2,
    "pid": 15316,
    "index": 55
  },
  {
    "name": "Require(46) node_modules/egg-schedule/app.js",
    "start": 1648457267300,
    "end": 1648457267301,
    "duration": 1,
    "pid": 15316,
    "index": 56
  },
  {
    "name": "Require(47) node_modules/egg-multipart/app.js",
    "start": 1648457267301,
    "end": 1648457267301,
    "duration": 0,
    "pid": 15316,
    "index": 57
  },
  {
    "name": "Require(48) node_modules/egg-development/app.js",
    "start": 1648457267301,
    "end": 1648457267302,
    "duration": 1,
    "pid": 15316,
    "index": 58
  },
  {
    "name": "Require(49) node_modules/egg-logrotator/app.js",
    "start": 1648457267302,
    "end": 1648457267302,
    "duration": 0,
    "pid": 15316,
    "index": 59
  },
  {
    "name": "Require(50) node_modules/egg-static/app.js",
    "start": 1648457267302,
    "end": 1648457267302,
    "duration": 0,
    "pid": 15316,
    "index": 60
  },
  {
    "name": "Require(51) node_modules/egg-mongoose/app.js",
    "start": 1648457267303,
    "end": 1648457267303,
    "duration": 0,
    "pid": 15316,
    "index": 61
  },
  {
    "name": "Require(52) node_modules/egg-validate/app.js",
    "start": 1648457267303,
    "end": 1648457267304,
    "duration": 1,
    "pid": 15316,
    "index": 62
  },
  {
    "name": "Require(53) node_modules/egg-cors/app.js",
    "start": 1648457267304,
    "end": 1648457267304,
    "duration": 0,
    "pid": 15316,
    "index": 63
  },
  {
    "name": "Before Start in node_modules/egg-watcher/lib/init.js:15:14",
    "start": 1648457267311,
    "end": 1648457267725,
    "duration": 414,
    "pid": 15316,
    "index": 64
  },
  {
    "name": "Before Start in node_modules/egg-mongoose/lib/mongoose.js:104:7",
    "start": 1648457267601,
    "end": 1648457267729,
    "duration": 128,
    "pid": 15316,
    "index": 65
  },
  {
    "name": "Before Start in node_modules/egg-mongoose/lib/mongoose.js:52:9",
    "start": 1648457267601,
    "end": 1648457267717,
    "duration": 116,
    "pid": 15316,
    "index": 66
  },
  {
    "name": "Load Service",
    "start": 1648457267601,
    "end": 1648457267626,
    "duration": 25,
    "pid": 15316,
    "index": 67
  },
  {
    "name": "Load \"service\" to Context",
    "start": 1648457267601,
    "end": 1648457267626,
    "duration": 25,
    "pid": 15316,
    "index": 68
  },
  {
    "name": "Load Middleware",
    "start": 1648457267626,
    "end": 1648457267694,
    "duration": 68,
    "pid": 15316,
    "index": 69
  },
  {
    "name": "Load \"middlewares\" to Application",
    "start": 1648457267626,
    "end": 1648457267687,
    "duration": 61,
    "pid": 15316,
    "index": 70
  },
  {
    "name": "Load Controller",
    "start": 1648457267694,
    "end": 1648457267695,
    "duration": 1,
    "pid": 15316,
    "index": 71
  },
  {
    "name": "Load \"controller\" to Application",
    "start": 1648457267694,
    "end": 1648457267695,
    "duration": 1,
    "pid": 15316,
    "index": 72
  },
  {
    "name": "Load Router",
    "start": 1648457267695,
    "end": 1648457267697,
    "duration": 2,
    "pid": 15316,
    "index": 73
  },
  {
    "name": "Require(54) app/router.js",
    "start": 1648457267696,
    "end": 1648457267696,
    "duration": 0,
    "pid": 15316,
    "index": 74
  },
  {
    "name": "Before Start in node_modules/egg-core/lib/egg.js:303:10",
    "start": 1648457267696,
    "end": 1648457267717,
    "duration": 21,
    "pid": 15316,
    "index": 75
  },
  {
    "name": "Load \"model\" to Application",
    "start": 1648457267704,
    "end": 1648457267716,
    "duration": 12,
    "pid": 15316,
    "index": 76
  }
]