[
  {
    "name": "Process Start",
    "start": 1648460270747,
    "end": 1648460271391,
    "duration": 644,
    "pid": 42708,
    "index": 0
  },
  {
    "name": "Application Start",
    "start": 1648460271391,
    "end": 1648460271961,
    "duration": 570,
    "pid": 42708,
    "index": 1
  },
  {
    "name": "Load Plugin",
    "start": 1648460271395,
    "end": 1648460271406,
    "duration": 11,
    "pid": 42708,
    "index": 2
  },
  {
    "name": "Load Config",
    "start": 1648460271406,
    "end": 1648460271422,
    "duration": 16,
    "pid": 42708,
    "index": 3
  },
  {
    "name": "Require(0) config/config.default.js",
    "start": 1648460271406,
    "end": 1648460271407,
    "duration": 1,
    "pid": 42708,
    "index": 4
  },
  {
    "name": "Require(1) config/config.local.js",
    "start": 1648460271407,
    "end": 1648460271407,
    "duration": 0,
    "pid": 42708,
    "index": 5
  },
  {
    "name": "Require(2) node_modules/egg-session/config/config.default.js",
    "start": 1648460271408,
    "end": 1648460271408,
    "duration": 0,
    "pid": 42708,
    "index": 6
  },
  {
    "name": "Require(3) node_modules/egg-security/config/config.default.js",
    "start": 1648460271408,
    "end": 1648460271409,
    "duration": 1,
    "pid": 42708,
    "index": 7
  },
  {
    "name": "Require(4) node_modules/egg-jsonp/config/config.default.js",
    "start": 1648460271409,
    "end": 1648460271410,
    "duration": 1,
    "pid": 42708,
    "index": 8
  },
  {
    "name": "Require(5) node_modules/egg-onerror/config/config.default.js",
    "start": 1648460271410,
    "end": 1648460271410,
    "duration": 0,
    "pid": 42708,
    "index": 9
  },
  {
    "name": "Require(6) node_modules/egg-i18n/config/config.default.js",
    "start": 1648460271411,
    "end": 1648460271411,
    "duration": 0,
    "pid": 42708,
    "index": 10
  },
  {
    "name": "Require(7) node_modules/egg-watcher/config/config.default.js",
    "start": 1648460271411,
    "end": 1648460271411,
    "duration": 0,
    "pid": 42708,
    "index": 11
  },
  {
    "name": "Require(8) node_modules/egg-schedule/config/config.default.js",
    "start": 1648460271412,
    "end": 1648460271412,
    "duration": 0,
    "pid": 42708,
    "index": 12
  },
  {
    "name": "Require(9) node_modules/egg-multipart/config/config.default.js",
    "start": 1648460271412,
    "end": 1648460271413,
    "duration": 1,
    "pid": 42708,
    "index": 13
  },
  {
    "name": "Require(10) node_modules/egg-development/config/config.default.js",
    "start": 1648460271413,
    "end": 1648460271413,
    "duration": 0,
    "pid": 42708,
    "index": 14
  },
  {
    "name": "Require(11) node_modules/egg-logrotator/config/config.default.js",
    "start": 1648460271413,
    "end": 1648460271414,
    "duration": 1,
    "pid": 42708,
    "index": 15
  },
  {
    "name": "Require(12) node_modules/egg-static/config/config.default.js",
    "start": 1648460271414,
    "end": 1648460271414,
    "duration": 0,
    "pid": 42708,
    "index": 16
  },
  {
    "name": "Require(13) node_modules/egg-view/config/config.default.js",
    "start": 1648460271415,
    "end": 1648460271415,
    "duration": 0,
    "pid": 42708,
    "index": 17
  },
  {
    "name": "Require(14) node_modules/egg-mongoose/config/config.default.js",
    "start": 1648460271415,
    "end": 1648460271415,
    "duration": 0,
    "pid": 42708,
    "index": 18
  },
  {
    "name": "Require(15) node_modules/egg-validate/config/config.default.js",
    "start": 1648460271416,
    "end": 1648460271416,
    "duration": 0,
    "pid": 42708,
    "index": 19
  },
  {
    "name": "Require(16) node_modules/egg-cors/config/config.default.js",
    "start": 1648460271416,
    "end": 1648460271416,
    "duration": 0,
    "pid": 42708,
    "index": 20
  },
  {
    "name": "Require(17) node_modules/egg/config/config.default.js",
    "start": 1648460271417,
    "end": 1648460271417,
    "duration": 0,
    "pid": 42708,
    "index": 21
  },
  {
    "name": "Require(18) config/config.default.js",
    "start": 1648460271418,
    "end": 1648460271418,
    "duration": 0,
    "pid": 42708,
    "index": 22
  },
  {
    "name": "Require(19) node_modules/egg-security/config/config.local.js",
    "start": 1648460271418,
    "end": 1648460271419,
    "duration": 1,
    "pid": 42708,
    "index": 23
  },
  {
    "name": "Require(20) node_modules/egg-watcher/config/config.local.js",
    "start": 1648460271420,
    "end": 1648460271420,
    "duration": 0,
    "pid": 42708,
    "index": 24
  },
  {
    "name": "Require(21) node_modules/egg-view/config/config.local.js",
    "start": 1648460271421,
    "end": 1648460271421,
    "duration": 0,
    "pid": 42708,
    "index": 25
  },
  {
    "name": "Require(22) node_modules/egg/config/config.local.js",
    "start": 1648460271421,
    "end": 1648460271422,
    "duration": 1,
    "pid": 42708,
    "index": 26
  },
  {
    "name": "Require(23) config/config.local.js",
    "start": 1648460271422,
    "end": 1648460271422,
    "duration": 0,
    "pid": 42708,
    "index": 27
  },
  {
    "name": "Load extend/application.js",
    "start": 1648460271423,
    "end": 1648460271463,
    "duration": 40,
    "pid": 42708,
    "index": 28
  },
  {
    "name": "Require(24) node_modules/egg-session/app/extend/application.js",
    "start": 1648460271423,
    "end": 1648460271424,
    "duration": 1,
    "pid": 42708,
    "index": 29
  },
  {
    "name": "Require(25) node_modules/egg-security/app/extend/application.js",
    "start": 1648460271424,
    "end": 1648460271424,
    "duration": 0,
    "pid": 42708,
    "index": 30
  },
  {
    "name": "Require(26) node_modules/egg-jsonp/app/extend/application.js",
    "start": 1648460271425,
    "end": 1648460271425,
    "duration": 0,
    "pid": 42708,
    "index": 31
  },
  {
    "name": "Require(27) node_modules/egg-logrotator/app/extend/application.js",
    "start": 1648460271426,
    "end": 1648460271428,
    "duration": 2,
    "pid": 42708,
    "index": 32
  },
  {
    "name": "Require(28) node_modules/egg-view/app/extend/application.js",
    "start": 1648460271428,
    "end": 1648460271429,
    "duration": 1,
    "pid": 42708,
    "index": 33
  },
  {
    "name": "Require(29) app/extend/application.js",
    "start": 1648460271430,
    "end": 1648460271461,
    "duration": 31,
    "pid": 42708,
    "index": 34
  },
  {
    "name": "Load extend/request.js",
    "start": 1648460271463,
    "end": 1648460271466,
    "duration": 3,
    "pid": 42708,
    "index": 35
  },
  {
    "name": "Require(30) node_modules/egg/app/extend/request.js",
    "start": 1648460271464,
    "end": 1648460271465,
    "duration": 1,
    "pid": 42708,
    "index": 36
  },
  {
    "name": "Load extend/response.js",
    "start": 1648460271466,
    "end": 1648460271470,
    "duration": 4,
    "pid": 42708,
    "index": 37
  },
  {
    "name": "Require(31) node_modules/egg/app/extend/response.js",
    "start": 1648460271468,
    "end": 1648460271469,
    "duration": 1,
    "pid": 42708,
    "index": 38
  },
  {
    "name": "Load extend/context.js",
    "start": 1648460271470,
    "end": 1648460271511,
    "duration": 41,
    "pid": 42708,
    "index": 39
  },
  {
    "name": "Require(32) node_modules/egg-security/app/extend/context.js",
    "start": 1648460271471,
    "end": 1648460271476,
    "duration": 5,
    "pid": 42708,
    "index": 40
  },
  {
    "name": "Require(33) node_modules/egg-jsonp/app/extend/context.js",
    "start": 1648460271476,
    "end": 1648460271477,
    "duration": 1,
    "pid": 42708,
    "index": 41
  },
  {
    "name": "Require(34) node_modules/egg-i18n/app/extend/context.js",
    "start": 1648460271477,
    "end": 1648460271477,
    "duration": 0,
    "pid": 42708,
    "index": 42
  },
  {
    "name": "Require(35) node_modules/egg-multipart/app/extend/context.js",
    "start": 1648460271478,
    "end": 1648460271507,
    "duration": 29,
    "pid": 42708,
    "index": 43
  },
  {
    "name": "Require(36) node_modules/egg-view/app/extend/context.js",
    "start": 1648460271507,
    "end": 1648460271508,
    "duration": 1,
    "pid": 42708,
    "index": 44
  },
  {
    "name": "Require(37) node_modules/egg-mongoose/app/extend/context.js",
    "start": 1648460271508,
    "end": 1648460271508,
    "duration": 0,
    "pid": 42708,
    "index": 45
  },
  {
    "name": "Require(38) node_modules/egg-validate/app/extend/context.js",
    "start": 1648460271508,
    "end": 1648460271509,
    "duration": 1,
    "pid": 42708,
    "index": 46
  },
  {
    "name": "Require(39) node_modules/egg/app/extend/context.js",
    "start": 1648460271509,
    "end": 1648460271509,
    "duration": 0,
    "pid": 42708,
    "index": 47
  },
  {
    "name": "Load extend/helper.js",
    "start": 1648460271511,
    "end": 1648460271523,
    "duration": 12,
    "pid": 42708,
    "index": 48
  },
  {
    "name": "Require(40) node_modules/egg-security/app/extend/helper.js",
    "start": 1648460271511,
    "end": 1648460271520,
    "duration": 9,
    "pid": 42708,
    "index": 49
  },
  {
    "name": "Require(41) node_modules/egg/app/extend/helper.js",
    "start": 1648460271521,
    "end": 1648460271521,
    "duration": 0,
    "pid": 42708,
    "index": 50
  },
  {
    "name": "Require(42) app/extend/helper.js",
    "start": 1648460271521,
    "end": 1648460271521,
    "duration": 0,
    "pid": 42708,
    "index": 51
  },
  {
    "name": "Load app.js",
    "start": 1648460271523,
    "end": 1648460271546,
    "duration": 23,
    "pid": 42708,
    "index": 52
  },
  {
    "name": "Require(43) node_modules/egg-session/app.js",
    "start": 1648460271524,
    "end": 1648460271524,
    "duration": 0,
    "pid": 42708,
    "index": 53
  },
  {
    "name": "Require(44) node_modules/egg-security/app.js",
    "start": 1648460271524,
    "end": 1648460271525,
    "duration": 1,
    "pid": 42708,
    "index": 54
  },
  {
    "name": "Require(45) node_modules/egg-onerror/app.js",
    "start": 1648460271525,
    "end": 1648460271529,
    "duration": 4,
    "pid": 42708,
    "index": 55
  },
  {
    "name": "Require(46) node_modules/egg-i18n/app.js",
    "start": 1648460271529,
    "end": 1648460271539,
    "duration": 10,
    "pid": 42708,
    "index": 56
  },
  {
    "name": "Require(47) node_modules/egg-watcher/app.js",
    "start": 1648460271539,
    "end": 1648460271541,
    "duration": 2,
    "pid": 42708,
    "index": 57
  },
  {
    "name": "Require(48) node_modules/egg-schedule/app.js",
    "start": 1648460271541,
    "end": 1648460271542,
    "duration": 1,
    "pid": 42708,
    "index": 58
  },
  {
    "name": "Require(49) node_modules/egg-multipart/app.js",
    "start": 1648460271542,
    "end": 1648460271543,
    "duration": 1,
    "pid": 42708,
    "index": 59
  },
  {
    "name": "Require(50) node_modules/egg-development/app.js",
    "start": 1648460271543,
    "end": 1648460271543,
    "duration": 0,
    "pid": 42708,
    "index": 60
  },
  {
    "name": "Require(51) node_modules/egg-logrotator/app.js",
    "start": 1648460271543,
    "end": 1648460271543,
    "duration": 0,
    "pid": 42708,
    "index": 61
  },
  {
    "name": "Require(52) node_modules/egg-static/app.js",
    "start": 1648460271544,
    "end": 1648460271544,
    "duration": 0,
    "pid": 42708,
    "index": 62
  },
  {
    "name": "Require(53) node_modules/egg-mongoose/app.js",
    "start": 1648460271544,
    "end": 1648460271544,
    "duration": 0,
    "pid": 42708,
    "index": 63
  },
  {
    "name": "Require(54) node_modules/egg-validate/app.js",
    "start": 1648460271544,
    "end": 1648460271545,
    "duration": 1,
    "pid": 42708,
    "index": 64
  },
  {
    "name": "Require(55) node_modules/egg-cors/app.js",
    "start": 1648460271545,
    "end": 1648460271546,
    "duration": 1,
    "pid": 42708,
    "index": 65
  },
  {
    "name": "Before Start in node_modules/egg-watcher/lib/init.js:15:14",
    "start": 1648460271553,
    "end": 1648460271960,
    "duration": 407,
    "pid": 42708,
    "index": 66
  },
  {
    "name": "Before Start in node_modules/egg-mongoose/lib/mongoose.js:104:7",
    "start": 1648460271825,
    "end": 1648460271959,
    "duration": 134,
    "pid": 42708,
    "index": 67
  },
  {
    "name": "Before Start in node_modules/egg-mongoose/lib/mongoose.js:52:9",
    "start": 1648460271825,
    "end": 1648460271947,
    "duration": 122,
    "pid": 42708,
    "index": 68
  },
  {
    "name": "Load Service",
    "start": 1648460271826,
    "end": 1648460271851,
    "duration": 25,
    "pid": 42708,
    "index": 69
  },
  {
    "name": "Load \"service\" to Context",
    "start": 1648460271826,
    "end": 1648460271851,
    "duration": 25,
    "pid": 42708,
    "index": 70
  },
  {
    "name": "Load Middleware",
    "start": 1648460271851,
    "end": 1648460271923,
    "duration": 72,
    "pid": 42708,
    "index": 71
  },
  {
    "name": "Load \"middlewares\" to Application",
    "start": 1648460271852,
    "end": 1648460271917,
    "duration": 65,
    "pid": 42708,
    "index": 72
  },
  {
    "name": "Load Controller",
    "start": 1648460271923,
    "end": 1648460271927,
    "duration": 4,
    "pid": 42708,
    "index": 73
  },
  {
    "name": "Load \"controller\" to Application",
    "start": 1648460271923,
    "end": 1648460271927,
    "duration": 4,
    "pid": 42708,
    "index": 74
  },
  {
    "name": "Load Router",
    "start": 1648460271927,
    "end": 1648460271929,
    "duration": 2,
    "pid": 42708,
    "index": 75
  },
  {
    "name": "Require(56) app/router.js",
    "start": 1648460271928,
    "end": 1648460271928,
    "duration": 0,
    "pid": 42708,
    "index": 76
  },
  {
    "name": "Before Start in node_modules/egg-core/lib/egg.js:303:10",
    "start": 1648460271928,
    "end": 1648460271947,
    "duration": 19,
    "pid": 42708,
    "index": 77
  },
  {
    "name": "Load \"model\" to Application",
    "start": 1648460271935,
    "end": 1648460271947,
    "duration": 12,
    "pid": 42708,
    "index": 78
  }
]