[
  {
    "name": "Process Start",
    "start": 1648460156458,
    "end": 1648460157281,
    "duration": 823,
    "pid": 33900,
    "index": 0
  },
  {
    "name": "Application Start",
    "start": 1648460157282,
    "end": 1648460157832,
    "duration": 550,
    "pid": 33900,
    "index": 1
  },
  {
    "name": "Load Plugin",
    "start": 1648460157284,
    "end": 1648460157295,
    "duration": 11,
    "pid": 33900,
    "index": 2
  },
  {
    "name": "Load Config",
    "start": 1648460157295,
    "end": 1648460157324,
    "duration": 29,
    "pid": 33900,
    "index": 3
  },
  {
    "name": "Require(0) config/config.default.js",
    "start": 1648460157295,
    "end": 1648460157295,
    "duration": 0,
    "pid": 33900,
    "index": 4
  },
  {
    "name": "Require(1) config/config.local.js",
    "start": 1648460157296,
    "end": 1648460157296,
    "duration": 0,
    "pid": 33900,
    "index": 5
  },
  {
    "name": "Require(2) node_modules/egg-session/config/config.default.js",
    "start": 1648460157297,
    "end": 1648460157297,
    "duration": 0,
    "pid": 33900,
    "index": 6
  },
  {
    "name": "Require(3) node_modules/egg-security/config/config.default.js",
    "start": 1648460157297,
    "end": 1648460157297,
    "duration": 0,
    "pid": 33900,
    "index": 7
  },
  {
    "name": "Require(4) node_modules/egg-jsonp/config/config.default.js",
    "start": 1648460157298,
    "end": 1648460157298,
    "duration": 0,
    "pid": 33900,
    "index": 8
  },
  {
    "name": "Require(5) node_modules/egg-onerror/config/config.default.js",
    "start": 1648460157299,
    "end": 1648460157299,
    "duration": 0,
    "pid": 33900,
    "index": 9
  },
  {
    "name": "Require(6) node_modules/egg-i18n/config/config.default.js",
    "start": 1648460157299,
    "end": 1648460157299,
    "duration": 0,
    "pid": 33900,
    "index": 10
  },
  {
    "name": "Require(7) node_modules/egg-watcher/config/config.default.js",
    "start": 1648460157300,
    "end": 1648460157300,
    "duration": 0,
    "pid": 33900,
    "index": 11
  },
  {
    "name": "Require(8) node_modules/egg-schedule/config/config.default.js",
    "start": 1648460157301,
    "end": 1648460157301,
    "duration": 0,
    "pid": 33900,
    "index": 12
  },
  {
    "name": "Require(9) node_modules/egg-multipart/config/config.default.js",
    "start": 1648460157302,
    "end": 1648460157303,
    "duration": 1,
    "pid": 33900,
    "index": 13
  },
  {
    "name": "Require(10) node_modules/egg-development/config/config.default.js",
    "start": 1648460157304,
    "end": 1648460157304,
    "duration": 0,
    "pid": 33900,
    "index": 14
  },
  {
    "name": "Require(11) node_modules/egg-logrotator/config/config.default.js",
    "start": 1648460157305,
    "end": 1648460157306,
    "duration": 1,
    "pid": 33900,
    "index": 15
  },
  {
    "name": "Require(12) node_modules/egg-static/config/config.default.js",
    "start": 1648460157306,
    "end": 1648460157307,
    "duration": 1,
    "pid": 33900,
    "index": 16
  },
  {
    "name": "Require(13) node_modules/egg-view/config/config.default.js",
    "start": 1648460157308,
    "end": 1648460157308,
    "duration": 0,
    "pid": 33900,
    "index": 17
  },
  {
    "name": "Require(14) node_modules/egg-mongoose/config/config.default.js",
    "start": 1648460157309,
    "end": 1648460157310,
    "duration": 1,
    "pid": 33900,
    "index": 18
  },
  {
    "name": "Require(15) node_modules/egg-validate/config/config.default.js",
    "start": 1648460157310,
    "end": 1648460157311,
    "duration": 1,
    "pid": 33900,
    "index": 19
  },
  {
    "name": "Require(16) node_modules/egg-cors/config/config.default.js",
    "start": 1648460157311,
    "end": 1648460157312,
    "duration": 1,
    "pid": 33900,
    "index": 20
  },
  {
    "name": "Require(17) node_modules/egg/config/config.default.js",
    "start": 1648460157312,
    "end": 1648460157313,
    "duration": 1,
    "pid": 33900,
    "index": 21
  },
  {
    "name": "Require(18) config/config.default.js",
    "start": 1648460157315,
    "end": 1648460157315,
    "duration": 0,
    "pid": 33900,
    "index": 22
  },
  {
    "name": "Require(19) node_modules/egg-security/config/config.local.js",
    "start": 1648460157316,
    "end": 1648460157319,
    "duration": 3,
    "pid": 33900,
    "index": 23
  },
  {
    "name": "Require(20) node_modules/egg-watcher/config/config.local.js",
    "start": 1648460157320,
    "end": 1648460157320,
    "duration": 0,
    "pid": 33900,
    "index": 24
  },
  {
    "name": "Require(21) node_modules/egg-view/config/config.local.js",
    "start": 1648460157322,
    "end": 1648460157322,
    "duration": 0,
    "pid": 33900,
    "index": 25
  },
  {
    "name": "Require(22) node_modules/egg/config/config.local.js",
    "start": 1648460157324,
    "end": 1648460157324,
    "duration": 0,
    "pid": 33900,
    "index": 26
  },
  {
    "name": "Require(23) config/config.local.js",
    "start": 1648460157324,
    "end": 1648460157324,
    "duration": 0,
    "pid": 33900,
    "index": 27
  },
  {
    "name": "Load extend/application.js",
    "start": 1648460157326,
    "end": 1648460157367,
    "duration": 41,
    "pid": 33900,
    "index": 28
  },
  {
    "name": "Require(24) node_modules/egg-session/app/extend/application.js",
    "start": 1648460157327,
    "end": 1648460157327,
    "duration": 0,
    "pid": 33900,
    "index": 29
  },
  {
    "name": "Require(25) node_modules/egg-security/app/extend/application.js",
    "start": 1648460157328,
    "end": 1648460157330,
    "duration": 2,
    "pid": 33900,
    "index": 30
  },
  {
    "name": "Require(26) node_modules/egg-jsonp/app/extend/application.js",
    "start": 1648460157330,
    "end": 1648460157331,
    "duration": 1,
    "pid": 33900,
    "index": 31
  },
  {
    "name": "Require(27) node_modules/egg-logrotator/app/extend/application.js",
    "start": 1648460157332,
    "end": 1648460157333,
    "duration": 1,
    "pid": 33900,
    "index": 32
  },
  {
    "name": "Require(28) node_modules/egg-view/app/extend/application.js",
    "start": 1648460157333,
    "end": 1648460157334,
    "duration": 1,
    "pid": 33900,
    "index": 33
  },
  {
    "name": "Require(29) app/extend/application.js",
    "start": 1648460157334,
    "end": 1648460157366,
    "duration": 32,
    "pid": 33900,
    "index": 34
  },
  {
    "name": "Load extend/request.js",
    "start": 1648460157367,
    "end": 1648460157371,
    "duration": 4,
    "pid": 33900,
    "index": 35
  },
  {
    "name": "Require(30) node_modules/egg/app/extend/request.js",
    "start": 1648460157369,
    "end": 1648460157369,
    "duration": 0,
    "pid": 33900,
    "index": 36
  },
  {
    "name": "Load extend/response.js",
    "start": 1648460157371,
    "end": 1648460157374,
    "duration": 3,
    "pid": 33900,
    "index": 37
  },
  {
    "name": "Require(31) node_modules/egg/app/extend/response.js",
    "start": 1648460157372,
    "end": 1648460157373,
    "duration": 1,
    "pid": 33900,
    "index": 38
  },
  {
    "name": "Load extend/context.js",
    "start": 1648460157374,
    "end": 1648460157426,
    "duration": 52,
    "pid": 33900,
    "index": 39
  },
  {
    "name": "Require(32) node_modules/egg-security/app/extend/context.js",
    "start": 1648460157375,
    "end": 1648460157379,
    "duration": 4,
    "pid": 33900,
    "index": 40
  },
  {
    "name": "Require(33) node_modules/egg-jsonp/app/extend/context.js",
    "start": 1648460157379,
    "end": 1648460157380,
    "duration": 1,
    "pid": 33900,
    "index": 41
  },
  {
    "name": "Require(34) node_modules/egg-i18n/app/extend/context.js",
    "start": 1648460157380,
    "end": 1648460157380,
    "duration": 0,
    "pid": 33900,
    "index": 42
  },
  {
    "name": "Require(35) node_modules/egg-multipart/app/extend/context.js",
    "start": 1648460157381,
    "end": 1648460157423,
    "duration": 42,
    "pid": 33900,
    "index": 43
  },
  {
    "name": "Require(36) node_modules/egg-view/app/extend/context.js",
    "start": 1648460157423,
    "end": 1648460157424,
    "duration": 1,
    "pid": 33900,
    "index": 44
  },
  {
    "name": "Require(37) node_modules/egg-mongoose/app/extend/context.js",
    "start": 1648460157424,
    "end": 1648460157424,
    "duration": 0,
    "pid": 33900,
    "index": 45
  },
  {
    "name": "Require(38) node_modules/egg-validate/app/extend/context.js",
    "start": 1648460157424,
    "end": 1648460157424,
    "duration": 0,
    "pid": 33900,
    "index": 46
  },
  {
    "name": "Require(39) node_modules/egg/app/extend/context.js",
    "start": 1648460157425,
    "end": 1648460157425,
    "duration": 0,
    "pid": 33900,
    "index": 47
  },
  {
    "name": "Load extend/helper.js",
    "start": 1648460157426,
    "end": 1648460157439,
    "duration": 13,
    "pid": 33900,
    "index": 48
  },
  {
    "name": "Require(40) node_modules/egg-security/app/extend/helper.js",
    "start": 1648460157427,
    "end": 1648460157436,
    "duration": 9,
    "pid": 33900,
    "index": 49
  },
  {
    "name": "Require(41) node_modules/egg/app/extend/helper.js",
    "start": 1648460157437,
    "end": 1648460157437,
    "duration": 0,
    "pid": 33900,
    "index": 50
  },
  {
    "name": "Require(42) app/extend/helper.js",
    "start": 1648460157437,
    "end": 1648460157437,
    "duration": 0,
    "pid": 33900,
    "index": 51
  },
  {
    "name": "Load app.js",
    "start": 1648460157439,
    "end": 1648460157460,
    "duration": 21,
    "pid": 33900,
    "index": 52
  },
  {
    "name": "Require(43) node_modules/egg-session/app.js",
    "start": 1648460157439,
    "end": 1648460157439,
    "duration": 0,
    "pid": 33900,
    "index": 53
  },
  {
    "name": "Require(44) node_modules/egg-security/app.js",
    "start": 1648460157440,
    "end": 1648460157440,
    "duration": 0,
    "pid": 33900,
    "index": 54
  },
  {
    "name": "Require(45) node_modules/egg-onerror/app.js",
    "start": 1648460157441,
    "end": 1648460157444,
    "duration": 3,
    "pid": 33900,
    "index": 55
  },
  {
    "name": "Require(46) node_modules/egg-i18n/app.js",
    "start": 1648460157445,
    "end": 1648460157454,
    "duration": 9,
    "pid": 33900,
    "index": 56
  },
  {
    "name": "Require(47) node_modules/egg-watcher/app.js",
    "start": 1648460157454,
    "end": 1648460157456,
    "duration": 2,
    "pid": 33900,
    "index": 57
  },
  {
    "name": "Require(48) node_modules/egg-schedule/app.js",
    "start": 1648460157456,
    "end": 1648460157457,
    "duration": 1,
    "pid": 33900,
    "index": 58
  },
  {
    "name": "Require(49) node_modules/egg-multipart/app.js",
    "start": 1648460157457,
    "end": 1648460157457,
    "duration": 0,
    "pid": 33900,
    "index": 59
  },
  {
    "name": "Require(50) node_modules/egg-development/app.js",
    "start": 1648460157457,
    "end": 1648460157458,
    "duration": 1,
    "pid": 33900,
    "index": 60
  },
  {
    "name": "Require(51) node_modules/egg-logrotator/app.js",
    "start": 1648460157458,
    "end": 1648460157458,
    "duration": 0,
    "pid": 33900,
    "index": 61
  },
  {
    "name": "Require(52) node_modules/egg-static/app.js",
    "start": 1648460157458,
    "end": 1648460157458,
    "duration": 0,
    "pid": 33900,
    "index": 62
  },
  {
    "name": "Require(53) node_modules/egg-mongoose/app.js",
    "start": 1648460157459,
    "end": 1648460157459,
    "duration": 0,
    "pid": 33900,
    "index": 63
  },
  {
    "name": "Require(54) node_modules/egg-validate/app.js",
    "start": 1648460157459,
    "end": 1648460157460,
    "duration": 1,
    "pid": 33900,
    "index": 64
  },
  {
    "name": "Require(55) node_modules/egg-cors/app.js",
    "start": 1648460157460,
    "end": 1648460157460,
    "duration": 0,
    "pid": 33900,
    "index": 65
  },
  {
    "name": "Before Start in node_modules/egg-watcher/lib/init.js:15:14",
    "start": 1648460157467,
    "end": 1648460157828,
    "duration": 361,
    "pid": 33900,
    "index": 66
  },
  {
    "name": "Before Start in node_modules/egg-mongoose/lib/mongoose.js:104:7",
    "start": 1648460157715,
    "end": 1648460157832,
    "duration": 117,
    "pid": 33900,
    "index": 67
  },
  {
    "name": "Before Start in node_modules/egg-mongoose/lib/mongoose.js:52:9",
    "start": 1648460157715,
    "end": 1648460157819,
    "duration": 104,
    "pid": 33900,
    "index": 68
  },
  {
    "name": "Load Service",
    "start": 1648460157715,
    "end": 1648460157735,
    "duration": 20,
    "pid": 33900,
    "index": 69
  },
  {
    "name": "Load \"service\" to Context",
    "start": 1648460157715,
    "end": 1648460157735,
    "duration": 20,
    "pid": 33900,
    "index": 70
  },
  {
    "name": "Load Middleware",
    "start": 1648460157735,
    "end": 1648460157796,
    "duration": 61,
    "pid": 33900,
    "index": 71
  },
  {
    "name": "Load \"middlewares\" to Application",
    "start": 1648460157735,
    "end": 1648460157790,
    "duration": 55,
    "pid": 33900,
    "index": 72
  },
  {
    "name": "Load Controller",
    "start": 1648460157796,
    "end": 1648460157800,
    "duration": 4,
    "pid": 33900,
    "index": 73
  },
  {
    "name": "Load \"controller\" to Application",
    "start": 1648460157796,
    "end": 1648460157800,
    "duration": 4,
    "pid": 33900,
    "index": 74
  },
  {
    "name": "Load Router",
    "start": 1648460157800,
    "end": 1648460157802,
    "duration": 2,
    "pid": 33900,
    "index": 75
  },
  {
    "name": "Require(56) app/router.js",
    "start": 1648460157800,
    "end": 1648460157800,
    "duration": 0,
    "pid": 33900,
    "index": 76
  },
  {
    "name": "Before Start in node_modules/egg-core/lib/egg.js:303:10",
    "start": 1648460157801,
    "end": 1648460157819,
    "duration": 18,
    "pid": 33900,
    "index": 77
  },
  {
    "name": "Load \"model\" to Application",
    "start": 1648460157807,
    "end": 1648460157819,
    "duration": 12,
    "pid": 33900,
    "index": 78
  }
]