[
  {
    "name": "Process Start",
    "start": 1648462529726,
    "end": 1648462530352,
    "duration": 626,
    "pid": 21760,
    "index": 0
  },
  {
    "name": "Application Start",
    "start": 1648462530352,
    "end": 1648462530870,
    "duration": 518,
    "pid": 21760,
    "index": 1
  },
  {
    "name": "Load Plugin",
    "start": 1648462530355,
    "end": 1648462530365,
    "duration": 10,
    "pid": 21760,
    "index": 2
  },
  {
    "name": "Load Config",
    "start": 1648462530365,
    "end": 1648462530381,
    "duration": 16,
    "pid": 21760,
    "index": 3
  },
  {
    "name": "Require(0) config/config.default.js",
    "start": 1648462530365,
    "end": 1648462530366,
    "duration": 1,
    "pid": 21760,
    "index": 4
  },
  {
    "name": "Require(1) config/config.local.js",
    "start": 1648462530366,
    "end": 1648462530367,
    "duration": 1,
    "pid": 21760,
    "index": 5
  },
  {
    "name": "Require(2) node_modules/egg-session/config/config.default.js",
    "start": 1648462530367,
    "end": 1648462530367,
    "duration": 0,
    "pid": 21760,
    "index": 6
  },
  {
    "name": "Require(3) node_modules/egg-security/config/config.default.js",
    "start": 1648462530368,
    "end": 1648462530368,
    "duration": 0,
    "pid": 21760,
    "index": 7
  },
  {
    "name": "Require(4) node_modules/egg-jsonp/config/config.default.js",
    "start": 1648462530369,
    "end": 1648462530369,
    "duration": 0,
    "pid": 21760,
    "index": 8
  },
  {
    "name": "Require(5) node_modules/egg-onerror/config/config.default.js",
    "start": 1648462530369,
    "end": 1648462530369,
    "duration": 0,
    "pid": 21760,
    "index": 9
  },
  {
    "name": "Require(6) node_modules/egg-i18n/config/config.default.js",
    "start": 1648462530369,
    "end": 1648462530370,
    "duration": 1,
    "pid": 21760,
    "index": 10
  },
  {
    "name": "Require(7) node_modules/egg-watcher/config/config.default.js",
    "start": 1648462530370,
    "end": 1648462530370,
    "duration": 0,
    "pid": 21760,
    "index": 11
  },
  {
    "name": "Require(8) node_modules/egg-schedule/config/config.default.js",
    "start": 1648462530371,
    "end": 1648462530371,
    "duration": 0,
    "pid": 21760,
    "index": 12
  },
  {
    "name": "Require(9) node_modules/egg-multipart/config/config.default.js",
    "start": 1648462530371,
    "end": 1648462530371,
    "duration": 0,
    "pid": 21760,
    "index": 13
  },
  {
    "name": "Require(10) node_modules/egg-development/config/config.default.js",
    "start": 1648462530372,
    "end": 1648462530372,
    "duration": 0,
    "pid": 21760,
    "index": 14
  },
  {
    "name": "Require(11) node_modules/egg-logrotator/config/config.default.js",
    "start": 1648462530372,
    "end": 1648462530372,
    "duration": 0,
    "pid": 21760,
    "index": 15
  },
  {
    "name": "Require(12) node_modules/egg-static/config/config.default.js",
    "start": 1648462530373,
    "end": 1648462530373,
    "duration": 0,
    "pid": 21760,
    "index": 16
  },
  {
    "name": "Require(13) node_modules/egg-view/config/config.default.js",
    "start": 1648462530373,
    "end": 1648462530373,
    "duration": 0,
    "pid": 21760,
    "index": 17
  },
  {
    "name": "Require(14) node_modules/egg-mongoose/config/config.default.js",
    "start": 1648462530374,
    "end": 1648462530374,
    "duration": 0,
    "pid": 21760,
    "index": 18
  },
  {
    "name": "Require(15) node_modules/egg-validate/config/config.default.js",
    "start": 1648462530374,
    "end": 1648462530374,
    "duration": 0,
    "pid": 21760,
    "index": 19
  },
  {
    "name": "Require(16) node_modules/egg-cors/config/config.default.js",
    "start": 1648462530375,
    "end": 1648462530375,
    "duration": 0,
    "pid": 21760,
    "index": 20
  },
  {
    "name": "Require(17) node_modules/egg/config/config.default.js",
    "start": 1648462530375,
    "end": 1648462530375,
    "duration": 0,
    "pid": 21760,
    "index": 21
  },
  {
    "name": "Require(18) config/config.default.js",
    "start": 1648462530376,
    "end": 1648462530376,
    "duration": 0,
    "pid": 21760,
    "index": 22
  },
  {
    "name": "Require(19) node_modules/egg-security/config/config.local.js",
    "start": 1648462530376,
    "end": 1648462530377,
    "duration": 1,
    "pid": 21760,
    "index": 23
  },
  {
    "name": "Require(20) node_modules/egg-watcher/config/config.local.js",
    "start": 1648462530379,
    "end": 1648462530380,
    "duration": 1,
    "pid": 21760,
    "index": 24
  },
  {
    "name": "Require(21) node_modules/egg-view/config/config.local.js",
    "start": 1648462530380,
    "end": 1648462530380,
    "duration": 0,
    "pid": 21760,
    "index": 25
  },
  {
    "name": "Require(22) node_modules/egg/config/config.local.js",
    "start": 1648462530381,
    "end": 1648462530381,
    "duration": 0,
    "pid": 21760,
    "index": 26
  },
  {
    "name": "Require(23) config/config.local.js",
    "start": 1648462530381,
    "end": 1648462530381,
    "duration": 0,
    "pid": 21760,
    "index": 27
  },
  {
    "name": "Load extend/application.js",
    "start": 1648462530382,
    "end": 1648462530415,
    "duration": 33,
    "pid": 21760,
    "index": 28
  },
  {
    "name": "Require(24) node_modules/egg-session/app/extend/application.js",
    "start": 1648462530382,
    "end": 1648462530383,
    "duration": 1,
    "pid": 21760,
    "index": 29
  },
  {
    "name": "Require(25) node_modules/egg-security/app/extend/application.js",
    "start": 1648462530383,
    "end": 1648462530383,
    "duration": 0,
    "pid": 21760,
    "index": 30
  },
  {
    "name": "Require(26) node_modules/egg-jsonp/app/extend/application.js",
    "start": 1648462530384,
    "end": 1648462530384,
    "duration": 0,
    "pid": 21760,
    "index": 31
  },
  {
    "name": "Require(27) node_modules/egg-logrotator/app/extend/application.js",
    "start": 1648462530385,
    "end": 1648462530386,
    "duration": 1,
    "pid": 21760,
    "index": 32
  },
  {
    "name": "Require(28) node_modules/egg-view/app/extend/application.js",
    "start": 1648462530386,
    "end": 1648462530387,
    "duration": 1,
    "pid": 21760,
    "index": 33
  },
  {
    "name": "Require(29) app/extend/application.js",
    "start": 1648462530387,
    "end": 1648462530414,
    "duration": 27,
    "pid": 21760,
    "index": 34
  },
  {
    "name": "Load extend/request.js",
    "start": 1648462530415,
    "end": 1648462530418,
    "duration": 3,
    "pid": 21760,
    "index": 35
  },
  {
    "name": "Require(30) node_modules/egg/app/extend/request.js",
    "start": 1648462530416,
    "end": 1648462530417,
    "duration": 1,
    "pid": 21760,
    "index": 36
  },
  {
    "name": "Load extend/response.js",
    "start": 1648462530418,
    "end": 1648462530422,
    "duration": 4,
    "pid": 21760,
    "index": 37
  },
  {
    "name": "Require(31) node_modules/egg/app/extend/response.js",
    "start": 1648462530420,
    "end": 1648462530420,
    "duration": 0,
    "pid": 21760,
    "index": 38
  },
  {
    "name": "Load extend/context.js",
    "start": 1648462530422,
    "end": 1648462530459,
    "duration": 37,
    "pid": 21760,
    "index": 39
  },
  {
    "name": "Require(32) node_modules/egg-security/app/extend/context.js",
    "start": 1648462530422,
    "end": 1648462530426,
    "duration": 4,
    "pid": 21760,
    "index": 40
  },
  {
    "name": "Require(33) node_modules/egg-jsonp/app/extend/context.js",
    "start": 1648462530426,
    "end": 1648462530427,
    "duration": 1,
    "pid": 21760,
    "index": 41
  },
  {
    "name": "Require(34) node_modules/egg-i18n/app/extend/context.js",
    "start": 1648462530427,
    "end": 1648462530427,
    "duration": 0,
    "pid": 21760,
    "index": 42
  },
  {
    "name": "Require(35) node_modules/egg-multipart/app/extend/context.js",
    "start": 1648462530428,
    "end": 1648462530455,
    "duration": 27,
    "pid": 21760,
    "index": 43
  },
  {
    "name": "Require(36) node_modules/egg-view/app/extend/context.js",
    "start": 1648462530455,
    "end": 1648462530456,
    "duration": 1,
    "pid": 21760,
    "index": 44
  },
  {
    "name": "Require(37) node_modules/egg-mongoose/app/extend/context.js",
    "start": 1648462530456,
    "end": 1648462530456,
    "duration": 0,
    "pid": 21760,
    "index": 45
  },
  {
    "name": "Require(38) node_modules/egg-validate/app/extend/context.js",
    "start": 1648462530456,
    "end": 1648462530457,
    "duration": 1,
    "pid": 21760,
    "index": 46
  },
  {
    "name": "Require(39) node_modules/egg/app/extend/context.js",
    "start": 1648462530457,
    "end": 1648462530457,
    "duration": 0,
    "pid": 21760,
    "index": 47
  },
  {
    "name": "Load extend/helper.js",
    "start": 1648462530459,
    "end": 1648462530471,
    "duration": 12,
    "pid": 21760,
    "index": 48
  },
  {
    "name": "Require(40) node_modules/egg-security/app/extend/helper.js",
    "start": 1648462530459,
    "end": 1648462530467,
    "duration": 8,
    "pid": 21760,
    "index": 49
  },
  {
    "name": "Require(41) node_modules/egg/app/extend/helper.js",
    "start": 1648462530469,
    "end": 1648462530469,
    "duration": 0,
    "pid": 21760,
    "index": 50
  },
  {
    "name": "Require(42) app/extend/helper.js",
    "start": 1648462530469,
    "end": 1648462530469,
    "duration": 0,
    "pid": 21760,
    "index": 51
  },
  {
    "name": "Load app.js",
    "start": 1648462530471,
    "end": 1648462530492,
    "duration": 21,
    "pid": 21760,
    "index": 52
  },
  {
    "name": "Require(43) node_modules/egg-session/app.js",
    "start": 1648462530471,
    "end": 1648462530471,
    "duration": 0,
    "pid": 21760,
    "index": 53
  },
  {
    "name": "Require(44) node_modules/egg-security/app.js",
    "start": 1648462530471,
    "end": 1648462530472,
    "duration": 1,
    "pid": 21760,
    "index": 54
  },
  {
    "name": "Require(45) node_modules/egg-onerror/app.js",
    "start": 1648462530472,
    "end": 1648462530476,
    "duration": 4,
    "pid": 21760,
    "index": 55
  },
  {
    "name": "Require(46) node_modules/egg-i18n/app.js",
    "start": 1648462530476,
    "end": 1648462530486,
    "duration": 10,
    "pid": 21760,
    "index": 56
  },
  {
    "name": "Require(47) node_modules/egg-watcher/app.js",
    "start": 1648462530486,
    "end": 1648462530487,
    "duration": 1,
    "pid": 21760,
    "index": 57
  },
  {
    "name": "Require(48) node_modules/egg-schedule/app.js",
    "start": 1648462530487,
    "end": 1648462530488,
    "duration": 1,
    "pid": 21760,
    "index": 58
  },
  {
    "name": "Require(49) node_modules/egg-multipart/app.js",
    "start": 1648462530488,
    "end": 1648462530489,
    "duration": 1,
    "pid": 21760,
    "index": 59
  },
  {
    "name": "Require(50) node_modules/egg-development/app.js",
    "start": 1648462530489,
    "end": 1648462530489,
    "duration": 0,
    "pid": 21760,
    "index": 60
  },
  {
    "name": "Require(51) node_modules/egg-logrotator/app.js",
    "start": 1648462530489,
    "end": 1648462530489,
    "duration": 0,
    "pid": 21760,
    "index": 61
  },
  {
    "name": "Require(52) node_modules/egg-static/app.js",
    "start": 1648462530490,
    "end": 1648462530490,
    "duration": 0,
    "pid": 21760,
    "index": 62
  },
  {
    "name": "Require(53) node_modules/egg-mongoose/app.js",
    "start": 1648462530490,
    "end": 1648462530490,
    "duration": 0,
    "pid": 21760,
    "index": 63
  },
  {
    "name": "Require(54) node_modules/egg-validate/app.js",
    "start": 1648462530490,
    "end": 1648462530491,
    "duration": 1,
    "pid": 21760,
    "index": 64
  },
  {
    "name": "Require(55) node_modules/egg-cors/app.js",
    "start": 1648462530491,
    "end": 1648462530491,
    "duration": 0,
    "pid": 21760,
    "index": 65
  },
  {
    "name": "Before Start in node_modules/egg-watcher/lib/init.js:15:14",
    "start": 1648462530498,
    "end": 1648462530870,
    "duration": 372,
    "pid": 21760,
    "index": 66
  },
  {
    "name": "Before Start in node_modules/egg-mongoose/lib/mongoose.js:104:7",
    "start": 1648462530755,
    "end": 1648462530868,
    "duration": 113,
    "pid": 21760,
    "index": 67
  },
  {
    "name": "Before Start in node_modules/egg-mongoose/lib/mongoose.js:52:9",
    "start": 1648462530755,
    "end": 1648462530858,
    "duration": 103,
    "pid": 21760,
    "index": 68
  },
  {
    "name": "Load Service",
    "start": 1648462530755,
    "end": 1648462530774,
    "duration": 19,
    "pid": 21760,
    "index": 69
  },
  {
    "name": "Load \"service\" to Context",
    "start": 1648462530755,
    "end": 1648462530774,
    "duration": 19,
    "pid": 21760,
    "index": 70
  },
  {
    "name": "Load Middleware",
    "start": 1648462530774,
    "end": 1648462530836,
    "duration": 62,
    "pid": 21760,
    "index": 71
  },
  {
    "name": "Load \"middlewares\" to Application",
    "start": 1648462530774,
    "end": 1648462530830,
    "duration": 56,
    "pid": 21760,
    "index": 72
  },
  {
    "name": "Load Controller",
    "start": 1648462530836,
    "end": 1648462530838,
    "duration": 2,
    "pid": 21760,
    "index": 73
  },
  {
    "name": "Load \"controller\" to Application",
    "start": 1648462530836,
    "end": 1648462530838,
    "duration": 2,
    "pid": 21760,
    "index": 74
  },
  {
    "name": "Load Router",
    "start": 1648462530838,
    "end": 1648462530840,
    "duration": 2,
    "pid": 21760,
    "index": 75
  },
  {
    "name": "Require(56) app/router.js",
    "start": 1648462530839,
    "end": 1648462530839,
    "duration": 0,
    "pid": 21760,
    "index": 76
  },
  {
    "name": "Before Start in node_modules/egg-core/lib/egg.js:303:10",
    "start": 1648462530839,
    "end": 1648462530858,
    "duration": 19,
    "pid": 21760,
    "index": 77
  },
  {
    "name": "Load \"model\" to Application",
    "start": 1648462530846,
    "end": 1648462530858,
    "duration": 12,
    "pid": 21760,
    "index": 78
  }
]