[
  {
    "name": "Process Start",
    "start": 1648546963418,
    "end": 1648546964185,
    "duration": 767,
    "pid": 13984,
    "index": 0
  },
  {
    "name": "Application Start",
    "start": 1648546964186,
    "end": 1648546964758,
    "duration": 572,
    "pid": 13984,
    "index": 1
  },
  {
    "name": "Load Plugin",
    "start": 1648546964188,
    "end": 1648546964198,
    "duration": 10,
    "pid": 13984,
    "index": 2
  },
  {
    "name": "Load Config",
    "start": 1648546964198,
    "end": 1648546964212,
    "duration": 14,
    "pid": 13984,
    "index": 3
  },
  {
    "name": "Require(0) config/config.default.js",
    "start": 1648546964198,
    "end": 1648546964199,
    "duration": 1,
    "pid": 13984,
    "index": 4
  },
  {
    "name": "Require(1) config/config.local.js",
    "start": 1648546964199,
    "end": 1648546964200,
    "duration": 1,
    "pid": 13984,
    "index": 5
  },
  {
    "name": "Require(2) node_modules/egg-session/config/config.default.js",
    "start": 1648546964200,
    "end": 1648546964200,
    "duration": 0,
    "pid": 13984,
    "index": 6
  },
  {
    "name": "Require(3) node_modules/egg-security/config/config.default.js",
    "start": 1648546964200,
    "end": 1648546964201,
    "duration": 1,
    "pid": 13984,
    "index": 7
  },
  {
    "name": "Require(4) node_modules/egg-jsonp/config/config.default.js",
    "start": 1648546964201,
    "end": 1648546964201,
    "duration": 0,
    "pid": 13984,
    "index": 8
  },
  {
    "name": "Require(5) node_modules/egg-onerror/config/config.default.js",
    "start": 1648546964202,
    "end": 1648546964202,
    "duration": 0,
    "pid": 13984,
    "index": 9
  },
  {
    "name": "Require(6) node_modules/egg-i18n/config/config.default.js",
    "start": 1648546964202,
    "end": 1648546964202,
    "duration": 0,
    "pid": 13984,
    "index": 10
  },
  {
    "name": "Require(7) node_modules/egg-watcher/config/config.default.js",
    "start": 1648546964203,
    "end": 1648546964203,
    "duration": 0,
    "pid": 13984,
    "index": 11
  },
  {
    "name": "Require(8) node_modules/egg-schedule/config/config.default.js",
    "start": 1648546964203,
    "end": 1648546964203,
    "duration": 0,
    "pid": 13984,
    "index": 12
  },
  {
    "name": "Require(9) node_modules/egg-multipart/config/config.default.js",
    "start": 1648546964204,
    "end": 1648546964204,
    "duration": 0,
    "pid": 13984,
    "index": 13
  },
  {
    "name": "Require(10) node_modules/egg-development/config/config.default.js",
    "start": 1648546964204,
    "end": 1648546964205,
    "duration": 1,
    "pid": 13984,
    "index": 14
  },
  {
    "name": "Require(11) node_modules/egg-logrotator/config/config.default.js",
    "start": 1648546964205,
    "end": 1648546964205,
    "duration": 0,
    "pid": 13984,
    "index": 15
  },
  {
    "name": "Require(12) node_modules/egg-static/config/config.default.js",
    "start": 1648546964205,
    "end": 1648546964205,
    "duration": 0,
    "pid": 13984,
    "index": 16
  },
  {
    "name": "Require(13) node_modules/egg-view/config/config.default.js",
    "start": 1648546964206,
    "end": 1648546964206,
    "duration": 0,
    "pid": 13984,
    "index": 17
  },
  {
    "name": "Require(14) node_modules/egg-mongoose/config/config.default.js",
    "start": 1648546964206,
    "end": 1648546964206,
    "duration": 0,
    "pid": 13984,
    "index": 18
  },
  {
    "name": "Require(15) node_modules/egg-validate/config/config.default.js",
    "start": 1648546964207,
    "end": 1648546964207,
    "duration": 0,
    "pid": 13984,
    "index": 19
  },
  {
    "name": "Require(16) node_modules/egg-cors/config/config.default.js",
    "start": 1648546964207,
    "end": 1648546964207,
    "duration": 0,
    "pid": 13984,
    "index": 20
  },
  {
    "name": "Require(17) node_modules/egg/config/config.default.js",
    "start": 1648546964208,
    "end": 1648546964208,
    "duration": 0,
    "pid": 13984,
    "index": 21
  },
  {
    "name": "Require(18) config/config.default.js",
    "start": 1648546964209,
    "end": 1648546964209,
    "duration": 0,
    "pid": 13984,
    "index": 22
  },
  {
    "name": "Require(19) node_modules/egg-security/config/config.local.js",
    "start": 1648546964209,
    "end": 1648546964210,
    "duration": 1,
    "pid": 13984,
    "index": 23
  },
  {
    "name": "Require(20) node_modules/egg-watcher/config/config.local.js",
    "start": 1648546964210,
    "end": 1648546964211,
    "duration": 1,
    "pid": 13984,
    "index": 24
  },
  {
    "name": "Require(21) node_modules/egg-view/config/config.local.js",
    "start": 1648546964211,
    "end": 1648546964211,
    "duration": 0,
    "pid": 13984,
    "index": 25
  },
  {
    "name": "Require(22) node_modules/egg/config/config.local.js",
    "start": 1648546964212,
    "end": 1648546964212,
    "duration": 0,
    "pid": 13984,
    "index": 26
  },
  {
    "name": "Require(23) config/config.local.js",
    "start": 1648546964212,
    "end": 1648546964212,
    "duration": 0,
    "pid": 13984,
    "index": 27
  },
  {
    "name": "Load extend/application.js",
    "start": 1648546964213,
    "end": 1648546964250,
    "duration": 37,
    "pid": 13984,
    "index": 28
  },
  {
    "name": "Require(24) node_modules/egg-session/app/extend/application.js",
    "start": 1648546964213,
    "end": 1648546964213,
    "duration": 0,
    "pid": 13984,
    "index": 29
  },
  {
    "name": "Require(25) node_modules/egg-security/app/extend/application.js",
    "start": 1648546964214,
    "end": 1648546964214,
    "duration": 0,
    "pid": 13984,
    "index": 30
  },
  {
    "name": "Require(26) node_modules/egg-jsonp/app/extend/application.js",
    "start": 1648546964215,
    "end": 1648546964215,
    "duration": 0,
    "pid": 13984,
    "index": 31
  },
  {
    "name": "Require(27) node_modules/egg-logrotator/app/extend/application.js",
    "start": 1648546964216,
    "end": 1648546964217,
    "duration": 1,
    "pid": 13984,
    "index": 32
  },
  {
    "name": "Require(28) node_modules/egg-view/app/extend/application.js",
    "start": 1648546964217,
    "end": 1648546964218,
    "duration": 1,
    "pid": 13984,
    "index": 33
  },
  {
    "name": "Require(29) app/extend/application.js",
    "start": 1648546964219,
    "end": 1648546964248,
    "duration": 29,
    "pid": 13984,
    "index": 34
  },
  {
    "name": "Load extend/request.js",
    "start": 1648546964250,
    "end": 1648546964253,
    "duration": 3,
    "pid": 13984,
    "index": 35
  },
  {
    "name": "Require(30) node_modules/egg/app/extend/request.js",
    "start": 1648546964251,
    "end": 1648546964252,
    "duration": 1,
    "pid": 13984,
    "index": 36
  },
  {
    "name": "Load extend/response.js",
    "start": 1648546964253,
    "end": 1648546964257,
    "duration": 4,
    "pid": 13984,
    "index": 37
  },
  {
    "name": "Require(31) node_modules/egg/app/extend/response.js",
    "start": 1648546964254,
    "end": 1648546964255,
    "duration": 1,
    "pid": 13984,
    "index": 38
  },
  {
    "name": "Load extend/context.js",
    "start": 1648546964257,
    "end": 1648546964295,
    "duration": 38,
    "pid": 13984,
    "index": 39
  },
  {
    "name": "Require(32) node_modules/egg-security/app/extend/context.js",
    "start": 1648546964257,
    "end": 1648546964262,
    "duration": 5,
    "pid": 13984,
    "index": 40
  },
  {
    "name": "Require(33) node_modules/egg-jsonp/app/extend/context.js",
    "start": 1648546964262,
    "end": 1648546964263,
    "duration": 1,
    "pid": 13984,
    "index": 41
  },
  {
    "name": "Require(34) node_modules/egg-i18n/app/extend/context.js",
    "start": 1648546964263,
    "end": 1648546964263,
    "duration": 0,
    "pid": 13984,
    "index": 42
  },
  {
    "name": "Require(35) node_modules/egg-multipart/app/extend/context.js",
    "start": 1648546964263,
    "end": 1648546964291,
    "duration": 28,
    "pid": 13984,
    "index": 43
  },
  {
    "name": "Require(36) node_modules/egg-view/app/extend/context.js",
    "start": 1648546964291,
    "end": 1648546964292,
    "duration": 1,
    "pid": 13984,
    "index": 44
  },
  {
    "name": "Require(37) node_modules/egg-mongoose/app/extend/context.js",
    "start": 1648546964292,
    "end": 1648546964292,
    "duration": 0,
    "pid": 13984,
    "index": 45
  },
  {
    "name": "Require(38) node_modules/egg-validate/app/extend/context.js",
    "start": 1648546964293,
    "end": 1648546964293,
    "duration": 0,
    "pid": 13984,
    "index": 46
  },
  {
    "name": "Require(39) node_modules/egg/app/extend/context.js",
    "start": 1648546964293,
    "end": 1648546964293,
    "duration": 0,
    "pid": 13984,
    "index": 47
  },
  {
    "name": "Load extend/helper.js",
    "start": 1648546964295,
    "end": 1648546964307,
    "duration": 12,
    "pid": 13984,
    "index": 48
  },
  {
    "name": "Require(40) node_modules/egg-security/app/extend/helper.js",
    "start": 1648546964295,
    "end": 1648546964304,
    "duration": 9,
    "pid": 13984,
    "index": 49
  },
  {
    "name": "Require(41) node_modules/egg/app/extend/helper.js",
    "start": 1648546964305,
    "end": 1648546964305,
    "duration": 0,
    "pid": 13984,
    "index": 50
  },
  {
    "name": "Require(42) app/extend/helper.js",
    "start": 1648546964305,
    "end": 1648546964305,
    "duration": 0,
    "pid": 13984,
    "index": 51
  },
  {
    "name": "Load app.js",
    "start": 1648546964307,
    "end": 1648546964329,
    "duration": 22,
    "pid": 13984,
    "index": 52
  },
  {
    "name": "Require(43) node_modules/egg-session/app.js",
    "start": 1648546964307,
    "end": 1648546964308,
    "duration": 1,
    "pid": 13984,
    "index": 53
  },
  {
    "name": "Require(44) node_modules/egg-security/app.js",
    "start": 1648546964308,
    "end": 1648546964308,
    "duration": 0,
    "pid": 13984,
    "index": 54
  },
  {
    "name": "Require(45) node_modules/egg-onerror/app.js",
    "start": 1648546964309,
    "end": 1648546964313,
    "duration": 4,
    "pid": 13984,
    "index": 55
  },
  {
    "name": "Require(46) node_modules/egg-i18n/app.js",
    "start": 1648546964313,
    "end": 1648546964322,
    "duration": 9,
    "pid": 13984,
    "index": 56
  },
  {
    "name": "Require(47) node_modules/egg-watcher/app.js",
    "start": 1648546964322,
    "end": 1648546964324,
    "duration": 2,
    "pid": 13984,
    "index": 57
  },
  {
    "name": "Require(48) node_modules/egg-schedule/app.js",
    "start": 1648546964324,
    "end": 1648546964325,
    "duration": 1,
    "pid": 13984,
    "index": 58
  },
  {
    "name": "Require(49) node_modules/egg-multipart/app.js",
    "start": 1648546964325,
    "end": 1648546964325,
    "duration": 0,
    "pid": 13984,
    "index": 59
  },
  {
    "name": "Require(50) node_modules/egg-development/app.js",
    "start": 1648546964326,
    "end": 1648546964326,
    "duration": 0,
    "pid": 13984,
    "index": 60
  },
  {
    "name": "Require(51) node_modules/egg-logrotator/app.js",
    "start": 1648546964326,
    "end": 1648546964326,
    "duration": 0,
    "pid": 13984,
    "index": 61
  },
  {
    "name": "Require(52) node_modules/egg-static/app.js",
    "start": 1648546964326,
    "end": 1648546964326,
    "duration": 0,
    "pid": 13984,
    "index": 62
  },
  {
    "name": "Require(53) node_modules/egg-mongoose/app.js",
    "start": 1648546964327,
    "end": 1648546964327,
    "duration": 0,
    "pid": 13984,
    "index": 63
  },
  {
    "name": "Require(54) node_modules/egg-validate/app.js",
    "start": 1648546964327,
    "end": 1648546964328,
    "duration": 1,
    "pid": 13984,
    "index": 64
  },
  {
    "name": "Require(55) node_modules/egg-cors/app.js",
    "start": 1648546964328,
    "end": 1648546964328,
    "duration": 0,
    "pid": 13984,
    "index": 65
  },
  {
    "name": "Before Start in node_modules/egg-watcher/lib/init.js:15:14",
    "start": 1648546964335,
    "end": 1648546964758,
    "duration": 423,
    "pid": 13984,
    "index": 66
  },
  {
    "name": "Before Start in node_modules/egg-mongoose/lib/mongoose.js:104:7",
    "start": 1648546964639,
    "end": 1648546964756,
    "duration": 117,
    "pid": 13984,
    "index": 67
  },
  {
    "name": "Before Start in node_modules/egg-mongoose/lib/mongoose.js:52:9",
    "start": 1648546964640,
    "end": 1648546964746,
    "duration": 106,
    "pid": 13984,
    "index": 68
  },
  {
    "name": "Load Service",
    "start": 1648546964640,
    "end": 1648546964660,
    "duration": 20,
    "pid": 13984,
    "index": 69
  },
  {
    "name": "Load \"service\" to Context",
    "start": 1648546964640,
    "end": 1648546964660,
    "duration": 20,
    "pid": 13984,
    "index": 70
  },
  {
    "name": "Load Middleware",
    "start": 1648546964660,
    "end": 1648546964721,
    "duration": 61,
    "pid": 13984,
    "index": 71
  },
  {
    "name": "Load \"middlewares\" to Application",
    "start": 1648546964660,
    "end": 1648546964715,
    "duration": 55,
    "pid": 13984,
    "index": 72
  },
  {
    "name": "Load Controller",
    "start": 1648546964721,
    "end": 1648546964725,
    "duration": 4,
    "pid": 13984,
    "index": 73
  },
  {
    "name": "Load \"controller\" to Application",
    "start": 1648546964721,
    "end": 1648546964725,
    "duration": 4,
    "pid": 13984,
    "index": 74
  },
  {
    "name": "Load Router",
    "start": 1648546964725,
    "end": 1648546964727,
    "duration": 2,
    "pid": 13984,
    "index": 75
  },
  {
    "name": "Require(56) app/router.js",
    "start": 1648546964725,
    "end": 1648546964725,
    "duration": 0,
    "pid": 13984,
    "index": 76
  },
  {
    "name": "Before Start in node_modules/egg-core/lib/egg.js:303:10",
    "start": 1648546964726,
    "end": 1648546964746,
    "duration": 20,
    "pid": 13984,
    "index": 77
  },
  {
    "name": "Load \"model\" to Application",
    "start": 1648546964733,
    "end": 1648546964745,
    "duration": 12,
    "pid": 13984,
    "index": 78
  }
]