[
  {
    "name": "Process Start",
    "start": 1648545225075,
    "end": 1648545225724,
    "duration": 649,
    "pid": 25092,
    "index": 0
  },
  {
    "name": "Application Start",
    "start": 1648545225724,
    "end": 1648545226340,
    "duration": 616,
    "pid": 25092,
    "index": 1
  },
  {
    "name": "Load Plugin",
    "start": 1648545225727,
    "end": 1648545225737,
    "duration": 10,
    "pid": 25092,
    "index": 2
  },
  {
    "name": "Load Config",
    "start": 1648545225737,
    "end": 1648545225754,
    "duration": 17,
    "pid": 25092,
    "index": 3
  },
  {
    "name": "Require(0) config/config.default.js",
    "start": 1648545225738,
    "end": 1648545225738,
    "duration": 0,
    "pid": 25092,
    "index": 4
  },
  {
    "name": "Require(1) config/config.local.js",
    "start": 1648545225739,
    "end": 1648545225739,
    "duration": 0,
    "pid": 25092,
    "index": 5
  },
  {
    "name": "Require(2) node_modules/egg-session/config/config.default.js",
    "start": 1648545225740,
    "end": 1648545225740,
    "duration": 0,
    "pid": 25092,
    "index": 6
  },
  {
    "name": "Require(3) node_modules/egg-security/config/config.default.js",
    "start": 1648545225740,
    "end": 1648545225740,
    "duration": 0,
    "pid": 25092,
    "index": 7
  },
  {
    "name": "Require(4) node_modules/egg-jsonp/config/config.default.js",
    "start": 1648545225741,
    "end": 1648545225741,
    "duration": 0,
    "pid": 25092,
    "index": 8
  },
  {
    "name": "Require(5) node_modules/egg-onerror/config/config.default.js",
    "start": 1648545225741,
    "end": 1648545225742,
    "duration": 1,
    "pid": 25092,
    "index": 9
  },
  {
    "name": "Require(6) node_modules/egg-i18n/config/config.default.js",
    "start": 1648545225742,
    "end": 1648545225742,
    "duration": 0,
    "pid": 25092,
    "index": 10
  },
  {
    "name": "Require(7) node_modules/egg-watcher/config/config.default.js",
    "start": 1648545225743,
    "end": 1648545225743,
    "duration": 0,
    "pid": 25092,
    "index": 11
  },
  {
    "name": "Require(8) node_modules/egg-schedule/config/config.default.js",
    "start": 1648545225743,
    "end": 1648545225743,
    "duration": 0,
    "pid": 25092,
    "index": 12
  },
  {
    "name": "Require(9) node_modules/egg-multipart/config/config.default.js",
    "start": 1648545225744,
    "end": 1648545225744,
    "duration": 0,
    "pid": 25092,
    "index": 13
  },
  {
    "name": "Require(10) node_modules/egg-development/config/config.default.js",
    "start": 1648545225744,
    "end": 1648545225744,
    "duration": 0,
    "pid": 25092,
    "index": 14
  },
  {
    "name": "Require(11) node_modules/egg-logrotator/config/config.default.js",
    "start": 1648545225745,
    "end": 1648545225745,
    "duration": 0,
    "pid": 25092,
    "index": 15
  },
  {
    "name": "Require(12) node_modules/egg-static/config/config.default.js",
    "start": 1648545225745,
    "end": 1648545225745,
    "duration": 0,
    "pid": 25092,
    "index": 16
  },
  {
    "name": "Require(13) node_modules/egg-view/config/config.default.js",
    "start": 1648545225746,
    "end": 1648545225746,
    "duration": 0,
    "pid": 25092,
    "index": 17
  },
  {
    "name": "Require(14) node_modules/egg-mongoose/config/config.default.js",
    "start": 1648545225746,
    "end": 1648545225746,
    "duration": 0,
    "pid": 25092,
    "index": 18
  },
  {
    "name": "Require(15) node_modules/egg-validate/config/config.default.js",
    "start": 1648545225747,
    "end": 1648545225747,
    "duration": 0,
    "pid": 25092,
    "index": 19
  },
  {
    "name": "Require(16) node_modules/egg-cors/config/config.default.js",
    "start": 1648545225747,
    "end": 1648545225747,
    "duration": 0,
    "pid": 25092,
    "index": 20
  },
  {
    "name": "Require(17) node_modules/egg/config/config.default.js",
    "start": 1648545225748,
    "end": 1648545225748,
    "duration": 0,
    "pid": 25092,
    "index": 21
  },
  {
    "name": "Require(18) config/config.default.js",
    "start": 1648545225749,
    "end": 1648545225749,
    "duration": 0,
    "pid": 25092,
    "index": 22
  },
  {
    "name": "Require(19) node_modules/egg-security/config/config.local.js",
    "start": 1648545225751,
    "end": 1648545225752,
    "duration": 1,
    "pid": 25092,
    "index": 23
  },
  {
    "name": "Require(20) node_modules/egg-watcher/config/config.local.js",
    "start": 1648545225752,
    "end": 1648545225753,
    "duration": 1,
    "pid": 25092,
    "index": 24
  },
  {
    "name": "Require(21) node_modules/egg-view/config/config.local.js",
    "start": 1648545225753,
    "end": 1648545225753,
    "duration": 0,
    "pid": 25092,
    "index": 25
  },
  {
    "name": "Require(22) node_modules/egg/config/config.local.js",
    "start": 1648545225754,
    "end": 1648545225754,
    "duration": 0,
    "pid": 25092,
    "index": 26
  },
  {
    "name": "Require(23) config/config.local.js",
    "start": 1648545225754,
    "end": 1648545225754,
    "duration": 0,
    "pid": 25092,
    "index": 27
  },
  {
    "name": "Load extend/application.js",
    "start": 1648545225755,
    "end": 1648545225791,
    "duration": 36,
    "pid": 25092,
    "index": 28
  },
  {
    "name": "Require(24) node_modules/egg-session/app/extend/application.js",
    "start": 1648545225755,
    "end": 1648545225756,
    "duration": 1,
    "pid": 25092,
    "index": 29
  },
  {
    "name": "Require(25) node_modules/egg-security/app/extend/application.js",
    "start": 1648545225756,
    "end": 1648545225757,
    "duration": 1,
    "pid": 25092,
    "index": 30
  },
  {
    "name": "Require(26) node_modules/egg-jsonp/app/extend/application.js",
    "start": 1648545225757,
    "end": 1648545225757,
    "duration": 0,
    "pid": 25092,
    "index": 31
  },
  {
    "name": "Require(27) node_modules/egg-logrotator/app/extend/application.js",
    "start": 1648545225758,
    "end": 1648545225759,
    "duration": 1,
    "pid": 25092,
    "index": 32
  },
  {
    "name": "Require(28) node_modules/egg-view/app/extend/application.js",
    "start": 1648545225759,
    "end": 1648545225760,
    "duration": 1,
    "pid": 25092,
    "index": 33
  },
  {
    "name": "Require(29) app/extend/application.js",
    "start": 1648545225761,
    "end": 1648545225790,
    "duration": 29,
    "pid": 25092,
    "index": 34
  },
  {
    "name": "Load extend/request.js",
    "start": 1648545225791,
    "end": 1648545225795,
    "duration": 4,
    "pid": 25092,
    "index": 35
  },
  {
    "name": "Require(30) node_modules/egg/app/extend/request.js",
    "start": 1648545225793,
    "end": 1648545225793,
    "duration": 0,
    "pid": 25092,
    "index": 36
  },
  {
    "name": "Load extend/response.js",
    "start": 1648545225795,
    "end": 1648545225799,
    "duration": 4,
    "pid": 25092,
    "index": 37
  },
  {
    "name": "Require(31) node_modules/egg/app/extend/response.js",
    "start": 1648545225796,
    "end": 1648545225797,
    "duration": 1,
    "pid": 25092,
    "index": 38
  },
  {
    "name": "Load extend/context.js",
    "start": 1648545225799,
    "end": 1648545225838,
    "duration": 39,
    "pid": 25092,
    "index": 39
  },
  {
    "name": "Require(32) node_modules/egg-security/app/extend/context.js",
    "start": 1648545225799,
    "end": 1648545225804,
    "duration": 5,
    "pid": 25092,
    "index": 40
  },
  {
    "name": "Require(33) node_modules/egg-jsonp/app/extend/context.js",
    "start": 1648545225804,
    "end": 1648545225805,
    "duration": 1,
    "pid": 25092,
    "index": 41
  },
  {
    "name": "Require(34) node_modules/egg-i18n/app/extend/context.js",
    "start": 1648545225805,
    "end": 1648545225805,
    "duration": 0,
    "pid": 25092,
    "index": 42
  },
  {
    "name": "Require(35) node_modules/egg-multipart/app/extend/context.js",
    "start": 1648545225805,
    "end": 1648545225834,
    "duration": 29,
    "pid": 25092,
    "index": 43
  },
  {
    "name": "Require(36) node_modules/egg-view/app/extend/context.js",
    "start": 1648545225834,
    "end": 1648545225835,
    "duration": 1,
    "pid": 25092,
    "index": 44
  },
  {
    "name": "Require(37) node_modules/egg-mongoose/app/extend/context.js",
    "start": 1648545225835,
    "end": 1648545225835,
    "duration": 0,
    "pid": 25092,
    "index": 45
  },
  {
    "name": "Require(38) node_modules/egg-validate/app/extend/context.js",
    "start": 1648545225835,
    "end": 1648545225835,
    "duration": 0,
    "pid": 25092,
    "index": 46
  },
  {
    "name": "Require(39) node_modules/egg/app/extend/context.js",
    "start": 1648545225836,
    "end": 1648545225836,
    "duration": 0,
    "pid": 25092,
    "index": 47
  },
  {
    "name": "Load extend/helper.js",
    "start": 1648545225838,
    "end": 1648545225850,
    "duration": 12,
    "pid": 25092,
    "index": 48
  },
  {
    "name": "Require(40) node_modules/egg-security/app/extend/helper.js",
    "start": 1648545225838,
    "end": 1648545225847,
    "duration": 9,
    "pid": 25092,
    "index": 49
  },
  {
    "name": "Require(41) node_modules/egg/app/extend/helper.js",
    "start": 1648545225848,
    "end": 1648545225849,
    "duration": 1,
    "pid": 25092,
    "index": 50
  },
  {
    "name": "Require(42) app/extend/helper.js",
    "start": 1648545225849,
    "end": 1648545225849,
    "duration": 0,
    "pid": 25092,
    "index": 51
  },
  {
    "name": "Load app.js",
    "start": 1648545225851,
    "end": 1648545225873,
    "duration": 22,
    "pid": 25092,
    "index": 52
  },
  {
    "name": "Require(43) node_modules/egg-session/app.js",
    "start": 1648545225851,
    "end": 1648545225851,
    "duration": 0,
    "pid": 25092,
    "index": 53
  },
  {
    "name": "Require(44) node_modules/egg-security/app.js",
    "start": 1648545225851,
    "end": 1648545225852,
    "duration": 1,
    "pid": 25092,
    "index": 54
  },
  {
    "name": "Require(45) node_modules/egg-onerror/app.js",
    "start": 1648545225852,
    "end": 1648545225856,
    "duration": 4,
    "pid": 25092,
    "index": 55
  },
  {
    "name": "Require(46) node_modules/egg-i18n/app.js",
    "start": 1648545225856,
    "end": 1648545225866,
    "duration": 10,
    "pid": 25092,
    "index": 56
  },
  {
    "name": "Require(47) node_modules/egg-watcher/app.js",
    "start": 1648545225867,
    "end": 1648545225868,
    "duration": 1,
    "pid": 25092,
    "index": 57
  },
  {
    "name": "Require(48) node_modules/egg-schedule/app.js",
    "start": 1648545225868,
    "end": 1648545225869,
    "duration": 1,
    "pid": 25092,
    "index": 58
  },
  {
    "name": "Require(49) node_modules/egg-multipart/app.js",
    "start": 1648545225869,
    "end": 1648545225870,
    "duration": 1,
    "pid": 25092,
    "index": 59
  },
  {
    "name": "Require(50) node_modules/egg-development/app.js",
    "start": 1648545225870,
    "end": 1648545225870,
    "duration": 0,
    "pid": 25092,
    "index": 60
  },
  {
    "name": "Require(51) node_modules/egg-logrotator/app.js",
    "start": 1648545225870,
    "end": 1648545225870,
    "duration": 0,
    "pid": 25092,
    "index": 61
  },
  {
    "name": "Require(52) node_modules/egg-static/app.js",
    "start": 1648545225871,
    "end": 1648545225871,
    "duration": 0,
    "pid": 25092,
    "index": 62
  },
  {
    "name": "Require(53) node_modules/egg-mongoose/app.js",
    "start": 1648545225871,
    "end": 1648545225871,
    "duration": 0,
    "pid": 25092,
    "index": 63
  },
  {
    "name": "Require(54) node_modules/egg-validate/app.js",
    "start": 1648545225871,
    "end": 1648545225872,
    "duration": 1,
    "pid": 25092,
    "index": 64
  },
  {
    "name": "Require(55) node_modules/egg-cors/app.js",
    "start": 1648545225872,
    "end": 1648545225873,
    "duration": 1,
    "pid": 25092,
    "index": 65
  },
  {
    "name": "Before Start in node_modules/egg-watcher/lib/init.js:15:14",
    "start": 1648545225879,
    "end": 1648545226339,
    "duration": 460,
    "pid": 25092,
    "index": 66
  },
  {
    "name": "Before Start in node_modules/egg-mongoose/lib/mongoose.js:104:7",
    "start": 1648545226125,
    "end": 1648545226336,
    "duration": 211,
    "pid": 25092,
    "index": 67
  },
  {
    "name": "Before Start in node_modules/egg-mongoose/lib/mongoose.js:52:9",
    "start": 1648545226125,
    "end": 1648545226312,
    "duration": 187,
    "pid": 25092,
    "index": 68
  },
  {
    "name": "Load Service",
    "start": 1648545226126,
    "end": 1648545226145,
    "duration": 19,
    "pid": 25092,
    "index": 69
  },
  {
    "name": "Load \"service\" to Context",
    "start": 1648545226126,
    "end": 1648545226145,
    "duration": 19,
    "pid": 25092,
    "index": 70
  },
  {
    "name": "Load Middleware",
    "start": 1648545226145,
    "end": 1648545226230,
    "duration": 85,
    "pid": 25092,
    "index": 71
  },
  {
    "name": "Load \"middlewares\" to Application",
    "start": 1648545226145,
    "end": 1648545226224,
    "duration": 79,
    "pid": 25092,
    "index": 72
  },
  {
    "name": "Load Controller",
    "start": 1648545226230,
    "end": 1648545226238,
    "duration": 8,
    "pid": 25092,
    "index": 73
  },
  {
    "name": "Load \"controller\" to Application",
    "start": 1648545226230,
    "end": 1648545226238,
    "duration": 8,
    "pid": 25092,
    "index": 74
  },
  {
    "name": "Load Router",
    "start": 1648545226238,
    "end": 1648545226246,
    "duration": 8,
    "pid": 25092,
    "index": 75
  },
  {
    "name": "Require(56) app/router.js",
    "start": 1648545226239,
    "end": 1648545226239,
    "duration": 0,
    "pid": 25092,
    "index": 76
  },
  {
    "name": "Before Start in node_modules/egg-core/lib/egg.js:303:10",
    "start": 1648545226240,
    "end": 1648545226313,
    "duration": 73,
    "pid": 25092,
    "index": 77
  },
  {
    "name": "Load \"model\" to Application",
    "start": 1648545226265,
    "end": 1648545226311,
    "duration": 46,
    "pid": 25092,
    "index": 78
  }
]