[
  {
    "name": "Process Start",
    "start": 1648547767064,
    "end": 1648547767819,
    "duration": 755,
    "pid": 20748,
    "index": 0
  },
  {
    "name": "Application Start",
    "start": 1648547767820,
    "end": 1648547768373,
    "duration": 553,
    "pid": 20748,
    "index": 1
  },
  {
    "name": "Load Plugin",
    "start": 1648547767822,
    "end": 1648547767833,
    "duration": 11,
    "pid": 20748,
    "index": 2
  },
  {
    "name": "Load Config",
    "start": 1648547767833,
    "end": 1648547767850,
    "duration": 17,
    "pid": 20748,
    "index": 3
  },
  {
    "name": "Require(0) config/config.default.js",
    "start": 1648547767834,
    "end": 1648547767834,
    "duration": 0,
    "pid": 20748,
    "index": 4
  },
  {
    "name": "Require(1) config/config.local.js",
    "start": 1648547767834,
    "end": 1648547767835,
    "duration": 1,
    "pid": 20748,
    "index": 5
  },
  {
    "name": "Require(2) node_modules/egg-session/config/config.default.js",
    "start": 1648547767835,
    "end": 1648547767835,
    "duration": 0,
    "pid": 20748,
    "index": 6
  },
  {
    "name": "Require(3) node_modules/egg-security/config/config.default.js",
    "start": 1648547767836,
    "end": 1648547767836,
    "duration": 0,
    "pid": 20748,
    "index": 7
  },
  {
    "name": "Require(4) node_modules/egg-jsonp/config/config.default.js",
    "start": 1648547767837,
    "end": 1648547767837,
    "duration": 0,
    "pid": 20748,
    "index": 8
  },
  {
    "name": "Require(5) node_modules/egg-onerror/config/config.default.js",
    "start": 1648547767837,
    "end": 1648547767837,
    "duration": 0,
    "pid": 20748,
    "index": 9
  },
  {
    "name": "Require(6) node_modules/egg-i18n/config/config.default.js",
    "start": 1648547767838,
    "end": 1648547767838,
    "duration": 0,
    "pid": 20748,
    "index": 10
  },
  {
    "name": "Require(7) node_modules/egg-watcher/config/config.default.js",
    "start": 1648547767838,
    "end": 1648547767839,
    "duration": 1,
    "pid": 20748,
    "index": 11
  },
  {
    "name": "Require(8) node_modules/egg-schedule/config/config.default.js",
    "start": 1648547767839,
    "end": 1648547767839,
    "duration": 0,
    "pid": 20748,
    "index": 12
  },
  {
    "name": "Require(9) node_modules/egg-multipart/config/config.default.js",
    "start": 1648547767839,
    "end": 1648547767840,
    "duration": 1,
    "pid": 20748,
    "index": 13
  },
  {
    "name": "Require(10) node_modules/egg-development/config/config.default.js",
    "start": 1648547767840,
    "end": 1648547767840,
    "duration": 0,
    "pid": 20748,
    "index": 14
  },
  {
    "name": "Require(11) node_modules/egg-logrotator/config/config.default.js",
    "start": 1648547767841,
    "end": 1648547767841,
    "duration": 0,
    "pid": 20748,
    "index": 15
  },
  {
    "name": "Require(12) node_modules/egg-static/config/config.default.js",
    "start": 1648547767841,
    "end": 1648547767841,
    "duration": 0,
    "pid": 20748,
    "index": 16
  },
  {
    "name": "Require(13) node_modules/egg-view/config/config.default.js",
    "start": 1648547767842,
    "end": 1648547767842,
    "duration": 0,
    "pid": 20748,
    "index": 17
  },
  {
    "name": "Require(14) node_modules/egg-mongoose/config/config.default.js",
    "start": 1648547767842,
    "end": 1648547767842,
    "duration": 0,
    "pid": 20748,
    "index": 18
  },
  {
    "name": "Require(15) node_modules/egg-validate/config/config.default.js",
    "start": 1648547767843,
    "end": 1648547767843,
    "duration": 0,
    "pid": 20748,
    "index": 19
  },
  {
    "name": "Require(16) node_modules/egg-cors/config/config.default.js",
    "start": 1648547767843,
    "end": 1648547767843,
    "duration": 0,
    "pid": 20748,
    "index": 20
  },
  {
    "name": "Require(17) node_modules/egg/config/config.default.js",
    "start": 1648547767844,
    "end": 1648547767844,
    "duration": 0,
    "pid": 20748,
    "index": 21
  },
  {
    "name": "Require(18) config/config.default.js",
    "start": 1648547767845,
    "end": 1648547767845,
    "duration": 0,
    "pid": 20748,
    "index": 22
  },
  {
    "name": "Require(19) node_modules/egg-security/config/config.local.js",
    "start": 1648547767847,
    "end": 1648547767848,
    "duration": 1,
    "pid": 20748,
    "index": 23
  },
  {
    "name": "Require(20) node_modules/egg-watcher/config/config.local.js",
    "start": 1648547767848,
    "end": 1648547767849,
    "duration": 1,
    "pid": 20748,
    "index": 24
  },
  {
    "name": "Require(21) node_modules/egg-view/config/config.local.js",
    "start": 1648547767849,
    "end": 1648547767849,
    "duration": 0,
    "pid": 20748,
    "index": 25
  },
  {
    "name": "Require(22) node_modules/egg/config/config.local.js",
    "start": 1648547767850,
    "end": 1648547767850,
    "duration": 0,
    "pid": 20748,
    "index": 26
  },
  {
    "name": "Require(23) config/config.local.js",
    "start": 1648547767850,
    "end": 1648547767850,
    "duration": 0,
    "pid": 20748,
    "index": 27
  },
  {
    "name": "Load extend/application.js",
    "start": 1648547767851,
    "end": 1648547767886,
    "duration": 35,
    "pid": 20748,
    "index": 28
  },
  {
    "name": "Require(24) node_modules/egg-session/app/extend/application.js",
    "start": 1648547767851,
    "end": 1648547767851,
    "duration": 0,
    "pid": 20748,
    "index": 29
  },
  {
    "name": "Require(25) node_modules/egg-security/app/extend/application.js",
    "start": 1648547767852,
    "end": 1648547767852,
    "duration": 0,
    "pid": 20748,
    "index": 30
  },
  {
    "name": "Require(26) node_modules/egg-jsonp/app/extend/application.js",
    "start": 1648547767853,
    "end": 1648547767853,
    "duration": 0,
    "pid": 20748,
    "index": 31
  },
  {
    "name": "Require(27) node_modules/egg-logrotator/app/extend/application.js",
    "start": 1648547767854,
    "end": 1648547767855,
    "duration": 1,
    "pid": 20748,
    "index": 32
  },
  {
    "name": "Require(28) node_modules/egg-view/app/extend/application.js",
    "start": 1648547767855,
    "end": 1648547767856,
    "duration": 1,
    "pid": 20748,
    "index": 33
  },
  {
    "name": "Require(29) app/extend/application.js",
    "start": 1648547767856,
    "end": 1648547767884,
    "duration": 28,
    "pid": 20748,
    "index": 34
  },
  {
    "name": "Load extend/request.js",
    "start": 1648547767886,
    "end": 1648547767890,
    "duration": 4,
    "pid": 20748,
    "index": 35
  },
  {
    "name": "Require(30) node_modules/egg/app/extend/request.js",
    "start": 1648547767888,
    "end": 1648547767888,
    "duration": 0,
    "pid": 20748,
    "index": 36
  },
  {
    "name": "Load extend/response.js",
    "start": 1648547767890,
    "end": 1648547767893,
    "duration": 3,
    "pid": 20748,
    "index": 37
  },
  {
    "name": "Require(31) node_modules/egg/app/extend/response.js",
    "start": 1648547767891,
    "end": 1648547767892,
    "duration": 1,
    "pid": 20748,
    "index": 38
  },
  {
    "name": "Load extend/context.js",
    "start": 1648547767893,
    "end": 1648547767933,
    "duration": 40,
    "pid": 20748,
    "index": 39
  },
  {
    "name": "Require(32) node_modules/egg-security/app/extend/context.js",
    "start": 1648547767894,
    "end": 1648547767898,
    "duration": 4,
    "pid": 20748,
    "index": 40
  },
  {
    "name": "Require(33) node_modules/egg-jsonp/app/extend/context.js",
    "start": 1648547767898,
    "end": 1648547767899,
    "duration": 1,
    "pid": 20748,
    "index": 41
  },
  {
    "name": "Require(34) node_modules/egg-i18n/app/extend/context.js",
    "start": 1648547767899,
    "end": 1648547767900,
    "duration": 1,
    "pid": 20748,
    "index": 42
  },
  {
    "name": "Require(35) node_modules/egg-multipart/app/extend/context.js",
    "start": 1648547767900,
    "end": 1648547767929,
    "duration": 29,
    "pid": 20748,
    "index": 43
  },
  {
    "name": "Require(36) node_modules/egg-view/app/extend/context.js",
    "start": 1648547767930,
    "end": 1648547767930,
    "duration": 0,
    "pid": 20748,
    "index": 44
  },
  {
    "name": "Require(37) node_modules/egg-mongoose/app/extend/context.js",
    "start": 1648547767930,
    "end": 1648547767931,
    "duration": 1,
    "pid": 20748,
    "index": 45
  },
  {
    "name": "Require(38) node_modules/egg-validate/app/extend/context.js",
    "start": 1648547767931,
    "end": 1648547767931,
    "duration": 0,
    "pid": 20748,
    "index": 46
  },
  {
    "name": "Require(39) node_modules/egg/app/extend/context.js",
    "start": 1648547767931,
    "end": 1648547767932,
    "duration": 1,
    "pid": 20748,
    "index": 47
  },
  {
    "name": "Load extend/helper.js",
    "start": 1648547767933,
    "end": 1648547767945,
    "duration": 12,
    "pid": 20748,
    "index": 48
  },
  {
    "name": "Require(40) node_modules/egg-security/app/extend/helper.js",
    "start": 1648547767933,
    "end": 1648547767942,
    "duration": 9,
    "pid": 20748,
    "index": 49
  },
  {
    "name": "Require(41) node_modules/egg/app/extend/helper.js",
    "start": 1648547767943,
    "end": 1648547767943,
    "duration": 0,
    "pid": 20748,
    "index": 50
  },
  {
    "name": "Require(42) app/extend/helper.js",
    "start": 1648547767943,
    "end": 1648547767944,
    "duration": 1,
    "pid": 20748,
    "index": 51
  },
  {
    "name": "Load app.js",
    "start": 1648547767945,
    "end": 1648547767967,
    "duration": 22,
    "pid": 20748,
    "index": 52
  },
  {
    "name": "Require(43) node_modules/egg-session/app.js",
    "start": 1648547767945,
    "end": 1648547767946,
    "duration": 1,
    "pid": 20748,
    "index": 53
  },
  {
    "name": "Require(44) node_modules/egg-security/app.js",
    "start": 1648547767946,
    "end": 1648547767947,
    "duration": 1,
    "pid": 20748,
    "index": 54
  },
  {
    "name": "Require(45) node_modules/egg-onerror/app.js",
    "start": 1648547767947,
    "end": 1648547767951,
    "duration": 4,
    "pid": 20748,
    "index": 55
  },
  {
    "name": "Require(46) node_modules/egg-i18n/app.js",
    "start": 1648547767951,
    "end": 1648547767960,
    "duration": 9,
    "pid": 20748,
    "index": 56
  },
  {
    "name": "Require(47) node_modules/egg-watcher/app.js",
    "start": 1648547767960,
    "end": 1648547767962,
    "duration": 2,
    "pid": 20748,
    "index": 57
  },
  {
    "name": "Require(48) node_modules/egg-schedule/app.js",
    "start": 1648547767962,
    "end": 1648547767963,
    "duration": 1,
    "pid": 20748,
    "index": 58
  },
  {
    "name": "Require(49) node_modules/egg-multipart/app.js",
    "start": 1648547767963,
    "end": 1648547767963,
    "duration": 0,
    "pid": 20748,
    "index": 59
  },
  {
    "name": "Require(50) node_modules/egg-development/app.js",
    "start": 1648547767963,
    "end": 1648547767964,
    "duration": 1,
    "pid": 20748,
    "index": 60
  },
  {
    "name": "Require(51) node_modules/egg-logrotator/app.js",
    "start": 1648547767964,
    "end": 1648547767964,
    "duration": 0,
    "pid": 20748,
    "index": 61
  },
  {
    "name": "Require(52) node_modules/egg-static/app.js",
    "start": 1648547767964,
    "end": 1648547767964,
    "duration": 0,
    "pid": 20748,
    "index": 62
  },
  {
    "name": "Require(53) node_modules/egg-mongoose/app.js",
    "start": 1648547767965,
    "end": 1648547767965,
    "duration": 0,
    "pid": 20748,
    "index": 63
  },
  {
    "name": "Require(54) node_modules/egg-validate/app.js",
    "start": 1648547767965,
    "end": 1648547767966,
    "duration": 1,
    "pid": 20748,
    "index": 64
  },
  {
    "name": "Require(55) node_modules/egg-cors/app.js",
    "start": 1648547767966,
    "end": 1648547767966,
    "duration": 0,
    "pid": 20748,
    "index": 65
  },
  {
    "name": "Before Start in node_modules/egg-watcher/lib/init.js:15:14",
    "start": 1648547767973,
    "end": 1648547768372,
    "duration": 399,
    "pid": 20748,
    "index": 66
  },
  {
    "name": "Before Start in node_modules/egg-mongoose/lib/mongoose.js:104:7",
    "start": 1648547768234,
    "end": 1648547768371,
    "duration": 137,
    "pid": 20748,
    "index": 67
  },
  {
    "name": "Before Start in node_modules/egg-mongoose/lib/mongoose.js:52:9",
    "start": 1648547768234,
    "end": 1648547768360,
    "duration": 126,
    "pid": 20748,
    "index": 68
  },
  {
    "name": "Load Service",
    "start": 1648547768234,
    "end": 1648547768253,
    "duration": 19,
    "pid": 20748,
    "index": 69
  },
  {
    "name": "Load \"service\" to Context",
    "start": 1648547768234,
    "end": 1648547768253,
    "duration": 19,
    "pid": 20748,
    "index": 70
  },
  {
    "name": "Load Middleware",
    "start": 1648547768253,
    "end": 1648547768338,
    "duration": 85,
    "pid": 20748,
    "index": 71
  },
  {
    "name": "Load \"middlewares\" to Application",
    "start": 1648547768253,
    "end": 1648547768332,
    "duration": 79,
    "pid": 20748,
    "index": 72
  },
  {
    "name": "Load Controller",
    "start": 1648547768338,
    "end": 1648547768340,
    "duration": 2,
    "pid": 20748,
    "index": 73
  },
  {
    "name": "Load \"controller\" to Application",
    "start": 1648547768338,
    "end": 1648547768340,
    "duration": 2,
    "pid": 20748,
    "index": 74
  },
  {
    "name": "Load Router",
    "start": 1648547768340,
    "end": 1648547768342,
    "duration": 2,
    "pid": 20748,
    "index": 75
  },
  {
    "name": "Require(56) app/router.js",
    "start": 1648547768341,
    "end": 1648547768341,
    "duration": 0,
    "pid": 20748,
    "index": 76
  },
  {
    "name": "Before Start in node_modules/egg-core/lib/egg.js:303:10",
    "start": 1648547768341,
    "end": 1648547768360,
    "duration": 19,
    "pid": 20748,
    "index": 77
  },
  {
    "name": "Load \"model\" to Application",
    "start": 1648547768348,
    "end": 1648547768359,
    "duration": 11,
    "pid": 20748,
    "index": 78
  }
]