[
  {
    "name": "Process Start",
    "start": 1648460800041,
    "end": 1648460800750,
    "duration": 709,
    "pid": 40124,
    "index": 0
  },
  {
    "name": "Application Start",
    "start": 1648460800750,
    "end": 1648460801311,
    "duration": 561,
    "pid": 40124,
    "index": 1
  },
  {
    "name": "Load Plugin",
    "start": 1648460800753,
    "end": 1648460800764,
    "duration": 11,
    "pid": 40124,
    "index": 2
  },
  {
    "name": "Load Config",
    "start": 1648460800764,
    "end": 1648460800783,
    "duration": 19,
    "pid": 40124,
    "index": 3
  },
  {
    "name": "Require(0) config/config.default.js",
    "start": 1648460800765,
    "end": 1648460800765,
    "duration": 0,
    "pid": 40124,
    "index": 4
  },
  {
    "name": "Require(1) config/config.local.js",
    "start": 1648460800766,
    "end": 1648460800766,
    "duration": 0,
    "pid": 40124,
    "index": 5
  },
  {
    "name": "Require(2) node_modules/egg-session/config/config.default.js",
    "start": 1648460800766,
    "end": 1648460800767,
    "duration": 1,
    "pid": 40124,
    "index": 6
  },
  {
    "name": "Require(3) node_modules/egg-security/config/config.default.js",
    "start": 1648460800767,
    "end": 1648460800767,
    "duration": 0,
    "pid": 40124,
    "index": 7
  },
  {
    "name": "Require(4) node_modules/egg-jsonp/config/config.default.js",
    "start": 1648460800768,
    "end": 1648460800768,
    "duration": 0,
    "pid": 40124,
    "index": 8
  },
  {
    "name": "Require(5) node_modules/egg-onerror/config/config.default.js",
    "start": 1648460800768,
    "end": 1648460800769,
    "duration": 1,
    "pid": 40124,
    "index": 9
  },
  {
    "name": "Require(6) node_modules/egg-i18n/config/config.default.js",
    "start": 1648460800769,
    "end": 1648460800769,
    "duration": 0,
    "pid": 40124,
    "index": 10
  },
  {
    "name": "Require(7) node_modules/egg-watcher/config/config.default.js",
    "start": 1648460800770,
    "end": 1648460800770,
    "duration": 0,
    "pid": 40124,
    "index": 11
  },
  {
    "name": "Require(8) node_modules/egg-schedule/config/config.default.js",
    "start": 1648460800770,
    "end": 1648460800770,
    "duration": 0,
    "pid": 40124,
    "index": 12
  },
  {
    "name": "Require(9) node_modules/egg-multipart/config/config.default.js",
    "start": 1648460800771,
    "end": 1648460800771,
    "duration": 0,
    "pid": 40124,
    "index": 13
  },
  {
    "name": "Require(10) node_modules/egg-development/config/config.default.js",
    "start": 1648460800771,
    "end": 1648460800772,
    "duration": 1,
    "pid": 40124,
    "index": 14
  },
  {
    "name": "Require(11) node_modules/egg-logrotator/config/config.default.js",
    "start": 1648460800772,
    "end": 1648460800772,
    "duration": 0,
    "pid": 40124,
    "index": 15
  },
  {
    "name": "Require(12) node_modules/egg-static/config/config.default.js",
    "start": 1648460800772,
    "end": 1648460800773,
    "duration": 1,
    "pid": 40124,
    "index": 16
  },
  {
    "name": "Require(13) node_modules/egg-view/config/config.default.js",
    "start": 1648460800773,
    "end": 1648460800773,
    "duration": 0,
    "pid": 40124,
    "index": 17
  },
  {
    "name": "Require(14) node_modules/egg-mongoose/config/config.default.js",
    "start": 1648460800773,
    "end": 1648460800774,
    "duration": 1,
    "pid": 40124,
    "index": 18
  },
  {
    "name": "Require(15) node_modules/egg-validate/config/config.default.js",
    "start": 1648460800774,
    "end": 1648460800774,
    "duration": 0,
    "pid": 40124,
    "index": 19
  },
  {
    "name": "Require(16) node_modules/egg-cors/config/config.default.js",
    "start": 1648460800774,
    "end": 1648460800775,
    "duration": 1,
    "pid": 40124,
    "index": 20
  },
  {
    "name": "Require(17) node_modules/egg/config/config.default.js",
    "start": 1648460800775,
    "end": 1648460800775,
    "duration": 0,
    "pid": 40124,
    "index": 21
  },
  {
    "name": "Require(18) config/config.default.js",
    "start": 1648460800776,
    "end": 1648460800776,
    "duration": 0,
    "pid": 40124,
    "index": 22
  },
  {
    "name": "Require(19) node_modules/egg-security/config/config.local.js",
    "start": 1648460800776,
    "end": 1648460800778,
    "duration": 2,
    "pid": 40124,
    "index": 23
  },
  {
    "name": "Require(20) node_modules/egg-watcher/config/config.local.js",
    "start": 1648460800781,
    "end": 1648460800781,
    "duration": 0,
    "pid": 40124,
    "index": 24
  },
  {
    "name": "Require(21) node_modules/egg-view/config/config.local.js",
    "start": 1648460800782,
    "end": 1648460800782,
    "duration": 0,
    "pid": 40124,
    "index": 25
  },
  {
    "name": "Require(22) node_modules/egg/config/config.local.js",
    "start": 1648460800783,
    "end": 1648460800783,
    "duration": 0,
    "pid": 40124,
    "index": 26
  },
  {
    "name": "Require(23) config/config.local.js",
    "start": 1648460800783,
    "end": 1648460800783,
    "duration": 0,
    "pid": 40124,
    "index": 27
  },
  {
    "name": "Load extend/application.js",
    "start": 1648460800784,
    "end": 1648460800821,
    "duration": 37,
    "pid": 40124,
    "index": 28
  },
  {
    "name": "Require(24) node_modules/egg-session/app/extend/application.js",
    "start": 1648460800784,
    "end": 1648460800784,
    "duration": 0,
    "pid": 40124,
    "index": 29
  },
  {
    "name": "Require(25) node_modules/egg-security/app/extend/application.js",
    "start": 1648460800784,
    "end": 1648460800785,
    "duration": 1,
    "pid": 40124,
    "index": 30
  },
  {
    "name": "Require(26) node_modules/egg-jsonp/app/extend/application.js",
    "start": 1648460800785,
    "end": 1648460800786,
    "duration": 1,
    "pid": 40124,
    "index": 31
  },
  {
    "name": "Require(27) node_modules/egg-logrotator/app/extend/application.js",
    "start": 1648460800787,
    "end": 1648460800787,
    "duration": 0,
    "pid": 40124,
    "index": 32
  },
  {
    "name": "Require(28) node_modules/egg-view/app/extend/application.js",
    "start": 1648460800788,
    "end": 1648460800789,
    "duration": 1,
    "pid": 40124,
    "index": 33
  },
  {
    "name": "Require(29) app/extend/application.js",
    "start": 1648460800789,
    "end": 1648460800819,
    "duration": 30,
    "pid": 40124,
    "index": 34
  },
  {
    "name": "Load extend/request.js",
    "start": 1648460800821,
    "end": 1648460800824,
    "duration": 3,
    "pid": 40124,
    "index": 35
  },
  {
    "name": "Require(30) node_modules/egg/app/extend/request.js",
    "start": 1648460800822,
    "end": 1648460800823,
    "duration": 1,
    "pid": 40124,
    "index": 36
  },
  {
    "name": "Load extend/response.js",
    "start": 1648460800824,
    "end": 1648460800828,
    "duration": 4,
    "pid": 40124,
    "index": 37
  },
  {
    "name": "Require(31) node_modules/egg/app/extend/response.js",
    "start": 1648460800826,
    "end": 1648460800826,
    "duration": 0,
    "pid": 40124,
    "index": 38
  },
  {
    "name": "Load extend/context.js",
    "start": 1648460800828,
    "end": 1648460800869,
    "duration": 41,
    "pid": 40124,
    "index": 39
  },
  {
    "name": "Require(32) node_modules/egg-security/app/extend/context.js",
    "start": 1648460800828,
    "end": 1648460800833,
    "duration": 5,
    "pid": 40124,
    "index": 40
  },
  {
    "name": "Require(33) node_modules/egg-jsonp/app/extend/context.js",
    "start": 1648460800833,
    "end": 1648460800834,
    "duration": 1,
    "pid": 40124,
    "index": 41
  },
  {
    "name": "Require(34) node_modules/egg-i18n/app/extend/context.js",
    "start": 1648460800834,
    "end": 1648460800835,
    "duration": 1,
    "pid": 40124,
    "index": 42
  },
  {
    "name": "Require(35) node_modules/egg-multipart/app/extend/context.js",
    "start": 1648460800835,
    "end": 1648460800865,
    "duration": 30,
    "pid": 40124,
    "index": 43
  },
  {
    "name": "Require(36) node_modules/egg-view/app/extend/context.js",
    "start": 1648460800865,
    "end": 1648460800866,
    "duration": 1,
    "pid": 40124,
    "index": 44
  },
  {
    "name": "Require(37) node_modules/egg-mongoose/app/extend/context.js",
    "start": 1648460800866,
    "end": 1648460800866,
    "duration": 0,
    "pid": 40124,
    "index": 45
  },
  {
    "name": "Require(38) node_modules/egg-validate/app/extend/context.js",
    "start": 1648460800866,
    "end": 1648460800866,
    "duration": 0,
    "pid": 40124,
    "index": 46
  },
  {
    "name": "Require(39) node_modules/egg/app/extend/context.js",
    "start": 1648460800867,
    "end": 1648460800867,
    "duration": 0,
    "pid": 40124,
    "index": 47
  },
  {
    "name": "Load extend/helper.js",
    "start": 1648460800869,
    "end": 1648460800881,
    "duration": 12,
    "pid": 40124,
    "index": 48
  },
  {
    "name": "Require(40) node_modules/egg-security/app/extend/helper.js",
    "start": 1648460800869,
    "end": 1648460800877,
    "duration": 8,
    "pid": 40124,
    "index": 49
  },
  {
    "name": "Require(41) node_modules/egg/app/extend/helper.js",
    "start": 1648460800879,
    "end": 1648460800879,
    "duration": 0,
    "pid": 40124,
    "index": 50
  },
  {
    "name": "Require(42) app/extend/helper.js",
    "start": 1648460800879,
    "end": 1648460800879,
    "duration": 0,
    "pid": 40124,
    "index": 51
  },
  {
    "name": "Load app.js",
    "start": 1648460800881,
    "end": 1648460800903,
    "duration": 22,
    "pid": 40124,
    "index": 52
  },
  {
    "name": "Require(43) node_modules/egg-session/app.js",
    "start": 1648460800881,
    "end": 1648460800881,
    "duration": 0,
    "pid": 40124,
    "index": 53
  },
  {
    "name": "Require(44) node_modules/egg-security/app.js",
    "start": 1648460800881,
    "end": 1648460800882,
    "duration": 1,
    "pid": 40124,
    "index": 54
  },
  {
    "name": "Require(45) node_modules/egg-onerror/app.js",
    "start": 1648460800882,
    "end": 1648460800886,
    "duration": 4,
    "pid": 40124,
    "index": 55
  },
  {
    "name": "Require(46) node_modules/egg-i18n/app.js",
    "start": 1648460800887,
    "end": 1648460800896,
    "duration": 9,
    "pid": 40124,
    "index": 56
  },
  {
    "name": "Require(47) node_modules/egg-watcher/app.js",
    "start": 1648460800897,
    "end": 1648460800898,
    "duration": 1,
    "pid": 40124,
    "index": 57
  },
  {
    "name": "Require(48) node_modules/egg-schedule/app.js",
    "start": 1648460800899,
    "end": 1648460800899,
    "duration": 0,
    "pid": 40124,
    "index": 58
  },
  {
    "name": "Require(49) node_modules/egg-multipart/app.js",
    "start": 1648460800900,
    "end": 1648460800900,
    "duration": 0,
    "pid": 40124,
    "index": 59
  },
  {
    "name": "Require(50) node_modules/egg-development/app.js",
    "start": 1648460800900,
    "end": 1648460800900,
    "duration": 0,
    "pid": 40124,
    "index": 60
  },
  {
    "name": "Require(51) node_modules/egg-logrotator/app.js",
    "start": 1648460800900,
    "end": 1648460800901,
    "duration": 1,
    "pid": 40124,
    "index": 61
  },
  {
    "name": "Require(52) node_modules/egg-static/app.js",
    "start": 1648460800901,
    "end": 1648460800901,
    "duration": 0,
    "pid": 40124,
    "index": 62
  },
  {
    "name": "Require(53) node_modules/egg-mongoose/app.js",
    "start": 1648460800901,
    "end": 1648460800901,
    "duration": 0,
    "pid": 40124,
    "index": 63
  },
  {
    "name": "Require(54) node_modules/egg-validate/app.js",
    "start": 1648460800902,
    "end": 1648460800902,
    "duration": 0,
    "pid": 40124,
    "index": 64
  },
  {
    "name": "Require(55) node_modules/egg-cors/app.js",
    "start": 1648460800903,
    "end": 1648460800903,
    "duration": 0,
    "pid": 40124,
    "index": 65
  },
  {
    "name": "Before Start in node_modules/egg-watcher/lib/init.js:15:14",
    "start": 1648460800911,
    "end": 1648460801311,
    "duration": 400,
    "pid": 40124,
    "index": 66
  },
  {
    "name": "Before Start in node_modules/egg-mongoose/lib/mongoose.js:104:7",
    "start": 1648460801172,
    "end": 1648460801309,
    "duration": 137,
    "pid": 40124,
    "index": 67
  },
  {
    "name": "Before Start in node_modules/egg-mongoose/lib/mongoose.js:52:9",
    "start": 1648460801172,
    "end": 1648460801298,
    "duration": 126,
    "pid": 40124,
    "index": 68
  },
  {
    "name": "Load Service",
    "start": 1648460801172,
    "end": 1648460801191,
    "duration": 19,
    "pid": 40124,
    "index": 69
  },
  {
    "name": "Load \"service\" to Context",
    "start": 1648460801172,
    "end": 1648460801191,
    "duration": 19,
    "pid": 40124,
    "index": 70
  },
  {
    "name": "Load Middleware",
    "start": 1648460801191,
    "end": 1648460801273,
    "duration": 82,
    "pid": 40124,
    "index": 71
  },
  {
    "name": "Load \"middlewares\" to Application",
    "start": 1648460801191,
    "end": 1648460801265,
    "duration": 74,
    "pid": 40124,
    "index": 72
  },
  {
    "name": "Load Controller",
    "start": 1648460801273,
    "end": 1648460801275,
    "duration": 2,
    "pid": 40124,
    "index": 73
  },
  {
    "name": "Load \"controller\" to Application",
    "start": 1648460801273,
    "end": 1648460801275,
    "duration": 2,
    "pid": 40124,
    "index": 74
  },
  {
    "name": "Load Router",
    "start": 1648460801275,
    "end": 1648460801278,
    "duration": 3,
    "pid": 40124,
    "index": 75
  },
  {
    "name": "Require(56) app/router.js",
    "start": 1648460801276,
    "end": 1648460801276,
    "duration": 0,
    "pid": 40124,
    "index": 76
  },
  {
    "name": "Before Start in node_modules/egg-core/lib/egg.js:303:10",
    "start": 1648460801276,
    "end": 1648460801298,
    "duration": 22,
    "pid": 40124,
    "index": 77
  },
  {
    "name": "Load \"model\" to Application",
    "start": 1648460801285,
    "end": 1648460801298,
    "duration": 13,
    "pid": 40124,
    "index": 78
  }
]