[
  {
    "name": "Process Start",
    "start": 1648545316484,
    "end": 1648545317137,
    "duration": 653,
    "pid": 10288,
    "index": 0
  },
  {
    "name": "Application Start",
    "start": 1648545317138,
    "end": 1648545317725,
    "duration": 587,
    "pid": 10288,
    "index": 1
  },
  {
    "name": "Load Plugin",
    "start": 1648545317141,
    "end": 1648545317151,
    "duration": 10,
    "pid": 10288,
    "index": 2
  },
  {
    "name": "Load Config",
    "start": 1648545317151,
    "end": 1648545317168,
    "duration": 17,
    "pid": 10288,
    "index": 3
  },
  {
    "name": "Require(0) config/config.default.js",
    "start": 1648545317151,
    "end": 1648545317151,
    "duration": 0,
    "pid": 10288,
    "index": 4
  },
  {
    "name": "Require(1) config/config.local.js",
    "start": 1648545317152,
    "end": 1648545317152,
    "duration": 0,
    "pid": 10288,
    "index": 5
  },
  {
    "name": "Require(2) node_modules/egg-session/config/config.default.js",
    "start": 1648545317153,
    "end": 1648545317153,
    "duration": 0,
    "pid": 10288,
    "index": 6
  },
  {
    "name": "Require(3) node_modules/egg-security/config/config.default.js",
    "start": 1648545317153,
    "end": 1648545317154,
    "duration": 1,
    "pid": 10288,
    "index": 7
  },
  {
    "name": "Require(4) node_modules/egg-jsonp/config/config.default.js",
    "start": 1648545317154,
    "end": 1648545317154,
    "duration": 0,
    "pid": 10288,
    "index": 8
  },
  {
    "name": "Require(5) node_modules/egg-onerror/config/config.default.js",
    "start": 1648545317155,
    "end": 1648545317155,
    "duration": 0,
    "pid": 10288,
    "index": 9
  },
  {
    "name": "Require(6) node_modules/egg-i18n/config/config.default.js",
    "start": 1648545317155,
    "end": 1648545317155,
    "duration": 0,
    "pid": 10288,
    "index": 10
  },
  {
    "name": "Require(7) node_modules/egg-watcher/config/config.default.js",
    "start": 1648545317156,
    "end": 1648545317156,
    "duration": 0,
    "pid": 10288,
    "index": 11
  },
  {
    "name": "Require(8) node_modules/egg-schedule/config/config.default.js",
    "start": 1648545317156,
    "end": 1648545317157,
    "duration": 1,
    "pid": 10288,
    "index": 12
  },
  {
    "name": "Require(9) node_modules/egg-multipart/config/config.default.js",
    "start": 1648545317157,
    "end": 1648545317157,
    "duration": 0,
    "pid": 10288,
    "index": 13
  },
  {
    "name": "Require(10) node_modules/egg-development/config/config.default.js",
    "start": 1648545317158,
    "end": 1648545317158,
    "duration": 0,
    "pid": 10288,
    "index": 14
  },
  {
    "name": "Require(11) node_modules/egg-logrotator/config/config.default.js",
    "start": 1648545317158,
    "end": 1648545317158,
    "duration": 0,
    "pid": 10288,
    "index": 15
  },
  {
    "name": "Require(12) node_modules/egg-static/config/config.default.js",
    "start": 1648545317159,
    "end": 1648545317159,
    "duration": 0,
    "pid": 10288,
    "index": 16
  },
  {
    "name": "Require(13) node_modules/egg-view/config/config.default.js",
    "start": 1648545317159,
    "end": 1648545317160,
    "duration": 1,
    "pid": 10288,
    "index": 17
  },
  {
    "name": "Require(14) node_modules/egg-mongoose/config/config.default.js",
    "start": 1648545317160,
    "end": 1648545317160,
    "duration": 0,
    "pid": 10288,
    "index": 18
  },
  {
    "name": "Require(15) node_modules/egg-validate/config/config.default.js",
    "start": 1648545317160,
    "end": 1648545317161,
    "duration": 1,
    "pid": 10288,
    "index": 19
  },
  {
    "name": "Require(16) node_modules/egg-cors/config/config.default.js",
    "start": 1648545317161,
    "end": 1648545317161,
    "duration": 0,
    "pid": 10288,
    "index": 20
  },
  {
    "name": "Require(17) node_modules/egg/config/config.default.js",
    "start": 1648545317161,
    "end": 1648545317162,
    "duration": 1,
    "pid": 10288,
    "index": 21
  },
  {
    "name": "Require(18) config/config.default.js",
    "start": 1648545317162,
    "end": 1648545317162,
    "duration": 0,
    "pid": 10288,
    "index": 22
  },
  {
    "name": "Require(19) node_modules/egg-security/config/config.local.js",
    "start": 1648545317163,
    "end": 1648545317164,
    "duration": 1,
    "pid": 10288,
    "index": 23
  },
  {
    "name": "Require(20) node_modules/egg-watcher/config/config.local.js",
    "start": 1648545317165,
    "end": 1648545317166,
    "duration": 1,
    "pid": 10288,
    "index": 24
  },
  {
    "name": "Require(21) node_modules/egg-view/config/config.local.js",
    "start": 1648545317167,
    "end": 1648545317167,
    "duration": 0,
    "pid": 10288,
    "index": 25
  },
  {
    "name": "Require(22) node_modules/egg/config/config.local.js",
    "start": 1648545317168,
    "end": 1648545317168,
    "duration": 0,
    "pid": 10288,
    "index": 26
  },
  {
    "name": "Require(23) config/config.local.js",
    "start": 1648545317168,
    "end": 1648545317168,
    "duration": 0,
    "pid": 10288,
    "index": 27
  },
  {
    "name": "Load extend/application.js",
    "start": 1648545317169,
    "end": 1648545317206,
    "duration": 37,
    "pid": 10288,
    "index": 28
  },
  {
    "name": "Require(24) node_modules/egg-session/app/extend/application.js",
    "start": 1648545317169,
    "end": 1648545317170,
    "duration": 1,
    "pid": 10288,
    "index": 29
  },
  {
    "name": "Require(25) node_modules/egg-security/app/extend/application.js",
    "start": 1648545317170,
    "end": 1648545317171,
    "duration": 1,
    "pid": 10288,
    "index": 30
  },
  {
    "name": "Require(26) node_modules/egg-jsonp/app/extend/application.js",
    "start": 1648545317171,
    "end": 1648545317171,
    "duration": 0,
    "pid": 10288,
    "index": 31
  },
  {
    "name": "Require(27) node_modules/egg-logrotator/app/extend/application.js",
    "start": 1648545317172,
    "end": 1648545317173,
    "duration": 1,
    "pid": 10288,
    "index": 32
  },
  {
    "name": "Require(28) node_modules/egg-view/app/extend/application.js",
    "start": 1648545317173,
    "end": 1648545317174,
    "duration": 1,
    "pid": 10288,
    "index": 33
  },
  {
    "name": "Require(29) app/extend/application.js",
    "start": 1648545317175,
    "end": 1648545317204,
    "duration": 29,
    "pid": 10288,
    "index": 34
  },
  {
    "name": "Load extend/request.js",
    "start": 1648545317206,
    "end": 1648545317209,
    "duration": 3,
    "pid": 10288,
    "index": 35
  },
  {
    "name": "Require(30) node_modules/egg/app/extend/request.js",
    "start": 1648545317207,
    "end": 1648545317208,
    "duration": 1,
    "pid": 10288,
    "index": 36
  },
  {
    "name": "Load extend/response.js",
    "start": 1648545317209,
    "end": 1648545317213,
    "duration": 4,
    "pid": 10288,
    "index": 37
  },
  {
    "name": "Require(31) node_modules/egg/app/extend/response.js",
    "start": 1648545317211,
    "end": 1648545317211,
    "duration": 0,
    "pid": 10288,
    "index": 38
  },
  {
    "name": "Load extend/context.js",
    "start": 1648545317213,
    "end": 1648545317253,
    "duration": 40,
    "pid": 10288,
    "index": 39
  },
  {
    "name": "Require(32) node_modules/egg-security/app/extend/context.js",
    "start": 1648545317213,
    "end": 1648545317218,
    "duration": 5,
    "pid": 10288,
    "index": 40
  },
  {
    "name": "Require(33) node_modules/egg-jsonp/app/extend/context.js",
    "start": 1648545317218,
    "end": 1648545317219,
    "duration": 1,
    "pid": 10288,
    "index": 41
  },
  {
    "name": "Require(34) node_modules/egg-i18n/app/extend/context.js",
    "start": 1648545317219,
    "end": 1648545317219,
    "duration": 0,
    "pid": 10288,
    "index": 42
  },
  {
    "name": "Require(35) node_modules/egg-multipart/app/extend/context.js",
    "start": 1648545317220,
    "end": 1648545317249,
    "duration": 29,
    "pid": 10288,
    "index": 43
  },
  {
    "name": "Require(36) node_modules/egg-view/app/extend/context.js",
    "start": 1648545317250,
    "end": 1648545317250,
    "duration": 0,
    "pid": 10288,
    "index": 44
  },
  {
    "name": "Require(37) node_modules/egg-mongoose/app/extend/context.js",
    "start": 1648545317250,
    "end": 1648545317251,
    "duration": 1,
    "pid": 10288,
    "index": 45
  },
  {
    "name": "Require(38) node_modules/egg-validate/app/extend/context.js",
    "start": 1648545317251,
    "end": 1648545317251,
    "duration": 0,
    "pid": 10288,
    "index": 46
  },
  {
    "name": "Require(39) node_modules/egg/app/extend/context.js",
    "start": 1648545317251,
    "end": 1648545317252,
    "duration": 1,
    "pid": 10288,
    "index": 47
  },
  {
    "name": "Load extend/helper.js",
    "start": 1648545317253,
    "end": 1648545317267,
    "duration": 14,
    "pid": 10288,
    "index": 48
  },
  {
    "name": "Require(40) node_modules/egg-security/app/extend/helper.js",
    "start": 1648545317254,
    "end": 1648545317264,
    "duration": 10,
    "pid": 10288,
    "index": 49
  },
  {
    "name": "Require(41) node_modules/egg/app/extend/helper.js",
    "start": 1648545317265,
    "end": 1648545317265,
    "duration": 0,
    "pid": 10288,
    "index": 50
  },
  {
    "name": "Require(42) app/extend/helper.js",
    "start": 1648545317265,
    "end": 1648545317266,
    "duration": 1,
    "pid": 10288,
    "index": 51
  },
  {
    "name": "Load app.js",
    "start": 1648545317267,
    "end": 1648545317297,
    "duration": 30,
    "pid": 10288,
    "index": 52
  },
  {
    "name": "Require(43) node_modules/egg-session/app.js",
    "start": 1648545317268,
    "end": 1648545317268,
    "duration": 0,
    "pid": 10288,
    "index": 53
  },
  {
    "name": "Require(44) node_modules/egg-security/app.js",
    "start": 1648545317268,
    "end": 1648545317269,
    "duration": 1,
    "pid": 10288,
    "index": 54
  },
  {
    "name": "Require(45) node_modules/egg-onerror/app.js",
    "start": 1648545317269,
    "end": 1648545317273,
    "duration": 4,
    "pid": 10288,
    "index": 55
  },
  {
    "name": "Require(46) node_modules/egg-i18n/app.js",
    "start": 1648545317274,
    "end": 1648545317288,
    "duration": 14,
    "pid": 10288,
    "index": 56
  },
  {
    "name": "Require(47) node_modules/egg-watcher/app.js",
    "start": 1648545317288,
    "end": 1648545317290,
    "duration": 2,
    "pid": 10288,
    "index": 57
  },
  {
    "name": "Require(48) node_modules/egg-schedule/app.js",
    "start": 1648545317290,
    "end": 1648545317291,
    "duration": 1,
    "pid": 10288,
    "index": 58
  },
  {
    "name": "Require(49) node_modules/egg-multipart/app.js",
    "start": 1648545317292,
    "end": 1648545317292,
    "duration": 0,
    "pid": 10288,
    "index": 59
  },
  {
    "name": "Require(50) node_modules/egg-development/app.js",
    "start": 1648545317293,
    "end": 1648545317293,
    "duration": 0,
    "pid": 10288,
    "index": 60
  },
  {
    "name": "Require(51) node_modules/egg-logrotator/app.js",
    "start": 1648545317293,
    "end": 1648545317293,
    "duration": 0,
    "pid": 10288,
    "index": 61
  },
  {
    "name": "Require(52) node_modules/egg-static/app.js",
    "start": 1648545317293,
    "end": 1648545317294,
    "duration": 1,
    "pid": 10288,
    "index": 62
  },
  {
    "name": "Require(53) node_modules/egg-mongoose/app.js",
    "start": 1648545317294,
    "end": 1648545317295,
    "duration": 1,
    "pid": 10288,
    "index": 63
  },
  {
    "name": "Require(54) node_modules/egg-validate/app.js",
    "start": 1648545317295,
    "end": 1648545317296,
    "duration": 1,
    "pid": 10288,
    "index": 64
  },
  {
    "name": "Require(55) node_modules/egg-cors/app.js",
    "start": 1648545317296,
    "end": 1648545317296,
    "duration": 0,
    "pid": 10288,
    "index": 65
  },
  {
    "name": "Before Start in node_modules/egg-watcher/lib/init.js:15:14",
    "start": 1648545317304,
    "end": 1648545317725,
    "duration": 421,
    "pid": 10288,
    "index": 66
  },
  {
    "name": "Before Start in node_modules/egg-mongoose/lib/mongoose.js:104:7",
    "start": 1648545317586,
    "end": 1648545317724,
    "duration": 138,
    "pid": 10288,
    "index": 67
  },
  {
    "name": "Before Start in node_modules/egg-mongoose/lib/mongoose.js:52:9",
    "start": 1648545317586,
    "end": 1648545317711,
    "duration": 125,
    "pid": 10288,
    "index": 68
  },
  {
    "name": "Load Service",
    "start": 1648545317586,
    "end": 1648545317608,
    "duration": 22,
    "pid": 10288,
    "index": 69
  },
  {
    "name": "Load \"service\" to Context",
    "start": 1648545317586,
    "end": 1648545317608,
    "duration": 22,
    "pid": 10288,
    "index": 70
  },
  {
    "name": "Load Middleware",
    "start": 1648545317608,
    "end": 1648545317686,
    "duration": 78,
    "pid": 10288,
    "index": 71
  },
  {
    "name": "Load \"middlewares\" to Application",
    "start": 1648545317608,
    "end": 1648545317678,
    "duration": 70,
    "pid": 10288,
    "index": 72
  },
  {
    "name": "Load Controller",
    "start": 1648545317686,
    "end": 1648545317689,
    "duration": 3,
    "pid": 10288,
    "index": 73
  },
  {
    "name": "Load \"controller\" to Application",
    "start": 1648545317686,
    "end": 1648545317689,
    "duration": 3,
    "pid": 10288,
    "index": 74
  },
  {
    "name": "Load Router",
    "start": 1648545317689,
    "end": 1648545317691,
    "duration": 2,
    "pid": 10288,
    "index": 75
  },
  {
    "name": "Require(56) app/router.js",
    "start": 1648545317689,
    "end": 1648545317689,
    "duration": 0,
    "pid": 10288,
    "index": 76
  },
  {
    "name": "Before Start in node_modules/egg-core/lib/egg.js:303:10",
    "start": 1648545317689,
    "end": 1648545317711,
    "duration": 22,
    "pid": 10288,
    "index": 77
  },
  {
    "name": "Load \"model\" to Application",
    "start": 1648545317697,
    "end": 1648545317711,
    "duration": 14,
    "pid": 10288,
    "index": 78
  }
]