[
  {
    "name": "Process Start",
    "start": 1648537308923,
    "end": 1648537309642,
    "duration": 719,
    "pid": 44952,
    "index": 0
  },
  {
    "name": "Application Start",
    "start": 1648537309642,
    "end": 1648537310222,
    "duration": 580,
    "pid": 44952,
    "index": 1
  },
  {
    "name": "Load Plugin",
    "start": 1648537309646,
    "end": 1648537309659,
    "duration": 13,
    "pid": 44952,
    "index": 2
  },
  {
    "name": "Load Config",
    "start": 1648537309659,
    "end": 1648537309676,
    "duration": 17,
    "pid": 44952,
    "index": 3
  },
  {
    "name": "Require(0) config/config.default.js",
    "start": 1648537309659,
    "end": 1648537309660,
    "duration": 1,
    "pid": 44952,
    "index": 4
  },
  {
    "name": "Require(1) config/config.local.js",
    "start": 1648537309660,
    "end": 1648537309661,
    "duration": 1,
    "pid": 44952,
    "index": 5
  },
  {
    "name": "Require(2) node_modules/egg-session/config/config.default.js",
    "start": 1648537309661,
    "end": 1648537309662,
    "duration": 1,
    "pid": 44952,
    "index": 6
  },
  {
    "name": "Require(3) node_modules/egg-security/config/config.default.js",
    "start": 1648537309662,
    "end": 1648537309662,
    "duration": 0,
    "pid": 44952,
    "index": 7
  },
  {
    "name": "Require(4) node_modules/egg-jsonp/config/config.default.js",
    "start": 1648537309663,
    "end": 1648537309663,
    "duration": 0,
    "pid": 44952,
    "index": 8
  },
  {
    "name": "Require(5) node_modules/egg-onerror/config/config.default.js",
    "start": 1648537309664,
    "end": 1648537309664,
    "duration": 0,
    "pid": 44952,
    "index": 9
  },
  {
    "name": "Require(6) node_modules/egg-i18n/config/config.default.js",
    "start": 1648537309664,
    "end": 1648537309664,
    "duration": 0,
    "pid": 44952,
    "index": 10
  },
  {
    "name": "Require(7) node_modules/egg-watcher/config/config.default.js",
    "start": 1648537309665,
    "end": 1648537309665,
    "duration": 0,
    "pid": 44952,
    "index": 11
  },
  {
    "name": "Require(8) node_modules/egg-schedule/config/config.default.js",
    "start": 1648537309666,
    "end": 1648537309666,
    "duration": 0,
    "pid": 44952,
    "index": 12
  },
  {
    "name": "Require(9) node_modules/egg-multipart/config/config.default.js",
    "start": 1648537309666,
    "end": 1648537309666,
    "duration": 0,
    "pid": 44952,
    "index": 13
  },
  {
    "name": "Require(10) node_modules/egg-development/config/config.default.js",
    "start": 1648537309667,
    "end": 1648537309667,
    "duration": 0,
    "pid": 44952,
    "index": 14
  },
  {
    "name": "Require(11) node_modules/egg-logrotator/config/config.default.js",
    "start": 1648537309667,
    "end": 1648537309668,
    "duration": 1,
    "pid": 44952,
    "index": 15
  },
  {
    "name": "Require(12) node_modules/egg-static/config/config.default.js",
    "start": 1648537309668,
    "end": 1648537309668,
    "duration": 0,
    "pid": 44952,
    "index": 16
  },
  {
    "name": "Require(13) node_modules/egg-view/config/config.default.js",
    "start": 1648537309669,
    "end": 1648537309669,
    "duration": 0,
    "pid": 44952,
    "index": 17
  },
  {
    "name": "Require(14) node_modules/egg-mongoose/config/config.default.js",
    "start": 1648537309669,
    "end": 1648537309669,
    "duration": 0,
    "pid": 44952,
    "index": 18
  },
  {
    "name": "Require(15) node_modules/egg-validate/config/config.default.js",
    "start": 1648537309670,
    "end": 1648537309670,
    "duration": 0,
    "pid": 44952,
    "index": 19
  },
  {
    "name": "Require(16) node_modules/egg-cors/config/config.default.js",
    "start": 1648537309670,
    "end": 1648537309671,
    "duration": 1,
    "pid": 44952,
    "index": 20
  },
  {
    "name": "Require(17) node_modules/egg/config/config.default.js",
    "start": 1648537309671,
    "end": 1648537309671,
    "duration": 0,
    "pid": 44952,
    "index": 21
  },
  {
    "name": "Require(18) config/config.default.js",
    "start": 1648537309672,
    "end": 1648537309672,
    "duration": 0,
    "pid": 44952,
    "index": 22
  },
  {
    "name": "Require(19) node_modules/egg-security/config/config.local.js",
    "start": 1648537309673,
    "end": 1648537309674,
    "duration": 1,
    "pid": 44952,
    "index": 23
  },
  {
    "name": "Require(20) node_modules/egg-watcher/config/config.local.js",
    "start": 1648537309674,
    "end": 1648537309675,
    "duration": 1,
    "pid": 44952,
    "index": 24
  },
  {
    "name": "Require(21) node_modules/egg-view/config/config.local.js",
    "start": 1648537309675,
    "end": 1648537309675,
    "duration": 0,
    "pid": 44952,
    "index": 25
  },
  {
    "name": "Require(22) node_modules/egg/config/config.local.js",
    "start": 1648537309676,
    "end": 1648537309676,
    "duration": 0,
    "pid": 44952,
    "index": 26
  },
  {
    "name": "Require(23) config/config.local.js",
    "start": 1648537309676,
    "end": 1648537309676,
    "duration": 0,
    "pid": 44952,
    "index": 27
  },
  {
    "name": "Load extend/application.js",
    "start": 1648537309677,
    "end": 1648537309721,
    "duration": 44,
    "pid": 44952,
    "index": 28
  },
  {
    "name": "Require(24) node_modules/egg-session/app/extend/application.js",
    "start": 1648537309678,
    "end": 1648537309678,
    "duration": 0,
    "pid": 44952,
    "index": 29
  },
  {
    "name": "Require(25) node_modules/egg-security/app/extend/application.js",
    "start": 1648537309678,
    "end": 1648537309679,
    "duration": 1,
    "pid": 44952,
    "index": 30
  },
  {
    "name": "Require(26) node_modules/egg-jsonp/app/extend/application.js",
    "start": 1648537309680,
    "end": 1648537309681,
    "duration": 1,
    "pid": 44952,
    "index": 31
  },
  {
    "name": "Require(27) node_modules/egg-logrotator/app/extend/application.js",
    "start": 1648537309681,
    "end": 1648537309682,
    "duration": 1,
    "pid": 44952,
    "index": 32
  },
  {
    "name": "Require(28) node_modules/egg-view/app/extend/application.js",
    "start": 1648537309683,
    "end": 1648537309684,
    "duration": 1,
    "pid": 44952,
    "index": 33
  },
  {
    "name": "Require(29) app/extend/application.js",
    "start": 1648537309684,
    "end": 1648537309719,
    "duration": 35,
    "pid": 44952,
    "index": 34
  },
  {
    "name": "Load extend/request.js",
    "start": 1648537309721,
    "end": 1648537309725,
    "duration": 4,
    "pid": 44952,
    "index": 35
  },
  {
    "name": "Require(30) node_modules/egg/app/extend/request.js",
    "start": 1648537309722,
    "end": 1648537309723,
    "duration": 1,
    "pid": 44952,
    "index": 36
  },
  {
    "name": "Load extend/response.js",
    "start": 1648537309725,
    "end": 1648537309729,
    "duration": 4,
    "pid": 44952,
    "index": 37
  },
  {
    "name": "Require(31) node_modules/egg/app/extend/response.js",
    "start": 1648537309726,
    "end": 1648537309727,
    "duration": 1,
    "pid": 44952,
    "index": 38
  },
  {
    "name": "Load extend/context.js",
    "start": 1648537309729,
    "end": 1648537309775,
    "duration": 46,
    "pid": 44952,
    "index": 39
  },
  {
    "name": "Require(32) node_modules/egg-security/app/extend/context.js",
    "start": 1648537309729,
    "end": 1648537309735,
    "duration": 6,
    "pid": 44952,
    "index": 40
  },
  {
    "name": "Require(33) node_modules/egg-jsonp/app/extend/context.js",
    "start": 1648537309735,
    "end": 1648537309736,
    "duration": 1,
    "pid": 44952,
    "index": 41
  },
  {
    "name": "Require(34) node_modules/egg-i18n/app/extend/context.js",
    "start": 1648537309736,
    "end": 1648537309736,
    "duration": 0,
    "pid": 44952,
    "index": 42
  },
  {
    "name": "Require(35) node_modules/egg-multipart/app/extend/context.js",
    "start": 1648537309737,
    "end": 1648537309770,
    "duration": 33,
    "pid": 44952,
    "index": 43
  },
  {
    "name": "Require(36) node_modules/egg-view/app/extend/context.js",
    "start": 1648537309771,
    "end": 1648537309771,
    "duration": 0,
    "pid": 44952,
    "index": 44
  },
  {
    "name": "Require(37) node_modules/egg-mongoose/app/extend/context.js",
    "start": 1648537309772,
    "end": 1648537309772,
    "duration": 0,
    "pid": 44952,
    "index": 45
  },
  {
    "name": "Require(38) node_modules/egg-validate/app/extend/context.js",
    "start": 1648537309772,
    "end": 1648537309772,
    "duration": 0,
    "pid": 44952,
    "index": 46
  },
  {
    "name": "Require(39) node_modules/egg/app/extend/context.js",
    "start": 1648537309773,
    "end": 1648537309773,
    "duration": 0,
    "pid": 44952,
    "index": 47
  },
  {
    "name": "Load extend/helper.js",
    "start": 1648537309775,
    "end": 1648537309788,
    "duration": 13,
    "pid": 44952,
    "index": 48
  },
  {
    "name": "Require(40) node_modules/egg-security/app/extend/helper.js",
    "start": 1648537309775,
    "end": 1648537309785,
    "duration": 10,
    "pid": 44952,
    "index": 49
  },
  {
    "name": "Require(41) node_modules/egg/app/extend/helper.js",
    "start": 1648537309786,
    "end": 1648537309786,
    "duration": 0,
    "pid": 44952,
    "index": 50
  },
  {
    "name": "Require(42) app/extend/helper.js",
    "start": 1648537309787,
    "end": 1648537309787,
    "duration": 0,
    "pid": 44952,
    "index": 51
  },
  {
    "name": "Load app.js",
    "start": 1648537309789,
    "end": 1648537309815,
    "duration": 26,
    "pid": 44952,
    "index": 52
  },
  {
    "name": "Require(43) node_modules/egg-session/app.js",
    "start": 1648537309789,
    "end": 1648537309789,
    "duration": 0,
    "pid": 44952,
    "index": 53
  },
  {
    "name": "Require(44) node_modules/egg-security/app.js",
    "start": 1648537309789,
    "end": 1648537309790,
    "duration": 1,
    "pid": 44952,
    "index": 54
  },
  {
    "name": "Require(45) node_modules/egg-onerror/app.js",
    "start": 1648537309790,
    "end": 1648537309795,
    "duration": 5,
    "pid": 44952,
    "index": 55
  },
  {
    "name": "Require(46) node_modules/egg-i18n/app.js",
    "start": 1648537309795,
    "end": 1648537309807,
    "duration": 12,
    "pid": 44952,
    "index": 56
  },
  {
    "name": "Require(47) node_modules/egg-watcher/app.js",
    "start": 1648537309807,
    "end": 1648537309809,
    "duration": 2,
    "pid": 44952,
    "index": 57
  },
  {
    "name": "Require(48) node_modules/egg-schedule/app.js",
    "start": 1648537309810,
    "end": 1648537309810,
    "duration": 0,
    "pid": 44952,
    "index": 58
  },
  {
    "name": "Require(49) node_modules/egg-multipart/app.js",
    "start": 1648537309811,
    "end": 1648537309811,
    "duration": 0,
    "pid": 44952,
    "index": 59
  },
  {
    "name": "Require(50) node_modules/egg-development/app.js",
    "start": 1648537309811,
    "end": 1648537309811,
    "duration": 0,
    "pid": 44952,
    "index": 60
  },
  {
    "name": "Require(51) node_modules/egg-logrotator/app.js",
    "start": 1648537309812,
    "end": 1648537309812,
    "duration": 0,
    "pid": 44952,
    "index": 61
  },
  {
    "name": "Require(52) node_modules/egg-static/app.js",
    "start": 1648537309812,
    "end": 1648537309812,
    "duration": 0,
    "pid": 44952,
    "index": 62
  },
  {
    "name": "Require(53) node_modules/egg-mongoose/app.js",
    "start": 1648537309813,
    "end": 1648537309813,
    "duration": 0,
    "pid": 44952,
    "index": 63
  },
  {
    "name": "Require(54) node_modules/egg-validate/app.js",
    "start": 1648537309813,
    "end": 1648537309814,
    "duration": 1,
    "pid": 44952,
    "index": 64
  },
  {
    "name": "Require(55) node_modules/egg-cors/app.js",
    "start": 1648537309814,
    "end": 1648537309814,
    "duration": 0,
    "pid": 44952,
    "index": 65
  },
  {
    "name": "Before Start in node_modules/egg-watcher/lib/init.js:15:14",
    "start": 1648537309822,
    "end": 1648537310222,
    "duration": 400,
    "pid": 44952,
    "index": 66
  },
  {
    "name": "Before Start in node_modules/egg-mongoose/lib/mongoose.js:104:7",
    "start": 1648537310098,
    "end": 1648537310220,
    "duration": 122,
    "pid": 44952,
    "index": 67
  },
  {
    "name": "Before Start in node_modules/egg-mongoose/lib/mongoose.js:52:9",
    "start": 1648537310098,
    "end": 1648537310209,
    "duration": 111,
    "pid": 44952,
    "index": 68
  },
  {
    "name": "Load Service",
    "start": 1648537310098,
    "end": 1648537310118,
    "duration": 20,
    "pid": 44952,
    "index": 69
  },
  {
    "name": "Load \"service\" to Context",
    "start": 1648537310098,
    "end": 1648537310118,
    "duration": 20,
    "pid": 44952,
    "index": 70
  },
  {
    "name": "Load Middleware",
    "start": 1648537310118,
    "end": 1648537310183,
    "duration": 65,
    "pid": 44952,
    "index": 71
  },
  {
    "name": "Load \"middlewares\" to Application",
    "start": 1648537310118,
    "end": 1648537310177,
    "duration": 59,
    "pid": 44952,
    "index": 72
  },
  {
    "name": "Load Controller",
    "start": 1648537310183,
    "end": 1648537310186,
    "duration": 3,
    "pid": 44952,
    "index": 73
  },
  {
    "name": "Load \"controller\" to Application",
    "start": 1648537310183,
    "end": 1648537310186,
    "duration": 3,
    "pid": 44952,
    "index": 74
  },
  {
    "name": "Load Router",
    "start": 1648537310186,
    "end": 1648537310188,
    "duration": 2,
    "pid": 44952,
    "index": 75
  },
  {
    "name": "Require(56) app/router.js",
    "start": 1648537310186,
    "end": 1648537310186,
    "duration": 0,
    "pid": 44952,
    "index": 76
  },
  {
    "name": "Before Start in node_modules/egg-core/lib/egg.js:303:10",
    "start": 1648537310186,
    "end": 1648537310209,
    "duration": 23,
    "pid": 44952,
    "index": 77
  },
  {
    "name": "Load \"model\" to Application",
    "start": 1648537310195,
    "end": 1648537310208,
    "duration": 13,
    "pid": 44952,
    "index": 78
  }
]