[
  {
    "name": "Process Start",
    "start": 1648537123453,
    "end": 1648537124123,
    "duration": 670,
    "pid": 12396,
    "index": 0
  },
  {
    "name": "Application Start",
    "start": 1648537124124,
    "end": 1648537124651,
    "duration": 527,
    "pid": 12396,
    "index": 1
  },
  {
    "name": "Load Plugin",
    "start": 1648537124126,
    "end": 1648537124137,
    "duration": 11,
    "pid": 12396,
    "index": 2
  },
  {
    "name": "Load Config",
    "start": 1648537124137,
    "end": 1648537124154,
    "duration": 17,
    "pid": 12396,
    "index": 3
  },
  {
    "name": "Require(0) config/config.default.js",
    "start": 1648537124137,
    "end": 1648537124138,
    "duration": 1,
    "pid": 12396,
    "index": 4
  },
  {
    "name": "Require(1) config/config.local.js",
    "start": 1648537124138,
    "end": 1648537124139,
    "duration": 1,
    "pid": 12396,
    "index": 5
  },
  {
    "name": "Require(2) node_modules/egg-session/config/config.default.js",
    "start": 1648537124139,
    "end": 1648537124139,
    "duration": 0,
    "pid": 12396,
    "index": 6
  },
  {
    "name": "Require(3) node_modules/egg-security/config/config.default.js",
    "start": 1648537124139,
    "end": 1648537124140,
    "duration": 1,
    "pid": 12396,
    "index": 7
  },
  {
    "name": "Require(4) node_modules/egg-jsonp/config/config.default.js",
    "start": 1648537124140,
    "end": 1648537124141,
    "duration": 1,
    "pid": 12396,
    "index": 8
  },
  {
    "name": "Require(5) node_modules/egg-onerror/config/config.default.js",
    "start": 1648537124141,
    "end": 1648537124141,
    "duration": 0,
    "pid": 12396,
    "index": 9
  },
  {
    "name": "Require(6) node_modules/egg-i18n/config/config.default.js",
    "start": 1648537124141,
    "end": 1648537124142,
    "duration": 1,
    "pid": 12396,
    "index": 10
  },
  {
    "name": "Require(7) node_modules/egg-watcher/config/config.default.js",
    "start": 1648537124142,
    "end": 1648537124142,
    "duration": 0,
    "pid": 12396,
    "index": 11
  },
  {
    "name": "Require(8) node_modules/egg-schedule/config/config.default.js",
    "start": 1648537124143,
    "end": 1648537124143,
    "duration": 0,
    "pid": 12396,
    "index": 12
  },
  {
    "name": "Require(9) node_modules/egg-multipart/config/config.default.js",
    "start": 1648537124143,
    "end": 1648537124143,
    "duration": 0,
    "pid": 12396,
    "index": 13
  },
  {
    "name": "Require(10) node_modules/egg-development/config/config.default.js",
    "start": 1648537124144,
    "end": 1648537124144,
    "duration": 0,
    "pid": 12396,
    "index": 14
  },
  {
    "name": "Require(11) node_modules/egg-logrotator/config/config.default.js",
    "start": 1648537124144,
    "end": 1648537124145,
    "duration": 1,
    "pid": 12396,
    "index": 15
  },
  {
    "name": "Require(12) node_modules/egg-static/config/config.default.js",
    "start": 1648537124145,
    "end": 1648537124145,
    "duration": 0,
    "pid": 12396,
    "index": 16
  },
  {
    "name": "Require(13) node_modules/egg-view/config/config.default.js",
    "start": 1648537124145,
    "end": 1648537124146,
    "duration": 1,
    "pid": 12396,
    "index": 17
  },
  {
    "name": "Require(14) node_modules/egg-mongoose/config/config.default.js",
    "start": 1648537124146,
    "end": 1648537124146,
    "duration": 0,
    "pid": 12396,
    "index": 18
  },
  {
    "name": "Require(15) node_modules/egg-validate/config/config.default.js",
    "start": 1648537124146,
    "end": 1648537124147,
    "duration": 1,
    "pid": 12396,
    "index": 19
  },
  {
    "name": "Require(16) node_modules/egg-cors/config/config.default.js",
    "start": 1648537124147,
    "end": 1648537124147,
    "duration": 0,
    "pid": 12396,
    "index": 20
  },
  {
    "name": "Require(17) node_modules/egg/config/config.default.js",
    "start": 1648537124147,
    "end": 1648537124148,
    "duration": 1,
    "pid": 12396,
    "index": 21
  },
  {
    "name": "Require(18) config/config.default.js",
    "start": 1648537124148,
    "end": 1648537124148,
    "duration": 0,
    "pid": 12396,
    "index": 22
  },
  {
    "name": "Require(19) node_modules/egg-security/config/config.local.js",
    "start": 1648537124149,
    "end": 1648537124150,
    "duration": 1,
    "pid": 12396,
    "index": 23
  },
  {
    "name": "Require(20) node_modules/egg-watcher/config/config.local.js",
    "start": 1648537124152,
    "end": 1648537124152,
    "duration": 0,
    "pid": 12396,
    "index": 24
  },
  {
    "name": "Require(21) node_modules/egg-view/config/config.local.js",
    "start": 1648537124153,
    "end": 1648537124153,
    "duration": 0,
    "pid": 12396,
    "index": 25
  },
  {
    "name": "Require(22) node_modules/egg/config/config.local.js",
    "start": 1648537124153,
    "end": 1648537124154,
    "duration": 1,
    "pid": 12396,
    "index": 26
  },
  {
    "name": "Require(23) config/config.local.js",
    "start": 1648537124154,
    "end": 1648537124154,
    "duration": 0,
    "pid": 12396,
    "index": 27
  },
  {
    "name": "Load extend/application.js",
    "start": 1648537124154,
    "end": 1648537124188,
    "duration": 34,
    "pid": 12396,
    "index": 28
  },
  {
    "name": "Require(24) node_modules/egg-session/app/extend/application.js",
    "start": 1648537124155,
    "end": 1648537124155,
    "duration": 0,
    "pid": 12396,
    "index": 29
  },
  {
    "name": "Require(25) node_modules/egg-security/app/extend/application.js",
    "start": 1648537124155,
    "end": 1648537124156,
    "duration": 1,
    "pid": 12396,
    "index": 30
  },
  {
    "name": "Require(26) node_modules/egg-jsonp/app/extend/application.js",
    "start": 1648537124156,
    "end": 1648537124157,
    "duration": 1,
    "pid": 12396,
    "index": 31
  },
  {
    "name": "Require(27) node_modules/egg-logrotator/app/extend/application.js",
    "start": 1648537124157,
    "end": 1648537124158,
    "duration": 1,
    "pid": 12396,
    "index": 32
  },
  {
    "name": "Require(28) node_modules/egg-view/app/extend/application.js",
    "start": 1648537124159,
    "end": 1648537124159,
    "duration": 0,
    "pid": 12396,
    "index": 33
  },
  {
    "name": "Require(29) app/extend/application.js",
    "start": 1648537124160,
    "end": 1648537124187,
    "duration": 27,
    "pid": 12396,
    "index": 34
  },
  {
    "name": "Load extend/request.js",
    "start": 1648537124188,
    "end": 1648537124191,
    "duration": 3,
    "pid": 12396,
    "index": 35
  },
  {
    "name": "Require(30) node_modules/egg/app/extend/request.js",
    "start": 1648537124189,
    "end": 1648537124190,
    "duration": 1,
    "pid": 12396,
    "index": 36
  },
  {
    "name": "Load extend/response.js",
    "start": 1648537124191,
    "end": 1648537124195,
    "duration": 4,
    "pid": 12396,
    "index": 37
  },
  {
    "name": "Require(31) node_modules/egg/app/extend/response.js",
    "start": 1648537124193,
    "end": 1648537124193,
    "duration": 0,
    "pid": 12396,
    "index": 38
  },
  {
    "name": "Load extend/context.js",
    "start": 1648537124195,
    "end": 1648537124237,
    "duration": 42,
    "pid": 12396,
    "index": 39
  },
  {
    "name": "Require(32) node_modules/egg-security/app/extend/context.js",
    "start": 1648537124195,
    "end": 1648537124200,
    "duration": 5,
    "pid": 12396,
    "index": 40
  },
  {
    "name": "Require(33) node_modules/egg-jsonp/app/extend/context.js",
    "start": 1648537124200,
    "end": 1648537124201,
    "duration": 1,
    "pid": 12396,
    "index": 41
  },
  {
    "name": "Require(34) node_modules/egg-i18n/app/extend/context.js",
    "start": 1648537124201,
    "end": 1648537124202,
    "duration": 1,
    "pid": 12396,
    "index": 42
  },
  {
    "name": "Require(35) node_modules/egg-multipart/app/extend/context.js",
    "start": 1648537124202,
    "end": 1648537124233,
    "duration": 31,
    "pid": 12396,
    "index": 43
  },
  {
    "name": "Require(36) node_modules/egg-view/app/extend/context.js",
    "start": 1648537124234,
    "end": 1648537124234,
    "duration": 0,
    "pid": 12396,
    "index": 44
  },
  {
    "name": "Require(37) node_modules/egg-mongoose/app/extend/context.js",
    "start": 1648537124235,
    "end": 1648537124235,
    "duration": 0,
    "pid": 12396,
    "index": 45
  },
  {
    "name": "Require(38) node_modules/egg-validate/app/extend/context.js",
    "start": 1648537124235,
    "end": 1648537124235,
    "duration": 0,
    "pid": 12396,
    "index": 46
  },
  {
    "name": "Require(39) node_modules/egg/app/extend/context.js",
    "start": 1648537124235,
    "end": 1648537124236,
    "duration": 1,
    "pid": 12396,
    "index": 47
  },
  {
    "name": "Load extend/helper.js",
    "start": 1648537124237,
    "end": 1648537124250,
    "duration": 13,
    "pid": 12396,
    "index": 48
  },
  {
    "name": "Require(40) node_modules/egg-security/app/extend/helper.js",
    "start": 1648537124238,
    "end": 1648537124247,
    "duration": 9,
    "pid": 12396,
    "index": 49
  },
  {
    "name": "Require(41) node_modules/egg/app/extend/helper.js",
    "start": 1648537124248,
    "end": 1648537124248,
    "duration": 0,
    "pid": 12396,
    "index": 50
  },
  {
    "name": "Require(42) app/extend/helper.js",
    "start": 1648537124249,
    "end": 1648537124249,
    "duration": 0,
    "pid": 12396,
    "index": 51
  },
  {
    "name": "Load app.js",
    "start": 1648537124251,
    "end": 1648537124273,
    "duration": 22,
    "pid": 12396,
    "index": 52
  },
  {
    "name": "Require(43) node_modules/egg-session/app.js",
    "start": 1648537124251,
    "end": 1648537124251,
    "duration": 0,
    "pid": 12396,
    "index": 53
  },
  {
    "name": "Require(44) node_modules/egg-security/app.js",
    "start": 1648537124251,
    "end": 1648537124252,
    "duration": 1,
    "pid": 12396,
    "index": 54
  },
  {
    "name": "Require(45) node_modules/egg-onerror/app.js",
    "start": 1648537124252,
    "end": 1648537124256,
    "duration": 4,
    "pid": 12396,
    "index": 55
  },
  {
    "name": "Require(46) node_modules/egg-i18n/app.js",
    "start": 1648537124257,
    "end": 1648537124266,
    "duration": 9,
    "pid": 12396,
    "index": 56
  },
  {
    "name": "Require(47) node_modules/egg-watcher/app.js",
    "start": 1648537124267,
    "end": 1648537124269,
    "duration": 2,
    "pid": 12396,
    "index": 57
  },
  {
    "name": "Require(48) node_modules/egg-schedule/app.js",
    "start": 1648537124269,
    "end": 1648537124270,
    "duration": 1,
    "pid": 12396,
    "index": 58
  },
  {
    "name": "Require(49) node_modules/egg-multipart/app.js",
    "start": 1648537124270,
    "end": 1648537124270,
    "duration": 0,
    "pid": 12396,
    "index": 59
  },
  {
    "name": "Require(50) node_modules/egg-development/app.js",
    "start": 1648537124270,
    "end": 1648537124270,
    "duration": 0,
    "pid": 12396,
    "index": 60
  },
  {
    "name": "Require(51) node_modules/egg-logrotator/app.js",
    "start": 1648537124271,
    "end": 1648537124271,
    "duration": 0,
    "pid": 12396,
    "index": 61
  },
  {
    "name": "Require(52) node_modules/egg-static/app.js",
    "start": 1648537124271,
    "end": 1648537124271,
    "duration": 0,
    "pid": 12396,
    "index": 62
  },
  {
    "name": "Require(53) node_modules/egg-mongoose/app.js",
    "start": 1648537124271,
    "end": 1648537124272,
    "duration": 1,
    "pid": 12396,
    "index": 63
  },
  {
    "name": "Require(54) node_modules/egg-validate/app.js",
    "start": 1648537124272,
    "end": 1648537124273,
    "duration": 1,
    "pid": 12396,
    "index": 64
  },
  {
    "name": "Require(55) node_modules/egg-cors/app.js",
    "start": 1648537124273,
    "end": 1648537124273,
    "duration": 0,
    "pid": 12396,
    "index": 65
  },
  {
    "name": "Before Start in node_modules/egg-watcher/lib/init.js:15:14",
    "start": 1648537124280,
    "end": 1648537124651,
    "duration": 371,
    "pid": 12396,
    "index": 66
  },
  {
    "name": "Before Start in node_modules/egg-mongoose/lib/mongoose.js:104:7",
    "start": 1648537124531,
    "end": 1648537124650,
    "duration": 119,
    "pid": 12396,
    "index": 67
  },
  {
    "name": "Before Start in node_modules/egg-mongoose/lib/mongoose.js:52:9",
    "start": 1648537124532,
    "end": 1648537124639,
    "duration": 107,
    "pid": 12396,
    "index": 68
  },
  {
    "name": "Load Service",
    "start": 1648537124532,
    "end": 1648537124552,
    "duration": 20,
    "pid": 12396,
    "index": 69
  },
  {
    "name": "Load \"service\" to Context",
    "start": 1648537124532,
    "end": 1648537124552,
    "duration": 20,
    "pid": 12396,
    "index": 70
  },
  {
    "name": "Load Middleware",
    "start": 1648537124552,
    "end": 1648537124617,
    "duration": 65,
    "pid": 12396,
    "index": 71
  },
  {
    "name": "Load \"middlewares\" to Application",
    "start": 1648537124552,
    "end": 1648537124611,
    "duration": 59,
    "pid": 12396,
    "index": 72
  },
  {
    "name": "Load Controller",
    "start": 1648537124617,
    "end": 1648537124619,
    "duration": 2,
    "pid": 12396,
    "index": 73
  },
  {
    "name": "Load \"controller\" to Application",
    "start": 1648537124617,
    "end": 1648537124619,
    "duration": 2,
    "pid": 12396,
    "index": 74
  },
  {
    "name": "Load Router",
    "start": 1648537124619,
    "end": 1648537124621,
    "duration": 2,
    "pid": 12396,
    "index": 75
  },
  {
    "name": "Require(56) app/router.js",
    "start": 1648537124619,
    "end": 1648537124620,
    "duration": 1,
    "pid": 12396,
    "index": 76
  },
  {
    "name": "Before Start in node_modules/egg-core/lib/egg.js:303:10",
    "start": 1648537124620,
    "end": 1648537124639,
    "duration": 19,
    "pid": 12396,
    "index": 77
  },
  {
    "name": "Load \"model\" to Application",
    "start": 1648537124627,
    "end": 1648537124639,
    "duration": 12,
    "pid": 12396,
    "index": 78
  }
]