[
  {
    "name": "Process Start",
    "start": 1648462574981,
    "end": 1648462575671,
    "duration": 690,
    "pid": 34124,
    "index": 0
  },
  {
    "name": "Application Start",
    "start": 1648462575672,
    "end": 1648462576211,
    "duration": 539,
    "pid": 34124,
    "index": 1
  },
  {
    "name": "Load Plugin",
    "start": 1648462575675,
    "end": 1648462575685,
    "duration": 10,
    "pid": 34124,
    "index": 2
  },
  {
    "name": "Load Config",
    "start": 1648462575685,
    "end": 1648462575700,
    "duration": 15,
    "pid": 34124,
    "index": 3
  },
  {
    "name": "Require(0) config/config.default.js",
    "start": 1648462575685,
    "end": 1648462575685,
    "duration": 0,
    "pid": 34124,
    "index": 4
  },
  {
    "name": "Require(1) config/config.local.js",
    "start": 1648462575686,
    "end": 1648462575686,
    "duration": 0,
    "pid": 34124,
    "index": 5
  },
  {
    "name": "Require(2) node_modules/egg-session/config/config.default.js",
    "start": 1648462575687,
    "end": 1648462575687,
    "duration": 0,
    "pid": 34124,
    "index": 6
  },
  {
    "name": "Require(3) node_modules/egg-security/config/config.default.js",
    "start": 1648462575687,
    "end": 1648462575688,
    "duration": 1,
    "pid": 34124,
    "index": 7
  },
  {
    "name": "Require(4) node_modules/egg-jsonp/config/config.default.js",
    "start": 1648462575688,
    "end": 1648462575689,
    "duration": 1,
    "pid": 34124,
    "index": 8
  },
  {
    "name": "Require(5) node_modules/egg-onerror/config/config.default.js",
    "start": 1648462575689,
    "end": 1648462575689,
    "duration": 0,
    "pid": 34124,
    "index": 9
  },
  {
    "name": "Require(6) node_modules/egg-i18n/config/config.default.js",
    "start": 1648462575689,
    "end": 1648462575689,
    "duration": 0,
    "pid": 34124,
    "index": 10
  },
  {
    "name": "Require(7) node_modules/egg-watcher/config/config.default.js",
    "start": 1648462575690,
    "end": 1648462575690,
    "duration": 0,
    "pid": 34124,
    "index": 11
  },
  {
    "name": "Require(8) node_modules/egg-schedule/config/config.default.js",
    "start": 1648462575690,
    "end": 1648462575691,
    "duration": 1,
    "pid": 34124,
    "index": 12
  },
  {
    "name": "Require(9) node_modules/egg-multipart/config/config.default.js",
    "start": 1648462575691,
    "end": 1648462575691,
    "duration": 0,
    "pid": 34124,
    "index": 13
  },
  {
    "name": "Require(10) node_modules/egg-development/config/config.default.js",
    "start": 1648462575692,
    "end": 1648462575692,
    "duration": 0,
    "pid": 34124,
    "index": 14
  },
  {
    "name": "Require(11) node_modules/egg-logrotator/config/config.default.js",
    "start": 1648462575692,
    "end": 1648462575693,
    "duration": 1,
    "pid": 34124,
    "index": 15
  },
  {
    "name": "Require(12) node_modules/egg-static/config/config.default.js",
    "start": 1648462575693,
    "end": 1648462575693,
    "duration": 0,
    "pid": 34124,
    "index": 16
  },
  {
    "name": "Require(13) node_modules/egg-view/config/config.default.js",
    "start": 1648462575693,
    "end": 1648462575694,
    "duration": 1,
    "pid": 34124,
    "index": 17
  },
  {
    "name": "Require(14) node_modules/egg-mongoose/config/config.default.js",
    "start": 1648462575694,
    "end": 1648462575694,
    "duration": 0,
    "pid": 34124,
    "index": 18
  },
  {
    "name": "Require(15) node_modules/egg-validate/config/config.default.js",
    "start": 1648462575694,
    "end": 1648462575695,
    "duration": 1,
    "pid": 34124,
    "index": 19
  },
  {
    "name": "Require(16) node_modules/egg-cors/config/config.default.js",
    "start": 1648462575695,
    "end": 1648462575695,
    "duration": 0,
    "pid": 34124,
    "index": 20
  },
  {
    "name": "Require(17) node_modules/egg/config/config.default.js",
    "start": 1648462575695,
    "end": 1648462575696,
    "duration": 1,
    "pid": 34124,
    "index": 21
  },
  {
    "name": "Require(18) config/config.default.js",
    "start": 1648462575696,
    "end": 1648462575696,
    "duration": 0,
    "pid": 34124,
    "index": 22
  },
  {
    "name": "Require(19) node_modules/egg-security/config/config.local.js",
    "start": 1648462575697,
    "end": 1648462575698,
    "duration": 1,
    "pid": 34124,
    "index": 23
  },
  {
    "name": "Require(20) node_modules/egg-watcher/config/config.local.js",
    "start": 1648462575698,
    "end": 1648462575698,
    "duration": 0,
    "pid": 34124,
    "index": 24
  },
  {
    "name": "Require(21) node_modules/egg-view/config/config.local.js",
    "start": 1648462575699,
    "end": 1648462575699,
    "duration": 0,
    "pid": 34124,
    "index": 25
  },
  {
    "name": "Require(22) node_modules/egg/config/config.local.js",
    "start": 1648462575700,
    "end": 1648462575700,
    "duration": 0,
    "pid": 34124,
    "index": 26
  },
  {
    "name": "Require(23) config/config.local.js",
    "start": 1648462575700,
    "end": 1648462575700,
    "duration": 0,
    "pid": 34124,
    "index": 27
  },
  {
    "name": "Load extend/application.js",
    "start": 1648462575701,
    "end": 1648462575738,
    "duration": 37,
    "pid": 34124,
    "index": 28
  },
  {
    "name": "Require(24) node_modules/egg-session/app/extend/application.js",
    "start": 1648462575701,
    "end": 1648462575701,
    "duration": 0,
    "pid": 34124,
    "index": 29
  },
  {
    "name": "Require(25) node_modules/egg-security/app/extend/application.js",
    "start": 1648462575701,
    "end": 1648462575702,
    "duration": 1,
    "pid": 34124,
    "index": 30
  },
  {
    "name": "Require(26) node_modules/egg-jsonp/app/extend/application.js",
    "start": 1648462575702,
    "end": 1648462575703,
    "duration": 1,
    "pid": 34124,
    "index": 31
  },
  {
    "name": "Require(27) node_modules/egg-logrotator/app/extend/application.js",
    "start": 1648462575704,
    "end": 1648462575705,
    "duration": 1,
    "pid": 34124,
    "index": 32
  },
  {
    "name": "Require(28) node_modules/egg-view/app/extend/application.js",
    "start": 1648462575705,
    "end": 1648462575706,
    "duration": 1,
    "pid": 34124,
    "index": 33
  },
  {
    "name": "Require(29) app/extend/application.js",
    "start": 1648462575706,
    "end": 1648462575736,
    "duration": 30,
    "pid": 34124,
    "index": 34
  },
  {
    "name": "Load extend/request.js",
    "start": 1648462575738,
    "end": 1648462575741,
    "duration": 3,
    "pid": 34124,
    "index": 35
  },
  {
    "name": "Require(30) node_modules/egg/app/extend/request.js",
    "start": 1648462575739,
    "end": 1648462575740,
    "duration": 1,
    "pid": 34124,
    "index": 36
  },
  {
    "name": "Load extend/response.js",
    "start": 1648462575741,
    "end": 1648462575745,
    "duration": 4,
    "pid": 34124,
    "index": 37
  },
  {
    "name": "Require(31) node_modules/egg/app/extend/response.js",
    "start": 1648462575743,
    "end": 1648462575743,
    "duration": 0,
    "pid": 34124,
    "index": 38
  },
  {
    "name": "Load extend/context.js",
    "start": 1648462575745,
    "end": 1648462575787,
    "duration": 42,
    "pid": 34124,
    "index": 39
  },
  {
    "name": "Require(32) node_modules/egg-security/app/extend/context.js",
    "start": 1648462575745,
    "end": 1648462575749,
    "duration": 4,
    "pid": 34124,
    "index": 40
  },
  {
    "name": "Require(33) node_modules/egg-jsonp/app/extend/context.js",
    "start": 1648462575750,
    "end": 1648462575750,
    "duration": 0,
    "pid": 34124,
    "index": 41
  },
  {
    "name": "Require(34) node_modules/egg-i18n/app/extend/context.js",
    "start": 1648462575751,
    "end": 1648462575751,
    "duration": 0,
    "pid": 34124,
    "index": 42
  },
  {
    "name": "Require(35) node_modules/egg-multipart/app/extend/context.js",
    "start": 1648462575752,
    "end": 1648462575779,
    "duration": 27,
    "pid": 34124,
    "index": 43
  },
  {
    "name": "Require(36) node_modules/egg-view/app/extend/context.js",
    "start": 1648462575779,
    "end": 1648462575780,
    "duration": 1,
    "pid": 34124,
    "index": 44
  },
  {
    "name": "Require(37) node_modules/egg-mongoose/app/extend/context.js",
    "start": 1648462575780,
    "end": 1648462575781,
    "duration": 1,
    "pid": 34124,
    "index": 45
  },
  {
    "name": "Require(38) node_modules/egg-validate/app/extend/context.js",
    "start": 1648462575781,
    "end": 1648462575782,
    "duration": 1,
    "pid": 34124,
    "index": 46
  },
  {
    "name": "Require(39) node_modules/egg/app/extend/context.js",
    "start": 1648462575782,
    "end": 1648462575784,
    "duration": 2,
    "pid": 34124,
    "index": 47
  },
  {
    "name": "Load extend/helper.js",
    "start": 1648462575787,
    "end": 1648462575812,
    "duration": 25,
    "pid": 34124,
    "index": 48
  },
  {
    "name": "Require(40) node_modules/egg-security/app/extend/helper.js",
    "start": 1648462575788,
    "end": 1648462575808,
    "duration": 20,
    "pid": 34124,
    "index": 49
  },
  {
    "name": "Require(41) node_modules/egg/app/extend/helper.js",
    "start": 1648462575810,
    "end": 1648462575811,
    "duration": 1,
    "pid": 34124,
    "index": 50
  },
  {
    "name": "Require(42) app/extend/helper.js",
    "start": 1648462575811,
    "end": 1648462575811,
    "duration": 0,
    "pid": 34124,
    "index": 51
  },
  {
    "name": "Load app.js",
    "start": 1648462575812,
    "end": 1648462575834,
    "duration": 22,
    "pid": 34124,
    "index": 52
  },
  {
    "name": "Require(43) node_modules/egg-session/app.js",
    "start": 1648462575813,
    "end": 1648462575813,
    "duration": 0,
    "pid": 34124,
    "index": 53
  },
  {
    "name": "Require(44) node_modules/egg-security/app.js",
    "start": 1648462575813,
    "end": 1648462575814,
    "duration": 1,
    "pid": 34124,
    "index": 54
  },
  {
    "name": "Require(45) node_modules/egg-onerror/app.js",
    "start": 1648462575814,
    "end": 1648462575818,
    "duration": 4,
    "pid": 34124,
    "index": 55
  },
  {
    "name": "Require(46) node_modules/egg-i18n/app.js",
    "start": 1648462575818,
    "end": 1648462575827,
    "duration": 9,
    "pid": 34124,
    "index": 56
  },
  {
    "name": "Require(47) node_modules/egg-watcher/app.js",
    "start": 1648462575827,
    "end": 1648462575829,
    "duration": 2,
    "pid": 34124,
    "index": 57
  },
  {
    "name": "Require(48) node_modules/egg-schedule/app.js",
    "start": 1648462575829,
    "end": 1648462575830,
    "duration": 1,
    "pid": 34124,
    "index": 58
  },
  {
    "name": "Require(49) node_modules/egg-multipart/app.js",
    "start": 1648462575830,
    "end": 1648462575830,
    "duration": 0,
    "pid": 34124,
    "index": 59
  },
  {
    "name": "Require(50) node_modules/egg-development/app.js",
    "start": 1648462575831,
    "end": 1648462575831,
    "duration": 0,
    "pid": 34124,
    "index": 60
  },
  {
    "name": "Require(51) node_modules/egg-logrotator/app.js",
    "start": 1648462575831,
    "end": 1648462575831,
    "duration": 0,
    "pid": 34124,
    "index": 61
  },
  {
    "name": "Require(52) node_modules/egg-static/app.js",
    "start": 1648462575831,
    "end": 1648462575831,
    "duration": 0,
    "pid": 34124,
    "index": 62
  },
  {
    "name": "Require(53) node_modules/egg-mongoose/app.js",
    "start": 1648462575832,
    "end": 1648462575832,
    "duration": 0,
    "pid": 34124,
    "index": 63
  },
  {
    "name": "Require(54) node_modules/egg-validate/app.js",
    "start": 1648462575832,
    "end": 1648462575833,
    "duration": 1,
    "pid": 34124,
    "index": 64
  },
  {
    "name": "Require(55) node_modules/egg-cors/app.js",
    "start": 1648462575833,
    "end": 1648462575833,
    "duration": 0,
    "pid": 34124,
    "index": 65
  },
  {
    "name": "Before Start in node_modules/egg-watcher/lib/init.js:15:14",
    "start": 1648462575840,
    "end": 1648462576211,
    "duration": 371,
    "pid": 34124,
    "index": 66
  },
  {
    "name": "Before Start in node_modules/egg-mongoose/lib/mongoose.js:104:7",
    "start": 1648462576097,
    "end": 1648462576210,
    "duration": 113,
    "pid": 34124,
    "index": 67
  },
  {
    "name": "Before Start in node_modules/egg-mongoose/lib/mongoose.js:52:9",
    "start": 1648462576097,
    "end": 1648462576199,
    "duration": 102,
    "pid": 34124,
    "index": 68
  },
  {
    "name": "Load Service",
    "start": 1648462576097,
    "end": 1648462576116,
    "duration": 19,
    "pid": 34124,
    "index": 69
  },
  {
    "name": "Load \"service\" to Context",
    "start": 1648462576097,
    "end": 1648462576116,
    "duration": 19,
    "pid": 34124,
    "index": 70
  },
  {
    "name": "Load Middleware",
    "start": 1648462576116,
    "end": 1648462576176,
    "duration": 60,
    "pid": 34124,
    "index": 71
  },
  {
    "name": "Load \"middlewares\" to Application",
    "start": 1648462576116,
    "end": 1648462576170,
    "duration": 54,
    "pid": 34124,
    "index": 72
  },
  {
    "name": "Load Controller",
    "start": 1648462576176,
    "end": 1648462576178,
    "duration": 2,
    "pid": 34124,
    "index": 73
  },
  {
    "name": "Load \"controller\" to Application",
    "start": 1648462576176,
    "end": 1648462576178,
    "duration": 2,
    "pid": 34124,
    "index": 74
  },
  {
    "name": "Load Router",
    "start": 1648462576178,
    "end": 1648462576180,
    "duration": 2,
    "pid": 34124,
    "index": 75
  },
  {
    "name": "Require(56) app/router.js",
    "start": 1648462576178,
    "end": 1648462576178,
    "duration": 0,
    "pid": 34124,
    "index": 76
  },
  {
    "name": "Before Start in node_modules/egg-core/lib/egg.js:303:10",
    "start": 1648462576178,
    "end": 1648462576199,
    "duration": 21,
    "pid": 34124,
    "index": 77
  },
  {
    "name": "Load \"model\" to Application",
    "start": 1648462576187,
    "end": 1648462576198,
    "duration": 11,
    "pid": 34124,
    "index": 78
  }
]