[
  {
    "name": "Process Start",
    "start": 1648462479040,
    "end": 1648462479720,
    "duration": 680,
    "pid": 32288,
    "index": 0
  },
  {
    "name": "Application Start",
    "start": 1648462479720,
    "end": 1648462480210,
    "duration": 490,
    "pid": 32288,
    "index": 1
  },
  {
    "name": "Load Plugin",
    "start": 1648462479723,
    "end": 1648462479732,
    "duration": 9,
    "pid": 32288,
    "index": 2
  },
  {
    "name": "Load Config",
    "start": 1648462479733,
    "end": 1648462479747,
    "duration": 14,
    "pid": 32288,
    "index": 3
  },
  {
    "name": "Require(0) config/config.default.js",
    "start": 1648462479733,
    "end": 1648462479733,
    "duration": 0,
    "pid": 32288,
    "index": 4
  },
  {
    "name": "Require(1) config/config.local.js",
    "start": 1648462479734,
    "end": 1648462479734,
    "duration": 0,
    "pid": 32288,
    "index": 5
  },
  {
    "name": "Require(2) node_modules/egg-session/config/config.default.js",
    "start": 1648462479735,
    "end": 1648462479735,
    "duration": 0,
    "pid": 32288,
    "index": 6
  },
  {
    "name": "Require(3) node_modules/egg-security/config/config.default.js",
    "start": 1648462479735,
    "end": 1648462479735,
    "duration": 0,
    "pid": 32288,
    "index": 7
  },
  {
    "name": "Require(4) node_modules/egg-jsonp/config/config.default.js",
    "start": 1648462479736,
    "end": 1648462479736,
    "duration": 0,
    "pid": 32288,
    "index": 8
  },
  {
    "name": "Require(5) node_modules/egg-onerror/config/config.default.js",
    "start": 1648462479736,
    "end": 1648462479736,
    "duration": 0,
    "pid": 32288,
    "index": 9
  },
  {
    "name": "Require(6) node_modules/egg-i18n/config/config.default.js",
    "start": 1648462479737,
    "end": 1648462479737,
    "duration": 0,
    "pid": 32288,
    "index": 10
  },
  {
    "name": "Require(7) node_modules/egg-watcher/config/config.default.js",
    "start": 1648462479737,
    "end": 1648462479738,
    "duration": 1,
    "pid": 32288,
    "index": 11
  },
  {
    "name": "Require(8) node_modules/egg-schedule/config/config.default.js",
    "start": 1648462479738,
    "end": 1648462479738,
    "duration": 0,
    "pid": 32288,
    "index": 12
  },
  {
    "name": "Require(9) node_modules/egg-multipart/config/config.default.js",
    "start": 1648462479738,
    "end": 1648462479739,
    "duration": 1,
    "pid": 32288,
    "index": 13
  },
  {
    "name": "Require(10) node_modules/egg-development/config/config.default.js",
    "start": 1648462479739,
    "end": 1648462479739,
    "duration": 0,
    "pid": 32288,
    "index": 14
  },
  {
    "name": "Require(11) node_modules/egg-logrotator/config/config.default.js",
    "start": 1648462479739,
    "end": 1648462479740,
    "duration": 1,
    "pid": 32288,
    "index": 15
  },
  {
    "name": "Require(12) node_modules/egg-static/config/config.default.js",
    "start": 1648462479740,
    "end": 1648462479740,
    "duration": 0,
    "pid": 32288,
    "index": 16
  },
  {
    "name": "Require(13) node_modules/egg-view/config/config.default.js",
    "start": 1648462479740,
    "end": 1648462479741,
    "duration": 1,
    "pid": 32288,
    "index": 17
  },
  {
    "name": "Require(14) node_modules/egg-mongoose/config/config.default.js",
    "start": 1648462479741,
    "end": 1648462479741,
    "duration": 0,
    "pid": 32288,
    "index": 18
  },
  {
    "name": "Require(15) node_modules/egg-validate/config/config.default.js",
    "start": 1648462479741,
    "end": 1648462479742,
    "duration": 1,
    "pid": 32288,
    "index": 19
  },
  {
    "name": "Require(16) node_modules/egg-cors/config/config.default.js",
    "start": 1648462479742,
    "end": 1648462479742,
    "duration": 0,
    "pid": 32288,
    "index": 20
  },
  {
    "name": "Require(17) node_modules/egg/config/config.default.js",
    "start": 1648462479742,
    "end": 1648462479742,
    "duration": 0,
    "pid": 32288,
    "index": 21
  },
  {
    "name": "Require(18) config/config.default.js",
    "start": 1648462479743,
    "end": 1648462479743,
    "duration": 0,
    "pid": 32288,
    "index": 22
  },
  {
    "name": "Require(19) node_modules/egg-security/config/config.local.js",
    "start": 1648462479744,
    "end": 1648462479745,
    "duration": 1,
    "pid": 32288,
    "index": 23
  },
  {
    "name": "Require(20) node_modules/egg-watcher/config/config.local.js",
    "start": 1648462479745,
    "end": 1648462479745,
    "duration": 0,
    "pid": 32288,
    "index": 24
  },
  {
    "name": "Require(21) node_modules/egg-view/config/config.local.js",
    "start": 1648462479746,
    "end": 1648462479746,
    "duration": 0,
    "pid": 32288,
    "index": 25
  },
  {
    "name": "Require(22) node_modules/egg/config/config.local.js",
    "start": 1648462479747,
    "end": 1648462479747,
    "duration": 0,
    "pid": 32288,
    "index": 26
  },
  {
    "name": "Require(23) config/config.local.js",
    "start": 1648462479747,
    "end": 1648462479747,
    "duration": 0,
    "pid": 32288,
    "index": 27
  },
  {
    "name": "Load extend/application.js",
    "start": 1648462479747,
    "end": 1648462479783,
    "duration": 36,
    "pid": 32288,
    "index": 28
  },
  {
    "name": "Require(24) node_modules/egg-session/app/extend/application.js",
    "start": 1648462479748,
    "end": 1648462479748,
    "duration": 0,
    "pid": 32288,
    "index": 29
  },
  {
    "name": "Require(25) node_modules/egg-security/app/extend/application.js",
    "start": 1648462479748,
    "end": 1648462479749,
    "duration": 1,
    "pid": 32288,
    "index": 30
  },
  {
    "name": "Require(26) node_modules/egg-jsonp/app/extend/application.js",
    "start": 1648462479749,
    "end": 1648462479750,
    "duration": 1,
    "pid": 32288,
    "index": 31
  },
  {
    "name": "Require(27) node_modules/egg-logrotator/app/extend/application.js",
    "start": 1648462479751,
    "end": 1648462479751,
    "duration": 0,
    "pid": 32288,
    "index": 32
  },
  {
    "name": "Require(28) node_modules/egg-view/app/extend/application.js",
    "start": 1648462479752,
    "end": 1648462479752,
    "duration": 0,
    "pid": 32288,
    "index": 33
  },
  {
    "name": "Require(29) app/extend/application.js",
    "start": 1648462479753,
    "end": 1648462479781,
    "duration": 28,
    "pid": 32288,
    "index": 34
  },
  {
    "name": "Load extend/request.js",
    "start": 1648462479783,
    "end": 1648462479786,
    "duration": 3,
    "pid": 32288,
    "index": 35
  },
  {
    "name": "Require(30) node_modules/egg/app/extend/request.js",
    "start": 1648462479784,
    "end": 1648462479785,
    "duration": 1,
    "pid": 32288,
    "index": 36
  },
  {
    "name": "Load extend/response.js",
    "start": 1648462479786,
    "end": 1648462479789,
    "duration": 3,
    "pid": 32288,
    "index": 37
  },
  {
    "name": "Require(31) node_modules/egg/app/extend/response.js",
    "start": 1648462479787,
    "end": 1648462479788,
    "duration": 1,
    "pid": 32288,
    "index": 38
  },
  {
    "name": "Load extend/context.js",
    "start": 1648462479789,
    "end": 1648462479825,
    "duration": 36,
    "pid": 32288,
    "index": 39
  },
  {
    "name": "Require(32) node_modules/egg-security/app/extend/context.js",
    "start": 1648462479790,
    "end": 1648462479794,
    "duration": 4,
    "pid": 32288,
    "index": 40
  },
  {
    "name": "Require(33) node_modules/egg-jsonp/app/extend/context.js",
    "start": 1648462479794,
    "end": 1648462479795,
    "duration": 1,
    "pid": 32288,
    "index": 41
  },
  {
    "name": "Require(34) node_modules/egg-i18n/app/extend/context.js",
    "start": 1648462479795,
    "end": 1648462479795,
    "duration": 0,
    "pid": 32288,
    "index": 42
  },
  {
    "name": "Require(35) node_modules/egg-multipart/app/extend/context.js",
    "start": 1648462479795,
    "end": 1648462479822,
    "duration": 27,
    "pid": 32288,
    "index": 43
  },
  {
    "name": "Require(36) node_modules/egg-view/app/extend/context.js",
    "start": 1648462479822,
    "end": 1648462479822,
    "duration": 0,
    "pid": 32288,
    "index": 44
  },
  {
    "name": "Require(37) node_modules/egg-mongoose/app/extend/context.js",
    "start": 1648462479823,
    "end": 1648462479823,
    "duration": 0,
    "pid": 32288,
    "index": 45
  },
  {
    "name": "Require(38) node_modules/egg-validate/app/extend/context.js",
    "start": 1648462479823,
    "end": 1648462479823,
    "duration": 0,
    "pid": 32288,
    "index": 46
  },
  {
    "name": "Require(39) node_modules/egg/app/extend/context.js",
    "start": 1648462479823,
    "end": 1648462479824,
    "duration": 1,
    "pid": 32288,
    "index": 47
  },
  {
    "name": "Load extend/helper.js",
    "start": 1648462479825,
    "end": 1648462479837,
    "duration": 12,
    "pid": 32288,
    "index": 48
  },
  {
    "name": "Require(40) node_modules/egg-security/app/extend/helper.js",
    "start": 1648462479826,
    "end": 1648462479834,
    "duration": 8,
    "pid": 32288,
    "index": 49
  },
  {
    "name": "Require(41) node_modules/egg/app/extend/helper.js",
    "start": 1648462479835,
    "end": 1648462479835,
    "duration": 0,
    "pid": 32288,
    "index": 50
  },
  {
    "name": "Require(42) app/extend/helper.js",
    "start": 1648462479835,
    "end": 1648462479835,
    "duration": 0,
    "pid": 32288,
    "index": 51
  },
  {
    "name": "Load app.js",
    "start": 1648462479837,
    "end": 1648462479858,
    "duration": 21,
    "pid": 32288,
    "index": 52
  },
  {
    "name": "Require(43) node_modules/egg-session/app.js",
    "start": 1648462479837,
    "end": 1648462479837,
    "duration": 0,
    "pid": 32288,
    "index": 53
  },
  {
    "name": "Require(44) node_modules/egg-security/app.js",
    "start": 1648462479838,
    "end": 1648462479838,
    "duration": 0,
    "pid": 32288,
    "index": 54
  },
  {
    "name": "Require(45) node_modules/egg-onerror/app.js",
    "start": 1648462479838,
    "end": 1648462479842,
    "duration": 4,
    "pid": 32288,
    "index": 55
  },
  {
    "name": "Require(46) node_modules/egg-i18n/app.js",
    "start": 1648462479843,
    "end": 1648462479852,
    "duration": 9,
    "pid": 32288,
    "index": 56
  },
  {
    "name": "Require(47) node_modules/egg-watcher/app.js",
    "start": 1648462479852,
    "end": 1648462479854,
    "duration": 2,
    "pid": 32288,
    "index": 57
  },
  {
    "name": "Require(48) node_modules/egg-schedule/app.js",
    "start": 1648462479854,
    "end": 1648462479854,
    "duration": 0,
    "pid": 32288,
    "index": 58
  },
  {
    "name": "Require(49) node_modules/egg-multipart/app.js",
    "start": 1648462479855,
    "end": 1648462479855,
    "duration": 0,
    "pid": 32288,
    "index": 59
  },
  {
    "name": "Require(50) node_modules/egg-development/app.js",
    "start": 1648462479855,
    "end": 1648462479855,
    "duration": 0,
    "pid": 32288,
    "index": 60
  },
  {
    "name": "Require(51) node_modules/egg-logrotator/app.js",
    "start": 1648462479855,
    "end": 1648462479856,
    "duration": 1,
    "pid": 32288,
    "index": 61
  },
  {
    "name": "Require(52) node_modules/egg-static/app.js",
    "start": 1648462479856,
    "end": 1648462479856,
    "duration": 0,
    "pid": 32288,
    "index": 62
  },
  {
    "name": "Require(53) node_modules/egg-mongoose/app.js",
    "start": 1648462479856,
    "end": 1648462479856,
    "duration": 0,
    "pid": 32288,
    "index": 63
  },
  {
    "name": "Require(54) node_modules/egg-validate/app.js",
    "start": 1648462479857,
    "end": 1648462479857,
    "duration": 0,
    "pid": 32288,
    "index": 64
  },
  {
    "name": "Require(55) node_modules/egg-cors/app.js",
    "start": 1648462479858,
    "end": 1648462479858,
    "duration": 0,
    "pid": 32288,
    "index": 65
  },
  {
    "name": "Before Start in node_modules/egg-watcher/lib/init.js:15:14",
    "start": 1648462479864,
    "end": 1648462480210,
    "duration": 346,
    "pid": 32288,
    "index": 66
  },
  {
    "name": "Before Start in node_modules/egg-mongoose/lib/mongoose.js:104:7",
    "start": 1648462480097,
    "end": 1648462480209,
    "duration": 112,
    "pid": 32288,
    "index": 67
  },
  {
    "name": "Before Start in node_modules/egg-mongoose/lib/mongoose.js:52:9",
    "start": 1648462480098,
    "end": 1648462480198,
    "duration": 100,
    "pid": 32288,
    "index": 68
  },
  {
    "name": "Load Service",
    "start": 1648462480098,
    "end": 1648462480116,
    "duration": 18,
    "pid": 32288,
    "index": 69
  },
  {
    "name": "Load \"service\" to Context",
    "start": 1648462480098,
    "end": 1648462480116,
    "duration": 18,
    "pid": 32288,
    "index": 70
  },
  {
    "name": "Load Middleware",
    "start": 1648462480116,
    "end": 1648462480175,
    "duration": 59,
    "pid": 32288,
    "index": 71
  },
  {
    "name": "Load \"middlewares\" to Application",
    "start": 1648462480116,
    "end": 1648462480169,
    "duration": 53,
    "pid": 32288,
    "index": 72
  },
  {
    "name": "Load Controller",
    "start": 1648462480175,
    "end": 1648462480179,
    "duration": 4,
    "pid": 32288,
    "index": 73
  },
  {
    "name": "Load \"controller\" to Application",
    "start": 1648462480175,
    "end": 1648462480179,
    "duration": 4,
    "pid": 32288,
    "index": 74
  },
  {
    "name": "Load Router",
    "start": 1648462480179,
    "end": 1648462480181,
    "duration": 2,
    "pid": 32288,
    "index": 75
  },
  {
    "name": "Require(56) app/router.js",
    "start": 1648462480179,
    "end": 1648462480179,
    "duration": 0,
    "pid": 32288,
    "index": 76
  },
  {
    "name": "Before Start in node_modules/egg-core/lib/egg.js:303:10",
    "start": 1648462480179,
    "end": 1648462480198,
    "duration": 19,
    "pid": 32288,
    "index": 77
  },
  {
    "name": "Load \"model\" to Application",
    "start": 1648462480186,
    "end": 1648462480197,
    "duration": 11,
    "pid": 32288,
    "index": 78
  }
]