[
  {
    "name": "Process Start",
    "start": 1648545340426,
    "end": 1648545341131,
    "duration": 705,
    "pid": 34916,
    "index": 0
  },
  {
    "name": "Application Start",
    "start": 1648545341132,
    "end": 1648545341640,
    "duration": 508,
    "pid": 34916,
    "index": 1
  },
  {
    "name": "Load Plugin",
    "start": 1648545341134,
    "end": 1648545341144,
    "duration": 10,
    "pid": 34916,
    "index": 2
  },
  {
    "name": "Load Config",
    "start": 1648545341144,
    "end": 1648545341160,
    "duration": 16,
    "pid": 34916,
    "index": 3
  },
  {
    "name": "Require(0) config/config.default.js",
    "start": 1648545341145,
    "end": 1648545341145,
    "duration": 0,
    "pid": 34916,
    "index": 4
  },
  {
    "name": "Require(1) config/config.local.js",
    "start": 1648545341146,
    "end": 1648545341146,
    "duration": 0,
    "pid": 34916,
    "index": 5
  },
  {
    "name": "Require(2) node_modules/egg-session/config/config.default.js",
    "start": 1648545341146,
    "end": 1648545341147,
    "duration": 1,
    "pid": 34916,
    "index": 6
  },
  {
    "name": "Require(3) node_modules/egg-security/config/config.default.js",
    "start": 1648545341147,
    "end": 1648545341147,
    "duration": 0,
    "pid": 34916,
    "index": 7
  },
  {
    "name": "Require(4) node_modules/egg-jsonp/config/config.default.js",
    "start": 1648545341148,
    "end": 1648545341148,
    "duration": 0,
    "pid": 34916,
    "index": 8
  },
  {
    "name": "Require(5) node_modules/egg-onerror/config/config.default.js",
    "start": 1648545341148,
    "end": 1648545341149,
    "duration": 1,
    "pid": 34916,
    "index": 9
  },
  {
    "name": "Require(6) node_modules/egg-i18n/config/config.default.js",
    "start": 1648545341149,
    "end": 1648545341149,
    "duration": 0,
    "pid": 34916,
    "index": 10
  },
  {
    "name": "Require(7) node_modules/egg-watcher/config/config.default.js",
    "start": 1648545341149,
    "end": 1648545341150,
    "duration": 1,
    "pid": 34916,
    "index": 11
  },
  {
    "name": "Require(8) node_modules/egg-schedule/config/config.default.js",
    "start": 1648545341150,
    "end": 1648545341150,
    "duration": 0,
    "pid": 34916,
    "index": 12
  },
  {
    "name": "Require(9) node_modules/egg-multipart/config/config.default.js",
    "start": 1648545341150,
    "end": 1648545341151,
    "duration": 1,
    "pid": 34916,
    "index": 13
  },
  {
    "name": "Require(10) node_modules/egg-development/config/config.default.js",
    "start": 1648545341151,
    "end": 1648545341151,
    "duration": 0,
    "pid": 34916,
    "index": 14
  },
  {
    "name": "Require(11) node_modules/egg-logrotator/config/config.default.js",
    "start": 1648545341151,
    "end": 1648545341152,
    "duration": 1,
    "pid": 34916,
    "index": 15
  },
  {
    "name": "Require(12) node_modules/egg-static/config/config.default.js",
    "start": 1648545341152,
    "end": 1648545341152,
    "duration": 0,
    "pid": 34916,
    "index": 16
  },
  {
    "name": "Require(13) node_modules/egg-view/config/config.default.js",
    "start": 1648545341152,
    "end": 1648545341153,
    "duration": 1,
    "pid": 34916,
    "index": 17
  },
  {
    "name": "Require(14) node_modules/egg-mongoose/config/config.default.js",
    "start": 1648545341153,
    "end": 1648545341153,
    "duration": 0,
    "pid": 34916,
    "index": 18
  },
  {
    "name": "Require(15) node_modules/egg-validate/config/config.default.js",
    "start": 1648545341153,
    "end": 1648545341154,
    "duration": 1,
    "pid": 34916,
    "index": 19
  },
  {
    "name": "Require(16) node_modules/egg-cors/config/config.default.js",
    "start": 1648545341154,
    "end": 1648545341154,
    "duration": 0,
    "pid": 34916,
    "index": 20
  },
  {
    "name": "Require(17) node_modules/egg/config/config.default.js",
    "start": 1648545341154,
    "end": 1648545341154,
    "duration": 0,
    "pid": 34916,
    "index": 21
  },
  {
    "name": "Require(18) config/config.default.js",
    "start": 1648545341155,
    "end": 1648545341155,
    "duration": 0,
    "pid": 34916,
    "index": 22
  },
  {
    "name": "Require(19) node_modules/egg-security/config/config.local.js",
    "start": 1648545341157,
    "end": 1648545341158,
    "duration": 1,
    "pid": 34916,
    "index": 23
  },
  {
    "name": "Require(20) node_modules/egg-watcher/config/config.local.js",
    "start": 1648545341159,
    "end": 1648545341159,
    "duration": 0,
    "pid": 34916,
    "index": 24
  },
  {
    "name": "Require(21) node_modules/egg-view/config/config.local.js",
    "start": 1648545341160,
    "end": 1648545341160,
    "duration": 0,
    "pid": 34916,
    "index": 25
  },
  {
    "name": "Require(22) node_modules/egg/config/config.local.js",
    "start": 1648545341160,
    "end": 1648545341160,
    "duration": 0,
    "pid": 34916,
    "index": 26
  },
  {
    "name": "Require(23) config/config.local.js",
    "start": 1648545341160,
    "end": 1648545341160,
    "duration": 0,
    "pid": 34916,
    "index": 27
  },
  {
    "name": "Load extend/application.js",
    "start": 1648545341161,
    "end": 1648545341195,
    "duration": 34,
    "pid": 34916,
    "index": 28
  },
  {
    "name": "Require(24) node_modules/egg-session/app/extend/application.js",
    "start": 1648545341162,
    "end": 1648545341162,
    "duration": 0,
    "pid": 34916,
    "index": 29
  },
  {
    "name": "Require(25) node_modules/egg-security/app/extend/application.js",
    "start": 1648545341162,
    "end": 1648545341163,
    "duration": 1,
    "pid": 34916,
    "index": 30
  },
  {
    "name": "Require(26) node_modules/egg-jsonp/app/extend/application.js",
    "start": 1648545341163,
    "end": 1648545341164,
    "duration": 1,
    "pid": 34916,
    "index": 31
  },
  {
    "name": "Require(27) node_modules/egg-logrotator/app/extend/application.js",
    "start": 1648545341165,
    "end": 1648545341166,
    "duration": 1,
    "pid": 34916,
    "index": 32
  },
  {
    "name": "Require(28) node_modules/egg-view/app/extend/application.js",
    "start": 1648545341166,
    "end": 1648545341167,
    "duration": 1,
    "pid": 34916,
    "index": 33
  },
  {
    "name": "Require(29) app/extend/application.js",
    "start": 1648545341167,
    "end": 1648545341194,
    "duration": 27,
    "pid": 34916,
    "index": 34
  },
  {
    "name": "Load extend/request.js",
    "start": 1648545341195,
    "end": 1648545341198,
    "duration": 3,
    "pid": 34916,
    "index": 35
  },
  {
    "name": "Require(30) node_modules/egg/app/extend/request.js",
    "start": 1648545341197,
    "end": 1648545341197,
    "duration": 0,
    "pid": 34916,
    "index": 36
  },
  {
    "name": "Load extend/response.js",
    "start": 1648545341199,
    "end": 1648545341202,
    "duration": 3,
    "pid": 34916,
    "index": 37
  },
  {
    "name": "Require(31) node_modules/egg/app/extend/response.js",
    "start": 1648545341200,
    "end": 1648545341200,
    "duration": 0,
    "pid": 34916,
    "index": 38
  },
  {
    "name": "Load extend/context.js",
    "start": 1648545341202,
    "end": 1648545341239,
    "duration": 37,
    "pid": 34916,
    "index": 39
  },
  {
    "name": "Require(32) node_modules/egg-security/app/extend/context.js",
    "start": 1648545341202,
    "end": 1648545341206,
    "duration": 4,
    "pid": 34916,
    "index": 40
  },
  {
    "name": "Require(33) node_modules/egg-jsonp/app/extend/context.js",
    "start": 1648545341207,
    "end": 1648545341207,
    "duration": 0,
    "pid": 34916,
    "index": 41
  },
  {
    "name": "Require(34) node_modules/egg-i18n/app/extend/context.js",
    "start": 1648545341208,
    "end": 1648545341208,
    "duration": 0,
    "pid": 34916,
    "index": 42
  },
  {
    "name": "Require(35) node_modules/egg-multipart/app/extend/context.js",
    "start": 1648545341208,
    "end": 1648545341235,
    "duration": 27,
    "pid": 34916,
    "index": 43
  },
  {
    "name": "Require(36) node_modules/egg-view/app/extend/context.js",
    "start": 1648545341235,
    "end": 1648545341236,
    "duration": 1,
    "pid": 34916,
    "index": 44
  },
  {
    "name": "Require(37) node_modules/egg-mongoose/app/extend/context.js",
    "start": 1648545341236,
    "end": 1648545341236,
    "duration": 0,
    "pid": 34916,
    "index": 45
  },
  {
    "name": "Require(38) node_modules/egg-validate/app/extend/context.js",
    "start": 1648545341236,
    "end": 1648545341236,
    "duration": 0,
    "pid": 34916,
    "index": 46
  },
  {
    "name": "Require(39) node_modules/egg/app/extend/context.js",
    "start": 1648545341237,
    "end": 1648545341237,
    "duration": 0,
    "pid": 34916,
    "index": 47
  },
  {
    "name": "Load extend/helper.js",
    "start": 1648545341239,
    "end": 1648545341250,
    "duration": 11,
    "pid": 34916,
    "index": 48
  },
  {
    "name": "Require(40) node_modules/egg-security/app/extend/helper.js",
    "start": 1648545341239,
    "end": 1648545341247,
    "duration": 8,
    "pid": 34916,
    "index": 49
  },
  {
    "name": "Require(41) node_modules/egg/app/extend/helper.js",
    "start": 1648545341248,
    "end": 1648545341248,
    "duration": 0,
    "pid": 34916,
    "index": 50
  },
  {
    "name": "Require(42) app/extend/helper.js",
    "start": 1648545341249,
    "end": 1648545341249,
    "duration": 0,
    "pid": 34916,
    "index": 51
  },
  {
    "name": "Load app.js",
    "start": 1648545341250,
    "end": 1648545341271,
    "duration": 21,
    "pid": 34916,
    "index": 52
  },
  {
    "name": "Require(43) node_modules/egg-session/app.js",
    "start": 1648545341251,
    "end": 1648545341251,
    "duration": 0,
    "pid": 34916,
    "index": 53
  },
  {
    "name": "Require(44) node_modules/egg-security/app.js",
    "start": 1648545341251,
    "end": 1648545341252,
    "duration": 1,
    "pid": 34916,
    "index": 54
  },
  {
    "name": "Require(45) node_modules/egg-onerror/app.js",
    "start": 1648545341252,
    "end": 1648545341256,
    "duration": 4,
    "pid": 34916,
    "index": 55
  },
  {
    "name": "Require(46) node_modules/egg-i18n/app.js",
    "start": 1648545341256,
    "end": 1648545341265,
    "duration": 9,
    "pid": 34916,
    "index": 56
  },
  {
    "name": "Require(47) node_modules/egg-watcher/app.js",
    "start": 1648545341265,
    "end": 1648545341267,
    "duration": 2,
    "pid": 34916,
    "index": 57
  },
  {
    "name": "Require(48) node_modules/egg-schedule/app.js",
    "start": 1648545341267,
    "end": 1648545341268,
    "duration": 1,
    "pid": 34916,
    "index": 58
  },
  {
    "name": "Require(49) node_modules/egg-multipart/app.js",
    "start": 1648545341268,
    "end": 1648545341268,
    "duration": 0,
    "pid": 34916,
    "index": 59
  },
  {
    "name": "Require(50) node_modules/egg-development/app.js",
    "start": 1648545341268,
    "end": 1648545341268,
    "duration": 0,
    "pid": 34916,
    "index": 60
  },
  {
    "name": "Require(51) node_modules/egg-logrotator/app.js",
    "start": 1648545341268,
    "end": 1648545341269,
    "duration": 1,
    "pid": 34916,
    "index": 61
  },
  {
    "name": "Require(52) node_modules/egg-static/app.js",
    "start": 1648545341269,
    "end": 1648545341269,
    "duration": 0,
    "pid": 34916,
    "index": 62
  },
  {
    "name": "Require(53) node_modules/egg-mongoose/app.js",
    "start": 1648545341269,
    "end": 1648545341269,
    "duration": 0,
    "pid": 34916,
    "index": 63
  },
  {
    "name": "Require(54) node_modules/egg-validate/app.js",
    "start": 1648545341270,
    "end": 1648545341270,
    "duration": 0,
    "pid": 34916,
    "index": 64
  },
  {
    "name": "Require(55) node_modules/egg-cors/app.js",
    "start": 1648545341271,
    "end": 1648545341271,
    "duration": 0,
    "pid": 34916,
    "index": 65
  },
  {
    "name": "Before Start in node_modules/egg-watcher/lib/init.js:15:14",
    "start": 1648545341278,
    "end": 1648545341640,
    "duration": 362,
    "pid": 34916,
    "index": 66
  },
  {
    "name": "Before Start in node_modules/egg-mongoose/lib/mongoose.js:104:7",
    "start": 1648545341516,
    "end": 1648545341638,
    "duration": 122,
    "pid": 34916,
    "index": 67
  },
  {
    "name": "Before Start in node_modules/egg-mongoose/lib/mongoose.js:52:9",
    "start": 1648545341516,
    "end": 1648545341627,
    "duration": 111,
    "pid": 34916,
    "index": 68
  },
  {
    "name": "Load Service",
    "start": 1648545341516,
    "end": 1648545341537,
    "duration": 21,
    "pid": 34916,
    "index": 69
  },
  {
    "name": "Load \"service\" to Context",
    "start": 1648545341516,
    "end": 1648545341537,
    "duration": 21,
    "pid": 34916,
    "index": 70
  },
  {
    "name": "Load Middleware",
    "start": 1648545341537,
    "end": 1648545341603,
    "duration": 66,
    "pid": 34916,
    "index": 71
  },
  {
    "name": "Load \"middlewares\" to Application",
    "start": 1648545341538,
    "end": 1648545341597,
    "duration": 59,
    "pid": 34916,
    "index": 72
  },
  {
    "name": "Load Controller",
    "start": 1648545341604,
    "end": 1648545341606,
    "duration": 2,
    "pid": 34916,
    "index": 73
  },
  {
    "name": "Load \"controller\" to Application",
    "start": 1648545341604,
    "end": 1648545341606,
    "duration": 2,
    "pid": 34916,
    "index": 74
  },
  {
    "name": "Load Router",
    "start": 1648545341606,
    "end": 1648545341608,
    "duration": 2,
    "pid": 34916,
    "index": 75
  },
  {
    "name": "Require(56) app/router.js",
    "start": 1648545341606,
    "end": 1648545341606,
    "duration": 0,
    "pid": 34916,
    "index": 76
  },
  {
    "name": "Before Start in node_modules/egg-core/lib/egg.js:303:10",
    "start": 1648545341606,
    "end": 1648545341627,
    "duration": 21,
    "pid": 34916,
    "index": 77
  },
  {
    "name": "Load \"model\" to Application",
    "start": 1648545341613,
    "end": 1648545341626,
    "duration": 13,
    "pid": 34916,
    "index": 78
  }
]