[
  {
    "name": "Process Start",
    "start": 1648545660881,
    "end": 1648545661655,
    "duration": 774,
    "pid": 39168,
    "index": 0
  },
  {
    "name": "Application Start",
    "start": 1648545661655,
    "end": 1648545662198,
    "duration": 543,
    "pid": 39168,
    "index": 1
  },
  {
    "name": "Load Plugin",
    "start": 1648545661658,
    "end": 1648545661669,
    "duration": 11,
    "pid": 39168,
    "index": 2
  },
  {
    "name": "Load Config",
    "start": 1648545661669,
    "end": 1648545661686,
    "duration": 17,
    "pid": 39168,
    "index": 3
  },
  {
    "name": "Require(0) config/config.default.js",
    "start": 1648545661669,
    "end": 1648545661669,
    "duration": 0,
    "pid": 39168,
    "index": 4
  },
  {
    "name": "Require(1) config/config.local.js",
    "start": 1648545661670,
    "end": 1648545661670,
    "duration": 0,
    "pid": 39168,
    "index": 5
  },
  {
    "name": "Require(2) node_modules/egg-session/config/config.default.js",
    "start": 1648545661671,
    "end": 1648545661671,
    "duration": 0,
    "pid": 39168,
    "index": 6
  },
  {
    "name": "Require(3) node_modules/egg-security/config/config.default.js",
    "start": 1648545661671,
    "end": 1648545661672,
    "duration": 1,
    "pid": 39168,
    "index": 7
  },
  {
    "name": "Require(4) node_modules/egg-jsonp/config/config.default.js",
    "start": 1648545661672,
    "end": 1648545661672,
    "duration": 0,
    "pid": 39168,
    "index": 8
  },
  {
    "name": "Require(5) node_modules/egg-onerror/config/config.default.js",
    "start": 1648545661673,
    "end": 1648545661673,
    "duration": 0,
    "pid": 39168,
    "index": 9
  },
  {
    "name": "Require(6) node_modules/egg-i18n/config/config.default.js",
    "start": 1648545661673,
    "end": 1648545661673,
    "duration": 0,
    "pid": 39168,
    "index": 10
  },
  {
    "name": "Require(7) node_modules/egg-watcher/config/config.default.js",
    "start": 1648545661674,
    "end": 1648545661674,
    "duration": 0,
    "pid": 39168,
    "index": 11
  },
  {
    "name": "Require(8) node_modules/egg-schedule/config/config.default.js",
    "start": 1648545661674,
    "end": 1648545661675,
    "duration": 1,
    "pid": 39168,
    "index": 12
  },
  {
    "name": "Require(9) node_modules/egg-multipart/config/config.default.js",
    "start": 1648545661675,
    "end": 1648545661675,
    "duration": 0,
    "pid": 39168,
    "index": 13
  },
  {
    "name": "Require(10) node_modules/egg-development/config/config.default.js",
    "start": 1648545661676,
    "end": 1648545661676,
    "duration": 0,
    "pid": 39168,
    "index": 14
  },
  {
    "name": "Require(11) node_modules/egg-logrotator/config/config.default.js",
    "start": 1648545661676,
    "end": 1648545661676,
    "duration": 0,
    "pid": 39168,
    "index": 15
  },
  {
    "name": "Require(12) node_modules/egg-static/config/config.default.js",
    "start": 1648545661677,
    "end": 1648545661677,
    "duration": 0,
    "pid": 39168,
    "index": 16
  },
  {
    "name": "Require(13) node_modules/egg-view/config/config.default.js",
    "start": 1648545661677,
    "end": 1648545661677,
    "duration": 0,
    "pid": 39168,
    "index": 17
  },
  {
    "name": "Require(14) node_modules/egg-mongoose/config/config.default.js",
    "start": 1648545661678,
    "end": 1648545661678,
    "duration": 0,
    "pid": 39168,
    "index": 18
  },
  {
    "name": "Require(15) node_modules/egg-validate/config/config.default.js",
    "start": 1648545661678,
    "end": 1648545661678,
    "duration": 0,
    "pid": 39168,
    "index": 19
  },
  {
    "name": "Require(16) node_modules/egg-cors/config/config.default.js",
    "start": 1648545661679,
    "end": 1648545661679,
    "duration": 0,
    "pid": 39168,
    "index": 20
  },
  {
    "name": "Require(17) node_modules/egg/config/config.default.js",
    "start": 1648545661679,
    "end": 1648545661679,
    "duration": 0,
    "pid": 39168,
    "index": 21
  },
  {
    "name": "Require(18) config/config.default.js",
    "start": 1648545661680,
    "end": 1648545661680,
    "duration": 0,
    "pid": 39168,
    "index": 22
  },
  {
    "name": "Require(19) node_modules/egg-security/config/config.local.js",
    "start": 1648545661681,
    "end": 1648545661682,
    "duration": 1,
    "pid": 39168,
    "index": 23
  },
  {
    "name": "Require(20) node_modules/egg-watcher/config/config.local.js",
    "start": 1648545661682,
    "end": 1648545661682,
    "duration": 0,
    "pid": 39168,
    "index": 24
  },
  {
    "name": "Require(21) node_modules/egg-view/config/config.local.js",
    "start": 1648545661685,
    "end": 1648545661685,
    "duration": 0,
    "pid": 39168,
    "index": 25
  },
  {
    "name": "Require(22) node_modules/egg/config/config.local.js",
    "start": 1648545661686,
    "end": 1648545661686,
    "duration": 0,
    "pid": 39168,
    "index": 26
  },
  {
    "name": "Require(23) config/config.local.js",
    "start": 1648545661686,
    "end": 1648545661686,
    "duration": 0,
    "pid": 39168,
    "index": 27
  },
  {
    "name": "Load extend/application.js",
    "start": 1648545661687,
    "end": 1648545661724,
    "duration": 37,
    "pid": 39168,
    "index": 28
  },
  {
    "name": "Require(24) node_modules/egg-session/app/extend/application.js",
    "start": 1648545661688,
    "end": 1648545661688,
    "duration": 0,
    "pid": 39168,
    "index": 29
  },
  {
    "name": "Require(25) node_modules/egg-security/app/extend/application.js",
    "start": 1648545661688,
    "end": 1648545661689,
    "duration": 1,
    "pid": 39168,
    "index": 30
  },
  {
    "name": "Require(26) node_modules/egg-jsonp/app/extend/application.js",
    "start": 1648545661689,
    "end": 1648545661690,
    "duration": 1,
    "pid": 39168,
    "index": 31
  },
  {
    "name": "Require(27) node_modules/egg-logrotator/app/extend/application.js",
    "start": 1648545661691,
    "end": 1648545661692,
    "duration": 1,
    "pid": 39168,
    "index": 32
  },
  {
    "name": "Require(28) node_modules/egg-view/app/extend/application.js",
    "start": 1648545661692,
    "end": 1648545661693,
    "duration": 1,
    "pid": 39168,
    "index": 33
  },
  {
    "name": "Require(29) app/extend/application.js",
    "start": 1648545661693,
    "end": 1648545661722,
    "duration": 29,
    "pid": 39168,
    "index": 34
  },
  {
    "name": "Load extend/request.js",
    "start": 1648545661724,
    "end": 1648545661727,
    "duration": 3,
    "pid": 39168,
    "index": 35
  },
  {
    "name": "Require(30) node_modules/egg/app/extend/request.js",
    "start": 1648545661725,
    "end": 1648545661726,
    "duration": 1,
    "pid": 39168,
    "index": 36
  },
  {
    "name": "Load extend/response.js",
    "start": 1648545661727,
    "end": 1648545661731,
    "duration": 4,
    "pid": 39168,
    "index": 37
  },
  {
    "name": "Require(31) node_modules/egg/app/extend/response.js",
    "start": 1648545661728,
    "end": 1648545661729,
    "duration": 1,
    "pid": 39168,
    "index": 38
  },
  {
    "name": "Load extend/context.js",
    "start": 1648545661731,
    "end": 1648545661769,
    "duration": 38,
    "pid": 39168,
    "index": 39
  },
  {
    "name": "Require(32) node_modules/egg-security/app/extend/context.js",
    "start": 1648545661731,
    "end": 1648545661735,
    "duration": 4,
    "pid": 39168,
    "index": 40
  },
  {
    "name": "Require(33) node_modules/egg-jsonp/app/extend/context.js",
    "start": 1648545661736,
    "end": 1648545661736,
    "duration": 0,
    "pid": 39168,
    "index": 41
  },
  {
    "name": "Require(34) node_modules/egg-i18n/app/extend/context.js",
    "start": 1648545661737,
    "end": 1648545661737,
    "duration": 0,
    "pid": 39168,
    "index": 42
  },
  {
    "name": "Require(35) node_modules/egg-multipart/app/extend/context.js",
    "start": 1648545661737,
    "end": 1648545661765,
    "duration": 28,
    "pid": 39168,
    "index": 43
  },
  {
    "name": "Require(36) node_modules/egg-view/app/extend/context.js",
    "start": 1648545661765,
    "end": 1648545661766,
    "duration": 1,
    "pid": 39168,
    "index": 44
  },
  {
    "name": "Require(37) node_modules/egg-mongoose/app/extend/context.js",
    "start": 1648545661766,
    "end": 1648545661766,
    "duration": 0,
    "pid": 39168,
    "index": 45
  },
  {
    "name": "Require(38) node_modules/egg-validate/app/extend/context.js",
    "start": 1648545661767,
    "end": 1648545661767,
    "duration": 0,
    "pid": 39168,
    "index": 46
  },
  {
    "name": "Require(39) node_modules/egg/app/extend/context.js",
    "start": 1648545661767,
    "end": 1648545661767,
    "duration": 0,
    "pid": 39168,
    "index": 47
  },
  {
    "name": "Load extend/helper.js",
    "start": 1648545661769,
    "end": 1648545661781,
    "duration": 12,
    "pid": 39168,
    "index": 48
  },
  {
    "name": "Require(40) node_modules/egg-security/app/extend/helper.js",
    "start": 1648545661769,
    "end": 1648545661778,
    "duration": 9,
    "pid": 39168,
    "index": 49
  },
  {
    "name": "Require(41) node_modules/egg/app/extend/helper.js",
    "start": 1648545661779,
    "end": 1648545661779,
    "duration": 0,
    "pid": 39168,
    "index": 50
  },
  {
    "name": "Require(42) app/extend/helper.js",
    "start": 1648545661779,
    "end": 1648545661780,
    "duration": 1,
    "pid": 39168,
    "index": 51
  },
  {
    "name": "Load app.js",
    "start": 1648545661781,
    "end": 1648545661805,
    "duration": 24,
    "pid": 39168,
    "index": 52
  },
  {
    "name": "Require(43) node_modules/egg-session/app.js",
    "start": 1648545661781,
    "end": 1648545661782,
    "duration": 1,
    "pid": 39168,
    "index": 53
  },
  {
    "name": "Require(44) node_modules/egg-security/app.js",
    "start": 1648545661782,
    "end": 1648545661783,
    "duration": 1,
    "pid": 39168,
    "index": 54
  },
  {
    "name": "Require(45) node_modules/egg-onerror/app.js",
    "start": 1648545661783,
    "end": 1648545661787,
    "duration": 4,
    "pid": 39168,
    "index": 55
  },
  {
    "name": "Require(46) node_modules/egg-i18n/app.js",
    "start": 1648545661787,
    "end": 1648545661797,
    "duration": 10,
    "pid": 39168,
    "index": 56
  },
  {
    "name": "Require(47) node_modules/egg-watcher/app.js",
    "start": 1648545661798,
    "end": 1648545661799,
    "duration": 1,
    "pid": 39168,
    "index": 57
  },
  {
    "name": "Require(48) node_modules/egg-schedule/app.js",
    "start": 1648545661800,
    "end": 1648545661801,
    "duration": 1,
    "pid": 39168,
    "index": 58
  },
  {
    "name": "Require(49) node_modules/egg-multipart/app.js",
    "start": 1648545661801,
    "end": 1648545661801,
    "duration": 0,
    "pid": 39168,
    "index": 59
  },
  {
    "name": "Require(50) node_modules/egg-development/app.js",
    "start": 1648545661801,
    "end": 1648545661802,
    "duration": 1,
    "pid": 39168,
    "index": 60
  },
  {
    "name": "Require(51) node_modules/egg-logrotator/app.js",
    "start": 1648545661802,
    "end": 1648545661802,
    "duration": 0,
    "pid": 39168,
    "index": 61
  },
  {
    "name": "Require(52) node_modules/egg-static/app.js",
    "start": 1648545661802,
    "end": 1648545661802,
    "duration": 0,
    "pid": 39168,
    "index": 62
  },
  {
    "name": "Require(53) node_modules/egg-mongoose/app.js",
    "start": 1648545661803,
    "end": 1648545661803,
    "duration": 0,
    "pid": 39168,
    "index": 63
  },
  {
    "name": "Require(54) node_modules/egg-validate/app.js",
    "start": 1648545661803,
    "end": 1648545661804,
    "duration": 1,
    "pid": 39168,
    "index": 64
  },
  {
    "name": "Require(55) node_modules/egg-cors/app.js",
    "start": 1648545661804,
    "end": 1648545661804,
    "duration": 0,
    "pid": 39168,
    "index": 65
  },
  {
    "name": "Before Start in node_modules/egg-watcher/lib/init.js:15:14",
    "start": 1648545661811,
    "end": 1648545662197,
    "duration": 386,
    "pid": 39168,
    "index": 66
  },
  {
    "name": "Before Start in node_modules/egg-mongoose/lib/mongoose.js:104:7",
    "start": 1648545662073,
    "end": 1648545662196,
    "duration": 123,
    "pid": 39168,
    "index": 67
  },
  {
    "name": "Before Start in node_modules/egg-mongoose/lib/mongoose.js:52:9",
    "start": 1648545662073,
    "end": 1648545662185,
    "duration": 112,
    "pid": 39168,
    "index": 68
  },
  {
    "name": "Load Service",
    "start": 1648545662073,
    "end": 1648545662093,
    "duration": 20,
    "pid": 39168,
    "index": 69
  },
  {
    "name": "Load \"service\" to Context",
    "start": 1648545662073,
    "end": 1648545662093,
    "duration": 20,
    "pid": 39168,
    "index": 70
  },
  {
    "name": "Load Middleware",
    "start": 1648545662093,
    "end": 1648545662161,
    "duration": 68,
    "pid": 39168,
    "index": 71
  },
  {
    "name": "Load \"middlewares\" to Application",
    "start": 1648545662093,
    "end": 1648545662154,
    "duration": 61,
    "pid": 39168,
    "index": 72
  },
  {
    "name": "Load Controller",
    "start": 1648545662161,
    "end": 1648545662164,
    "duration": 3,
    "pid": 39168,
    "index": 73
  },
  {
    "name": "Load \"controller\" to Application",
    "start": 1648545662161,
    "end": 1648545662164,
    "duration": 3,
    "pid": 39168,
    "index": 74
  },
  {
    "name": "Load Router",
    "start": 1648545662164,
    "end": 1648545662166,
    "duration": 2,
    "pid": 39168,
    "index": 75
  },
  {
    "name": "Require(56) app/router.js",
    "start": 1648545662164,
    "end": 1648545662164,
    "duration": 0,
    "pid": 39168,
    "index": 76
  },
  {
    "name": "Before Start in node_modules/egg-core/lib/egg.js:303:10",
    "start": 1648545662164,
    "end": 1648545662185,
    "duration": 21,
    "pid": 39168,
    "index": 77
  },
  {
    "name": "Load \"model\" to Application",
    "start": 1648545662171,
    "end": 1648545662184,
    "duration": 13,
    "pid": 39168,
    "index": 78
  }
]