[
  {
    "name": "Process Start",
    "start": 1648460202996,
    "end": 1648460203671,
    "duration": 675,
    "pid": 36240,
    "index": 0
  },
  {
    "name": "Application Start",
    "start": 1648460203672,
    "end": 1648460204226,
    "duration": 554,
    "pid": 36240,
    "index": 1
  },
  {
    "name": "Load Plugin",
    "start": 1648460203674,
    "end": 1648460203685,
    "duration": 11,
    "pid": 36240,
    "index": 2
  },
  {
    "name": "Load Config",
    "start": 1648460203685,
    "end": 1648460203702,
    "duration": 17,
    "pid": 36240,
    "index": 3
  },
  {
    "name": "Require(0) config/config.default.js",
    "start": 1648460203685,
    "end": 1648460203685,
    "duration": 0,
    "pid": 36240,
    "index": 4
  },
  {
    "name": "Require(1) config/config.local.js",
    "start": 1648460203686,
    "end": 1648460203686,
    "duration": 0,
    "pid": 36240,
    "index": 5
  },
  {
    "name": "Require(2) node_modules/egg-session/config/config.default.js",
    "start": 1648460203687,
    "end": 1648460203687,
    "duration": 0,
    "pid": 36240,
    "index": 6
  },
  {
    "name": "Require(3) node_modules/egg-security/config/config.default.js",
    "start": 1648460203687,
    "end": 1648460203687,
    "duration": 0,
    "pid": 36240,
    "index": 7
  },
  {
    "name": "Require(4) node_modules/egg-jsonp/config/config.default.js",
    "start": 1648460203688,
    "end": 1648460203688,
    "duration": 0,
    "pid": 36240,
    "index": 8
  },
  {
    "name": "Require(5) node_modules/egg-onerror/config/config.default.js",
    "start": 1648460203688,
    "end": 1648460203689,
    "duration": 1,
    "pid": 36240,
    "index": 9
  },
  {
    "name": "Require(6) node_modules/egg-i18n/config/config.default.js",
    "start": 1648460203689,
    "end": 1648460203689,
    "duration": 0,
    "pid": 36240,
    "index": 10
  },
  {
    "name": "Require(7) node_modules/egg-watcher/config/config.default.js",
    "start": 1648460203690,
    "end": 1648460203690,
    "duration": 0,
    "pid": 36240,
    "index": 11
  },
  {
    "name": "Require(8) node_modules/egg-schedule/config/config.default.js",
    "start": 1648460203690,
    "end": 1648460203690,
    "duration": 0,
    "pid": 36240,
    "index": 12
  },
  {
    "name": "Require(9) node_modules/egg-multipart/config/config.default.js",
    "start": 1648460203691,
    "end": 1648460203691,
    "duration": 0,
    "pid": 36240,
    "index": 13
  },
  {
    "name": "Require(10) node_modules/egg-development/config/config.default.js",
    "start": 1648460203691,
    "end": 1648460203691,
    "duration": 0,
    "pid": 36240,
    "index": 14
  },
  {
    "name": "Require(11) node_modules/egg-logrotator/config/config.default.js",
    "start": 1648460203692,
    "end": 1648460203692,
    "duration": 0,
    "pid": 36240,
    "index": 15
  },
  {
    "name": "Require(12) node_modules/egg-static/config/config.default.js",
    "start": 1648460203692,
    "end": 1648460203692,
    "duration": 0,
    "pid": 36240,
    "index": 16
  },
  {
    "name": "Require(13) node_modules/egg-view/config/config.default.js",
    "start": 1648460203693,
    "end": 1648460203693,
    "duration": 0,
    "pid": 36240,
    "index": 17
  },
  {
    "name": "Require(14) node_modules/egg-mongoose/config/config.default.js",
    "start": 1648460203693,
    "end": 1648460203694,
    "duration": 1,
    "pid": 36240,
    "index": 18
  },
  {
    "name": "Require(15) node_modules/egg-validate/config/config.default.js",
    "start": 1648460203694,
    "end": 1648460203694,
    "duration": 0,
    "pid": 36240,
    "index": 19
  },
  {
    "name": "Require(16) node_modules/egg-cors/config/config.default.js",
    "start": 1648460203694,
    "end": 1648460203694,
    "duration": 0,
    "pid": 36240,
    "index": 20
  },
  {
    "name": "Require(17) node_modules/egg/config/config.default.js",
    "start": 1648460203695,
    "end": 1648460203695,
    "duration": 0,
    "pid": 36240,
    "index": 21
  },
  {
    "name": "Require(18) config/config.default.js",
    "start": 1648460203696,
    "end": 1648460203696,
    "duration": 0,
    "pid": 36240,
    "index": 22
  },
  {
    "name": "Require(19) node_modules/egg-security/config/config.local.js",
    "start": 1648460203696,
    "end": 1648460203697,
    "duration": 1,
    "pid": 36240,
    "index": 23
  },
  {
    "name": "Require(20) node_modules/egg-watcher/config/config.local.js",
    "start": 1648460203698,
    "end": 1648460203698,
    "duration": 0,
    "pid": 36240,
    "index": 24
  },
  {
    "name": "Require(21) node_modules/egg-view/config/config.local.js",
    "start": 1648460203698,
    "end": 1648460203699,
    "duration": 1,
    "pid": 36240,
    "index": 25
  },
  {
    "name": "Require(22) node_modules/egg/config/config.local.js",
    "start": 1648460203701,
    "end": 1648460203702,
    "duration": 1,
    "pid": 36240,
    "index": 26
  },
  {
    "name": "Require(23) config/config.local.js",
    "start": 1648460203702,
    "end": 1648460203702,
    "duration": 0,
    "pid": 36240,
    "index": 27
  },
  {
    "name": "Load extend/application.js",
    "start": 1648460203702,
    "end": 1648460203738,
    "duration": 36,
    "pid": 36240,
    "index": 28
  },
  {
    "name": "Require(24) node_modules/egg-session/app/extend/application.js",
    "start": 1648460203703,
    "end": 1648460203703,
    "duration": 0,
    "pid": 36240,
    "index": 29
  },
  {
    "name": "Require(25) node_modules/egg-security/app/extend/application.js",
    "start": 1648460203703,
    "end": 1648460203704,
    "duration": 1,
    "pid": 36240,
    "index": 30
  },
  {
    "name": "Require(26) node_modules/egg-jsonp/app/extend/application.js",
    "start": 1648460203704,
    "end": 1648460203705,
    "duration": 1,
    "pid": 36240,
    "index": 31
  },
  {
    "name": "Require(27) node_modules/egg-logrotator/app/extend/application.js",
    "start": 1648460203705,
    "end": 1648460203706,
    "duration": 1,
    "pid": 36240,
    "index": 32
  },
  {
    "name": "Require(28) node_modules/egg-view/app/extend/application.js",
    "start": 1648460203706,
    "end": 1648460203707,
    "duration": 1,
    "pid": 36240,
    "index": 33
  },
  {
    "name": "Require(29) app/extend/application.js",
    "start": 1648460203708,
    "end": 1648460203736,
    "duration": 28,
    "pid": 36240,
    "index": 34
  },
  {
    "name": "Load extend/request.js",
    "start": 1648460203738,
    "end": 1648460203742,
    "duration": 4,
    "pid": 36240,
    "index": 35
  },
  {
    "name": "Require(30) node_modules/egg/app/extend/request.js",
    "start": 1648460203739,
    "end": 1648460203739,
    "duration": 0,
    "pid": 36240,
    "index": 36
  },
  {
    "name": "Load extend/response.js",
    "start": 1648460203742,
    "end": 1648460203749,
    "duration": 7,
    "pid": 36240,
    "index": 37
  },
  {
    "name": "Require(31) node_modules/egg/app/extend/response.js",
    "start": 1648460203744,
    "end": 1648460203746,
    "duration": 2,
    "pid": 36240,
    "index": 38
  },
  {
    "name": "Load extend/context.js",
    "start": 1648460203749,
    "end": 1648460203797,
    "duration": 48,
    "pid": 36240,
    "index": 39
  },
  {
    "name": "Require(32) node_modules/egg-security/app/extend/context.js",
    "start": 1648460203749,
    "end": 1648460203758,
    "duration": 9,
    "pid": 36240,
    "index": 40
  },
  {
    "name": "Require(33) node_modules/egg-jsonp/app/extend/context.js",
    "start": 1648460203759,
    "end": 1648460203760,
    "duration": 1,
    "pid": 36240,
    "index": 41
  },
  {
    "name": "Require(34) node_modules/egg-i18n/app/extend/context.js",
    "start": 1648460203761,
    "end": 1648460203761,
    "duration": 0,
    "pid": 36240,
    "index": 42
  },
  {
    "name": "Require(35) node_modules/egg-multipart/app/extend/context.js",
    "start": 1648460203762,
    "end": 1648460203793,
    "duration": 31,
    "pid": 36240,
    "index": 43
  },
  {
    "name": "Require(36) node_modules/egg-view/app/extend/context.js",
    "start": 1648460203794,
    "end": 1648460203794,
    "duration": 0,
    "pid": 36240,
    "index": 44
  },
  {
    "name": "Require(37) node_modules/egg-mongoose/app/extend/context.js",
    "start": 1648460203794,
    "end": 1648460203794,
    "duration": 0,
    "pid": 36240,
    "index": 45
  },
  {
    "name": "Require(38) node_modules/egg-validate/app/extend/context.js",
    "start": 1648460203795,
    "end": 1648460203795,
    "duration": 0,
    "pid": 36240,
    "index": 46
  },
  {
    "name": "Require(39) node_modules/egg/app/extend/context.js",
    "start": 1648460203795,
    "end": 1648460203795,
    "duration": 0,
    "pid": 36240,
    "index": 47
  },
  {
    "name": "Load extend/helper.js",
    "start": 1648460203797,
    "end": 1648460203810,
    "duration": 13,
    "pid": 36240,
    "index": 48
  },
  {
    "name": "Require(40) node_modules/egg-security/app/extend/helper.js",
    "start": 1648460203797,
    "end": 1648460203806,
    "duration": 9,
    "pid": 36240,
    "index": 49
  },
  {
    "name": "Require(41) node_modules/egg/app/extend/helper.js",
    "start": 1648460203808,
    "end": 1648460203808,
    "duration": 0,
    "pid": 36240,
    "index": 50
  },
  {
    "name": "Require(42) app/extend/helper.js",
    "start": 1648460203808,
    "end": 1648460203808,
    "duration": 0,
    "pid": 36240,
    "index": 51
  },
  {
    "name": "Load app.js",
    "start": 1648460203810,
    "end": 1648460203831,
    "duration": 21,
    "pid": 36240,
    "index": 52
  },
  {
    "name": "Require(43) node_modules/egg-session/app.js",
    "start": 1648460203810,
    "end": 1648460203810,
    "duration": 0,
    "pid": 36240,
    "index": 53
  },
  {
    "name": "Require(44) node_modules/egg-security/app.js",
    "start": 1648460203810,
    "end": 1648460203811,
    "duration": 1,
    "pid": 36240,
    "index": 54
  },
  {
    "name": "Require(45) node_modules/egg-onerror/app.js",
    "start": 1648460203811,
    "end": 1648460203815,
    "duration": 4,
    "pid": 36240,
    "index": 55
  },
  {
    "name": "Require(46) node_modules/egg-i18n/app.js",
    "start": 1648460203815,
    "end": 1648460203825,
    "duration": 10,
    "pid": 36240,
    "index": 56
  },
  {
    "name": "Require(47) node_modules/egg-watcher/app.js",
    "start": 1648460203825,
    "end": 1648460203827,
    "duration": 2,
    "pid": 36240,
    "index": 57
  },
  {
    "name": "Require(48) node_modules/egg-schedule/app.js",
    "start": 1648460203827,
    "end": 1648460203828,
    "duration": 1,
    "pid": 36240,
    "index": 58
  },
  {
    "name": "Require(49) node_modules/egg-multipart/app.js",
    "start": 1648460203828,
    "end": 1648460203828,
    "duration": 0,
    "pid": 36240,
    "index": 59
  },
  {
    "name": "Require(50) node_modules/egg-development/app.js",
    "start": 1648460203828,
    "end": 1648460203828,
    "duration": 0,
    "pid": 36240,
    "index": 60
  },
  {
    "name": "Require(51) node_modules/egg-logrotator/app.js",
    "start": 1648460203829,
    "end": 1648460203829,
    "duration": 0,
    "pid": 36240,
    "index": 61
  },
  {
    "name": "Require(52) node_modules/egg-static/app.js",
    "start": 1648460203829,
    "end": 1648460203829,
    "duration": 0,
    "pid": 36240,
    "index": 62
  },
  {
    "name": "Require(53) node_modules/egg-mongoose/app.js",
    "start": 1648460203829,
    "end": 1648460203830,
    "duration": 1,
    "pid": 36240,
    "index": 63
  },
  {
    "name": "Require(54) node_modules/egg-validate/app.js",
    "start": 1648460203830,
    "end": 1648460203831,
    "duration": 1,
    "pid": 36240,
    "index": 64
  },
  {
    "name": "Require(55) node_modules/egg-cors/app.js",
    "start": 1648460203831,
    "end": 1648460203831,
    "duration": 0,
    "pid": 36240,
    "index": 65
  },
  {
    "name": "Before Start in node_modules/egg-watcher/lib/init.js:15:14",
    "start": 1648460203839,
    "end": 1648460204226,
    "duration": 387,
    "pid": 36240,
    "index": 66
  },
  {
    "name": "Before Start in node_modules/egg-mongoose/lib/mongoose.js:104:7",
    "start": 1648460204084,
    "end": 1648460204222,
    "duration": 138,
    "pid": 36240,
    "index": 67
  },
  {
    "name": "Before Start in node_modules/egg-mongoose/lib/mongoose.js:52:9",
    "start": 1648460204084,
    "end": 1648460204210,
    "duration": 126,
    "pid": 36240,
    "index": 68
  },
  {
    "name": "Load Service",
    "start": 1648460204084,
    "end": 1648460204104,
    "duration": 20,
    "pid": 36240,
    "index": 69
  },
  {
    "name": "Load \"service\" to Context",
    "start": 1648460204084,
    "end": 1648460204104,
    "duration": 20,
    "pid": 36240,
    "index": 70
  },
  {
    "name": "Load Middleware",
    "start": 1648460204104,
    "end": 1648460204187,
    "duration": 83,
    "pid": 36240,
    "index": 71
  },
  {
    "name": "Load \"middlewares\" to Application",
    "start": 1648460204104,
    "end": 1648460204181,
    "duration": 77,
    "pid": 36240,
    "index": 72
  },
  {
    "name": "Load Controller",
    "start": 1648460204187,
    "end": 1648460204189,
    "duration": 2,
    "pid": 36240,
    "index": 73
  },
  {
    "name": "Load \"controller\" to Application",
    "start": 1648460204187,
    "end": 1648460204189,
    "duration": 2,
    "pid": 36240,
    "index": 74
  },
  {
    "name": "Load Router",
    "start": 1648460204189,
    "end": 1648460204191,
    "duration": 2,
    "pid": 36240,
    "index": 75
  },
  {
    "name": "Require(56) app/router.js",
    "start": 1648460204189,
    "end": 1648460204190,
    "duration": 1,
    "pid": 36240,
    "index": 76
  },
  {
    "name": "Before Start in node_modules/egg-core/lib/egg.js:303:10",
    "start": 1648460204190,
    "end": 1648460204210,
    "duration": 20,
    "pid": 36240,
    "index": 77
  },
  {
    "name": "Load \"model\" to Application",
    "start": 1648460204196,
    "end": 1648460204210,
    "duration": 14,
    "pid": 36240,
    "index": 78
  }
]