[
  {
    "name": "Process Start",
    "start": 1648460850550,
    "end": 1648460851239,
    "duration": 689,
    "pid": 34180,
    "index": 0
  },
  {
    "name": "Application Start",
    "start": 1648460851239,
    "end": 1648460851791,
    "duration": 552,
    "pid": 34180,
    "index": 1
  },
  {
    "name": "Load Plugin",
    "start": 1648460851242,
    "end": 1648460851253,
    "duration": 11,
    "pid": 34180,
    "index": 2
  },
  {
    "name": "Load Config",
    "start": 1648460851253,
    "end": 1648460851271,
    "duration": 18,
    "pid": 34180,
    "index": 3
  },
  {
    "name": "Require(0) config/config.default.js",
    "start": 1648460851254,
    "end": 1648460851254,
    "duration": 0,
    "pid": 34180,
    "index": 4
  },
  {
    "name": "Require(1) config/config.local.js",
    "start": 1648460851255,
    "end": 1648460851255,
    "duration": 0,
    "pid": 34180,
    "index": 5
  },
  {
    "name": "Require(2) node_modules/egg-session/config/config.default.js",
    "start": 1648460851255,
    "end": 1648460851256,
    "duration": 1,
    "pid": 34180,
    "index": 6
  },
  {
    "name": "Require(3) node_modules/egg-security/config/config.default.js",
    "start": 1648460851256,
    "end": 1648460851256,
    "duration": 0,
    "pid": 34180,
    "index": 7
  },
  {
    "name": "Require(4) node_modules/egg-jsonp/config/config.default.js",
    "start": 1648460851257,
    "end": 1648460851257,
    "duration": 0,
    "pid": 34180,
    "index": 8
  },
  {
    "name": "Require(5) node_modules/egg-onerror/config/config.default.js",
    "start": 1648460851257,
    "end": 1648460851258,
    "duration": 1,
    "pid": 34180,
    "index": 9
  },
  {
    "name": "Require(6) node_modules/egg-i18n/config/config.default.js",
    "start": 1648460851258,
    "end": 1648460851258,
    "duration": 0,
    "pid": 34180,
    "index": 10
  },
  {
    "name": "Require(7) node_modules/egg-watcher/config/config.default.js",
    "start": 1648460851259,
    "end": 1648460851259,
    "duration": 0,
    "pid": 34180,
    "index": 11
  },
  {
    "name": "Require(8) node_modules/egg-schedule/config/config.default.js",
    "start": 1648460851259,
    "end": 1648460851260,
    "duration": 1,
    "pid": 34180,
    "index": 12
  },
  {
    "name": "Require(9) node_modules/egg-multipart/config/config.default.js",
    "start": 1648460851260,
    "end": 1648460851260,
    "duration": 0,
    "pid": 34180,
    "index": 13
  },
  {
    "name": "Require(10) node_modules/egg-development/config/config.default.js",
    "start": 1648460851261,
    "end": 1648460851261,
    "duration": 0,
    "pid": 34180,
    "index": 14
  },
  {
    "name": "Require(11) node_modules/egg-logrotator/config/config.default.js",
    "start": 1648460851261,
    "end": 1648460851261,
    "duration": 0,
    "pid": 34180,
    "index": 15
  },
  {
    "name": "Require(12) node_modules/egg-static/config/config.default.js",
    "start": 1648460851262,
    "end": 1648460851262,
    "duration": 0,
    "pid": 34180,
    "index": 16
  },
  {
    "name": "Require(13) node_modules/egg-view/config/config.default.js",
    "start": 1648460851262,
    "end": 1648460851262,
    "duration": 0,
    "pid": 34180,
    "index": 17
  },
  {
    "name": "Require(14) node_modules/egg-mongoose/config/config.default.js",
    "start": 1648460851263,
    "end": 1648460851263,
    "duration": 0,
    "pid": 34180,
    "index": 18
  },
  {
    "name": "Require(15) node_modules/egg-validate/config/config.default.js",
    "start": 1648460851263,
    "end": 1648460851263,
    "duration": 0,
    "pid": 34180,
    "index": 19
  },
  {
    "name": "Require(16) node_modules/egg-cors/config/config.default.js",
    "start": 1648460851264,
    "end": 1648460851264,
    "duration": 0,
    "pid": 34180,
    "index": 20
  },
  {
    "name": "Require(17) node_modules/egg/config/config.default.js",
    "start": 1648460851264,
    "end": 1648460851264,
    "duration": 0,
    "pid": 34180,
    "index": 21
  },
  {
    "name": "Require(18) config/config.default.js",
    "start": 1648460851267,
    "end": 1648460851267,
    "duration": 0,
    "pid": 34180,
    "index": 22
  },
  {
    "name": "Require(19) node_modules/egg-security/config/config.local.js",
    "start": 1648460851267,
    "end": 1648460851269,
    "duration": 2,
    "pid": 34180,
    "index": 23
  },
  {
    "name": "Require(20) node_modules/egg-watcher/config/config.local.js",
    "start": 1648460851269,
    "end": 1648460851269,
    "duration": 0,
    "pid": 34180,
    "index": 24
  },
  {
    "name": "Require(21) node_modules/egg-view/config/config.local.js",
    "start": 1648460851270,
    "end": 1648460851270,
    "duration": 0,
    "pid": 34180,
    "index": 25
  },
  {
    "name": "Require(22) node_modules/egg/config/config.local.js",
    "start": 1648460851271,
    "end": 1648460851271,
    "duration": 0,
    "pid": 34180,
    "index": 26
  },
  {
    "name": "Require(23) config/config.local.js",
    "start": 1648460851271,
    "end": 1648460851271,
    "duration": 0,
    "pid": 34180,
    "index": 27
  },
  {
    "name": "Load extend/application.js",
    "start": 1648460851272,
    "end": 1648460851310,
    "duration": 38,
    "pid": 34180,
    "index": 28
  },
  {
    "name": "Require(24) node_modules/egg-session/app/extend/application.js",
    "start": 1648460851272,
    "end": 1648460851272,
    "duration": 0,
    "pid": 34180,
    "index": 29
  },
  {
    "name": "Require(25) node_modules/egg-security/app/extend/application.js",
    "start": 1648460851273,
    "end": 1648460851273,
    "duration": 0,
    "pid": 34180,
    "index": 30
  },
  {
    "name": "Require(26) node_modules/egg-jsonp/app/extend/application.js",
    "start": 1648460851273,
    "end": 1648460851274,
    "duration": 1,
    "pid": 34180,
    "index": 31
  },
  {
    "name": "Require(27) node_modules/egg-logrotator/app/extend/application.js",
    "start": 1648460851275,
    "end": 1648460851276,
    "duration": 1,
    "pid": 34180,
    "index": 32
  },
  {
    "name": "Require(28) node_modules/egg-view/app/extend/application.js",
    "start": 1648460851276,
    "end": 1648460851277,
    "duration": 1,
    "pid": 34180,
    "index": 33
  },
  {
    "name": "Require(29) app/extend/application.js",
    "start": 1648460851278,
    "end": 1648460851308,
    "duration": 30,
    "pid": 34180,
    "index": 34
  },
  {
    "name": "Load extend/request.js",
    "start": 1648460851310,
    "end": 1648460851313,
    "duration": 3,
    "pid": 34180,
    "index": 35
  },
  {
    "name": "Require(30) node_modules/egg/app/extend/request.js",
    "start": 1648460851311,
    "end": 1648460851312,
    "duration": 1,
    "pid": 34180,
    "index": 36
  },
  {
    "name": "Load extend/response.js",
    "start": 1648460851313,
    "end": 1648460851317,
    "duration": 4,
    "pid": 34180,
    "index": 37
  },
  {
    "name": "Require(31) node_modules/egg/app/extend/response.js",
    "start": 1648460851315,
    "end": 1648460851316,
    "duration": 1,
    "pid": 34180,
    "index": 38
  },
  {
    "name": "Load extend/context.js",
    "start": 1648460851318,
    "end": 1648460851358,
    "duration": 40,
    "pid": 34180,
    "index": 39
  },
  {
    "name": "Require(32) node_modules/egg-security/app/extend/context.js",
    "start": 1648460851318,
    "end": 1648460851323,
    "duration": 5,
    "pid": 34180,
    "index": 40
  },
  {
    "name": "Require(33) node_modules/egg-jsonp/app/extend/context.js",
    "start": 1648460851323,
    "end": 1648460851324,
    "duration": 1,
    "pid": 34180,
    "index": 41
  },
  {
    "name": "Require(34) node_modules/egg-i18n/app/extend/context.js",
    "start": 1648460851324,
    "end": 1648460851325,
    "duration": 1,
    "pid": 34180,
    "index": 42
  },
  {
    "name": "Require(35) node_modules/egg-multipart/app/extend/context.js",
    "start": 1648460851325,
    "end": 1648460851354,
    "duration": 29,
    "pid": 34180,
    "index": 43
  },
  {
    "name": "Require(36) node_modules/egg-view/app/extend/context.js",
    "start": 1648460851354,
    "end": 1648460851355,
    "duration": 1,
    "pid": 34180,
    "index": 44
  },
  {
    "name": "Require(37) node_modules/egg-mongoose/app/extend/context.js",
    "start": 1648460851355,
    "end": 1648460851355,
    "duration": 0,
    "pid": 34180,
    "index": 45
  },
  {
    "name": "Require(38) node_modules/egg-validate/app/extend/context.js",
    "start": 1648460851355,
    "end": 1648460851356,
    "duration": 1,
    "pid": 34180,
    "index": 46
  },
  {
    "name": "Require(39) node_modules/egg/app/extend/context.js",
    "start": 1648460851356,
    "end": 1648460851356,
    "duration": 0,
    "pid": 34180,
    "index": 47
  },
  {
    "name": "Load extend/helper.js",
    "start": 1648460851358,
    "end": 1648460851372,
    "duration": 14,
    "pid": 34180,
    "index": 48
  },
  {
    "name": "Require(40) node_modules/egg-security/app/extend/helper.js",
    "start": 1648460851358,
    "end": 1648460851369,
    "duration": 11,
    "pid": 34180,
    "index": 49
  },
  {
    "name": "Require(41) node_modules/egg/app/extend/helper.js",
    "start": 1648460851370,
    "end": 1648460851370,
    "duration": 0,
    "pid": 34180,
    "index": 50
  },
  {
    "name": "Require(42) app/extend/helper.js",
    "start": 1648460851371,
    "end": 1648460851371,
    "duration": 0,
    "pid": 34180,
    "index": 51
  },
  {
    "name": "Load app.js",
    "start": 1648460851372,
    "end": 1648460851396,
    "duration": 24,
    "pid": 34180,
    "index": 52
  },
  {
    "name": "Require(43) node_modules/egg-session/app.js",
    "start": 1648460851373,
    "end": 1648460851373,
    "duration": 0,
    "pid": 34180,
    "index": 53
  },
  {
    "name": "Require(44) node_modules/egg-security/app.js",
    "start": 1648460851373,
    "end": 1648460851374,
    "duration": 1,
    "pid": 34180,
    "index": 54
  },
  {
    "name": "Require(45) node_modules/egg-onerror/app.js",
    "start": 1648460851374,
    "end": 1648460851378,
    "duration": 4,
    "pid": 34180,
    "index": 55
  },
  {
    "name": "Require(46) node_modules/egg-i18n/app.js",
    "start": 1648460851379,
    "end": 1648460851389,
    "duration": 10,
    "pid": 34180,
    "index": 56
  },
  {
    "name": "Require(47) node_modules/egg-watcher/app.js",
    "start": 1648460851389,
    "end": 1648460851391,
    "duration": 2,
    "pid": 34180,
    "index": 57
  },
  {
    "name": "Require(48) node_modules/egg-schedule/app.js",
    "start": 1648460851391,
    "end": 1648460851392,
    "duration": 1,
    "pid": 34180,
    "index": 58
  },
  {
    "name": "Require(49) node_modules/egg-multipart/app.js",
    "start": 1648460851392,
    "end": 1648460851393,
    "duration": 1,
    "pid": 34180,
    "index": 59
  },
  {
    "name": "Require(50) node_modules/egg-development/app.js",
    "start": 1648460851393,
    "end": 1648460851393,
    "duration": 0,
    "pid": 34180,
    "index": 60
  },
  {
    "name": "Require(51) node_modules/egg-logrotator/app.js",
    "start": 1648460851393,
    "end": 1648460851393,
    "duration": 0,
    "pid": 34180,
    "index": 61
  },
  {
    "name": "Require(52) node_modules/egg-static/app.js",
    "start": 1648460851394,
    "end": 1648460851394,
    "duration": 0,
    "pid": 34180,
    "index": 62
  },
  {
    "name": "Require(53) node_modules/egg-mongoose/app.js",
    "start": 1648460851394,
    "end": 1648460851394,
    "duration": 0,
    "pid": 34180,
    "index": 63
  },
  {
    "name": "Require(54) node_modules/egg-validate/app.js",
    "start": 1648460851394,
    "end": 1648460851395,
    "duration": 1,
    "pid": 34180,
    "index": 64
  },
  {
    "name": "Require(55) node_modules/egg-cors/app.js",
    "start": 1648460851395,
    "end": 1648460851396,
    "duration": 1,
    "pid": 34180,
    "index": 65
  },
  {
    "name": "Before Start in node_modules/egg-watcher/lib/init.js:15:14",
    "start": 1648460851403,
    "end": 1648460851790,
    "duration": 387,
    "pid": 34180,
    "index": 66
  },
  {
    "name": "Before Start in node_modules/egg-mongoose/lib/mongoose.js:104:7",
    "start": 1648460851669,
    "end": 1648460851789,
    "duration": 120,
    "pid": 34180,
    "index": 67
  },
  {
    "name": "Before Start in node_modules/egg-mongoose/lib/mongoose.js:52:9",
    "start": 1648460851669,
    "end": 1648460851778,
    "duration": 109,
    "pid": 34180,
    "index": 68
  },
  {
    "name": "Load Service",
    "start": 1648460851669,
    "end": 1648460851689,
    "duration": 20,
    "pid": 34180,
    "index": 69
  },
  {
    "name": "Load \"service\" to Context",
    "start": 1648460851669,
    "end": 1648460851689,
    "duration": 20,
    "pid": 34180,
    "index": 70
  },
  {
    "name": "Load Middleware",
    "start": 1648460851689,
    "end": 1648460851756,
    "duration": 67,
    "pid": 34180,
    "index": 71
  },
  {
    "name": "Load \"middlewares\" to Application",
    "start": 1648460851690,
    "end": 1648460851749,
    "duration": 59,
    "pid": 34180,
    "index": 72
  },
  {
    "name": "Load Controller",
    "start": 1648460851756,
    "end": 1648460851758,
    "duration": 2,
    "pid": 34180,
    "index": 73
  },
  {
    "name": "Load \"controller\" to Application",
    "start": 1648460851756,
    "end": 1648460851758,
    "duration": 2,
    "pid": 34180,
    "index": 74
  },
  {
    "name": "Load Router",
    "start": 1648460851758,
    "end": 1648460851760,
    "duration": 2,
    "pid": 34180,
    "index": 75
  },
  {
    "name": "Require(56) app/router.js",
    "start": 1648460851758,
    "end": 1648460851758,
    "duration": 0,
    "pid": 34180,
    "index": 76
  },
  {
    "name": "Before Start in node_modules/egg-core/lib/egg.js:303:10",
    "start": 1648460851758,
    "end": 1648460851778,
    "duration": 20,
    "pid": 34180,
    "index": 77
  },
  {
    "name": "Load \"model\" to Application",
    "start": 1648460851765,
    "end": 1648460851777,
    "duration": 12,
    "pid": 34180,
    "index": 78
  }
]