[
  {
    "name": "Process Start",
    "start": 1648460727796,
    "end": 1648460728493,
    "duration": 697,
    "pid": 40320,
    "index": 0
  },
  {
    "name": "Application Start",
    "start": 1648460728494,
    "end": 1648460729161,
    "duration": 667,
    "pid": 40320,
    "index": 1
  },
  {
    "name": "Load Plugin",
    "start": 1648460728496,
    "end": 1648460728506,
    "duration": 10,
    "pid": 40320,
    "index": 2
  },
  {
    "name": "Load Config",
    "start": 1648460728506,
    "end": 1648460728523,
    "duration": 17,
    "pid": 40320,
    "index": 3
  },
  {
    "name": "Require(0) config/config.default.js",
    "start": 1648460728507,
    "end": 1648460728507,
    "duration": 0,
    "pid": 40320,
    "index": 4
  },
  {
    "name": "Require(1) config/config.local.js",
    "start": 1648460728508,
    "end": 1648460728508,
    "duration": 0,
    "pid": 40320,
    "index": 5
  },
  {
    "name": "Require(2) node_modules/egg-session/config/config.default.js",
    "start": 1648460728508,
    "end": 1648460728508,
    "duration": 0,
    "pid": 40320,
    "index": 6
  },
  {
    "name": "Require(3) node_modules/egg-security/config/config.default.js",
    "start": 1648460728509,
    "end": 1648460728509,
    "duration": 0,
    "pid": 40320,
    "index": 7
  },
  {
    "name": "Require(4) node_modules/egg-jsonp/config/config.default.js",
    "start": 1648460728509,
    "end": 1648460728510,
    "duration": 1,
    "pid": 40320,
    "index": 8
  },
  {
    "name": "Require(5) node_modules/egg-onerror/config/config.default.js",
    "start": 1648460728510,
    "end": 1648460728510,
    "duration": 0,
    "pid": 40320,
    "index": 9
  },
  {
    "name": "Require(6) node_modules/egg-i18n/config/config.default.js",
    "start": 1648460728510,
    "end": 1648460728511,
    "duration": 1,
    "pid": 40320,
    "index": 10
  },
  {
    "name": "Require(7) node_modules/egg-watcher/config/config.default.js",
    "start": 1648460728511,
    "end": 1648460728511,
    "duration": 0,
    "pid": 40320,
    "index": 11
  },
  {
    "name": "Require(8) node_modules/egg-schedule/config/config.default.js",
    "start": 1648460728512,
    "end": 1648460728512,
    "duration": 0,
    "pid": 40320,
    "index": 12
  },
  {
    "name": "Require(9) node_modules/egg-multipart/config/config.default.js",
    "start": 1648460728512,
    "end": 1648460728512,
    "duration": 0,
    "pid": 40320,
    "index": 13
  },
  {
    "name": "Require(10) node_modules/egg-development/config/config.default.js",
    "start": 1648460728513,
    "end": 1648460728513,
    "duration": 0,
    "pid": 40320,
    "index": 14
  },
  {
    "name": "Require(11) node_modules/egg-logrotator/config/config.default.js",
    "start": 1648460728513,
    "end": 1648460728514,
    "duration": 1,
    "pid": 40320,
    "index": 15
  },
  {
    "name": "Require(12) node_modules/egg-static/config/config.default.js",
    "start": 1648460728514,
    "end": 1648460728514,
    "duration": 0,
    "pid": 40320,
    "index": 16
  },
  {
    "name": "Require(13) node_modules/egg-view/config/config.default.js",
    "start": 1648460728514,
    "end": 1648460728515,
    "duration": 1,
    "pid": 40320,
    "index": 17
  },
  {
    "name": "Require(14) node_modules/egg-mongoose/config/config.default.js",
    "start": 1648460728515,
    "end": 1648460728515,
    "duration": 0,
    "pid": 40320,
    "index": 18
  },
  {
    "name": "Require(15) node_modules/egg-validate/config/config.default.js",
    "start": 1648460728515,
    "end": 1648460728516,
    "duration": 1,
    "pid": 40320,
    "index": 19
  },
  {
    "name": "Require(16) node_modules/egg-cors/config/config.default.js",
    "start": 1648460728516,
    "end": 1648460728516,
    "duration": 0,
    "pid": 40320,
    "index": 20
  },
  {
    "name": "Require(17) node_modules/egg/config/config.default.js",
    "start": 1648460728516,
    "end": 1648460728517,
    "duration": 1,
    "pid": 40320,
    "index": 21
  },
  {
    "name": "Require(18) config/config.default.js",
    "start": 1648460728517,
    "end": 1648460728517,
    "duration": 0,
    "pid": 40320,
    "index": 22
  },
  {
    "name": "Require(19) node_modules/egg-security/config/config.local.js",
    "start": 1648460728518,
    "end": 1648460728519,
    "duration": 1,
    "pid": 40320,
    "index": 23
  },
  {
    "name": "Require(20) node_modules/egg-watcher/config/config.local.js",
    "start": 1648460728519,
    "end": 1648460728519,
    "duration": 0,
    "pid": 40320,
    "index": 24
  },
  {
    "name": "Require(21) node_modules/egg-view/config/config.local.js",
    "start": 1648460728522,
    "end": 1648460728522,
    "duration": 0,
    "pid": 40320,
    "index": 25
  },
  {
    "name": "Require(22) node_modules/egg/config/config.local.js",
    "start": 1648460728522,
    "end": 1648460728522,
    "duration": 0,
    "pid": 40320,
    "index": 26
  },
  {
    "name": "Require(23) config/config.local.js",
    "start": 1648460728523,
    "end": 1648460728523,
    "duration": 0,
    "pid": 40320,
    "index": 27
  },
  {
    "name": "Load extend/application.js",
    "start": 1648460728523,
    "end": 1648460728557,
    "duration": 34,
    "pid": 40320,
    "index": 28
  },
  {
    "name": "Require(24) node_modules/egg-session/app/extend/application.js",
    "start": 1648460728524,
    "end": 1648460728524,
    "duration": 0,
    "pid": 40320,
    "index": 29
  },
  {
    "name": "Require(25) node_modules/egg-security/app/extend/application.js",
    "start": 1648460728524,
    "end": 1648460728525,
    "duration": 1,
    "pid": 40320,
    "index": 30
  },
  {
    "name": "Require(26) node_modules/egg-jsonp/app/extend/application.js",
    "start": 1648460728525,
    "end": 1648460728526,
    "duration": 1,
    "pid": 40320,
    "index": 31
  },
  {
    "name": "Require(27) node_modules/egg-logrotator/app/extend/application.js",
    "start": 1648460728526,
    "end": 1648460728527,
    "duration": 1,
    "pid": 40320,
    "index": 32
  },
  {
    "name": "Require(28) node_modules/egg-view/app/extend/application.js",
    "start": 1648460728527,
    "end": 1648460728528,
    "duration": 1,
    "pid": 40320,
    "index": 33
  },
  {
    "name": "Require(29) app/extend/application.js",
    "start": 1648460728529,
    "end": 1648460728556,
    "duration": 27,
    "pid": 40320,
    "index": 34
  },
  {
    "name": "Load extend/request.js",
    "start": 1648460728557,
    "end": 1648460728560,
    "duration": 3,
    "pid": 40320,
    "index": 35
  },
  {
    "name": "Require(30) node_modules/egg/app/extend/request.js",
    "start": 1648460728559,
    "end": 1648460728559,
    "duration": 0,
    "pid": 40320,
    "index": 36
  },
  {
    "name": "Load extend/response.js",
    "start": 1648460728560,
    "end": 1648460728564,
    "duration": 4,
    "pid": 40320,
    "index": 37
  },
  {
    "name": "Require(31) node_modules/egg/app/extend/response.js",
    "start": 1648460728562,
    "end": 1648460728562,
    "duration": 0,
    "pid": 40320,
    "index": 38
  },
  {
    "name": "Load extend/context.js",
    "start": 1648460728564,
    "end": 1648460728604,
    "duration": 40,
    "pid": 40320,
    "index": 39
  },
  {
    "name": "Require(32) node_modules/egg-security/app/extend/context.js",
    "start": 1648460728564,
    "end": 1648460728568,
    "duration": 4,
    "pid": 40320,
    "index": 40
  },
  {
    "name": "Require(33) node_modules/egg-jsonp/app/extend/context.js",
    "start": 1648460728568,
    "end": 1648460728569,
    "duration": 1,
    "pid": 40320,
    "index": 41
  },
  {
    "name": "Require(34) node_modules/egg-i18n/app/extend/context.js",
    "start": 1648460728569,
    "end": 1648460728569,
    "duration": 0,
    "pid": 40320,
    "index": 42
  },
  {
    "name": "Require(35) node_modules/egg-multipart/app/extend/context.js",
    "start": 1648460728570,
    "end": 1648460728600,
    "duration": 30,
    "pid": 40320,
    "index": 43
  },
  {
    "name": "Require(36) node_modules/egg-view/app/extend/context.js",
    "start": 1648460728600,
    "end": 1648460728601,
    "duration": 1,
    "pid": 40320,
    "index": 44
  },
  {
    "name": "Require(37) node_modules/egg-mongoose/app/extend/context.js",
    "start": 1648460728601,
    "end": 1648460728601,
    "duration": 0,
    "pid": 40320,
    "index": 45
  },
  {
    "name": "Require(38) node_modules/egg-validate/app/extend/context.js",
    "start": 1648460728601,
    "end": 1648460728601,
    "duration": 0,
    "pid": 40320,
    "index": 46
  },
  {
    "name": "Require(39) node_modules/egg/app/extend/context.js",
    "start": 1648460728602,
    "end": 1648460728602,
    "duration": 0,
    "pid": 40320,
    "index": 47
  },
  {
    "name": "Load extend/helper.js",
    "start": 1648460728604,
    "end": 1648460728615,
    "duration": 11,
    "pid": 40320,
    "index": 48
  },
  {
    "name": "Require(40) node_modules/egg-security/app/extend/helper.js",
    "start": 1648460728604,
    "end": 1648460728612,
    "duration": 8,
    "pid": 40320,
    "index": 49
  },
  {
    "name": "Require(41) node_modules/egg/app/extend/helper.js",
    "start": 1648460728614,
    "end": 1648460728614,
    "duration": 0,
    "pid": 40320,
    "index": 50
  },
  {
    "name": "Require(42) app/extend/helper.js",
    "start": 1648460728614,
    "end": 1648460728614,
    "duration": 0,
    "pid": 40320,
    "index": 51
  },
  {
    "name": "Load app.js",
    "start": 1648460728616,
    "end": 1648460728637,
    "duration": 21,
    "pid": 40320,
    "index": 52
  },
  {
    "name": "Require(43) node_modules/egg-session/app.js",
    "start": 1648460728616,
    "end": 1648460728616,
    "duration": 0,
    "pid": 40320,
    "index": 53
  },
  {
    "name": "Require(44) node_modules/egg-security/app.js",
    "start": 1648460728616,
    "end": 1648460728617,
    "duration": 1,
    "pid": 40320,
    "index": 54
  },
  {
    "name": "Require(45) node_modules/egg-onerror/app.js",
    "start": 1648460728617,
    "end": 1648460728621,
    "duration": 4,
    "pid": 40320,
    "index": 55
  },
  {
    "name": "Require(46) node_modules/egg-i18n/app.js",
    "start": 1648460728621,
    "end": 1648460728630,
    "duration": 9,
    "pid": 40320,
    "index": 56
  },
  {
    "name": "Require(47) node_modules/egg-watcher/app.js",
    "start": 1648460728630,
    "end": 1648460728632,
    "duration": 2,
    "pid": 40320,
    "index": 57
  },
  {
    "name": "Require(48) node_modules/egg-schedule/app.js",
    "start": 1648460728632,
    "end": 1648460728633,
    "duration": 1,
    "pid": 40320,
    "index": 58
  },
  {
    "name": "Require(49) node_modules/egg-multipart/app.js",
    "start": 1648460728633,
    "end": 1648460728633,
    "duration": 0,
    "pid": 40320,
    "index": 59
  },
  {
    "name": "Require(50) node_modules/egg-development/app.js",
    "start": 1648460728633,
    "end": 1648460728634,
    "duration": 1,
    "pid": 40320,
    "index": 60
  },
  {
    "name": "Require(51) node_modules/egg-logrotator/app.js",
    "start": 1648460728634,
    "end": 1648460728634,
    "duration": 0,
    "pid": 40320,
    "index": 61
  },
  {
    "name": "Require(52) node_modules/egg-static/app.js",
    "start": 1648460728634,
    "end": 1648460728634,
    "duration": 0,
    "pid": 40320,
    "index": 62
  },
  {
    "name": "Require(53) node_modules/egg-mongoose/app.js",
    "start": 1648460728635,
    "end": 1648460728635,
    "duration": 0,
    "pid": 40320,
    "index": 63
  },
  {
    "name": "Require(54) node_modules/egg-validate/app.js",
    "start": 1648460728635,
    "end": 1648460728636,
    "duration": 1,
    "pid": 40320,
    "index": 64
  },
  {
    "name": "Require(55) node_modules/egg-cors/app.js",
    "start": 1648460728636,
    "end": 1648460728636,
    "duration": 0,
    "pid": 40320,
    "index": 65
  },
  {
    "name": "Before Start in node_modules/egg-watcher/lib/init.js:15:14",
    "start": 1648460728643,
    "end": 1648460729161,
    "duration": 518,
    "pid": 40320,
    "index": 66
  },
  {
    "name": "Before Start in node_modules/egg-mongoose/lib/mongoose.js:104:7",
    "start": 1648460729006,
    "end": 1648460729160,
    "duration": 154,
    "pid": 40320,
    "index": 67
  },
  {
    "name": "Before Start in node_modules/egg-mongoose/lib/mongoose.js:52:9",
    "start": 1648460729006,
    "end": 1648460729149,
    "duration": 143,
    "pid": 40320,
    "index": 68
  },
  {
    "name": "Load Service",
    "start": 1648460729007,
    "end": 1648460729026,
    "duration": 19,
    "pid": 40320,
    "index": 69
  },
  {
    "name": "Load \"service\" to Context",
    "start": 1648460729007,
    "end": 1648460729026,
    "duration": 19,
    "pid": 40320,
    "index": 70
  },
  {
    "name": "Load Middleware",
    "start": 1648460729026,
    "end": 1648460729116,
    "duration": 90,
    "pid": 40320,
    "index": 71
  },
  {
    "name": "Load \"middlewares\" to Application",
    "start": 1648460729026,
    "end": 1648460729096,
    "duration": 70,
    "pid": 40320,
    "index": 72
  },
  {
    "name": "Load Controller",
    "start": 1648460729116,
    "end": 1648460729122,
    "duration": 6,
    "pid": 40320,
    "index": 73
  },
  {
    "name": "Load \"controller\" to Application",
    "start": 1648460729116,
    "end": 1648460729122,
    "duration": 6,
    "pid": 40320,
    "index": 74
  },
  {
    "name": "Load Router",
    "start": 1648460729122,
    "end": 1648460729129,
    "duration": 7,
    "pid": 40320,
    "index": 75
  },
  {
    "name": "Require(56) app/router.js",
    "start": 1648460729123,
    "end": 1648460729124,
    "duration": 1,
    "pid": 40320,
    "index": 76
  },
  {
    "name": "Before Start in node_modules/egg-core/lib/egg.js:303:10",
    "start": 1648460729124,
    "end": 1648460729149,
    "duration": 25,
    "pid": 40320,
    "index": 77
  },
  {
    "name": "Load \"model\" to Application",
    "start": 1648460729136,
    "end": 1648460729148,
    "duration": 12,
    "pid": 40320,
    "index": 78
  }
]