[
  {
    "name": "Process Start",
    "start": 1648525857562,
    "end": 1648525858519,
    "duration": 957,
    "pid": 38552,
    "index": 0
  },
  {
    "name": "Application Start",
    "start": 1648525858519,
    "end": 1648525859291,
    "duration": 772,
    "pid": 38552,
    "index": 1
  },
  {
    "name": "Load Plugin",
    "start": 1648525858524,
    "end": 1648525858539,
    "duration": 15,
    "pid": 38552,
    "index": 2
  },
  {
    "name": "Load Config",
    "start": 1648525858539,
    "end": 1648525858561,
    "duration": 22,
    "pid": 38552,
    "index": 3
  },
  {
    "name": "Require(0) config/config.default.js",
    "start": 1648525858540,
    "end": 1648525858540,
    "duration": 0,
    "pid": 38552,
    "index": 4
  },
  {
    "name": "Require(1) config/config.local.js",
    "start": 1648525858541,
    "end": 1648525858542,
    "duration": 1,
    "pid": 38552,
    "index": 5
  },
  {
    "name": "Require(2) node_modules/egg-session/config/config.default.js",
    "start": 1648525858542,
    "end": 1648525858542,
    "duration": 0,
    "pid": 38552,
    "index": 6
  },
  {
    "name": "Require(3) node_modules/egg-security/config/config.default.js",
    "start": 1648525858543,
    "end": 1648525858543,
    "duration": 0,
    "pid": 38552,
    "index": 7
  },
  {
    "name": "Require(4) node_modules/egg-jsonp/config/config.default.js",
    "start": 1648525858544,
    "end": 1648525858544,
    "duration": 0,
    "pid": 38552,
    "index": 8
  },
  {
    "name": "Require(5) node_modules/egg-onerror/config/config.default.js",
    "start": 1648525858545,
    "end": 1648525858545,
    "duration": 0,
    "pid": 38552,
    "index": 9
  },
  {
    "name": "Require(6) node_modules/egg-i18n/config/config.default.js",
    "start": 1648525858545,
    "end": 1648525858545,
    "duration": 0,
    "pid": 38552,
    "index": 10
  },
  {
    "name": "Require(7) node_modules/egg-watcher/config/config.default.js",
    "start": 1648525858546,
    "end": 1648525858546,
    "duration": 0,
    "pid": 38552,
    "index": 11
  },
  {
    "name": "Require(8) node_modules/egg-schedule/config/config.default.js",
    "start": 1648525858547,
    "end": 1648525858547,
    "duration": 0,
    "pid": 38552,
    "index": 12
  },
  {
    "name": "Require(9) node_modules/egg-multipart/config/config.default.js",
    "start": 1648525858547,
    "end": 1648525858548,
    "duration": 1,
    "pid": 38552,
    "index": 13
  },
  {
    "name": "Require(10) node_modules/egg-development/config/config.default.js",
    "start": 1648525858548,
    "end": 1648525858549,
    "duration": 1,
    "pid": 38552,
    "index": 14
  },
  {
    "name": "Require(11) node_modules/egg-logrotator/config/config.default.js",
    "start": 1648525858549,
    "end": 1648525858549,
    "duration": 0,
    "pid": 38552,
    "index": 15
  },
  {
    "name": "Require(12) node_modules/egg-static/config/config.default.js",
    "start": 1648525858550,
    "end": 1648525858550,
    "duration": 0,
    "pid": 38552,
    "index": 16
  },
  {
    "name": "Require(13) node_modules/egg-view/config/config.default.js",
    "start": 1648525858550,
    "end": 1648525858551,
    "duration": 1,
    "pid": 38552,
    "index": 17
  },
  {
    "name": "Require(14) node_modules/egg-mongoose/config/config.default.js",
    "start": 1648525858551,
    "end": 1648525858551,
    "duration": 0,
    "pid": 38552,
    "index": 18
  },
  {
    "name": "Require(15) node_modules/egg-validate/config/config.default.js",
    "start": 1648525858552,
    "end": 1648525858552,
    "duration": 0,
    "pid": 38552,
    "index": 19
  },
  {
    "name": "Require(16) node_modules/egg-cors/config/config.default.js",
    "start": 1648525858552,
    "end": 1648525858553,
    "duration": 1,
    "pid": 38552,
    "index": 20
  },
  {
    "name": "Require(17) node_modules/egg/config/config.default.js",
    "start": 1648525858553,
    "end": 1648525858553,
    "duration": 0,
    "pid": 38552,
    "index": 21
  },
  {
    "name": "Require(18) config/config.default.js",
    "start": 1648525858556,
    "end": 1648525858557,
    "duration": 1,
    "pid": 38552,
    "index": 22
  },
  {
    "name": "Require(19) node_modules/egg-security/config/config.local.js",
    "start": 1648525858557,
    "end": 1648525858559,
    "duration": 2,
    "pid": 38552,
    "index": 23
  },
  {
    "name": "Require(20) node_modules/egg-watcher/config/config.local.js",
    "start": 1648525858559,
    "end": 1648525858559,
    "duration": 0,
    "pid": 38552,
    "index": 24
  },
  {
    "name": "Require(21) node_modules/egg-view/config/config.local.js",
    "start": 1648525858560,
    "end": 1648525858560,
    "duration": 0,
    "pid": 38552,
    "index": 25
  },
  {
    "name": "Require(22) node_modules/egg/config/config.local.js",
    "start": 1648525858561,
    "end": 1648525858561,
    "duration": 0,
    "pid": 38552,
    "index": 26
  },
  {
    "name": "Require(23) config/config.local.js",
    "start": 1648525858561,
    "end": 1648525858561,
    "duration": 0,
    "pid": 38552,
    "index": 27
  },
  {
    "name": "Load extend/application.js",
    "start": 1648525858562,
    "end": 1648525858607,
    "duration": 45,
    "pid": 38552,
    "index": 28
  },
  {
    "name": "Require(24) node_modules/egg-session/app/extend/application.js",
    "start": 1648525858563,
    "end": 1648525858563,
    "duration": 0,
    "pid": 38552,
    "index": 29
  },
  {
    "name": "Require(25) node_modules/egg-security/app/extend/application.js",
    "start": 1648525858563,
    "end": 1648525858564,
    "duration": 1,
    "pid": 38552,
    "index": 30
  },
  {
    "name": "Require(26) node_modules/egg-jsonp/app/extend/application.js",
    "start": 1648525858564,
    "end": 1648525858565,
    "duration": 1,
    "pid": 38552,
    "index": 31
  },
  {
    "name": "Require(27) node_modules/egg-logrotator/app/extend/application.js",
    "start": 1648525858566,
    "end": 1648525858568,
    "duration": 2,
    "pid": 38552,
    "index": 32
  },
  {
    "name": "Require(28) node_modules/egg-view/app/extend/application.js",
    "start": 1648525858568,
    "end": 1648525858569,
    "duration": 1,
    "pid": 38552,
    "index": 33
  },
  {
    "name": "Require(29) app/extend/application.js",
    "start": 1648525858570,
    "end": 1648525858605,
    "duration": 35,
    "pid": 38552,
    "index": 34
  },
  {
    "name": "Load extend/request.js",
    "start": 1648525858607,
    "end": 1648525858611,
    "duration": 4,
    "pid": 38552,
    "index": 35
  },
  {
    "name": "Require(30) node_modules/egg/app/extend/request.js",
    "start": 1648525858609,
    "end": 1648525858609,
    "duration": 0,
    "pid": 38552,
    "index": 36
  },
  {
    "name": "Load extend/response.js",
    "start": 1648525858611,
    "end": 1648525858615,
    "duration": 4,
    "pid": 38552,
    "index": 37
  },
  {
    "name": "Require(31) node_modules/egg/app/extend/response.js",
    "start": 1648525858613,
    "end": 1648525858614,
    "duration": 1,
    "pid": 38552,
    "index": 38
  },
  {
    "name": "Load extend/context.js",
    "start": 1648525858615,
    "end": 1648525858683,
    "duration": 68,
    "pid": 38552,
    "index": 39
  },
  {
    "name": "Require(32) node_modules/egg-security/app/extend/context.js",
    "start": 1648525858616,
    "end": 1648525858622,
    "duration": 6,
    "pid": 38552,
    "index": 40
  },
  {
    "name": "Require(33) node_modules/egg-jsonp/app/extend/context.js",
    "start": 1648525858622,
    "end": 1648525858623,
    "duration": 1,
    "pid": 38552,
    "index": 41
  },
  {
    "name": "Require(34) node_modules/egg-i18n/app/extend/context.js",
    "start": 1648525858624,
    "end": 1648525858624,
    "duration": 0,
    "pid": 38552,
    "index": 42
  },
  {
    "name": "Require(35) node_modules/egg-multipart/app/extend/context.js",
    "start": 1648525858624,
    "end": 1648525858674,
    "duration": 50,
    "pid": 38552,
    "index": 43
  },
  {
    "name": "Require(36) node_modules/egg-view/app/extend/context.js",
    "start": 1648525858675,
    "end": 1648525858677,
    "duration": 2,
    "pid": 38552,
    "index": 44
  },
  {
    "name": "Require(37) node_modules/egg-mongoose/app/extend/context.js",
    "start": 1648525858677,
    "end": 1648525858678,
    "duration": 1,
    "pid": 38552,
    "index": 45
  },
  {
    "name": "Require(38) node_modules/egg-validate/app/extend/context.js",
    "start": 1648525858678,
    "end": 1648525858679,
    "duration": 1,
    "pid": 38552,
    "index": 46
  },
  {
    "name": "Require(39) node_modules/egg/app/extend/context.js",
    "start": 1648525858679,
    "end": 1648525858680,
    "duration": 1,
    "pid": 38552,
    "index": 47
  },
  {
    "name": "Load extend/helper.js",
    "start": 1648525858683,
    "end": 1648525858712,
    "duration": 29,
    "pid": 38552,
    "index": 48
  },
  {
    "name": "Require(40) node_modules/egg-security/app/extend/helper.js",
    "start": 1648525858683,
    "end": 1648525858704,
    "duration": 21,
    "pid": 38552,
    "index": 49
  },
  {
    "name": "Require(41) node_modules/egg/app/extend/helper.js",
    "start": 1648525858707,
    "end": 1648525858708,
    "duration": 1,
    "pid": 38552,
    "index": 50
  },
  {
    "name": "Require(42) app/extend/helper.js",
    "start": 1648525858708,
    "end": 1648525858709,
    "duration": 1,
    "pid": 38552,
    "index": 51
  },
  {
    "name": "Load app.js",
    "start": 1648525858713,
    "end": 1648525858748,
    "duration": 35,
    "pid": 38552,
    "index": 52
  },
  {
    "name": "Require(43) node_modules/egg-session/app.js",
    "start": 1648525858713,
    "end": 1648525858714,
    "duration": 1,
    "pid": 38552,
    "index": 53
  },
  {
    "name": "Require(44) node_modules/egg-security/app.js",
    "start": 1648525858714,
    "end": 1648525858715,
    "duration": 1,
    "pid": 38552,
    "index": 54
  },
  {
    "name": "Require(45) node_modules/egg-onerror/app.js",
    "start": 1648525858716,
    "end": 1648525858723,
    "duration": 7,
    "pid": 38552,
    "index": 55
  },
  {
    "name": "Require(46) node_modules/egg-i18n/app.js",
    "start": 1648525858723,
    "end": 1648525858737,
    "duration": 14,
    "pid": 38552,
    "index": 56
  },
  {
    "name": "Require(47) node_modules/egg-watcher/app.js",
    "start": 1648525858738,
    "end": 1648525858740,
    "duration": 2,
    "pid": 38552,
    "index": 57
  },
  {
    "name": "Require(48) node_modules/egg-schedule/app.js",
    "start": 1648525858740,
    "end": 1648525858741,
    "duration": 1,
    "pid": 38552,
    "index": 58
  },
  {
    "name": "Require(49) node_modules/egg-multipart/app.js",
    "start": 1648525858742,
    "end": 1648525858742,
    "duration": 0,
    "pid": 38552,
    "index": 59
  },
  {
    "name": "Require(50) node_modules/egg-development/app.js",
    "start": 1648525858742,
    "end": 1648525858742,
    "duration": 0,
    "pid": 38552,
    "index": 60
  },
  {
    "name": "Require(51) node_modules/egg-logrotator/app.js",
    "start": 1648525858743,
    "end": 1648525858743,
    "duration": 0,
    "pid": 38552,
    "index": 61
  },
  {
    "name": "Require(52) node_modules/egg-static/app.js",
    "start": 1648525858743,
    "end": 1648525858743,
    "duration": 0,
    "pid": 38552,
    "index": 62
  },
  {
    "name": "Require(53) node_modules/egg-mongoose/app.js",
    "start": 1648525858744,
    "end": 1648525858744,
    "duration": 0,
    "pid": 38552,
    "index": 63
  },
  {
    "name": "Require(54) node_modules/egg-validate/app.js",
    "start": 1648525858744,
    "end": 1648525858746,
    "duration": 2,
    "pid": 38552,
    "index": 64
  },
  {
    "name": "Require(55) node_modules/egg-cors/app.js",
    "start": 1648525858747,
    "end": 1648525858747,
    "duration": 0,
    "pid": 38552,
    "index": 65
  },
  {
    "name": "Before Start in node_modules/egg-watcher/lib/init.js:15:14",
    "start": 1648525858759,
    "end": 1648525859291,
    "duration": 532,
    "pid": 38552,
    "index": 66
  },
  {
    "name": "Before Start in node_modules/egg-mongoose/lib/mongoose.js:104:7",
    "start": 1648525859134,
    "end": 1648525859290,
    "duration": 156,
    "pid": 38552,
    "index": 67
  },
  {
    "name": "Before Start in node_modules/egg-mongoose/lib/mongoose.js:52:9",
    "start": 1648525859134,
    "end": 1648525859276,
    "duration": 142,
    "pid": 38552,
    "index": 68
  },
  {
    "name": "Load Service",
    "start": 1648525859135,
    "end": 1648525859160,
    "duration": 25,
    "pid": 38552,
    "index": 69
  },
  {
    "name": "Load \"service\" to Context",
    "start": 1648525859135,
    "end": 1648525859160,
    "duration": 25,
    "pid": 38552,
    "index": 70
  },
  {
    "name": "Load Middleware",
    "start": 1648525859160,
    "end": 1648525859249,
    "duration": 89,
    "pid": 38552,
    "index": 71
  },
  {
    "name": "Load \"middlewares\" to Application",
    "start": 1648525859160,
    "end": 1648525859241,
    "duration": 81,
    "pid": 38552,
    "index": 72
  },
  {
    "name": "Load Controller",
    "start": 1648525859249,
    "end": 1648525859252,
    "duration": 3,
    "pid": 38552,
    "index": 73
  },
  {
    "name": "Load \"controller\" to Application",
    "start": 1648525859249,
    "end": 1648525859252,
    "duration": 3,
    "pid": 38552,
    "index": 74
  },
  {
    "name": "Load Router",
    "start": 1648525859252,
    "end": 1648525859254,
    "duration": 2,
    "pid": 38552,
    "index": 75
  },
  {
    "name": "Require(56) app/router.js",
    "start": 1648525859252,
    "end": 1648525859252,
    "duration": 0,
    "pid": 38552,
    "index": 76
  },
  {
    "name": "Before Start in node_modules/egg-core/lib/egg.js:303:10",
    "start": 1648525859253,
    "end": 1648525859276,
    "duration": 23,
    "pid": 38552,
    "index": 77
  },
  {
    "name": "Load \"model\" to Application",
    "start": 1648525859261,
    "end": 1648525859276,
    "duration": 15,
    "pid": 38552,
    "index": 78
  }
]