[
  {
    "name": "Process Start",
    "start": 1648460935733,
    "end": 1648460936466,
    "duration": 733,
    "pid": 10536,
    "index": 0
  },
  {
    "name": "Application Start",
    "start": 1648460936466,
    "end": 1648460937016,
    "duration": 550,
    "pid": 10536,
    "index": 1
  },
  {
    "name": "Load Plugin",
    "start": 1648460936470,
    "end": 1648460936481,
    "duration": 11,
    "pid": 10536,
    "index": 2
  },
  {
    "name": "Load Config",
    "start": 1648460936481,
    "end": 1648460936498,
    "duration": 17,
    "pid": 10536,
    "index": 3
  },
  {
    "name": "Require(0) config/config.default.js",
    "start": 1648460936481,
    "end": 1648460936482,
    "duration": 1,
    "pid": 10536,
    "index": 4
  },
  {
    "name": "Require(1) config/config.local.js",
    "start": 1648460936482,
    "end": 1648460936483,
    "duration": 1,
    "pid": 10536,
    "index": 5
  },
  {
    "name": "Require(2) node_modules/egg-session/config/config.default.js",
    "start": 1648460936483,
    "end": 1648460936483,
    "duration": 0,
    "pid": 10536,
    "index": 6
  },
  {
    "name": "Require(3) node_modules/egg-security/config/config.default.js",
    "start": 1648460936484,
    "end": 1648460936484,
    "duration": 0,
    "pid": 10536,
    "index": 7
  },
  {
    "name": "Require(4) node_modules/egg-jsonp/config/config.default.js",
    "start": 1648460936484,
    "end": 1648460936485,
    "duration": 1,
    "pid": 10536,
    "index": 8
  },
  {
    "name": "Require(5) node_modules/egg-onerror/config/config.default.js",
    "start": 1648460936485,
    "end": 1648460936485,
    "duration": 0,
    "pid": 10536,
    "index": 9
  },
  {
    "name": "Require(6) node_modules/egg-i18n/config/config.default.js",
    "start": 1648460936485,
    "end": 1648460936486,
    "duration": 1,
    "pid": 10536,
    "index": 10
  },
  {
    "name": "Require(7) node_modules/egg-watcher/config/config.default.js",
    "start": 1648460936487,
    "end": 1648460936487,
    "duration": 0,
    "pid": 10536,
    "index": 11
  },
  {
    "name": "Require(8) node_modules/egg-schedule/config/config.default.js",
    "start": 1648460936487,
    "end": 1648460936488,
    "duration": 1,
    "pid": 10536,
    "index": 12
  },
  {
    "name": "Require(9) node_modules/egg-multipart/config/config.default.js",
    "start": 1648460936488,
    "end": 1648460936488,
    "duration": 0,
    "pid": 10536,
    "index": 13
  },
  {
    "name": "Require(10) node_modules/egg-development/config/config.default.js",
    "start": 1648460936489,
    "end": 1648460936489,
    "duration": 0,
    "pid": 10536,
    "index": 14
  },
  {
    "name": "Require(11) node_modules/egg-logrotator/config/config.default.js",
    "start": 1648460936489,
    "end": 1648460936490,
    "duration": 1,
    "pid": 10536,
    "index": 15
  },
  {
    "name": "Require(12) node_modules/egg-static/config/config.default.js",
    "start": 1648460936490,
    "end": 1648460936490,
    "duration": 0,
    "pid": 10536,
    "index": 16
  },
  {
    "name": "Require(13) node_modules/egg-view/config/config.default.js",
    "start": 1648460936491,
    "end": 1648460936491,
    "duration": 0,
    "pid": 10536,
    "index": 17
  },
  {
    "name": "Require(14) node_modules/egg-mongoose/config/config.default.js",
    "start": 1648460936491,
    "end": 1648460936491,
    "duration": 0,
    "pid": 10536,
    "index": 18
  },
  {
    "name": "Require(15) node_modules/egg-validate/config/config.default.js",
    "start": 1648460936492,
    "end": 1648460936492,
    "duration": 0,
    "pid": 10536,
    "index": 19
  },
  {
    "name": "Require(16) node_modules/egg-cors/config/config.default.js",
    "start": 1648460936492,
    "end": 1648460936493,
    "duration": 1,
    "pid": 10536,
    "index": 20
  },
  {
    "name": "Require(17) node_modules/egg/config/config.default.js",
    "start": 1648460936493,
    "end": 1648460936493,
    "duration": 0,
    "pid": 10536,
    "index": 21
  },
  {
    "name": "Require(18) config/config.default.js",
    "start": 1648460936494,
    "end": 1648460936494,
    "duration": 0,
    "pid": 10536,
    "index": 22
  },
  {
    "name": "Require(19) node_modules/egg-security/config/config.local.js",
    "start": 1648460936494,
    "end": 1648460936496,
    "duration": 2,
    "pid": 10536,
    "index": 23
  },
  {
    "name": "Require(20) node_modules/egg-watcher/config/config.local.js",
    "start": 1648460936496,
    "end": 1648460936496,
    "duration": 0,
    "pid": 10536,
    "index": 24
  },
  {
    "name": "Require(21) node_modules/egg-view/config/config.local.js",
    "start": 1648460936497,
    "end": 1648460936497,
    "duration": 0,
    "pid": 10536,
    "index": 25
  },
  {
    "name": "Require(22) node_modules/egg/config/config.local.js",
    "start": 1648460936498,
    "end": 1648460936498,
    "duration": 0,
    "pid": 10536,
    "index": 26
  },
  {
    "name": "Require(23) config/config.local.js",
    "start": 1648460936498,
    "end": 1648460936498,
    "duration": 0,
    "pid": 10536,
    "index": 27
  },
  {
    "name": "Load extend/application.js",
    "start": 1648460936499,
    "end": 1648460936539,
    "duration": 40,
    "pid": 10536,
    "index": 28
  },
  {
    "name": "Require(24) node_modules/egg-session/app/extend/application.js",
    "start": 1648460936499,
    "end": 1648460936499,
    "duration": 0,
    "pid": 10536,
    "index": 29
  },
  {
    "name": "Require(25) node_modules/egg-security/app/extend/application.js",
    "start": 1648460936500,
    "end": 1648460936500,
    "duration": 0,
    "pid": 10536,
    "index": 30
  },
  {
    "name": "Require(26) node_modules/egg-jsonp/app/extend/application.js",
    "start": 1648460936501,
    "end": 1648460936501,
    "duration": 0,
    "pid": 10536,
    "index": 31
  },
  {
    "name": "Require(27) node_modules/egg-logrotator/app/extend/application.js",
    "start": 1648460936502,
    "end": 1648460936503,
    "duration": 1,
    "pid": 10536,
    "index": 32
  },
  {
    "name": "Require(28) node_modules/egg-view/app/extend/application.js",
    "start": 1648460936503,
    "end": 1648460936504,
    "duration": 1,
    "pid": 10536,
    "index": 33
  },
  {
    "name": "Require(29) app/extend/application.js",
    "start": 1648460936504,
    "end": 1648460936537,
    "duration": 33,
    "pid": 10536,
    "index": 34
  },
  {
    "name": "Load extend/request.js",
    "start": 1648460936539,
    "end": 1648460936543,
    "duration": 4,
    "pid": 10536,
    "index": 35
  },
  {
    "name": "Require(30) node_modules/egg/app/extend/request.js",
    "start": 1648460936541,
    "end": 1648460936542,
    "duration": 1,
    "pid": 10536,
    "index": 36
  },
  {
    "name": "Load extend/response.js",
    "start": 1648460936543,
    "end": 1648460936547,
    "duration": 4,
    "pid": 10536,
    "index": 37
  },
  {
    "name": "Require(31) node_modules/egg/app/extend/response.js",
    "start": 1648460936545,
    "end": 1648460936546,
    "duration": 1,
    "pid": 10536,
    "index": 38
  },
  {
    "name": "Load extend/context.js",
    "start": 1648460936547,
    "end": 1648460936589,
    "duration": 42,
    "pid": 10536,
    "index": 39
  },
  {
    "name": "Require(32) node_modules/egg-security/app/extend/context.js",
    "start": 1648460936548,
    "end": 1648460936553,
    "duration": 5,
    "pid": 10536,
    "index": 40
  },
  {
    "name": "Require(33) node_modules/egg-jsonp/app/extend/context.js",
    "start": 1648460936554,
    "end": 1648460936554,
    "duration": 0,
    "pid": 10536,
    "index": 41
  },
  {
    "name": "Require(34) node_modules/egg-i18n/app/extend/context.js",
    "start": 1648460936555,
    "end": 1648460936555,
    "duration": 0,
    "pid": 10536,
    "index": 42
  },
  {
    "name": "Require(35) node_modules/egg-multipart/app/extend/context.js",
    "start": 1648460936555,
    "end": 1648460936585,
    "duration": 30,
    "pid": 10536,
    "index": 43
  },
  {
    "name": "Require(36) node_modules/egg-view/app/extend/context.js",
    "start": 1648460936585,
    "end": 1648460936586,
    "duration": 1,
    "pid": 10536,
    "index": 44
  },
  {
    "name": "Require(37) node_modules/egg-mongoose/app/extend/context.js",
    "start": 1648460936586,
    "end": 1648460936586,
    "duration": 0,
    "pid": 10536,
    "index": 45
  },
  {
    "name": "Require(38) node_modules/egg-validate/app/extend/context.js",
    "start": 1648460936586,
    "end": 1648460936587,
    "duration": 1,
    "pid": 10536,
    "index": 46
  },
  {
    "name": "Require(39) node_modules/egg/app/extend/context.js",
    "start": 1648460936587,
    "end": 1648460936588,
    "duration": 1,
    "pid": 10536,
    "index": 47
  },
  {
    "name": "Load extend/helper.js",
    "start": 1648460936589,
    "end": 1648460936603,
    "duration": 14,
    "pid": 10536,
    "index": 48
  },
  {
    "name": "Require(40) node_modules/egg-security/app/extend/helper.js",
    "start": 1648460936590,
    "end": 1648460936599,
    "duration": 9,
    "pid": 10536,
    "index": 49
  },
  {
    "name": "Require(41) node_modules/egg/app/extend/helper.js",
    "start": 1648460936600,
    "end": 1648460936601,
    "duration": 1,
    "pid": 10536,
    "index": 50
  },
  {
    "name": "Require(42) app/extend/helper.js",
    "start": 1648460936601,
    "end": 1648460936601,
    "duration": 0,
    "pid": 10536,
    "index": 51
  },
  {
    "name": "Load app.js",
    "start": 1648460936603,
    "end": 1648460936627,
    "duration": 24,
    "pid": 10536,
    "index": 52
  },
  {
    "name": "Require(43) node_modules/egg-session/app.js",
    "start": 1648460936603,
    "end": 1648460936603,
    "duration": 0,
    "pid": 10536,
    "index": 53
  },
  {
    "name": "Require(44) node_modules/egg-security/app.js",
    "start": 1648460936603,
    "end": 1648460936604,
    "duration": 1,
    "pid": 10536,
    "index": 54
  },
  {
    "name": "Require(45) node_modules/egg-onerror/app.js",
    "start": 1648460936605,
    "end": 1648460936609,
    "duration": 4,
    "pid": 10536,
    "index": 55
  },
  {
    "name": "Require(46) node_modules/egg-i18n/app.js",
    "start": 1648460936609,
    "end": 1648460936619,
    "duration": 10,
    "pid": 10536,
    "index": 56
  },
  {
    "name": "Require(47) node_modules/egg-watcher/app.js",
    "start": 1648460936619,
    "end": 1648460936622,
    "duration": 3,
    "pid": 10536,
    "index": 57
  },
  {
    "name": "Require(48) node_modules/egg-schedule/app.js",
    "start": 1648460936622,
    "end": 1648460936623,
    "duration": 1,
    "pid": 10536,
    "index": 58
  },
  {
    "name": "Require(49) node_modules/egg-multipart/app.js",
    "start": 1648460936623,
    "end": 1648460936623,
    "duration": 0,
    "pid": 10536,
    "index": 59
  },
  {
    "name": "Require(50) node_modules/egg-development/app.js",
    "start": 1648460936624,
    "end": 1648460936624,
    "duration": 0,
    "pid": 10536,
    "index": 60
  },
  {
    "name": "Require(51) node_modules/egg-logrotator/app.js",
    "start": 1648460936624,
    "end": 1648460936624,
    "duration": 0,
    "pid": 10536,
    "index": 61
  },
  {
    "name": "Require(52) node_modules/egg-static/app.js",
    "start": 1648460936624,
    "end": 1648460936624,
    "duration": 0,
    "pid": 10536,
    "index": 62
  },
  {
    "name": "Require(53) node_modules/egg-mongoose/app.js",
    "start": 1648460936625,
    "end": 1648460936625,
    "duration": 0,
    "pid": 10536,
    "index": 63
  },
  {
    "name": "Require(54) node_modules/egg-validate/app.js",
    "start": 1648460936625,
    "end": 1648460936626,
    "duration": 1,
    "pid": 10536,
    "index": 64
  },
  {
    "name": "Require(55) node_modules/egg-cors/app.js",
    "start": 1648460936626,
    "end": 1648460936626,
    "duration": 0,
    "pid": 10536,
    "index": 65
  },
  {
    "name": "Before Start in node_modules/egg-watcher/lib/init.js:15:14",
    "start": 1648460936633,
    "end": 1648460937016,
    "duration": 383,
    "pid": 10536,
    "index": 66
  },
  {
    "name": "Before Start in node_modules/egg-mongoose/lib/mongoose.js:104:7",
    "start": 1648460936886,
    "end": 1648460937014,
    "duration": 128,
    "pid": 10536,
    "index": 67
  },
  {
    "name": "Before Start in node_modules/egg-mongoose/lib/mongoose.js:52:9",
    "start": 1648460936886,
    "end": 1648460937003,
    "duration": 117,
    "pid": 10536,
    "index": 68
  },
  {
    "name": "Load Service",
    "start": 1648460936886,
    "end": 1648460936907,
    "duration": 21,
    "pid": 10536,
    "index": 69
  },
  {
    "name": "Load \"service\" to Context",
    "start": 1648460936886,
    "end": 1648460936907,
    "duration": 21,
    "pid": 10536,
    "index": 70
  },
  {
    "name": "Load Middleware",
    "start": 1648460936908,
    "end": 1648460936973,
    "duration": 65,
    "pid": 10536,
    "index": 71
  },
  {
    "name": "Load \"middlewares\" to Application",
    "start": 1648460936908,
    "end": 1648460936966,
    "duration": 58,
    "pid": 10536,
    "index": 72
  },
  {
    "name": "Load Controller",
    "start": 1648460936973,
    "end": 1648460936977,
    "duration": 4,
    "pid": 10536,
    "index": 73
  },
  {
    "name": "Load \"controller\" to Application",
    "start": 1648460936973,
    "end": 1648460936977,
    "duration": 4,
    "pid": 10536,
    "index": 74
  },
  {
    "name": "Load Router",
    "start": 1648460936977,
    "end": 1648460936980,
    "duration": 3,
    "pid": 10536,
    "index": 75
  },
  {
    "name": "Require(56) app/router.js",
    "start": 1648460936978,
    "end": 1648460936978,
    "duration": 0,
    "pid": 10536,
    "index": 76
  },
  {
    "name": "Before Start in node_modules/egg-core/lib/egg.js:303:10",
    "start": 1648460936978,
    "end": 1648460937003,
    "duration": 25,
    "pid": 10536,
    "index": 77
  },
  {
    "name": "Load \"model\" to Application",
    "start": 1648460936987,
    "end": 1648460937002,
    "duration": 15,
    "pid": 10536,
    "index": 78
  }
]