[
  {
    "name": "Process Start",
    "start": 1648536478478,
    "end": 1648536479144,
    "duration": 666,
    "pid": 40076,
    "index": 0
  },
  {
    "name": "Application Start",
    "start": 1648536479145,
    "end": 1648536479725,
    "duration": 580,
    "pid": 40076,
    "index": 1
  },
  {
    "name": "Load Plugin",
    "start": 1648536479148,
    "end": 1648536479158,
    "duration": 10,
    "pid": 40076,
    "index": 2
  },
  {
    "name": "Load Config",
    "start": 1648536479158,
    "end": 1648536479174,
    "duration": 16,
    "pid": 40076,
    "index": 3
  },
  {
    "name": "Require(0) config/config.default.js",
    "start": 1648536479159,
    "end": 1648536479159,
    "duration": 0,
    "pid": 40076,
    "index": 4
  },
  {
    "name": "Require(1) config/config.local.js",
    "start": 1648536479160,
    "end": 1648536479160,
    "duration": 0,
    "pid": 40076,
    "index": 5
  },
  {
    "name": "Require(2) node_modules/egg-session/config/config.default.js",
    "start": 1648536479161,
    "end": 1648536479161,
    "duration": 0,
    "pid": 40076,
    "index": 6
  },
  {
    "name": "Require(3) node_modules/egg-security/config/config.default.js",
    "start": 1648536479161,
    "end": 1648536479162,
    "duration": 1,
    "pid": 40076,
    "index": 7
  },
  {
    "name": "Require(4) node_modules/egg-jsonp/config/config.default.js",
    "start": 1648536479162,
    "end": 1648536479163,
    "duration": 1,
    "pid": 40076,
    "index": 8
  },
  {
    "name": "Require(5) node_modules/egg-onerror/config/config.default.js",
    "start": 1648536479163,
    "end": 1648536479163,
    "duration": 0,
    "pid": 40076,
    "index": 9
  },
  {
    "name": "Require(6) node_modules/egg-i18n/config/config.default.js",
    "start": 1648536479164,
    "end": 1648536479164,
    "duration": 0,
    "pid": 40076,
    "index": 10
  },
  {
    "name": "Require(7) node_modules/egg-watcher/config/config.default.js",
    "start": 1648536479164,
    "end": 1648536479164,
    "duration": 0,
    "pid": 40076,
    "index": 11
  },
  {
    "name": "Require(8) node_modules/egg-schedule/config/config.default.js",
    "start": 1648536479165,
    "end": 1648536479165,
    "duration": 0,
    "pid": 40076,
    "index": 12
  },
  {
    "name": "Require(9) node_modules/egg-multipart/config/config.default.js",
    "start": 1648536479165,
    "end": 1648536479166,
    "duration": 1,
    "pid": 40076,
    "index": 13
  },
  {
    "name": "Require(10) node_modules/egg-development/config/config.default.js",
    "start": 1648536479166,
    "end": 1648536479166,
    "duration": 0,
    "pid": 40076,
    "index": 14
  },
  {
    "name": "Require(11) node_modules/egg-logrotator/config/config.default.js",
    "start": 1648536479167,
    "end": 1648536479167,
    "duration": 0,
    "pid": 40076,
    "index": 15
  },
  {
    "name": "Require(12) node_modules/egg-static/config/config.default.js",
    "start": 1648536479167,
    "end": 1648536479167,
    "duration": 0,
    "pid": 40076,
    "index": 16
  },
  {
    "name": "Require(13) node_modules/egg-view/config/config.default.js",
    "start": 1648536479168,
    "end": 1648536479168,
    "duration": 0,
    "pid": 40076,
    "index": 17
  },
  {
    "name": "Require(14) node_modules/egg-mongoose/config/config.default.js",
    "start": 1648536479168,
    "end": 1648536479168,
    "duration": 0,
    "pid": 40076,
    "index": 18
  },
  {
    "name": "Require(15) node_modules/egg-validate/config/config.default.js",
    "start": 1648536479168,
    "end": 1648536479169,
    "duration": 1,
    "pid": 40076,
    "index": 19
  },
  {
    "name": "Require(16) node_modules/egg-cors/config/config.default.js",
    "start": 1648536479169,
    "end": 1648536479169,
    "duration": 0,
    "pid": 40076,
    "index": 20
  },
  {
    "name": "Require(17) node_modules/egg/config/config.default.js",
    "start": 1648536479169,
    "end": 1648536479170,
    "duration": 1,
    "pid": 40076,
    "index": 21
  },
  {
    "name": "Require(18) config/config.default.js",
    "start": 1648536479170,
    "end": 1648536479170,
    "duration": 0,
    "pid": 40076,
    "index": 22
  },
  {
    "name": "Require(19) node_modules/egg-security/config/config.local.js",
    "start": 1648536479171,
    "end": 1648536479172,
    "duration": 1,
    "pid": 40076,
    "index": 23
  },
  {
    "name": "Require(20) node_modules/egg-watcher/config/config.local.js",
    "start": 1648536479172,
    "end": 1648536479172,
    "duration": 0,
    "pid": 40076,
    "index": 24
  },
  {
    "name": "Require(21) node_modules/egg-view/config/config.local.js",
    "start": 1648536479173,
    "end": 1648536479173,
    "duration": 0,
    "pid": 40076,
    "index": 25
  },
  {
    "name": "Require(22) node_modules/egg/config/config.local.js",
    "start": 1648536479174,
    "end": 1648536479174,
    "duration": 0,
    "pid": 40076,
    "index": 26
  },
  {
    "name": "Require(23) config/config.local.js",
    "start": 1648536479174,
    "end": 1648536479174,
    "duration": 0,
    "pid": 40076,
    "index": 27
  },
  {
    "name": "Load extend/application.js",
    "start": 1648536479175,
    "end": 1648536479213,
    "duration": 38,
    "pid": 40076,
    "index": 28
  },
  {
    "name": "Require(24) node_modules/egg-session/app/extend/application.js",
    "start": 1648536479175,
    "end": 1648536479175,
    "duration": 0,
    "pid": 40076,
    "index": 29
  },
  {
    "name": "Require(25) node_modules/egg-security/app/extend/application.js",
    "start": 1648536479175,
    "end": 1648536479176,
    "duration": 1,
    "pid": 40076,
    "index": 30
  },
  {
    "name": "Require(26) node_modules/egg-jsonp/app/extend/application.js",
    "start": 1648536479176,
    "end": 1648536479177,
    "duration": 1,
    "pid": 40076,
    "index": 31
  },
  {
    "name": "Require(27) node_modules/egg-logrotator/app/extend/application.js",
    "start": 1648536479178,
    "end": 1648536479179,
    "duration": 1,
    "pid": 40076,
    "index": 32
  },
  {
    "name": "Require(28) node_modules/egg-view/app/extend/application.js",
    "start": 1648536479180,
    "end": 1648536479181,
    "duration": 1,
    "pid": 40076,
    "index": 33
  },
  {
    "name": "Require(29) app/extend/application.js",
    "start": 1648536479181,
    "end": 1648536479212,
    "duration": 31,
    "pid": 40076,
    "index": 34
  },
  {
    "name": "Load extend/request.js",
    "start": 1648536479213,
    "end": 1648536479217,
    "duration": 4,
    "pid": 40076,
    "index": 35
  },
  {
    "name": "Require(30) node_modules/egg/app/extend/request.js",
    "start": 1648536479215,
    "end": 1648536479215,
    "duration": 0,
    "pid": 40076,
    "index": 36
  },
  {
    "name": "Load extend/response.js",
    "start": 1648536479217,
    "end": 1648536479220,
    "duration": 3,
    "pid": 40076,
    "index": 37
  },
  {
    "name": "Require(31) node_modules/egg/app/extend/response.js",
    "start": 1648536479218,
    "end": 1648536479219,
    "duration": 1,
    "pid": 40076,
    "index": 38
  },
  {
    "name": "Load extend/context.js",
    "start": 1648536479220,
    "end": 1648536479260,
    "duration": 40,
    "pid": 40076,
    "index": 39
  },
  {
    "name": "Require(32) node_modules/egg-security/app/extend/context.js",
    "start": 1648536479220,
    "end": 1648536479225,
    "duration": 5,
    "pid": 40076,
    "index": 40
  },
  {
    "name": "Require(33) node_modules/egg-jsonp/app/extend/context.js",
    "start": 1648536479225,
    "end": 1648536479226,
    "duration": 1,
    "pid": 40076,
    "index": 41
  },
  {
    "name": "Require(34) node_modules/egg-i18n/app/extend/context.js",
    "start": 1648536479226,
    "end": 1648536479226,
    "duration": 0,
    "pid": 40076,
    "index": 42
  },
  {
    "name": "Require(35) node_modules/egg-multipart/app/extend/context.js",
    "start": 1648536479226,
    "end": 1648536479256,
    "duration": 30,
    "pid": 40076,
    "index": 43
  },
  {
    "name": "Require(36) node_modules/egg-view/app/extend/context.js",
    "start": 1648536479256,
    "end": 1648536479257,
    "duration": 1,
    "pid": 40076,
    "index": 44
  },
  {
    "name": "Require(37) node_modules/egg-mongoose/app/extend/context.js",
    "start": 1648536479258,
    "end": 1648536479258,
    "duration": 0,
    "pid": 40076,
    "index": 45
  },
  {
    "name": "Require(38) node_modules/egg-validate/app/extend/context.js",
    "start": 1648536479258,
    "end": 1648536479258,
    "duration": 0,
    "pid": 40076,
    "index": 46
  },
  {
    "name": "Require(39) node_modules/egg/app/extend/context.js",
    "start": 1648536479258,
    "end": 1648536479259,
    "duration": 1,
    "pid": 40076,
    "index": 47
  },
  {
    "name": "Load extend/helper.js",
    "start": 1648536479260,
    "end": 1648536479272,
    "duration": 12,
    "pid": 40076,
    "index": 48
  },
  {
    "name": "Require(40) node_modules/egg-security/app/extend/helper.js",
    "start": 1648536479261,
    "end": 1648536479269,
    "duration": 8,
    "pid": 40076,
    "index": 49
  },
  {
    "name": "Require(41) node_modules/egg/app/extend/helper.js",
    "start": 1648536479270,
    "end": 1648536479270,
    "duration": 0,
    "pid": 40076,
    "index": 50
  },
  {
    "name": "Require(42) app/extend/helper.js",
    "start": 1648536479271,
    "end": 1648536479271,
    "duration": 0,
    "pid": 40076,
    "index": 51
  },
  {
    "name": "Load app.js",
    "start": 1648536479272,
    "end": 1648536479296,
    "duration": 24,
    "pid": 40076,
    "index": 52
  },
  {
    "name": "Require(43) node_modules/egg-session/app.js",
    "start": 1648536479272,
    "end": 1648536479273,
    "duration": 1,
    "pid": 40076,
    "index": 53
  },
  {
    "name": "Require(44) node_modules/egg-security/app.js",
    "start": 1648536479273,
    "end": 1648536479274,
    "duration": 1,
    "pid": 40076,
    "index": 54
  },
  {
    "name": "Require(45) node_modules/egg-onerror/app.js",
    "start": 1648536479274,
    "end": 1648536479278,
    "duration": 4,
    "pid": 40076,
    "index": 55
  },
  {
    "name": "Require(46) node_modules/egg-i18n/app.js",
    "start": 1648536479279,
    "end": 1648536479289,
    "duration": 10,
    "pid": 40076,
    "index": 56
  },
  {
    "name": "Require(47) node_modules/egg-watcher/app.js",
    "start": 1648536479289,
    "end": 1648536479291,
    "duration": 2,
    "pid": 40076,
    "index": 57
  },
  {
    "name": "Require(48) node_modules/egg-schedule/app.js",
    "start": 1648536479291,
    "end": 1648536479292,
    "duration": 1,
    "pid": 40076,
    "index": 58
  },
  {
    "name": "Require(49) node_modules/egg-multipart/app.js",
    "start": 1648536479292,
    "end": 1648536479292,
    "duration": 0,
    "pid": 40076,
    "index": 59
  },
  {
    "name": "Require(50) node_modules/egg-development/app.js",
    "start": 1648536479292,
    "end": 1648536479292,
    "duration": 0,
    "pid": 40076,
    "index": 60
  },
  {
    "name": "Require(51) node_modules/egg-logrotator/app.js",
    "start": 1648536479293,
    "end": 1648536479293,
    "duration": 0,
    "pid": 40076,
    "index": 61
  },
  {
    "name": "Require(52) node_modules/egg-static/app.js",
    "start": 1648536479293,
    "end": 1648536479293,
    "duration": 0,
    "pid": 40076,
    "index": 62
  },
  {
    "name": "Require(53) node_modules/egg-mongoose/app.js",
    "start": 1648536479293,
    "end": 1648536479294,
    "duration": 1,
    "pid": 40076,
    "index": 63
  },
  {
    "name": "Require(54) node_modules/egg-validate/app.js",
    "start": 1648536479294,
    "end": 1648536479295,
    "duration": 1,
    "pid": 40076,
    "index": 64
  },
  {
    "name": "Require(55) node_modules/egg-cors/app.js",
    "start": 1648536479295,
    "end": 1648536479295,
    "duration": 0,
    "pid": 40076,
    "index": 65
  },
  {
    "name": "Before Start in node_modules/egg-watcher/lib/init.js:15:14",
    "start": 1648536479302,
    "end": 1648536479725,
    "duration": 423,
    "pid": 40076,
    "index": 66
  },
  {
    "name": "Before Start in node_modules/egg-mongoose/lib/mongoose.js:104:7",
    "start": 1648536479566,
    "end": 1648536479722,
    "duration": 156,
    "pid": 40076,
    "index": 67
  },
  {
    "name": "Before Start in node_modules/egg-mongoose/lib/mongoose.js:52:9",
    "start": 1648536479566,
    "end": 1648536479706,
    "duration": 140,
    "pid": 40076,
    "index": 68
  },
  {
    "name": "Load Service",
    "start": 1648536479566,
    "end": 1648536479588,
    "duration": 22,
    "pid": 40076,
    "index": 69
  },
  {
    "name": "Load \"service\" to Context",
    "start": 1648536479566,
    "end": 1648536479588,
    "duration": 22,
    "pid": 40076,
    "index": 70
  },
  {
    "name": "Load Middleware",
    "start": 1648536479588,
    "end": 1648536479668,
    "duration": 80,
    "pid": 40076,
    "index": 71
  },
  {
    "name": "Load \"middlewares\" to Application",
    "start": 1648536479588,
    "end": 1648536479656,
    "duration": 68,
    "pid": 40076,
    "index": 72
  },
  {
    "name": "Load Controller",
    "start": 1648536479668,
    "end": 1648536479674,
    "duration": 6,
    "pid": 40076,
    "index": 73
  },
  {
    "name": "Load \"controller\" to Application",
    "start": 1648536479668,
    "end": 1648536479674,
    "duration": 6,
    "pid": 40076,
    "index": 74
  },
  {
    "name": "Load Router",
    "start": 1648536479674,
    "end": 1648536479676,
    "duration": 2,
    "pid": 40076,
    "index": 75
  },
  {
    "name": "Require(56) app/router.js",
    "start": 1648536479674,
    "end": 1648536479674,
    "duration": 0,
    "pid": 40076,
    "index": 76
  },
  {
    "name": "Before Start in node_modules/egg-core/lib/egg.js:303:10",
    "start": 1648536479675,
    "end": 1648536479706,
    "duration": 31,
    "pid": 40076,
    "index": 77
  },
  {
    "name": "Load \"model\" to Application",
    "start": 1648536479686,
    "end": 1648536479705,
    "duration": 19,
    "pid": 40076,
    "index": 78
  }
]