[
  {
    "name": "Process Start",
    "start": 1648457035820,
    "end": 1648457036503,
    "duration": 683,
    "pid": 16412,
    "index": 0
  },
  {
    "name": "Application Start",
    "start": 1648457036504,
    "end": 1648457037006,
    "duration": 502,
    "pid": 16412,
    "index": 1
  },
  {
    "name": "Load Plugin",
    "start": 1648457036506,
    "end": 1648457036516,
    "duration": 10,
    "pid": 16412,
    "index": 2
  },
  {
    "name": "Load Config",
    "start": 1648457036516,
    "end": 1648457036530,
    "duration": 14,
    "pid": 16412,
    "index": 3
  },
  {
    "name": "Require(0) config/config.default.js",
    "start": 1648457036517,
    "end": 1648457036517,
    "duration": 0,
    "pid": 16412,
    "index": 4
  },
  {
    "name": "Require(1) node_modules/egg-session/config/config.default.js",
    "start": 1648457036518,
    "end": 1648457036518,
    "duration": 0,
    "pid": 16412,
    "index": 5
  },
  {
    "name": "Require(2) node_modules/egg-security/config/config.default.js",
    "start": 1648457036518,
    "end": 1648457036518,
    "duration": 0,
    "pid": 16412,
    "index": 6
  },
  {
    "name": "Require(3) node_modules/egg-jsonp/config/config.default.js",
    "start": 1648457036519,
    "end": 1648457036519,
    "duration": 0,
    "pid": 16412,
    "index": 7
  },
  {
    "name": "Require(4) node_modules/egg-onerror/config/config.default.js",
    "start": 1648457036519,
    "end": 1648457036520,
    "duration": 1,
    "pid": 16412,
    "index": 8
  },
  {
    "name": "Require(5) node_modules/egg-i18n/config/config.default.js",
    "start": 1648457036520,
    "end": 1648457036520,
    "duration": 0,
    "pid": 16412,
    "index": 9
  },
  {
    "name": "Require(6) node_modules/egg-watcher/config/config.default.js",
    "start": 1648457036521,
    "end": 1648457036521,
    "duration": 0,
    "pid": 16412,
    "index": 10
  },
  {
    "name": "Require(7) node_modules/egg-schedule/config/config.default.js",
    "start": 1648457036521,
    "end": 1648457036521,
    "duration": 0,
    "pid": 16412,
    "index": 11
  },
  {
    "name": "Require(8) node_modules/egg-multipart/config/config.default.js",
    "start": 1648457036522,
    "end": 1648457036522,
    "duration": 0,
    "pid": 16412,
    "index": 12
  },
  {
    "name": "Require(9) node_modules/egg-development/config/config.default.js",
    "start": 1648457036522,
    "end": 1648457036522,
    "duration": 0,
    "pid": 16412,
    "index": 13
  },
  {
    "name": "Require(10) node_modules/egg-logrotator/config/config.default.js",
    "start": 1648457036523,
    "end": 1648457036523,
    "duration": 0,
    "pid": 16412,
    "index": 14
  },
  {
    "name": "Require(11) node_modules/egg-static/config/config.default.js",
    "start": 1648457036523,
    "end": 1648457036523,
    "duration": 0,
    "pid": 16412,
    "index": 15
  },
  {
    "name": "Require(12) node_modules/egg-view/config/config.default.js",
    "start": 1648457036524,
    "end": 1648457036524,
    "duration": 0,
    "pid": 16412,
    "index": 16
  },
  {
    "name": "Require(13) node_modules/egg-mongoose/config/config.default.js",
    "start": 1648457036524,
    "end": 1648457036524,
    "duration": 0,
    "pid": 16412,
    "index": 17
  },
  {
    "name": "Require(14) node_modules/egg-validate/config/config.default.js",
    "start": 1648457036524,
    "end": 1648457036525,
    "duration": 1,
    "pid": 16412,
    "index": 18
  },
  {
    "name": "Require(15) node_modules/egg-cors/config/config.default.js",
    "start": 1648457036525,
    "end": 1648457036525,
    "duration": 0,
    "pid": 16412,
    "index": 19
  },
  {
    "name": "Require(16) node_modules/egg/config/config.default.js",
    "start": 1648457036525,
    "end": 1648457036526,
    "duration": 1,
    "pid": 16412,
    "index": 20
  },
  {
    "name": "Require(17) config/config.default.js",
    "start": 1648457036526,
    "end": 1648457036526,
    "duration": 0,
    "pid": 16412,
    "index": 21
  },
  {
    "name": "Require(18) node_modules/egg-security/config/config.local.js",
    "start": 1648457036527,
    "end": 1648457036527,
    "duration": 0,
    "pid": 16412,
    "index": 22
  },
  {
    "name": "Require(19) node_modules/egg-watcher/config/config.local.js",
    "start": 1648457036528,
    "end": 1648457036528,
    "duration": 0,
    "pid": 16412,
    "index": 23
  },
  {
    "name": "Require(20) node_modules/egg-view/config/config.local.js",
    "start": 1648457036529,
    "end": 1648457036529,
    "duration": 0,
    "pid": 16412,
    "index": 24
  },
  {
    "name": "Require(21) node_modules/egg/config/config.local.js",
    "start": 1648457036530,
    "end": 1648457036530,
    "duration": 0,
    "pid": 16412,
    "index": 25
  },
  {
    "name": "Load extend/application.js",
    "start": 1648457036531,
    "end": 1648457036537,
    "duration": 6,
    "pid": 16412,
    "index": 26
  },
  {
    "name": "Require(22) node_modules/egg-session/app/extend/application.js",
    "start": 1648457036531,
    "end": 1648457036531,
    "duration": 0,
    "pid": 16412,
    "index": 27
  },
  {
    "name": "Require(23) node_modules/egg-security/app/extend/application.js",
    "start": 1648457036531,
    "end": 1648457036532,
    "duration": 1,
    "pid": 16412,
    "index": 28
  },
  {
    "name": "Require(24) node_modules/egg-jsonp/app/extend/application.js",
    "start": 1648457036532,
    "end": 1648457036533,
    "duration": 1,
    "pid": 16412,
    "index": 29
  },
  {
    "name": "Require(25) node_modules/egg-logrotator/app/extend/application.js",
    "start": 1648457036534,
    "end": 1648457036535,
    "duration": 1,
    "pid": 16412,
    "index": 30
  },
  {
    "name": "Require(26) node_modules/egg-view/app/extend/application.js",
    "start": 1648457036535,
    "end": 1648457036536,
    "duration": 1,
    "pid": 16412,
    "index": 31
  },
  {
    "name": "Load extend/request.js",
    "start": 1648457036537,
    "end": 1648457036542,
    "duration": 5,
    "pid": 16412,
    "index": 32
  },
  {
    "name": "Require(27) node_modules/egg/app/extend/request.js",
    "start": 1648457036539,
    "end": 1648457036539,
    "duration": 0,
    "pid": 16412,
    "index": 33
  },
  {
    "name": "Load extend/response.js",
    "start": 1648457036542,
    "end": 1648457036546,
    "duration": 4,
    "pid": 16412,
    "index": 34
  },
  {
    "name": "Require(28) node_modules/egg/app/extend/response.js",
    "start": 1648457036544,
    "end": 1648457036544,
    "duration": 0,
    "pid": 16412,
    "index": 35
  },
  {
    "name": "Load extend/context.js",
    "start": 1648457036546,
    "end": 1648457036584,
    "duration": 38,
    "pid": 16412,
    "index": 36
  },
  {
    "name": "Require(29) node_modules/egg-security/app/extend/context.js",
    "start": 1648457036546,
    "end": 1648457036551,
    "duration": 5,
    "pid": 16412,
    "index": 37
  },
  {
    "name": "Require(30) node_modules/egg-jsonp/app/extend/context.js",
    "start": 1648457036551,
    "end": 1648457036552,
    "duration": 1,
    "pid": 16412,
    "index": 38
  },
  {
    "name": "Require(31) node_modules/egg-i18n/app/extend/context.js",
    "start": 1648457036552,
    "end": 1648457036552,
    "duration": 0,
    "pid": 16412,
    "index": 39
  },
  {
    "name": "Require(32) node_modules/egg-multipart/app/extend/context.js",
    "start": 1648457036553,
    "end": 1648457036580,
    "duration": 27,
    "pid": 16412,
    "index": 40
  },
  {
    "name": "Require(33) node_modules/egg-view/app/extend/context.js",
    "start": 1648457036581,
    "end": 1648457036581,
    "duration": 0,
    "pid": 16412,
    "index": 41
  },
  {
    "name": "Require(34) node_modules/egg-mongoose/app/extend/context.js",
    "start": 1648457036581,
    "end": 1648457036582,
    "duration": 1,
    "pid": 16412,
    "index": 42
  },
  {
    "name": "Require(35) node_modules/egg-validate/app/extend/context.js",
    "start": 1648457036582,
    "end": 1648457036582,
    "duration": 0,
    "pid": 16412,
    "index": 43
  },
  {
    "name": "Require(36) node_modules/egg/app/extend/context.js",
    "start": 1648457036582,
    "end": 1648457036583,
    "duration": 1,
    "pid": 16412,
    "index": 44
  },
  {
    "name": "Load extend/helper.js",
    "start": 1648457036584,
    "end": 1648457036595,
    "duration": 11,
    "pid": 16412,
    "index": 45
  },
  {
    "name": "Require(37) node_modules/egg-security/app/extend/helper.js",
    "start": 1648457036584,
    "end": 1648457036592,
    "duration": 8,
    "pid": 16412,
    "index": 46
  },
  {
    "name": "Require(38) node_modules/egg/app/extend/helper.js",
    "start": 1648457036594,
    "end": 1648457036594,
    "duration": 0,
    "pid": 16412,
    "index": 47
  },
  {
    "name": "Require(39) app/extend/helper.js",
    "start": 1648457036594,
    "end": 1648457036594,
    "duration": 0,
    "pid": 16412,
    "index": 48
  },
  {
    "name": "Load app.js",
    "start": 1648457036596,
    "end": 1648457036618,
    "duration": 22,
    "pid": 16412,
    "index": 49
  },
  {
    "name": "Require(40) node_modules/egg-session/app.js",
    "start": 1648457036596,
    "end": 1648457036596,
    "duration": 0,
    "pid": 16412,
    "index": 50
  },
  {
    "name": "Require(41) node_modules/egg-security/app.js",
    "start": 1648457036596,
    "end": 1648457036597,
    "duration": 1,
    "pid": 16412,
    "index": 51
  },
  {
    "name": "Require(42) node_modules/egg-onerror/app.js",
    "start": 1648457036597,
    "end": 1648457036602,
    "duration": 5,
    "pid": 16412,
    "index": 52
  },
  {
    "name": "Require(43) node_modules/egg-i18n/app.js",
    "start": 1648457036602,
    "end": 1648457036612,
    "duration": 10,
    "pid": 16412,
    "index": 53
  },
  {
    "name": "Require(44) node_modules/egg-watcher/app.js",
    "start": 1648457036612,
    "end": 1648457036614,
    "duration": 2,
    "pid": 16412,
    "index": 54
  },
  {
    "name": "Require(45) node_modules/egg-schedule/app.js",
    "start": 1648457036614,
    "end": 1648457036614,
    "duration": 0,
    "pid": 16412,
    "index": 55
  },
  {
    "name": "Require(46) node_modules/egg-multipart/app.js",
    "start": 1648457036615,
    "end": 1648457036615,
    "duration": 0,
    "pid": 16412,
    "index": 56
  },
  {
    "name": "Require(47) node_modules/egg-development/app.js",
    "start": 1648457036615,
    "end": 1648457036615,
    "duration": 0,
    "pid": 16412,
    "index": 57
  },
  {
    "name": "Require(48) node_modules/egg-logrotator/app.js",
    "start": 1648457036615,
    "end": 1648457036616,
    "duration": 1,
    "pid": 16412,
    "index": 58
  },
  {
    "name": "Require(49) node_modules/egg-static/app.js",
    "start": 1648457036616,
    "end": 1648457036616,
    "duration": 0,
    "pid": 16412,
    "index": 59
  },
  {
    "name": "Require(50) node_modules/egg-mongoose/app.js",
    "start": 1648457036616,
    "end": 1648457036616,
    "duration": 0,
    "pid": 16412,
    "index": 60
  },
  {
    "name": "Require(51) node_modules/egg-validate/app.js",
    "start": 1648457036616,
    "end": 1648457036617,
    "duration": 1,
    "pid": 16412,
    "index": 61
  },
  {
    "name": "Require(52) node_modules/egg-cors/app.js",
    "start": 1648457036617,
    "end": 1648457036618,
    "duration": 1,
    "pid": 16412,
    "index": 62
  },
  {
    "name": "Before Start in node_modules/egg-watcher/lib/init.js:15:14",
    "start": 1648457036624,
    "end": 1648457037006,
    "duration": 382,
    "pid": 16412,
    "index": 63
  },
  {
    "name": "Before Start in node_modules/egg-mongoose/lib/mongoose.js:104:7",
    "start": 1648457036864,
    "end": 1648457037005,
    "duration": 141,
    "pid": 16412,
    "index": 64
  },
  {
    "name": "Before Start in node_modules/egg-mongoose/lib/mongoose.js:52:9",
    "start": 1648457036864,
    "end": 1648457036994,
    "duration": 130,
    "pid": 16412,
    "index": 65
  },
  {
    "name": "Load Service",
    "start": 1648457036864,
    "end": 1648457036884,
    "duration": 20,
    "pid": 16412,
    "index": 66
  },
  {
    "name": "Load \"service\" to Context",
    "start": 1648457036864,
    "end": 1648457036884,
    "duration": 20,
    "pid": 16412,
    "index": 67
  },
  {
    "name": "Load Middleware",
    "start": 1648457036884,
    "end": 1648457036944,
    "duration": 60,
    "pid": 16412,
    "index": 68
  },
  {
    "name": "Load \"middlewares\" to Application",
    "start": 1648457036884,
    "end": 1648457036938,
    "duration": 54,
    "pid": 16412,
    "index": 69
  },
  {
    "name": "Load Controller",
    "start": 1648457036944,
    "end": 1648457036972,
    "duration": 28,
    "pid": 16412,
    "index": 70
  },
  {
    "name": "Load \"controller\" to Application",
    "start": 1648457036944,
    "end": 1648457036972,
    "duration": 28,
    "pid": 16412,
    "index": 71
  },
  {
    "name": "Load Router",
    "start": 1648457036972,
    "end": 1648457036974,
    "duration": 2,
    "pid": 16412,
    "index": 72
  },
  {
    "name": "Require(53) app/router.js",
    "start": 1648457036972,
    "end": 1648457036973,
    "duration": 1,
    "pid": 16412,
    "index": 73
  },
  {
    "name": "Before Start in node_modules/egg-core/lib/egg.js:303:10",
    "start": 1648457036973,
    "end": 1648457036994,
    "duration": 21,
    "pid": 16412,
    "index": 74
  },
  {
    "name": "Load \"model\" to Application",
    "start": 1648457036982,
    "end": 1648457036993,
    "duration": 11,
    "pid": 16412,
    "index": 75
  }
]