[
  {
    "name": "Process Start",
    "start": 1648546913026,
    "end": 1648546913687,
    "duration": 661,
    "pid": 40256,
    "index": 0
  },
  {
    "name": "Application Start",
    "start": 1648546913688,
    "end": 1648546914247,
    "duration": 559,
    "pid": 40256,
    "index": 1
  },
  {
    "name": "Load Plugin",
    "start": 1648546913691,
    "end": 1648546913701,
    "duration": 10,
    "pid": 40256,
    "index": 2
  },
  {
    "name": "Load Config",
    "start": 1648546913701,
    "end": 1648546913717,
    "duration": 16,
    "pid": 40256,
    "index": 3
  },
  {
    "name": "Require(0) config/config.default.js",
    "start": 1648546913702,
    "end": 1648546913702,
    "duration": 0,
    "pid": 40256,
    "index": 4
  },
  {
    "name": "Require(1) config/config.local.js",
    "start": 1648546913703,
    "end": 1648546913703,
    "duration": 0,
    "pid": 40256,
    "index": 5
  },
  {
    "name": "Require(2) node_modules/egg-session/config/config.default.js",
    "start": 1648546913703,
    "end": 1648546913704,
    "duration": 1,
    "pid": 40256,
    "index": 6
  },
  {
    "name": "Require(3) node_modules/egg-security/config/config.default.js",
    "start": 1648546913704,
    "end": 1648546913704,
    "duration": 0,
    "pid": 40256,
    "index": 7
  },
  {
    "name": "Require(4) node_modules/egg-jsonp/config/config.default.js",
    "start": 1648546913705,
    "end": 1648546913705,
    "duration": 0,
    "pid": 40256,
    "index": 8
  },
  {
    "name": "Require(5) node_modules/egg-onerror/config/config.default.js",
    "start": 1648546913705,
    "end": 1648546913705,
    "duration": 0,
    "pid": 40256,
    "index": 9
  },
  {
    "name": "Require(6) node_modules/egg-i18n/config/config.default.js",
    "start": 1648546913706,
    "end": 1648546913706,
    "duration": 0,
    "pid": 40256,
    "index": 10
  },
  {
    "name": "Require(7) node_modules/egg-watcher/config/config.default.js",
    "start": 1648546913706,
    "end": 1648546913707,
    "duration": 1,
    "pid": 40256,
    "index": 11
  },
  {
    "name": "Require(8) node_modules/egg-schedule/config/config.default.js",
    "start": 1648546913707,
    "end": 1648546913707,
    "duration": 0,
    "pid": 40256,
    "index": 12
  },
  {
    "name": "Require(9) node_modules/egg-multipart/config/config.default.js",
    "start": 1648546913708,
    "end": 1648546913708,
    "duration": 0,
    "pid": 40256,
    "index": 13
  },
  {
    "name": "Require(10) node_modules/egg-development/config/config.default.js",
    "start": 1648546913708,
    "end": 1648546913709,
    "duration": 1,
    "pid": 40256,
    "index": 14
  },
  {
    "name": "Require(11) node_modules/egg-logrotator/config/config.default.js",
    "start": 1648546913709,
    "end": 1648546913709,
    "duration": 0,
    "pid": 40256,
    "index": 15
  },
  {
    "name": "Require(12) node_modules/egg-static/config/config.default.js",
    "start": 1648546913710,
    "end": 1648546913710,
    "duration": 0,
    "pid": 40256,
    "index": 16
  },
  {
    "name": "Require(13) node_modules/egg-view/config/config.default.js",
    "start": 1648546913710,
    "end": 1648546913710,
    "duration": 0,
    "pid": 40256,
    "index": 17
  },
  {
    "name": "Require(14) node_modules/egg-mongoose/config/config.default.js",
    "start": 1648546913711,
    "end": 1648546913711,
    "duration": 0,
    "pid": 40256,
    "index": 18
  },
  {
    "name": "Require(15) node_modules/egg-validate/config/config.default.js",
    "start": 1648546913711,
    "end": 1648546913711,
    "duration": 0,
    "pid": 40256,
    "index": 19
  },
  {
    "name": "Require(16) node_modules/egg-cors/config/config.default.js",
    "start": 1648546913712,
    "end": 1648546913712,
    "duration": 0,
    "pid": 40256,
    "index": 20
  },
  {
    "name": "Require(17) node_modules/egg/config/config.default.js",
    "start": 1648546913712,
    "end": 1648546913712,
    "duration": 0,
    "pid": 40256,
    "index": 21
  },
  {
    "name": "Require(18) config/config.default.js",
    "start": 1648546913713,
    "end": 1648546913713,
    "duration": 0,
    "pid": 40256,
    "index": 22
  },
  {
    "name": "Require(19) node_modules/egg-security/config/config.local.js",
    "start": 1648546913713,
    "end": 1648546913715,
    "duration": 2,
    "pid": 40256,
    "index": 23
  },
  {
    "name": "Require(20) node_modules/egg-watcher/config/config.local.js",
    "start": 1648546913715,
    "end": 1648546913715,
    "duration": 0,
    "pid": 40256,
    "index": 24
  },
  {
    "name": "Require(21) node_modules/egg-view/config/config.local.js",
    "start": 1648546913716,
    "end": 1648546913716,
    "duration": 0,
    "pid": 40256,
    "index": 25
  },
  {
    "name": "Require(22) node_modules/egg/config/config.local.js",
    "start": 1648546913716,
    "end": 1648546913717,
    "duration": 1,
    "pid": 40256,
    "index": 26
  },
  {
    "name": "Require(23) config/config.local.js",
    "start": 1648546913717,
    "end": 1648546913717,
    "duration": 0,
    "pid": 40256,
    "index": 27
  },
  {
    "name": "Load extend/application.js",
    "start": 1648546913717,
    "end": 1648546913755,
    "duration": 38,
    "pid": 40256,
    "index": 28
  },
  {
    "name": "Require(24) node_modules/egg-session/app/extend/application.js",
    "start": 1648546913718,
    "end": 1648546913718,
    "duration": 0,
    "pid": 40256,
    "index": 29
  },
  {
    "name": "Require(25) node_modules/egg-security/app/extend/application.js",
    "start": 1648546913718,
    "end": 1648546913719,
    "duration": 1,
    "pid": 40256,
    "index": 30
  },
  {
    "name": "Require(26) node_modules/egg-jsonp/app/extend/application.js",
    "start": 1648546913719,
    "end": 1648546913720,
    "duration": 1,
    "pid": 40256,
    "index": 31
  },
  {
    "name": "Require(27) node_modules/egg-logrotator/app/extend/application.js",
    "start": 1648546913721,
    "end": 1648546913722,
    "duration": 1,
    "pid": 40256,
    "index": 32
  },
  {
    "name": "Require(28) node_modules/egg-view/app/extend/application.js",
    "start": 1648546913722,
    "end": 1648546913723,
    "duration": 1,
    "pid": 40256,
    "index": 33
  },
  {
    "name": "Require(29) app/extend/application.js",
    "start": 1648546913723,
    "end": 1648546913753,
    "duration": 30,
    "pid": 40256,
    "index": 34
  },
  {
    "name": "Load extend/request.js",
    "start": 1648546913755,
    "end": 1648546913758,
    "duration": 3,
    "pid": 40256,
    "index": 35
  },
  {
    "name": "Require(30) node_modules/egg/app/extend/request.js",
    "start": 1648546913756,
    "end": 1648546913757,
    "duration": 1,
    "pid": 40256,
    "index": 36
  },
  {
    "name": "Load extend/response.js",
    "start": 1648546913759,
    "end": 1648546913763,
    "duration": 4,
    "pid": 40256,
    "index": 37
  },
  {
    "name": "Require(31) node_modules/egg/app/extend/response.js",
    "start": 1648546913760,
    "end": 1648546913761,
    "duration": 1,
    "pid": 40256,
    "index": 38
  },
  {
    "name": "Load extend/context.js",
    "start": 1648546913763,
    "end": 1648546913801,
    "duration": 38,
    "pid": 40256,
    "index": 39
  },
  {
    "name": "Require(32) node_modules/egg-security/app/extend/context.js",
    "start": 1648546913763,
    "end": 1648546913767,
    "duration": 4,
    "pid": 40256,
    "index": 40
  },
  {
    "name": "Require(33) node_modules/egg-jsonp/app/extend/context.js",
    "start": 1648546913767,
    "end": 1648546913768,
    "duration": 1,
    "pid": 40256,
    "index": 41
  },
  {
    "name": "Require(34) node_modules/egg-i18n/app/extend/context.js",
    "start": 1648546913768,
    "end": 1648546913769,
    "duration": 1,
    "pid": 40256,
    "index": 42
  },
  {
    "name": "Require(35) node_modules/egg-multipart/app/extend/context.js",
    "start": 1648546913769,
    "end": 1648546913797,
    "duration": 28,
    "pid": 40256,
    "index": 43
  },
  {
    "name": "Require(36) node_modules/egg-view/app/extend/context.js",
    "start": 1648546913798,
    "end": 1648546913798,
    "duration": 0,
    "pid": 40256,
    "index": 44
  },
  {
    "name": "Require(37) node_modules/egg-mongoose/app/extend/context.js",
    "start": 1648546913799,
    "end": 1648546913799,
    "duration": 0,
    "pid": 40256,
    "index": 45
  },
  {
    "name": "Require(38) node_modules/egg-validate/app/extend/context.js",
    "start": 1648546913799,
    "end": 1648546913799,
    "duration": 0,
    "pid": 40256,
    "index": 46
  },
  {
    "name": "Require(39) node_modules/egg/app/extend/context.js",
    "start": 1648546913799,
    "end": 1648546913800,
    "duration": 1,
    "pid": 40256,
    "index": 47
  },
  {
    "name": "Load extend/helper.js",
    "start": 1648546913801,
    "end": 1648546913814,
    "duration": 13,
    "pid": 40256,
    "index": 48
  },
  {
    "name": "Require(40) node_modules/egg-security/app/extend/helper.js",
    "start": 1648546913802,
    "end": 1648546913811,
    "duration": 9,
    "pid": 40256,
    "index": 49
  },
  {
    "name": "Require(41) node_modules/egg/app/extend/helper.js",
    "start": 1648546913812,
    "end": 1648546913812,
    "duration": 0,
    "pid": 40256,
    "index": 50
  },
  {
    "name": "Require(42) app/extend/helper.js",
    "start": 1648546913812,
    "end": 1648546913812,
    "duration": 0,
    "pid": 40256,
    "index": 51
  },
  {
    "name": "Load app.js",
    "start": 1648546913814,
    "end": 1648546913838,
    "duration": 24,
    "pid": 40256,
    "index": 52
  },
  {
    "name": "Require(43) node_modules/egg-session/app.js",
    "start": 1648546913814,
    "end": 1648546913814,
    "duration": 0,
    "pid": 40256,
    "index": 53
  },
  {
    "name": "Require(44) node_modules/egg-security/app.js",
    "start": 1648546913814,
    "end": 1648546913815,
    "duration": 1,
    "pid": 40256,
    "index": 54
  },
  {
    "name": "Require(45) node_modules/egg-onerror/app.js",
    "start": 1648546913815,
    "end": 1648546913820,
    "duration": 5,
    "pid": 40256,
    "index": 55
  },
  {
    "name": "Require(46) node_modules/egg-i18n/app.js",
    "start": 1648546913820,
    "end": 1648546913830,
    "duration": 10,
    "pid": 40256,
    "index": 56
  },
  {
    "name": "Require(47) node_modules/egg-watcher/app.js",
    "start": 1648546913831,
    "end": 1648546913833,
    "duration": 2,
    "pid": 40256,
    "index": 57
  },
  {
    "name": "Require(48) node_modules/egg-schedule/app.js",
    "start": 1648546913833,
    "end": 1648546913834,
    "duration": 1,
    "pid": 40256,
    "index": 58
  },
  {
    "name": "Require(49) node_modules/egg-multipart/app.js",
    "start": 1648546913834,
    "end": 1648546913834,
    "duration": 0,
    "pid": 40256,
    "index": 59
  },
  {
    "name": "Require(50) node_modules/egg-development/app.js",
    "start": 1648546913834,
    "end": 1648546913835,
    "duration": 1,
    "pid": 40256,
    "index": 60
  },
  {
    "name": "Require(51) node_modules/egg-logrotator/app.js",
    "start": 1648546913835,
    "end": 1648546913835,
    "duration": 0,
    "pid": 40256,
    "index": 61
  },
  {
    "name": "Require(52) node_modules/egg-static/app.js",
    "start": 1648546913835,
    "end": 1648546913835,
    "duration": 0,
    "pid": 40256,
    "index": 62
  },
  {
    "name": "Require(53) node_modules/egg-mongoose/app.js",
    "start": 1648546913836,
    "end": 1648546913836,
    "duration": 0,
    "pid": 40256,
    "index": 63
  },
  {
    "name": "Require(54) node_modules/egg-validate/app.js",
    "start": 1648546913836,
    "end": 1648546913837,
    "duration": 1,
    "pid": 40256,
    "index": 64
  },
  {
    "name": "Require(55) node_modules/egg-cors/app.js",
    "start": 1648546913837,
    "end": 1648546913837,
    "duration": 0,
    "pid": 40256,
    "index": 65
  },
  {
    "name": "Before Start in node_modules/egg-watcher/lib/init.js:15:14",
    "start": 1648546913845,
    "end": 1648546914246,
    "duration": 401,
    "pid": 40256,
    "index": 66
  },
  {
    "name": "Before Start in node_modules/egg-mongoose/lib/mongoose.js:104:7",
    "start": 1648546914117,
    "end": 1648546914245,
    "duration": 128,
    "pid": 40256,
    "index": 67
  },
  {
    "name": "Before Start in node_modules/egg-mongoose/lib/mongoose.js:52:9",
    "start": 1648546914117,
    "end": 1648546914232,
    "duration": 115,
    "pid": 40256,
    "index": 68
  },
  {
    "name": "Load Service",
    "start": 1648546914118,
    "end": 1648546914139,
    "duration": 21,
    "pid": 40256,
    "index": 69
  },
  {
    "name": "Load \"service\" to Context",
    "start": 1648546914118,
    "end": 1648546914139,
    "duration": 21,
    "pid": 40256,
    "index": 70
  },
  {
    "name": "Load Middleware",
    "start": 1648546914139,
    "end": 1648546914205,
    "duration": 66,
    "pid": 40256,
    "index": 71
  },
  {
    "name": "Load \"middlewares\" to Application",
    "start": 1648546914139,
    "end": 1648546914199,
    "duration": 60,
    "pid": 40256,
    "index": 72
  },
  {
    "name": "Load Controller",
    "start": 1648546914205,
    "end": 1648546914210,
    "duration": 5,
    "pid": 40256,
    "index": 73
  },
  {
    "name": "Load \"controller\" to Application",
    "start": 1648546914205,
    "end": 1648546914210,
    "duration": 5,
    "pid": 40256,
    "index": 74
  },
  {
    "name": "Load Router",
    "start": 1648546914210,
    "end": 1648546914212,
    "duration": 2,
    "pid": 40256,
    "index": 75
  },
  {
    "name": "Require(56) app/router.js",
    "start": 1648546914210,
    "end": 1648546914210,
    "duration": 0,
    "pid": 40256,
    "index": 76
  },
  {
    "name": "Before Start in node_modules/egg-core/lib/egg.js:303:10",
    "start": 1648546914210,
    "end": 1648546914232,
    "duration": 22,
    "pid": 40256,
    "index": 77
  },
  {
    "name": "Load \"model\" to Application",
    "start": 1648546914218,
    "end": 1648546914232,
    "duration": 14,
    "pid": 40256,
    "index": 78
  }
]