[
  {
    "name": "Process Start",
    "start": 1648460154446,
    "end": 1648460155173,
    "duration": 727,
    "pid": 19620,
    "index": 0
  },
  {
    "name": "Application Start",
    "start": 1648460155174,
    "end": 1648460155755,
    "duration": 581,
    "pid": 19620,
    "index": 1
  },
  {
    "name": "Load Plugin",
    "start": 1648460155177,
    "end": 1648460155189,
    "duration": 12,
    "pid": 19620,
    "index": 2
  },
  {
    "name": "Load Config",
    "start": 1648460155189,
    "end": 1648460155208,
    "duration": 19,
    "pid": 19620,
    "index": 3
  },
  {
    "name": "Require(0) config/config.default.js",
    "start": 1648460155190,
    "end": 1648460155190,
    "duration": 0,
    "pid": 19620,
    "index": 4
  },
  {
    "name": "Require(1) config/config.local.js",
    "start": 1648460155191,
    "end": 1648460155191,
    "duration": 0,
    "pid": 19620,
    "index": 5
  },
  {
    "name": "Require(2) node_modules/egg-session/config/config.default.js",
    "start": 1648460155191,
    "end": 1648460155192,
    "duration": 1,
    "pid": 19620,
    "index": 6
  },
  {
    "name": "Require(3) node_modules/egg-security/config/config.default.js",
    "start": 1648460155192,
    "end": 1648460155192,
    "duration": 0,
    "pid": 19620,
    "index": 7
  },
  {
    "name": "Require(4) node_modules/egg-jsonp/config/config.default.js",
    "start": 1648460155193,
    "end": 1648460155193,
    "duration": 0,
    "pid": 19620,
    "index": 8
  },
  {
    "name": "Require(5) node_modules/egg-onerror/config/config.default.js",
    "start": 1648460155193,
    "end": 1648460155194,
    "duration": 1,
    "pid": 19620,
    "index": 9
  },
  {
    "name": "Require(6) node_modules/egg-i18n/config/config.default.js",
    "start": 1648460155194,
    "end": 1648460155194,
    "duration": 0,
    "pid": 19620,
    "index": 10
  },
  {
    "name": "Require(7) node_modules/egg-watcher/config/config.default.js",
    "start": 1648460155195,
    "end": 1648460155195,
    "duration": 0,
    "pid": 19620,
    "index": 11
  },
  {
    "name": "Require(8) node_modules/egg-schedule/config/config.default.js",
    "start": 1648460155195,
    "end": 1648460155195,
    "duration": 0,
    "pid": 19620,
    "index": 12
  },
  {
    "name": "Require(9) node_modules/egg-multipart/config/config.default.js",
    "start": 1648460155196,
    "end": 1648460155196,
    "duration": 0,
    "pid": 19620,
    "index": 13
  },
  {
    "name": "Require(10) node_modules/egg-development/config/config.default.js",
    "start": 1648460155196,
    "end": 1648460155197,
    "duration": 1,
    "pid": 19620,
    "index": 14
  },
  {
    "name": "Require(11) node_modules/egg-logrotator/config/config.default.js",
    "start": 1648460155197,
    "end": 1648460155197,
    "duration": 0,
    "pid": 19620,
    "index": 15
  },
  {
    "name": "Require(12) node_modules/egg-static/config/config.default.js",
    "start": 1648460155197,
    "end": 1648460155198,
    "duration": 1,
    "pid": 19620,
    "index": 16
  },
  {
    "name": "Require(13) node_modules/egg-view/config/config.default.js",
    "start": 1648460155198,
    "end": 1648460155198,
    "duration": 0,
    "pid": 19620,
    "index": 17
  },
  {
    "name": "Require(14) node_modules/egg-mongoose/config/config.default.js",
    "start": 1648460155199,
    "end": 1648460155199,
    "duration": 0,
    "pid": 19620,
    "index": 18
  },
  {
    "name": "Require(15) node_modules/egg-validate/config/config.default.js",
    "start": 1648460155199,
    "end": 1648460155200,
    "duration": 1,
    "pid": 19620,
    "index": 19
  },
  {
    "name": "Require(16) node_modules/egg-cors/config/config.default.js",
    "start": 1648460155200,
    "end": 1648460155200,
    "duration": 0,
    "pid": 19620,
    "index": 20
  },
  {
    "name": "Require(17) node_modules/egg/config/config.default.js",
    "start": 1648460155200,
    "end": 1648460155201,
    "duration": 1,
    "pid": 19620,
    "index": 21
  },
  {
    "name": "Require(18) config/config.default.js",
    "start": 1648460155202,
    "end": 1648460155202,
    "duration": 0,
    "pid": 19620,
    "index": 22
  },
  {
    "name": "Require(19) node_modules/egg-security/config/config.local.js",
    "start": 1648460155202,
    "end": 1648460155203,
    "duration": 1,
    "pid": 19620,
    "index": 23
  },
  {
    "name": "Require(20) node_modules/egg-watcher/config/config.local.js",
    "start": 1648460155206,
    "end": 1648460155206,
    "duration": 0,
    "pid": 19620,
    "index": 24
  },
  {
    "name": "Require(21) node_modules/egg-view/config/config.local.js",
    "start": 1648460155207,
    "end": 1648460155207,
    "duration": 0,
    "pid": 19620,
    "index": 25
  },
  {
    "name": "Require(22) node_modules/egg/config/config.local.js",
    "start": 1648460155207,
    "end": 1648460155208,
    "duration": 1,
    "pid": 19620,
    "index": 26
  },
  {
    "name": "Require(23) config/config.local.js",
    "start": 1648460155208,
    "end": 1648460155208,
    "duration": 0,
    "pid": 19620,
    "index": 27
  },
  {
    "name": "Load extend/application.js",
    "start": 1648460155209,
    "end": 1648460155244,
    "duration": 35,
    "pid": 19620,
    "index": 28
  },
  {
    "name": "Require(24) node_modules/egg-session/app/extend/application.js",
    "start": 1648460155209,
    "end": 1648460155209,
    "duration": 0,
    "pid": 19620,
    "index": 29
  },
  {
    "name": "Require(25) node_modules/egg-security/app/extend/application.js",
    "start": 1648460155210,
    "end": 1648460155210,
    "duration": 0,
    "pid": 19620,
    "index": 30
  },
  {
    "name": "Require(26) node_modules/egg-jsonp/app/extend/application.js",
    "start": 1648460155210,
    "end": 1648460155211,
    "duration": 1,
    "pid": 19620,
    "index": 31
  },
  {
    "name": "Require(27) node_modules/egg-logrotator/app/extend/application.js",
    "start": 1648460155212,
    "end": 1648460155213,
    "duration": 1,
    "pid": 19620,
    "index": 32
  },
  {
    "name": "Require(28) node_modules/egg-view/app/extend/application.js",
    "start": 1648460155213,
    "end": 1648460155214,
    "duration": 1,
    "pid": 19620,
    "index": 33
  },
  {
    "name": "Require(29) app/extend/application.js",
    "start": 1648460155215,
    "end": 1648460155243,
    "duration": 28,
    "pid": 19620,
    "index": 34
  },
  {
    "name": "Load extend/request.js",
    "start": 1648460155244,
    "end": 1648460155247,
    "duration": 3,
    "pid": 19620,
    "index": 35
  },
  {
    "name": "Require(30) node_modules/egg/app/extend/request.js",
    "start": 1648460155245,
    "end": 1648460155246,
    "duration": 1,
    "pid": 19620,
    "index": 36
  },
  {
    "name": "Load extend/response.js",
    "start": 1648460155247,
    "end": 1648460155251,
    "duration": 4,
    "pid": 19620,
    "index": 37
  },
  {
    "name": "Require(31) node_modules/egg/app/extend/response.js",
    "start": 1648460155249,
    "end": 1648460155249,
    "duration": 0,
    "pid": 19620,
    "index": 38
  },
  {
    "name": "Load extend/context.js",
    "start": 1648460155251,
    "end": 1648460155289,
    "duration": 38,
    "pid": 19620,
    "index": 39
  },
  {
    "name": "Require(32) node_modules/egg-security/app/extend/context.js",
    "start": 1648460155251,
    "end": 1648460155255,
    "duration": 4,
    "pid": 19620,
    "index": 40
  },
  {
    "name": "Require(33) node_modules/egg-jsonp/app/extend/context.js",
    "start": 1648460155255,
    "end": 1648460155256,
    "duration": 1,
    "pid": 19620,
    "index": 41
  },
  {
    "name": "Require(34) node_modules/egg-i18n/app/extend/context.js",
    "start": 1648460155256,
    "end": 1648460155256,
    "duration": 0,
    "pid": 19620,
    "index": 42
  },
  {
    "name": "Require(35) node_modules/egg-multipart/app/extend/context.js",
    "start": 1648460155257,
    "end": 1648460155285,
    "duration": 28,
    "pid": 19620,
    "index": 43
  },
  {
    "name": "Require(36) node_modules/egg-view/app/extend/context.js",
    "start": 1648460155285,
    "end": 1648460155286,
    "duration": 1,
    "pid": 19620,
    "index": 44
  },
  {
    "name": "Require(37) node_modules/egg-mongoose/app/extend/context.js",
    "start": 1648460155286,
    "end": 1648460155286,
    "duration": 0,
    "pid": 19620,
    "index": 45
  },
  {
    "name": "Require(38) node_modules/egg-validate/app/extend/context.js",
    "start": 1648460155286,
    "end": 1648460155287,
    "duration": 1,
    "pid": 19620,
    "index": 46
  },
  {
    "name": "Require(39) node_modules/egg/app/extend/context.js",
    "start": 1648460155287,
    "end": 1648460155287,
    "duration": 0,
    "pid": 19620,
    "index": 47
  },
  {
    "name": "Load extend/helper.js",
    "start": 1648460155289,
    "end": 1648460155302,
    "duration": 13,
    "pid": 19620,
    "index": 48
  },
  {
    "name": "Require(40) node_modules/egg-security/app/extend/helper.js",
    "start": 1648460155289,
    "end": 1648460155299,
    "duration": 10,
    "pid": 19620,
    "index": 49
  },
  {
    "name": "Require(41) node_modules/egg/app/extend/helper.js",
    "start": 1648460155300,
    "end": 1648460155301,
    "duration": 1,
    "pid": 19620,
    "index": 50
  },
  {
    "name": "Require(42) app/extend/helper.js",
    "start": 1648460155301,
    "end": 1648460155301,
    "duration": 0,
    "pid": 19620,
    "index": 51
  },
  {
    "name": "Load app.js",
    "start": 1648460155302,
    "end": 1648460155324,
    "duration": 22,
    "pid": 19620,
    "index": 52
  },
  {
    "name": "Require(43) node_modules/egg-session/app.js",
    "start": 1648460155303,
    "end": 1648460155303,
    "duration": 0,
    "pid": 19620,
    "index": 53
  },
  {
    "name": "Require(44) node_modules/egg-security/app.js",
    "start": 1648460155303,
    "end": 1648460155304,
    "duration": 1,
    "pid": 19620,
    "index": 54
  },
  {
    "name": "Require(45) node_modules/egg-onerror/app.js",
    "start": 1648460155304,
    "end": 1648460155308,
    "duration": 4,
    "pid": 19620,
    "index": 55
  },
  {
    "name": "Require(46) node_modules/egg-i18n/app.js",
    "start": 1648460155308,
    "end": 1648460155318,
    "duration": 10,
    "pid": 19620,
    "index": 56
  },
  {
    "name": "Require(47) node_modules/egg-watcher/app.js",
    "start": 1648460155318,
    "end": 1648460155320,
    "duration": 2,
    "pid": 19620,
    "index": 57
  },
  {
    "name": "Require(48) node_modules/egg-schedule/app.js",
    "start": 1648460155320,
    "end": 1648460155321,
    "duration": 1,
    "pid": 19620,
    "index": 58
  },
  {
    "name": "Require(49) node_modules/egg-multipart/app.js",
    "start": 1648460155321,
    "end": 1648460155321,
    "duration": 0,
    "pid": 19620,
    "index": 59
  },
  {
    "name": "Require(50) node_modules/egg-development/app.js",
    "start": 1648460155321,
    "end": 1648460155321,
    "duration": 0,
    "pid": 19620,
    "index": 60
  },
  {
    "name": "Require(51) node_modules/egg-logrotator/app.js",
    "start": 1648460155322,
    "end": 1648460155322,
    "duration": 0,
    "pid": 19620,
    "index": 61
  },
  {
    "name": "Require(52) node_modules/egg-static/app.js",
    "start": 1648460155322,
    "end": 1648460155322,
    "duration": 0,
    "pid": 19620,
    "index": 62
  },
  {
    "name": "Require(53) node_modules/egg-mongoose/app.js",
    "start": 1648460155322,
    "end": 1648460155322,
    "duration": 0,
    "pid": 19620,
    "index": 63
  },
  {
    "name": "Require(54) node_modules/egg-validate/app.js",
    "start": 1648460155323,
    "end": 1648460155324,
    "duration": 1,
    "pid": 19620,
    "index": 64
  },
  {
    "name": "Require(55) node_modules/egg-cors/app.js",
    "start": 1648460155324,
    "end": 1648460155324,
    "duration": 0,
    "pid": 19620,
    "index": 65
  },
  {
    "name": "Before Start in node_modules/egg-watcher/lib/init.js:15:14",
    "start": 1648460155331,
    "end": 1648460155755,
    "duration": 424,
    "pid": 19620,
    "index": 66
  },
  {
    "name": "Before Start in node_modules/egg-mongoose/lib/mongoose.js:104:7",
    "start": 1648460155600,
    "end": 1648460155754,
    "duration": 154,
    "pid": 19620,
    "index": 67
  },
  {
    "name": "Before Start in node_modules/egg-mongoose/lib/mongoose.js:52:9",
    "start": 1648460155600,
    "end": 1648460155743,
    "duration": 143,
    "pid": 19620,
    "index": 68
  },
  {
    "name": "Load Service",
    "start": 1648460155600,
    "end": 1648460155620,
    "duration": 20,
    "pid": 19620,
    "index": 69
  },
  {
    "name": "Load \"service\" to Context",
    "start": 1648460155601,
    "end": 1648460155620,
    "duration": 19,
    "pid": 19620,
    "index": 70
  },
  {
    "name": "Load Middleware",
    "start": 1648460155620,
    "end": 1648460155692,
    "duration": 72,
    "pid": 19620,
    "index": 71
  },
  {
    "name": "Load \"middlewares\" to Application",
    "start": 1648460155620,
    "end": 1648460155677,
    "duration": 57,
    "pid": 19620,
    "index": 72
  },
  {
    "name": "Load Controller",
    "start": 1648460155692,
    "end": 1648460155699,
    "duration": 7,
    "pid": 19620,
    "index": 73
  },
  {
    "name": "Load \"controller\" to Application",
    "start": 1648460155692,
    "end": 1648460155699,
    "duration": 7,
    "pid": 19620,
    "index": 74
  },
  {
    "name": "Load Router",
    "start": 1648460155699,
    "end": 1648460155706,
    "duration": 7,
    "pid": 19620,
    "index": 75
  },
  {
    "name": "Require(56) app/router.js",
    "start": 1648460155700,
    "end": 1648460155700,
    "duration": 0,
    "pid": 19620,
    "index": 76
  },
  {
    "name": "Before Start in node_modules/egg-core/lib/egg.js:303:10",
    "start": 1648460155701,
    "end": 1648460155743,
    "duration": 42,
    "pid": 19620,
    "index": 77
  },
  {
    "name": "Load \"model\" to Application",
    "start": 1648460155719,
    "end": 1648460155742,
    "duration": 23,
    "pid": 19620,
    "index": 78
  }
]