[
  {
    "name": "Process Start",
    "start": 1648548962268,
    "end": 1648548963059,
    "duration": 791,
    "pid": 29472,
    "index": 0
  },
  {
    "name": "Application Start",
    "start": 1648548963060,
    "end": 1648548963701,
    "duration": 641,
    "pid": 29472,
    "index": 1
  },
  {
    "name": "Load Plugin",
    "start": 1648548963063,
    "end": 1648548963076,
    "duration": 13,
    "pid": 29472,
    "index": 2
  },
  {
    "name": "Load Config",
    "start": 1648548963076,
    "end": 1648548963096,
    "duration": 20,
    "pid": 29472,
    "index": 3
  },
  {
    "name": "Require(0) config/config.default.js",
    "start": 1648548963077,
    "end": 1648548963077,
    "duration": 0,
    "pid": 29472,
    "index": 4
  },
  {
    "name": "Require(1) config/config.local.js",
    "start": 1648548963078,
    "end": 1648548963079,
    "duration": 1,
    "pid": 29472,
    "index": 5
  },
  {
    "name": "Require(2) node_modules/egg-session/config/config.default.js",
    "start": 1648548963080,
    "end": 1648548963080,
    "duration": 0,
    "pid": 29472,
    "index": 6
  },
  {
    "name": "Require(3) node_modules/egg-security/config/config.default.js",
    "start": 1648548963080,
    "end": 1648548963081,
    "duration": 1,
    "pid": 29472,
    "index": 7
  },
  {
    "name": "Require(4) node_modules/egg-jsonp/config/config.default.js",
    "start": 1648548963081,
    "end": 1648548963082,
    "duration": 1,
    "pid": 29472,
    "index": 8
  },
  {
    "name": "Require(5) node_modules/egg-onerror/config/config.default.js",
    "start": 1648548963082,
    "end": 1648548963083,
    "duration": 1,
    "pid": 29472,
    "index": 9
  },
  {
    "name": "Require(6) node_modules/egg-i18n/config/config.default.js",
    "start": 1648548963083,
    "end": 1648548963083,
    "duration": 0,
    "pid": 29472,
    "index": 10
  },
  {
    "name": "Require(7) node_modules/egg-watcher/config/config.default.js",
    "start": 1648548963084,
    "end": 1648548963084,
    "duration": 0,
    "pid": 29472,
    "index": 11
  },
  {
    "name": "Require(8) node_modules/egg-schedule/config/config.default.js",
    "start": 1648548963084,
    "end": 1648548963084,
    "duration": 0,
    "pid": 29472,
    "index": 12
  },
  {
    "name": "Require(9) node_modules/egg-multipart/config/config.default.js",
    "start": 1648548963085,
    "end": 1648548963085,
    "duration": 0,
    "pid": 29472,
    "index": 13
  },
  {
    "name": "Require(10) node_modules/egg-development/config/config.default.js",
    "start": 1648548963086,
    "end": 1648548963086,
    "duration": 0,
    "pid": 29472,
    "index": 14
  },
  {
    "name": "Require(11) node_modules/egg-logrotator/config/config.default.js",
    "start": 1648548963086,
    "end": 1648548963087,
    "duration": 1,
    "pid": 29472,
    "index": 15
  },
  {
    "name": "Require(12) node_modules/egg-static/config/config.default.js",
    "start": 1648548963087,
    "end": 1648548963087,
    "duration": 0,
    "pid": 29472,
    "index": 16
  },
  {
    "name": "Require(13) node_modules/egg-view/config/config.default.js",
    "start": 1648548963088,
    "end": 1648548963088,
    "duration": 0,
    "pid": 29472,
    "index": 17
  },
  {
    "name": "Require(14) node_modules/egg-mongoose/config/config.default.js",
    "start": 1648548963088,
    "end": 1648548963088,
    "duration": 0,
    "pid": 29472,
    "index": 18
  },
  {
    "name": "Require(15) node_modules/egg-validate/config/config.default.js",
    "start": 1648548963089,
    "end": 1648548963089,
    "duration": 0,
    "pid": 29472,
    "index": 19
  },
  {
    "name": "Require(16) node_modules/egg-cors/config/config.default.js",
    "start": 1648548963089,
    "end": 1648548963090,
    "duration": 1,
    "pid": 29472,
    "index": 20
  },
  {
    "name": "Require(17) node_modules/egg/config/config.default.js",
    "start": 1648548963090,
    "end": 1648548963090,
    "duration": 0,
    "pid": 29472,
    "index": 21
  },
  {
    "name": "Require(18) config/config.default.js",
    "start": 1648548963091,
    "end": 1648548963091,
    "duration": 0,
    "pid": 29472,
    "index": 22
  },
  {
    "name": "Require(19) node_modules/egg-security/config/config.local.js",
    "start": 1648548963091,
    "end": 1648548963093,
    "duration": 2,
    "pid": 29472,
    "index": 23
  },
  {
    "name": "Require(20) node_modules/egg-watcher/config/config.local.js",
    "start": 1648548963094,
    "end": 1648548963094,
    "duration": 0,
    "pid": 29472,
    "index": 24
  },
  {
    "name": "Require(21) node_modules/egg-view/config/config.local.js",
    "start": 1648548963095,
    "end": 1648548963095,
    "duration": 0,
    "pid": 29472,
    "index": 25
  },
  {
    "name": "Require(22) node_modules/egg/config/config.local.js",
    "start": 1648548963095,
    "end": 1648548963096,
    "duration": 1,
    "pid": 29472,
    "index": 26
  },
  {
    "name": "Require(23) config/config.local.js",
    "start": 1648548963096,
    "end": 1648548963096,
    "duration": 0,
    "pid": 29472,
    "index": 27
  },
  {
    "name": "Load extend/application.js",
    "start": 1648548963097,
    "end": 1648548963141,
    "duration": 44,
    "pid": 29472,
    "index": 28
  },
  {
    "name": "Require(24) node_modules/egg-session/app/extend/application.js",
    "start": 1648548963097,
    "end": 1648548963097,
    "duration": 0,
    "pid": 29472,
    "index": 29
  },
  {
    "name": "Require(25) node_modules/egg-security/app/extend/application.js",
    "start": 1648548963098,
    "end": 1648548963098,
    "duration": 0,
    "pid": 29472,
    "index": 30
  },
  {
    "name": "Require(26) node_modules/egg-jsonp/app/extend/application.js",
    "start": 1648548963099,
    "end": 1648548963100,
    "duration": 1,
    "pid": 29472,
    "index": 31
  },
  {
    "name": "Require(27) node_modules/egg-logrotator/app/extend/application.js",
    "start": 1648548963100,
    "end": 1648548963101,
    "duration": 1,
    "pid": 29472,
    "index": 32
  },
  {
    "name": "Require(28) node_modules/egg-view/app/extend/application.js",
    "start": 1648548963102,
    "end": 1648548963103,
    "duration": 1,
    "pid": 29472,
    "index": 33
  },
  {
    "name": "Require(29) app/extend/application.js",
    "start": 1648548963103,
    "end": 1648548963139,
    "duration": 36,
    "pid": 29472,
    "index": 34
  },
  {
    "name": "Load extend/request.js",
    "start": 1648548963141,
    "end": 1648548963145,
    "duration": 4,
    "pid": 29472,
    "index": 35
  },
  {
    "name": "Require(30) node_modules/egg/app/extend/request.js",
    "start": 1648548963142,
    "end": 1648548963143,
    "duration": 1,
    "pid": 29472,
    "index": 36
  },
  {
    "name": "Load extend/response.js",
    "start": 1648548963145,
    "end": 1648548963149,
    "duration": 4,
    "pid": 29472,
    "index": 37
  },
  {
    "name": "Require(31) node_modules/egg/app/extend/response.js",
    "start": 1648548963146,
    "end": 1648548963147,
    "duration": 1,
    "pid": 29472,
    "index": 38
  },
  {
    "name": "Load extend/context.js",
    "start": 1648548963149,
    "end": 1648548963195,
    "duration": 46,
    "pid": 29472,
    "index": 39
  },
  {
    "name": "Require(32) node_modules/egg-security/app/extend/context.js",
    "start": 1648548963149,
    "end": 1648548963155,
    "duration": 6,
    "pid": 29472,
    "index": 40
  },
  {
    "name": "Require(33) node_modules/egg-jsonp/app/extend/context.js",
    "start": 1648548963155,
    "end": 1648548963156,
    "duration": 1,
    "pid": 29472,
    "index": 41
  },
  {
    "name": "Require(34) node_modules/egg-i18n/app/extend/context.js",
    "start": 1648548963156,
    "end": 1648548963156,
    "duration": 0,
    "pid": 29472,
    "index": 42
  },
  {
    "name": "Require(35) node_modules/egg-multipart/app/extend/context.js",
    "start": 1648548963157,
    "end": 1648548963190,
    "duration": 33,
    "pid": 29472,
    "index": 43
  },
  {
    "name": "Require(36) node_modules/egg-view/app/extend/context.js",
    "start": 1648548963191,
    "end": 1648548963191,
    "duration": 0,
    "pid": 29472,
    "index": 44
  },
  {
    "name": "Require(37) node_modules/egg-mongoose/app/extend/context.js",
    "start": 1648548963192,
    "end": 1648548963192,
    "duration": 0,
    "pid": 29472,
    "index": 45
  },
  {
    "name": "Require(38) node_modules/egg-validate/app/extend/context.js",
    "start": 1648548963192,
    "end": 1648548963192,
    "duration": 0,
    "pid": 29472,
    "index": 46
  },
  {
    "name": "Require(39) node_modules/egg/app/extend/context.js",
    "start": 1648548963193,
    "end": 1648548963193,
    "duration": 0,
    "pid": 29472,
    "index": 47
  },
  {
    "name": "Load extend/helper.js",
    "start": 1648548963195,
    "end": 1648548963209,
    "duration": 14,
    "pid": 29472,
    "index": 48
  },
  {
    "name": "Require(40) node_modules/egg-security/app/extend/helper.js",
    "start": 1648548963195,
    "end": 1648548963206,
    "duration": 11,
    "pid": 29472,
    "index": 49
  },
  {
    "name": "Require(41) node_modules/egg/app/extend/helper.js",
    "start": 1648548963207,
    "end": 1648548963207,
    "duration": 0,
    "pid": 29472,
    "index": 50
  },
  {
    "name": "Require(42) app/extend/helper.js",
    "start": 1648548963208,
    "end": 1648548963208,
    "duration": 0,
    "pid": 29472,
    "index": 51
  },
  {
    "name": "Load app.js",
    "start": 1648548963209,
    "end": 1648548963235,
    "duration": 26,
    "pid": 29472,
    "index": 52
  },
  {
    "name": "Require(43) node_modules/egg-session/app.js",
    "start": 1648548963210,
    "end": 1648548963210,
    "duration": 0,
    "pid": 29472,
    "index": 53
  },
  {
    "name": "Require(44) node_modules/egg-security/app.js",
    "start": 1648548963210,
    "end": 1648548963211,
    "duration": 1,
    "pid": 29472,
    "index": 54
  },
  {
    "name": "Require(45) node_modules/egg-onerror/app.js",
    "start": 1648548963211,
    "end": 1648548963216,
    "duration": 5,
    "pid": 29472,
    "index": 55
  },
  {
    "name": "Require(46) node_modules/egg-i18n/app.js",
    "start": 1648548963216,
    "end": 1648548963227,
    "duration": 11,
    "pid": 29472,
    "index": 56
  },
  {
    "name": "Require(47) node_modules/egg-watcher/app.js",
    "start": 1648548963227,
    "end": 1648548963230,
    "duration": 3,
    "pid": 29472,
    "index": 57
  },
  {
    "name": "Require(48) node_modules/egg-schedule/app.js",
    "start": 1648548963230,
    "end": 1648548963231,
    "duration": 1,
    "pid": 29472,
    "index": 58
  },
  {
    "name": "Require(49) node_modules/egg-multipart/app.js",
    "start": 1648548963231,
    "end": 1648548963231,
    "duration": 0,
    "pid": 29472,
    "index": 59
  },
  {
    "name": "Require(50) node_modules/egg-development/app.js",
    "start": 1648548963231,
    "end": 1648548963232,
    "duration": 1,
    "pid": 29472,
    "index": 60
  },
  {
    "name": "Require(51) node_modules/egg-logrotator/app.js",
    "start": 1648548963232,
    "end": 1648548963232,
    "duration": 0,
    "pid": 29472,
    "index": 61
  },
  {
    "name": "Require(52) node_modules/egg-static/app.js",
    "start": 1648548963232,
    "end": 1648548963232,
    "duration": 0,
    "pid": 29472,
    "index": 62
  },
  {
    "name": "Require(53) node_modules/egg-mongoose/app.js",
    "start": 1648548963233,
    "end": 1648548963233,
    "duration": 0,
    "pid": 29472,
    "index": 63
  },
  {
    "name": "Require(54) node_modules/egg-validate/app.js",
    "start": 1648548963233,
    "end": 1648548963234,
    "duration": 1,
    "pid": 29472,
    "index": 64
  },
  {
    "name": "Require(55) node_modules/egg-cors/app.js",
    "start": 1648548963234,
    "end": 1648548963235,
    "duration": 1,
    "pid": 29472,
    "index": 65
  },
  {
    "name": "Before Start in node_modules/egg-watcher/lib/init.js:15:14",
    "start": 1648548963242,
    "end": 1648548963682,
    "duration": 440,
    "pid": 29472,
    "index": 66
  },
  {
    "name": "Before Start in node_modules/egg-mongoose/lib/mongoose.js:104:7",
    "start": 1648548963544,
    "end": 1648548963701,
    "duration": 157,
    "pid": 29472,
    "index": 67
  },
  {
    "name": "Before Start in node_modules/egg-mongoose/lib/mongoose.js:52:9",
    "start": 1648548963545,
    "end": 1648548963674,
    "duration": 129,
    "pid": 29472,
    "index": 68
  },
  {
    "name": "Load Service",
    "start": 1648548963545,
    "end": 1648548963572,
    "duration": 27,
    "pid": 29472,
    "index": 69
  },
  {
    "name": "Load \"service\" to Context",
    "start": 1648548963545,
    "end": 1648548963572,
    "duration": 27,
    "pid": 29472,
    "index": 70
  },
  {
    "name": "Load Middleware",
    "start": 1648548963572,
    "end": 1648548963649,
    "duration": 77,
    "pid": 29472,
    "index": 71
  },
  {
    "name": "Load \"middlewares\" to Application",
    "start": 1648548963572,
    "end": 1648548963642,
    "duration": 70,
    "pid": 29472,
    "index": 72
  },
  {
    "name": "Load Controller",
    "start": 1648548963649,
    "end": 1648548963651,
    "duration": 2,
    "pid": 29472,
    "index": 73
  },
  {
    "name": "Load \"controller\" to Application",
    "start": 1648548963649,
    "end": 1648548963651,
    "duration": 2,
    "pid": 29472,
    "index": 74
  },
  {
    "name": "Load Router",
    "start": 1648548963651,
    "end": 1648548963656,
    "duration": 5,
    "pid": 29472,
    "index": 75
  },
  {
    "name": "Require(56) app/router.js",
    "start": 1648548963651,
    "end": 1648548963652,
    "duration": 1,
    "pid": 29472,
    "index": 76
  },
  {
    "name": "Before Start in node_modules/egg-core/lib/egg.js:303:10",
    "start": 1648548963652,
    "end": 1648548963674,
    "duration": 22,
    "pid": 29472,
    "index": 77
  },
  {
    "name": "Load \"model\" to Application",
    "start": 1648548963661,
    "end": 1648548963674,
    "duration": 13,
    "pid": 29472,
    "index": 78
  }
]