[
  {
    "name": "Process Start",
    "start": 1648545593975,
    "end": 1648545594625,
    "duration": 650,
    "pid": 38232,
    "index": 0
  },
  {
    "name": "Application Start",
    "start": 1648545594626,
    "end": 1648545595214,
    "duration": 588,
    "pid": 38232,
    "index": 1
  },
  {
    "name": "Load Plugin",
    "start": 1648545594629,
    "end": 1648545594639,
    "duration": 10,
    "pid": 38232,
    "index": 2
  },
  {
    "name": "Load Config",
    "start": 1648545594639,
    "end": 1648545594656,
    "duration": 17,
    "pid": 38232,
    "index": 3
  },
  {
    "name": "Require(0) config/config.default.js",
    "start": 1648545594639,
    "end": 1648545594640,
    "duration": 1,
    "pid": 38232,
    "index": 4
  },
  {
    "name": "Require(1) config/config.local.js",
    "start": 1648545594640,
    "end": 1648545594641,
    "duration": 1,
    "pid": 38232,
    "index": 5
  },
  {
    "name": "Require(2) node_modules/egg-session/config/config.default.js",
    "start": 1648545594641,
    "end": 1648545594641,
    "duration": 0,
    "pid": 38232,
    "index": 6
  },
  {
    "name": "Require(3) node_modules/egg-security/config/config.default.js",
    "start": 1648545594642,
    "end": 1648545594642,
    "duration": 0,
    "pid": 38232,
    "index": 7
  },
  {
    "name": "Require(4) node_modules/egg-jsonp/config/config.default.js",
    "start": 1648545594642,
    "end": 1648545594643,
    "duration": 1,
    "pid": 38232,
    "index": 8
  },
  {
    "name": "Require(5) node_modules/egg-onerror/config/config.default.js",
    "start": 1648545594643,
    "end": 1648545594643,
    "duration": 0,
    "pid": 38232,
    "index": 9
  },
  {
    "name": "Require(6) node_modules/egg-i18n/config/config.default.js",
    "start": 1648545594643,
    "end": 1648545594644,
    "duration": 1,
    "pid": 38232,
    "index": 10
  },
  {
    "name": "Require(7) node_modules/egg-watcher/config/config.default.js",
    "start": 1648545594644,
    "end": 1648545594644,
    "duration": 0,
    "pid": 38232,
    "index": 11
  },
  {
    "name": "Require(8) node_modules/egg-schedule/config/config.default.js",
    "start": 1648545594644,
    "end": 1648545594645,
    "duration": 1,
    "pid": 38232,
    "index": 12
  },
  {
    "name": "Require(9) node_modules/egg-multipart/config/config.default.js",
    "start": 1648545594645,
    "end": 1648545594645,
    "duration": 0,
    "pid": 38232,
    "index": 13
  },
  {
    "name": "Require(10) node_modules/egg-development/config/config.default.js",
    "start": 1648545594646,
    "end": 1648545594646,
    "duration": 0,
    "pid": 38232,
    "index": 14
  },
  {
    "name": "Require(11) node_modules/egg-logrotator/config/config.default.js",
    "start": 1648545594646,
    "end": 1648545594646,
    "duration": 0,
    "pid": 38232,
    "index": 15
  },
  {
    "name": "Require(12) node_modules/egg-static/config/config.default.js",
    "start": 1648545594647,
    "end": 1648545594647,
    "duration": 0,
    "pid": 38232,
    "index": 16
  },
  {
    "name": "Require(13) node_modules/egg-view/config/config.default.js",
    "start": 1648545594647,
    "end": 1648545594648,
    "duration": 1,
    "pid": 38232,
    "index": 17
  },
  {
    "name": "Require(14) node_modules/egg-mongoose/config/config.default.js",
    "start": 1648545594648,
    "end": 1648545594648,
    "duration": 0,
    "pid": 38232,
    "index": 18
  },
  {
    "name": "Require(15) node_modules/egg-validate/config/config.default.js",
    "start": 1648545594648,
    "end": 1648545594649,
    "duration": 1,
    "pid": 38232,
    "index": 19
  },
  {
    "name": "Require(16) node_modules/egg-cors/config/config.default.js",
    "start": 1648545594649,
    "end": 1648545594649,
    "duration": 0,
    "pid": 38232,
    "index": 20
  },
  {
    "name": "Require(17) node_modules/egg/config/config.default.js",
    "start": 1648545594649,
    "end": 1648545594650,
    "duration": 1,
    "pid": 38232,
    "index": 21
  },
  {
    "name": "Require(18) config/config.default.js",
    "start": 1648545594650,
    "end": 1648545594650,
    "duration": 0,
    "pid": 38232,
    "index": 22
  },
  {
    "name": "Require(19) node_modules/egg-security/config/config.local.js",
    "start": 1648545594651,
    "end": 1648545594652,
    "duration": 1,
    "pid": 38232,
    "index": 23
  },
  {
    "name": "Require(20) node_modules/egg-watcher/config/config.local.js",
    "start": 1648545594652,
    "end": 1648545594652,
    "duration": 0,
    "pid": 38232,
    "index": 24
  },
  {
    "name": "Require(21) node_modules/egg-view/config/config.local.js",
    "start": 1648545594655,
    "end": 1648545594655,
    "duration": 0,
    "pid": 38232,
    "index": 25
  },
  {
    "name": "Require(22) node_modules/egg/config/config.local.js",
    "start": 1648545594656,
    "end": 1648545594656,
    "duration": 0,
    "pid": 38232,
    "index": 26
  },
  {
    "name": "Require(23) config/config.local.js",
    "start": 1648545594656,
    "end": 1648545594656,
    "duration": 0,
    "pid": 38232,
    "index": 27
  },
  {
    "name": "Load extend/application.js",
    "start": 1648545594657,
    "end": 1648545594690,
    "duration": 33,
    "pid": 38232,
    "index": 28
  },
  {
    "name": "Require(24) node_modules/egg-session/app/extend/application.js",
    "start": 1648545594657,
    "end": 1648545594657,
    "duration": 0,
    "pid": 38232,
    "index": 29
  },
  {
    "name": "Require(25) node_modules/egg-security/app/extend/application.js",
    "start": 1648545594657,
    "end": 1648545594658,
    "duration": 1,
    "pid": 38232,
    "index": 30
  },
  {
    "name": "Require(26) node_modules/egg-jsonp/app/extend/application.js",
    "start": 1648545594658,
    "end": 1648545594659,
    "duration": 1,
    "pid": 38232,
    "index": 31
  },
  {
    "name": "Require(27) node_modules/egg-logrotator/app/extend/application.js",
    "start": 1648545594660,
    "end": 1648545594660,
    "duration": 0,
    "pid": 38232,
    "index": 32
  },
  {
    "name": "Require(28) node_modules/egg-view/app/extend/application.js",
    "start": 1648545594661,
    "end": 1648545594661,
    "duration": 0,
    "pid": 38232,
    "index": 33
  },
  {
    "name": "Require(29) app/extend/application.js",
    "start": 1648545594662,
    "end": 1648545594689,
    "duration": 27,
    "pid": 38232,
    "index": 34
  },
  {
    "name": "Load extend/request.js",
    "start": 1648545594690,
    "end": 1648545594693,
    "duration": 3,
    "pid": 38232,
    "index": 35
  },
  {
    "name": "Require(30) node_modules/egg/app/extend/request.js",
    "start": 1648545594691,
    "end": 1648545594692,
    "duration": 1,
    "pid": 38232,
    "index": 36
  },
  {
    "name": "Load extend/response.js",
    "start": 1648545594693,
    "end": 1648545594697,
    "duration": 4,
    "pid": 38232,
    "index": 37
  },
  {
    "name": "Require(31) node_modules/egg/app/extend/response.js",
    "start": 1648545594695,
    "end": 1648545594695,
    "duration": 0,
    "pid": 38232,
    "index": 38
  },
  {
    "name": "Load extend/context.js",
    "start": 1648545594697,
    "end": 1648545594734,
    "duration": 37,
    "pid": 38232,
    "index": 39
  },
  {
    "name": "Require(32) node_modules/egg-security/app/extend/context.js",
    "start": 1648545594697,
    "end": 1648545594701,
    "duration": 4,
    "pid": 38232,
    "index": 40
  },
  {
    "name": "Require(33) node_modules/egg-jsonp/app/extend/context.js",
    "start": 1648545594701,
    "end": 1648545594702,
    "duration": 1,
    "pid": 38232,
    "index": 41
  },
  {
    "name": "Require(34) node_modules/egg-i18n/app/extend/context.js",
    "start": 1648545594702,
    "end": 1648545594702,
    "duration": 0,
    "pid": 38232,
    "index": 42
  },
  {
    "name": "Require(35) node_modules/egg-multipart/app/extend/context.js",
    "start": 1648545594703,
    "end": 1648545594730,
    "duration": 27,
    "pid": 38232,
    "index": 43
  },
  {
    "name": "Require(36) node_modules/egg-view/app/extend/context.js",
    "start": 1648545594730,
    "end": 1648545594731,
    "duration": 1,
    "pid": 38232,
    "index": 44
  },
  {
    "name": "Require(37) node_modules/egg-mongoose/app/extend/context.js",
    "start": 1648545594731,
    "end": 1648545594731,
    "duration": 0,
    "pid": 38232,
    "index": 45
  },
  {
    "name": "Require(38) node_modules/egg-validate/app/extend/context.js",
    "start": 1648545594732,
    "end": 1648545594732,
    "duration": 0,
    "pid": 38232,
    "index": 46
  },
  {
    "name": "Require(39) node_modules/egg/app/extend/context.js",
    "start": 1648545594732,
    "end": 1648545594732,
    "duration": 0,
    "pid": 38232,
    "index": 47
  },
  {
    "name": "Load extend/helper.js",
    "start": 1648545594734,
    "end": 1648545594745,
    "duration": 11,
    "pid": 38232,
    "index": 48
  },
  {
    "name": "Require(40) node_modules/egg-security/app/extend/helper.js",
    "start": 1648545594734,
    "end": 1648545594742,
    "duration": 8,
    "pid": 38232,
    "index": 49
  },
  {
    "name": "Require(41) node_modules/egg/app/extend/helper.js",
    "start": 1648545594743,
    "end": 1648545594744,
    "duration": 1,
    "pid": 38232,
    "index": 50
  },
  {
    "name": "Require(42) app/extend/helper.js",
    "start": 1648545594744,
    "end": 1648545594744,
    "duration": 0,
    "pid": 38232,
    "index": 51
  },
  {
    "name": "Load app.js",
    "start": 1648545594746,
    "end": 1648545594767,
    "duration": 21,
    "pid": 38232,
    "index": 52
  },
  {
    "name": "Require(43) node_modules/egg-session/app.js",
    "start": 1648545594746,
    "end": 1648545594746,
    "duration": 0,
    "pid": 38232,
    "index": 53
  },
  {
    "name": "Require(44) node_modules/egg-security/app.js",
    "start": 1648545594746,
    "end": 1648545594747,
    "duration": 1,
    "pid": 38232,
    "index": 54
  },
  {
    "name": "Require(45) node_modules/egg-onerror/app.js",
    "start": 1648545594747,
    "end": 1648545594751,
    "duration": 4,
    "pid": 38232,
    "index": 55
  },
  {
    "name": "Require(46) node_modules/egg-i18n/app.js",
    "start": 1648545594751,
    "end": 1648545594761,
    "duration": 10,
    "pid": 38232,
    "index": 56
  },
  {
    "name": "Require(47) node_modules/egg-watcher/app.js",
    "start": 1648545594761,
    "end": 1648545594762,
    "duration": 1,
    "pid": 38232,
    "index": 57
  },
  {
    "name": "Require(48) node_modules/egg-schedule/app.js",
    "start": 1648545594762,
    "end": 1648545594763,
    "duration": 1,
    "pid": 38232,
    "index": 58
  },
  {
    "name": "Require(49) node_modules/egg-multipart/app.js",
    "start": 1648545594763,
    "end": 1648545594764,
    "duration": 1,
    "pid": 38232,
    "index": 59
  },
  {
    "name": "Require(50) node_modules/egg-development/app.js",
    "start": 1648545594764,
    "end": 1648545594764,
    "duration": 0,
    "pid": 38232,
    "index": 60
  },
  {
    "name": "Require(51) node_modules/egg-logrotator/app.js",
    "start": 1648545594764,
    "end": 1648545594764,
    "duration": 0,
    "pid": 38232,
    "index": 61
  },
  {
    "name": "Require(52) node_modules/egg-static/app.js",
    "start": 1648545594764,
    "end": 1648545594765,
    "duration": 1,
    "pid": 38232,
    "index": 62
  },
  {
    "name": "Require(53) node_modules/egg-mongoose/app.js",
    "start": 1648545594765,
    "end": 1648545594765,
    "duration": 0,
    "pid": 38232,
    "index": 63
  },
  {
    "name": "Require(54) node_modules/egg-validate/app.js",
    "start": 1648545594765,
    "end": 1648545594766,
    "duration": 1,
    "pid": 38232,
    "index": 64
  },
  {
    "name": "Require(55) node_modules/egg-cors/app.js",
    "start": 1648545594766,
    "end": 1648545594766,
    "duration": 0,
    "pid": 38232,
    "index": 65
  },
  {
    "name": "Before Start in node_modules/egg-watcher/lib/init.js:15:14",
    "start": 1648545594773,
    "end": 1648545595214,
    "duration": 441,
    "pid": 38232,
    "index": 66
  },
  {
    "name": "Before Start in node_modules/egg-mongoose/lib/mongoose.js:104:7",
    "start": 1648545595075,
    "end": 1648545595212,
    "duration": 137,
    "pid": 38232,
    "index": 67
  },
  {
    "name": "Before Start in node_modules/egg-mongoose/lib/mongoose.js:52:9",
    "start": 1648545595076,
    "end": 1648545595201,
    "duration": 125,
    "pid": 38232,
    "index": 68
  },
  {
    "name": "Load Service",
    "start": 1648545595076,
    "end": 1648545595108,
    "duration": 32,
    "pid": 38232,
    "index": 69
  },
  {
    "name": "Load \"service\" to Context",
    "start": 1648545595076,
    "end": 1648545595108,
    "duration": 32,
    "pid": 38232,
    "index": 70
  },
  {
    "name": "Load Middleware",
    "start": 1648545595108,
    "end": 1648545595180,
    "duration": 72,
    "pid": 38232,
    "index": 71
  },
  {
    "name": "Load \"middlewares\" to Application",
    "start": 1648545595108,
    "end": 1648545595174,
    "duration": 66,
    "pid": 38232,
    "index": 72
  },
  {
    "name": "Load Controller",
    "start": 1648545595180,
    "end": 1648545595182,
    "duration": 2,
    "pid": 38232,
    "index": 73
  },
  {
    "name": "Load \"controller\" to Application",
    "start": 1648545595180,
    "end": 1648545595182,
    "duration": 2,
    "pid": 38232,
    "index": 74
  },
  {
    "name": "Load Router",
    "start": 1648545595182,
    "end": 1648545595184,
    "duration": 2,
    "pid": 38232,
    "index": 75
  },
  {
    "name": "Require(56) app/router.js",
    "start": 1648545595182,
    "end": 1648545595183,
    "duration": 1,
    "pid": 38232,
    "index": 76
  },
  {
    "name": "Before Start in node_modules/egg-core/lib/egg.js:303:10",
    "start": 1648545595183,
    "end": 1648545595201,
    "duration": 18,
    "pid": 38232,
    "index": 77
  },
  {
    "name": "Load \"model\" to Application",
    "start": 1648545595189,
    "end": 1648545595201,
    "duration": 12,
    "pid": 38232,
    "index": 78
  }
]