[
  {
    "name": "Process Start",
    "start": 1648460163975,
    "end": 1648460164656,
    "duration": 681,
    "pid": 39884,
    "index": 0
  },
  {
    "name": "Application Start",
    "start": 1648460164656,
    "end": 1648460165183,
    "duration": 527,
    "pid": 39884,
    "index": 1
  },
  {
    "name": "Load Plugin",
    "start": 1648460164659,
    "end": 1648460164669,
    "duration": 10,
    "pid": 39884,
    "index": 2
  },
  {
    "name": "Load Config",
    "start": 1648460164669,
    "end": 1648460164687,
    "duration": 18,
    "pid": 39884,
    "index": 3
  },
  {
    "name": "Require(0) config/config.default.js",
    "start": 1648460164670,
    "end": 1648460164670,
    "duration": 0,
    "pid": 39884,
    "index": 4
  },
  {
    "name": "Require(1) config/config.local.js",
    "start": 1648460164671,
    "end": 1648460164671,
    "duration": 0,
    "pid": 39884,
    "index": 5
  },
  {
    "name": "Require(2) node_modules/egg-session/config/config.default.js",
    "start": 1648460164671,
    "end": 1648460164672,
    "duration": 1,
    "pid": 39884,
    "index": 6
  },
  {
    "name": "Require(3) node_modules/egg-security/config/config.default.js",
    "start": 1648460164672,
    "end": 1648460164672,
    "duration": 0,
    "pid": 39884,
    "index": 7
  },
  {
    "name": "Require(4) node_modules/egg-jsonp/config/config.default.js",
    "start": 1648460164673,
    "end": 1648460164673,
    "duration": 0,
    "pid": 39884,
    "index": 8
  },
  {
    "name": "Require(5) node_modules/egg-onerror/config/config.default.js",
    "start": 1648460164673,
    "end": 1648460164674,
    "duration": 1,
    "pid": 39884,
    "index": 9
  },
  {
    "name": "Require(6) node_modules/egg-i18n/config/config.default.js",
    "start": 1648460164674,
    "end": 1648460164674,
    "duration": 0,
    "pid": 39884,
    "index": 10
  },
  {
    "name": "Require(7) node_modules/egg-watcher/config/config.default.js",
    "start": 1648460164674,
    "end": 1648460164675,
    "duration": 1,
    "pid": 39884,
    "index": 11
  },
  {
    "name": "Require(8) node_modules/egg-schedule/config/config.default.js",
    "start": 1648460164675,
    "end": 1648460164675,
    "duration": 0,
    "pid": 39884,
    "index": 12
  },
  {
    "name": "Require(9) node_modules/egg-multipart/config/config.default.js",
    "start": 1648460164676,
    "end": 1648460164676,
    "duration": 0,
    "pid": 39884,
    "index": 13
  },
  {
    "name": "Require(10) node_modules/egg-development/config/config.default.js",
    "start": 1648460164676,
    "end": 1648460164676,
    "duration": 0,
    "pid": 39884,
    "index": 14
  },
  {
    "name": "Require(11) node_modules/egg-logrotator/config/config.default.js",
    "start": 1648460164677,
    "end": 1648460164677,
    "duration": 0,
    "pid": 39884,
    "index": 15
  },
  {
    "name": "Require(12) node_modules/egg-static/config/config.default.js",
    "start": 1648460164677,
    "end": 1648460164677,
    "duration": 0,
    "pid": 39884,
    "index": 16
  },
  {
    "name": "Require(13) node_modules/egg-view/config/config.default.js",
    "start": 1648460164678,
    "end": 1648460164678,
    "duration": 0,
    "pid": 39884,
    "index": 17
  },
  {
    "name": "Require(14) node_modules/egg-mongoose/config/config.default.js",
    "start": 1648460164678,
    "end": 1648460164678,
    "duration": 0,
    "pid": 39884,
    "index": 18
  },
  {
    "name": "Require(15) node_modules/egg-validate/config/config.default.js",
    "start": 1648460164679,
    "end": 1648460164679,
    "duration": 0,
    "pid": 39884,
    "index": 19
  },
  {
    "name": "Require(16) node_modules/egg-cors/config/config.default.js",
    "start": 1648460164679,
    "end": 1648460164679,
    "duration": 0,
    "pid": 39884,
    "index": 20
  },
  {
    "name": "Require(17) node_modules/egg/config/config.default.js",
    "start": 1648460164680,
    "end": 1648460164680,
    "duration": 0,
    "pid": 39884,
    "index": 21
  },
  {
    "name": "Require(18) config/config.default.js",
    "start": 1648460164681,
    "end": 1648460164681,
    "duration": 0,
    "pid": 39884,
    "index": 22
  },
  {
    "name": "Require(19) node_modules/egg-security/config/config.local.js",
    "start": 1648460164681,
    "end": 1648460164682,
    "duration": 1,
    "pid": 39884,
    "index": 23
  },
  {
    "name": "Require(20) node_modules/egg-watcher/config/config.local.js",
    "start": 1648460164685,
    "end": 1648460164685,
    "duration": 0,
    "pid": 39884,
    "index": 24
  },
  {
    "name": "Require(21) node_modules/egg-view/config/config.local.js",
    "start": 1648460164686,
    "end": 1648460164686,
    "duration": 0,
    "pid": 39884,
    "index": 25
  },
  {
    "name": "Require(22) node_modules/egg/config/config.local.js",
    "start": 1648460164686,
    "end": 1648460164686,
    "duration": 0,
    "pid": 39884,
    "index": 26
  },
  {
    "name": "Require(23) config/config.local.js",
    "start": 1648460164687,
    "end": 1648460164687,
    "duration": 0,
    "pid": 39884,
    "index": 27
  },
  {
    "name": "Load extend/application.js",
    "start": 1648460164687,
    "end": 1648460164722,
    "duration": 35,
    "pid": 39884,
    "index": 28
  },
  {
    "name": "Require(24) node_modules/egg-session/app/extend/application.js",
    "start": 1648460164688,
    "end": 1648460164688,
    "duration": 0,
    "pid": 39884,
    "index": 29
  },
  {
    "name": "Require(25) node_modules/egg-security/app/extend/application.js",
    "start": 1648460164688,
    "end": 1648460164689,
    "duration": 1,
    "pid": 39884,
    "index": 30
  },
  {
    "name": "Require(26) node_modules/egg-jsonp/app/extend/application.js",
    "start": 1648460164689,
    "end": 1648460164690,
    "duration": 1,
    "pid": 39884,
    "index": 31
  },
  {
    "name": "Require(27) node_modules/egg-logrotator/app/extend/application.js",
    "start": 1648460164690,
    "end": 1648460164691,
    "duration": 1,
    "pid": 39884,
    "index": 32
  },
  {
    "name": "Require(28) node_modules/egg-view/app/extend/application.js",
    "start": 1648460164691,
    "end": 1648460164692,
    "duration": 1,
    "pid": 39884,
    "index": 33
  },
  {
    "name": "Require(29) app/extend/application.js",
    "start": 1648460164693,
    "end": 1648460164720,
    "duration": 27,
    "pid": 39884,
    "index": 34
  },
  {
    "name": "Load extend/request.js",
    "start": 1648460164722,
    "end": 1648460164726,
    "duration": 4,
    "pid": 39884,
    "index": 35
  },
  {
    "name": "Require(30) node_modules/egg/app/extend/request.js",
    "start": 1648460164723,
    "end": 1648460164724,
    "duration": 1,
    "pid": 39884,
    "index": 36
  },
  {
    "name": "Load extend/response.js",
    "start": 1648460164726,
    "end": 1648460164729,
    "duration": 3,
    "pid": 39884,
    "index": 37
  },
  {
    "name": "Require(31) node_modules/egg/app/extend/response.js",
    "start": 1648460164727,
    "end": 1648460164728,
    "duration": 1,
    "pid": 39884,
    "index": 38
  },
  {
    "name": "Load extend/context.js",
    "start": 1648460164729,
    "end": 1648460164767,
    "duration": 38,
    "pid": 39884,
    "index": 39
  },
  {
    "name": "Require(32) node_modules/egg-security/app/extend/context.js",
    "start": 1648460164730,
    "end": 1648460164734,
    "duration": 4,
    "pid": 39884,
    "index": 40
  },
  {
    "name": "Require(33) node_modules/egg-jsonp/app/extend/context.js",
    "start": 1648460164734,
    "end": 1648460164735,
    "duration": 1,
    "pid": 39884,
    "index": 41
  },
  {
    "name": "Require(34) node_modules/egg-i18n/app/extend/context.js",
    "start": 1648460164735,
    "end": 1648460164735,
    "duration": 0,
    "pid": 39884,
    "index": 42
  },
  {
    "name": "Require(35) node_modules/egg-multipart/app/extend/context.js",
    "start": 1648460164736,
    "end": 1648460164763,
    "duration": 27,
    "pid": 39884,
    "index": 43
  },
  {
    "name": "Require(36) node_modules/egg-view/app/extend/context.js",
    "start": 1648460164763,
    "end": 1648460164764,
    "duration": 1,
    "pid": 39884,
    "index": 44
  },
  {
    "name": "Require(37) node_modules/egg-mongoose/app/extend/context.js",
    "start": 1648460164764,
    "end": 1648460164764,
    "duration": 0,
    "pid": 39884,
    "index": 45
  },
  {
    "name": "Require(38) node_modules/egg-validate/app/extend/context.js",
    "start": 1648460164765,
    "end": 1648460164765,
    "duration": 0,
    "pid": 39884,
    "index": 46
  },
  {
    "name": "Require(39) node_modules/egg/app/extend/context.js",
    "start": 1648460164765,
    "end": 1648460164765,
    "duration": 0,
    "pid": 39884,
    "index": 47
  },
  {
    "name": "Load extend/helper.js",
    "start": 1648460164767,
    "end": 1648460164779,
    "duration": 12,
    "pid": 39884,
    "index": 48
  },
  {
    "name": "Require(40) node_modules/egg-security/app/extend/helper.js",
    "start": 1648460164767,
    "end": 1648460164776,
    "duration": 9,
    "pid": 39884,
    "index": 49
  },
  {
    "name": "Require(41) node_modules/egg/app/extend/helper.js",
    "start": 1648460164777,
    "end": 1648460164777,
    "duration": 0,
    "pid": 39884,
    "index": 50
  },
  {
    "name": "Require(42) app/extend/helper.js",
    "start": 1648460164777,
    "end": 1648460164777,
    "duration": 0,
    "pid": 39884,
    "index": 51
  },
  {
    "name": "Load app.js",
    "start": 1648460164779,
    "end": 1648460164801,
    "duration": 22,
    "pid": 39884,
    "index": 52
  },
  {
    "name": "Require(43) node_modules/egg-session/app.js",
    "start": 1648460164779,
    "end": 1648460164779,
    "duration": 0,
    "pid": 39884,
    "index": 53
  },
  {
    "name": "Require(44) node_modules/egg-security/app.js",
    "start": 1648460164779,
    "end": 1648460164780,
    "duration": 1,
    "pid": 39884,
    "index": 54
  },
  {
    "name": "Require(45) node_modules/egg-onerror/app.js",
    "start": 1648460164780,
    "end": 1648460164784,
    "duration": 4,
    "pid": 39884,
    "index": 55
  },
  {
    "name": "Require(46) node_modules/egg-i18n/app.js",
    "start": 1648460164784,
    "end": 1648460164794,
    "duration": 10,
    "pid": 39884,
    "index": 56
  },
  {
    "name": "Require(47) node_modules/egg-watcher/app.js",
    "start": 1648460164794,
    "end": 1648460164796,
    "duration": 2,
    "pid": 39884,
    "index": 57
  },
  {
    "name": "Require(48) node_modules/egg-schedule/app.js",
    "start": 1648460164796,
    "end": 1648460164797,
    "duration": 1,
    "pid": 39884,
    "index": 58
  },
  {
    "name": "Require(49) node_modules/egg-multipart/app.js",
    "start": 1648460164797,
    "end": 1648460164797,
    "duration": 0,
    "pid": 39884,
    "index": 59
  },
  {
    "name": "Require(50) node_modules/egg-development/app.js",
    "start": 1648460164798,
    "end": 1648460164798,
    "duration": 0,
    "pid": 39884,
    "index": 60
  },
  {
    "name": "Require(51) node_modules/egg-logrotator/app.js",
    "start": 1648460164798,
    "end": 1648460164798,
    "duration": 0,
    "pid": 39884,
    "index": 61
  },
  {
    "name": "Require(52) node_modules/egg-static/app.js",
    "start": 1648460164798,
    "end": 1648460164798,
    "duration": 0,
    "pid": 39884,
    "index": 62
  },
  {
    "name": "Require(53) node_modules/egg-mongoose/app.js",
    "start": 1648460164799,
    "end": 1648460164799,
    "duration": 0,
    "pid": 39884,
    "index": 63
  },
  {
    "name": "Require(54) node_modules/egg-validate/app.js",
    "start": 1648460164799,
    "end": 1648460164800,
    "duration": 1,
    "pid": 39884,
    "index": 64
  },
  {
    "name": "Require(55) node_modules/egg-cors/app.js",
    "start": 1648460164800,
    "end": 1648460164800,
    "duration": 0,
    "pid": 39884,
    "index": 65
  },
  {
    "name": "Before Start in node_modules/egg-watcher/lib/init.js:15:14",
    "start": 1648460164808,
    "end": 1648460165182,
    "duration": 374,
    "pid": 39884,
    "index": 66
  },
  {
    "name": "Before Start in node_modules/egg-mongoose/lib/mongoose.js:104:7",
    "start": 1648460165053,
    "end": 1648460165181,
    "duration": 128,
    "pid": 39884,
    "index": 67
  },
  {
    "name": "Before Start in node_modules/egg-mongoose/lib/mongoose.js:52:9",
    "start": 1648460165053,
    "end": 1648460165169,
    "duration": 116,
    "pid": 39884,
    "index": 68
  },
  {
    "name": "Load Service",
    "start": 1648460165054,
    "end": 1648460165080,
    "duration": 26,
    "pid": 39884,
    "index": 69
  },
  {
    "name": "Load \"service\" to Context",
    "start": 1648460165054,
    "end": 1648460165080,
    "duration": 26,
    "pid": 39884,
    "index": 70
  },
  {
    "name": "Load Middleware",
    "start": 1648460165080,
    "end": 1648460165146,
    "duration": 66,
    "pid": 39884,
    "index": 71
  },
  {
    "name": "Load \"middlewares\" to Application",
    "start": 1648460165080,
    "end": 1648460165140,
    "duration": 60,
    "pid": 39884,
    "index": 72
  },
  {
    "name": "Load Controller",
    "start": 1648460165146,
    "end": 1648460165148,
    "duration": 2,
    "pid": 39884,
    "index": 73
  },
  {
    "name": "Load \"controller\" to Application",
    "start": 1648460165146,
    "end": 1648460165148,
    "duration": 2,
    "pid": 39884,
    "index": 74
  },
  {
    "name": "Load Router",
    "start": 1648460165148,
    "end": 1648460165150,
    "duration": 2,
    "pid": 39884,
    "index": 75
  },
  {
    "name": "Require(56) app/router.js",
    "start": 1648460165148,
    "end": 1648460165148,
    "duration": 0,
    "pid": 39884,
    "index": 76
  },
  {
    "name": "Before Start in node_modules/egg-core/lib/egg.js:303:10",
    "start": 1648460165149,
    "end": 1648460165169,
    "duration": 20,
    "pid": 39884,
    "index": 77
  },
  {
    "name": "Load \"model\" to Application",
    "start": 1648460165155,
    "end": 1648460165168,
    "duration": 13,
    "pid": 39884,
    "index": 78
  }
]