[
  {
    "name": "Process Start",
    "start": 1648460729858,
    "end": 1648460730533,
    "duration": 675,
    "pid": 17920,
    "index": 0
  },
  {
    "name": "Application Start",
    "start": 1648460730534,
    "end": 1648460731098,
    "duration": 564,
    "pid": 17920,
    "index": 1
  },
  {
    "name": "Load Plugin",
    "start": 1648460730537,
    "end": 1648460730547,
    "duration": 10,
    "pid": 17920,
    "index": 2
  },
  {
    "name": "Load Config",
    "start": 1648460730547,
    "end": 1648460730566,
    "duration": 19,
    "pid": 17920,
    "index": 3
  },
  {
    "name": "Require(0) config/config.default.js",
    "start": 1648460730548,
    "end": 1648460730548,
    "duration": 0,
    "pid": 17920,
    "index": 4
  },
  {
    "name": "Require(1) config/config.local.js",
    "start": 1648460730549,
    "end": 1648460730549,
    "duration": 0,
    "pid": 17920,
    "index": 5
  },
  {
    "name": "Require(2) node_modules/egg-session/config/config.default.js",
    "start": 1648460730549,
    "end": 1648460730550,
    "duration": 1,
    "pid": 17920,
    "index": 6
  },
  {
    "name": "Require(3) node_modules/egg-security/config/config.default.js",
    "start": 1648460730550,
    "end": 1648460730550,
    "duration": 0,
    "pid": 17920,
    "index": 7
  },
  {
    "name": "Require(4) node_modules/egg-jsonp/config/config.default.js",
    "start": 1648460730551,
    "end": 1648460730552,
    "duration": 1,
    "pid": 17920,
    "index": 8
  },
  {
    "name": "Require(5) node_modules/egg-onerror/config/config.default.js",
    "start": 1648460730552,
    "end": 1648460730552,
    "duration": 0,
    "pid": 17920,
    "index": 9
  },
  {
    "name": "Require(6) node_modules/egg-i18n/config/config.default.js",
    "start": 1648460730553,
    "end": 1648460730553,
    "duration": 0,
    "pid": 17920,
    "index": 10
  },
  {
    "name": "Require(7) node_modules/egg-watcher/config/config.default.js",
    "start": 1648460730554,
    "end": 1648460730554,
    "duration": 0,
    "pid": 17920,
    "index": 11
  },
  {
    "name": "Require(8) node_modules/egg-schedule/config/config.default.js",
    "start": 1648460730554,
    "end": 1648460730555,
    "duration": 1,
    "pid": 17920,
    "index": 12
  },
  {
    "name": "Require(9) node_modules/egg-multipart/config/config.default.js",
    "start": 1648460730555,
    "end": 1648460730555,
    "duration": 0,
    "pid": 17920,
    "index": 13
  },
  {
    "name": "Require(10) node_modules/egg-development/config/config.default.js",
    "start": 1648460730556,
    "end": 1648460730556,
    "duration": 0,
    "pid": 17920,
    "index": 14
  },
  {
    "name": "Require(11) node_modules/egg-logrotator/config/config.default.js",
    "start": 1648460730556,
    "end": 1648460730556,
    "duration": 0,
    "pid": 17920,
    "index": 15
  },
  {
    "name": "Require(12) node_modules/egg-static/config/config.default.js",
    "start": 1648460730557,
    "end": 1648460730557,
    "duration": 0,
    "pid": 17920,
    "index": 16
  },
  {
    "name": "Require(13) node_modules/egg-view/config/config.default.js",
    "start": 1648460730557,
    "end": 1648460730557,
    "duration": 0,
    "pid": 17920,
    "index": 17
  },
  {
    "name": "Require(14) node_modules/egg-mongoose/config/config.default.js",
    "start": 1648460730558,
    "end": 1648460730558,
    "duration": 0,
    "pid": 17920,
    "index": 18
  },
  {
    "name": "Require(15) node_modules/egg-validate/config/config.default.js",
    "start": 1648460730558,
    "end": 1648460730559,
    "duration": 1,
    "pid": 17920,
    "index": 19
  },
  {
    "name": "Require(16) node_modules/egg-cors/config/config.default.js",
    "start": 1648460730559,
    "end": 1648460730559,
    "duration": 0,
    "pid": 17920,
    "index": 20
  },
  {
    "name": "Require(17) node_modules/egg/config/config.default.js",
    "start": 1648460730559,
    "end": 1648460730559,
    "duration": 0,
    "pid": 17920,
    "index": 21
  },
  {
    "name": "Require(18) config/config.default.js",
    "start": 1648460730560,
    "end": 1648460730560,
    "duration": 0,
    "pid": 17920,
    "index": 22
  },
  {
    "name": "Require(19) node_modules/egg-security/config/config.local.js",
    "start": 1648460730561,
    "end": 1648460730562,
    "duration": 1,
    "pid": 17920,
    "index": 23
  },
  {
    "name": "Require(20) node_modules/egg-watcher/config/config.local.js",
    "start": 1648460730562,
    "end": 1648460730563,
    "duration": 1,
    "pid": 17920,
    "index": 24
  },
  {
    "name": "Require(21) node_modules/egg-view/config/config.local.js",
    "start": 1648460730565,
    "end": 1648460730565,
    "duration": 0,
    "pid": 17920,
    "index": 25
  },
  {
    "name": "Require(22) node_modules/egg/config/config.local.js",
    "start": 1648460730565,
    "end": 1648460730566,
    "duration": 1,
    "pid": 17920,
    "index": 26
  },
  {
    "name": "Require(23) config/config.local.js",
    "start": 1648460730566,
    "end": 1648460730566,
    "duration": 0,
    "pid": 17920,
    "index": 27
  },
  {
    "name": "Load extend/application.js",
    "start": 1648460730567,
    "end": 1648460730601,
    "duration": 34,
    "pid": 17920,
    "index": 28
  },
  {
    "name": "Require(24) node_modules/egg-session/app/extend/application.js",
    "start": 1648460730567,
    "end": 1648460730567,
    "duration": 0,
    "pid": 17920,
    "index": 29
  },
  {
    "name": "Require(25) node_modules/egg-security/app/extend/application.js",
    "start": 1648460730568,
    "end": 1648460730568,
    "duration": 0,
    "pid": 17920,
    "index": 30
  },
  {
    "name": "Require(26) node_modules/egg-jsonp/app/extend/application.js",
    "start": 1648460730569,
    "end": 1648460730569,
    "duration": 0,
    "pid": 17920,
    "index": 31
  },
  {
    "name": "Require(27) node_modules/egg-logrotator/app/extend/application.js",
    "start": 1648460730570,
    "end": 1648460730571,
    "duration": 1,
    "pid": 17920,
    "index": 32
  },
  {
    "name": "Require(28) node_modules/egg-view/app/extend/application.js",
    "start": 1648460730571,
    "end": 1648460730572,
    "duration": 1,
    "pid": 17920,
    "index": 33
  },
  {
    "name": "Require(29) app/extend/application.js",
    "start": 1648460730572,
    "end": 1648460730600,
    "duration": 28,
    "pid": 17920,
    "index": 34
  },
  {
    "name": "Load extend/request.js",
    "start": 1648460730601,
    "end": 1648460730605,
    "duration": 4,
    "pid": 17920,
    "index": 35
  },
  {
    "name": "Require(30) node_modules/egg/app/extend/request.js",
    "start": 1648460730603,
    "end": 1648460730603,
    "duration": 0,
    "pid": 17920,
    "index": 36
  },
  {
    "name": "Load extend/response.js",
    "start": 1648460730605,
    "end": 1648460730608,
    "duration": 3,
    "pid": 17920,
    "index": 37
  },
  {
    "name": "Require(31) node_modules/egg/app/extend/response.js",
    "start": 1648460730606,
    "end": 1648460730606,
    "duration": 0,
    "pid": 17920,
    "index": 38
  },
  {
    "name": "Load extend/context.js",
    "start": 1648460730608,
    "end": 1648460730646,
    "duration": 38,
    "pid": 17920,
    "index": 39
  },
  {
    "name": "Require(32) node_modules/egg-security/app/extend/context.js",
    "start": 1648460730608,
    "end": 1648460730612,
    "duration": 4,
    "pid": 17920,
    "index": 40
  },
  {
    "name": "Require(33) node_modules/egg-jsonp/app/extend/context.js",
    "start": 1648460730613,
    "end": 1648460730613,
    "duration": 0,
    "pid": 17920,
    "index": 41
  },
  {
    "name": "Require(34) node_modules/egg-i18n/app/extend/context.js",
    "start": 1648460730614,
    "end": 1648460730614,
    "duration": 0,
    "pid": 17920,
    "index": 42
  },
  {
    "name": "Require(35) node_modules/egg-multipart/app/extend/context.js",
    "start": 1648460730614,
    "end": 1648460730642,
    "duration": 28,
    "pid": 17920,
    "index": 43
  },
  {
    "name": "Require(36) node_modules/egg-view/app/extend/context.js",
    "start": 1648460730642,
    "end": 1648460730643,
    "duration": 1,
    "pid": 17920,
    "index": 44
  },
  {
    "name": "Require(37) node_modules/egg-mongoose/app/extend/context.js",
    "start": 1648460730643,
    "end": 1648460730643,
    "duration": 0,
    "pid": 17920,
    "index": 45
  },
  {
    "name": "Require(38) node_modules/egg-validate/app/extend/context.js",
    "start": 1648460730643,
    "end": 1648460730644,
    "duration": 1,
    "pid": 17920,
    "index": 46
  },
  {
    "name": "Require(39) node_modules/egg/app/extend/context.js",
    "start": 1648460730644,
    "end": 1648460730644,
    "duration": 0,
    "pid": 17920,
    "index": 47
  },
  {
    "name": "Load extend/helper.js",
    "start": 1648460730646,
    "end": 1648460730658,
    "duration": 12,
    "pid": 17920,
    "index": 48
  },
  {
    "name": "Require(40) node_modules/egg-security/app/extend/helper.js",
    "start": 1648460730646,
    "end": 1648460730655,
    "duration": 9,
    "pid": 17920,
    "index": 49
  },
  {
    "name": "Require(41) node_modules/egg/app/extend/helper.js",
    "start": 1648460730656,
    "end": 1648460730656,
    "duration": 0,
    "pid": 17920,
    "index": 50
  },
  {
    "name": "Require(42) app/extend/helper.js",
    "start": 1648460730656,
    "end": 1648460730656,
    "duration": 0,
    "pid": 17920,
    "index": 51
  },
  {
    "name": "Load app.js",
    "start": 1648460730658,
    "end": 1648460730682,
    "duration": 24,
    "pid": 17920,
    "index": 52
  },
  {
    "name": "Require(43) node_modules/egg-session/app.js",
    "start": 1648460730658,
    "end": 1648460730658,
    "duration": 0,
    "pid": 17920,
    "index": 53
  },
  {
    "name": "Require(44) node_modules/egg-security/app.js",
    "start": 1648460730658,
    "end": 1648460730659,
    "duration": 1,
    "pid": 17920,
    "index": 54
  },
  {
    "name": "Require(45) node_modules/egg-onerror/app.js",
    "start": 1648460730660,
    "end": 1648460730663,
    "duration": 3,
    "pid": 17920,
    "index": 55
  },
  {
    "name": "Require(46) node_modules/egg-i18n/app.js",
    "start": 1648460730663,
    "end": 1648460730674,
    "duration": 11,
    "pid": 17920,
    "index": 56
  },
  {
    "name": "Require(47) node_modules/egg-watcher/app.js",
    "start": 1648460730675,
    "end": 1648460730676,
    "duration": 1,
    "pid": 17920,
    "index": 57
  },
  {
    "name": "Require(48) node_modules/egg-schedule/app.js",
    "start": 1648460730677,
    "end": 1648460730677,
    "duration": 0,
    "pid": 17920,
    "index": 58
  },
  {
    "name": "Require(49) node_modules/egg-multipart/app.js",
    "start": 1648460730677,
    "end": 1648460730678,
    "duration": 1,
    "pid": 17920,
    "index": 59
  },
  {
    "name": "Require(50) node_modules/egg-development/app.js",
    "start": 1648460730678,
    "end": 1648460730678,
    "duration": 0,
    "pid": 17920,
    "index": 60
  },
  {
    "name": "Require(51) node_modules/egg-logrotator/app.js",
    "start": 1648460730678,
    "end": 1648460730678,
    "duration": 0,
    "pid": 17920,
    "index": 61
  },
  {
    "name": "Require(52) node_modules/egg-static/app.js",
    "start": 1648460730679,
    "end": 1648460730679,
    "duration": 0,
    "pid": 17920,
    "index": 62
  },
  {
    "name": "Require(53) node_modules/egg-mongoose/app.js",
    "start": 1648460730679,
    "end": 1648460730679,
    "duration": 0,
    "pid": 17920,
    "index": 63
  },
  {
    "name": "Require(54) node_modules/egg-validate/app.js",
    "start": 1648460730679,
    "end": 1648460730681,
    "duration": 2,
    "pid": 17920,
    "index": 64
  },
  {
    "name": "Require(55) node_modules/egg-cors/app.js",
    "start": 1648460730681,
    "end": 1648460730681,
    "duration": 0,
    "pid": 17920,
    "index": 65
  },
  {
    "name": "Before Start in node_modules/egg-watcher/lib/init.js:15:14",
    "start": 1648460730689,
    "end": 1648460731097,
    "duration": 408,
    "pid": 17920,
    "index": 66
  },
  {
    "name": "Before Start in node_modules/egg-mongoose/lib/mongoose.js:104:7",
    "start": 1648460730983,
    "end": 1648460731096,
    "duration": 113,
    "pid": 17920,
    "index": 67
  },
  {
    "name": "Before Start in node_modules/egg-mongoose/lib/mongoose.js:52:9",
    "start": 1648460730983,
    "end": 1648460731086,
    "duration": 103,
    "pid": 17920,
    "index": 68
  },
  {
    "name": "Load Service",
    "start": 1648460730983,
    "end": 1648460731002,
    "duration": 19,
    "pid": 17920,
    "index": 69
  },
  {
    "name": "Load \"service\" to Context",
    "start": 1648460730983,
    "end": 1648460731002,
    "duration": 19,
    "pid": 17920,
    "index": 70
  },
  {
    "name": "Load Middleware",
    "start": 1648460731002,
    "end": 1648460731065,
    "duration": 63,
    "pid": 17920,
    "index": 71
  },
  {
    "name": "Load \"middlewares\" to Application",
    "start": 1648460731002,
    "end": 1648460731058,
    "duration": 56,
    "pid": 17920,
    "index": 72
  },
  {
    "name": "Load Controller",
    "start": 1648460731065,
    "end": 1648460731066,
    "duration": 1,
    "pid": 17920,
    "index": 73
  },
  {
    "name": "Load \"controller\" to Application",
    "start": 1648460731065,
    "end": 1648460731066,
    "duration": 1,
    "pid": 17920,
    "index": 74
  },
  {
    "name": "Load Router",
    "start": 1648460731066,
    "end": 1648460731068,
    "duration": 2,
    "pid": 17920,
    "index": 75
  },
  {
    "name": "Require(56) app/router.js",
    "start": 1648460731067,
    "end": 1648460731067,
    "duration": 0,
    "pid": 17920,
    "index": 76
  },
  {
    "name": "Before Start in node_modules/egg-core/lib/egg.js:303:10",
    "start": 1648460731067,
    "end": 1648460731086,
    "duration": 19,
    "pid": 17920,
    "index": 77
  },
  {
    "name": "Load \"model\" to Application",
    "start": 1648460731074,
    "end": 1648460731085,
    "duration": 11,
    "pid": 17920,
    "index": 78
  }
]