[
  {
    "name": "Process Start",
    "start": 1648537132454,
    "end": 1648537133091,
    "duration": 637,
    "pid": 31564,
    "index": 0
  },
  {
    "name": "Application Start",
    "start": 1648537133091,
    "end": 1648537133626,
    "duration": 535,
    "pid": 31564,
    "index": 1
  },
  {
    "name": "Load Plugin",
    "start": 1648537133094,
    "end": 1648537133104,
    "duration": 10,
    "pid": 31564,
    "index": 2
  },
  {
    "name": "Load Config",
    "start": 1648537133104,
    "end": 1648537133122,
    "duration": 18,
    "pid": 31564,
    "index": 3
  },
  {
    "name": "Require(0) config/config.default.js",
    "start": 1648537133105,
    "end": 1648537133105,
    "duration": 0,
    "pid": 31564,
    "index": 4
  },
  {
    "name": "Require(1) config/config.local.js",
    "start": 1648537133106,
    "end": 1648537133106,
    "duration": 0,
    "pid": 31564,
    "index": 5
  },
  {
    "name": "Require(2) node_modules/egg-session/config/config.default.js",
    "start": 1648537133106,
    "end": 1648537133107,
    "duration": 1,
    "pid": 31564,
    "index": 6
  },
  {
    "name": "Require(3) node_modules/egg-security/config/config.default.js",
    "start": 1648537133107,
    "end": 1648537133107,
    "duration": 0,
    "pid": 31564,
    "index": 7
  },
  {
    "name": "Require(4) node_modules/egg-jsonp/config/config.default.js",
    "start": 1648537133108,
    "end": 1648537133108,
    "duration": 0,
    "pid": 31564,
    "index": 8
  },
  {
    "name": "Require(5) node_modules/egg-onerror/config/config.default.js",
    "start": 1648537133108,
    "end": 1648537133108,
    "duration": 0,
    "pid": 31564,
    "index": 9
  },
  {
    "name": "Require(6) node_modules/egg-i18n/config/config.default.js",
    "start": 1648537133109,
    "end": 1648537133109,
    "duration": 0,
    "pid": 31564,
    "index": 10
  },
  {
    "name": "Require(7) node_modules/egg-watcher/config/config.default.js",
    "start": 1648537133109,
    "end": 1648537133110,
    "duration": 1,
    "pid": 31564,
    "index": 11
  },
  {
    "name": "Require(8) node_modules/egg-schedule/config/config.default.js",
    "start": 1648537133110,
    "end": 1648537133110,
    "duration": 0,
    "pid": 31564,
    "index": 12
  },
  {
    "name": "Require(9) node_modules/egg-multipart/config/config.default.js",
    "start": 1648537133110,
    "end": 1648537133111,
    "duration": 1,
    "pid": 31564,
    "index": 13
  },
  {
    "name": "Require(10) node_modules/egg-development/config/config.default.js",
    "start": 1648537133111,
    "end": 1648537133111,
    "duration": 0,
    "pid": 31564,
    "index": 14
  },
  {
    "name": "Require(11) node_modules/egg-logrotator/config/config.default.js",
    "start": 1648537133111,
    "end": 1648537133112,
    "duration": 1,
    "pid": 31564,
    "index": 15
  },
  {
    "name": "Require(12) node_modules/egg-static/config/config.default.js",
    "start": 1648537133112,
    "end": 1648537133112,
    "duration": 0,
    "pid": 31564,
    "index": 16
  },
  {
    "name": "Require(13) node_modules/egg-view/config/config.default.js",
    "start": 1648537133112,
    "end": 1648537133113,
    "duration": 1,
    "pid": 31564,
    "index": 17
  },
  {
    "name": "Require(14) node_modules/egg-mongoose/config/config.default.js",
    "start": 1648537133113,
    "end": 1648537133113,
    "duration": 0,
    "pid": 31564,
    "index": 18
  },
  {
    "name": "Require(15) node_modules/egg-validate/config/config.default.js",
    "start": 1648537133113,
    "end": 1648537133114,
    "duration": 1,
    "pid": 31564,
    "index": 19
  },
  {
    "name": "Require(16) node_modules/egg-cors/config/config.default.js",
    "start": 1648537133114,
    "end": 1648537133114,
    "duration": 0,
    "pid": 31564,
    "index": 20
  },
  {
    "name": "Require(17) node_modules/egg/config/config.default.js",
    "start": 1648537133114,
    "end": 1648537133115,
    "duration": 1,
    "pid": 31564,
    "index": 21
  },
  {
    "name": "Require(18) config/config.default.js",
    "start": 1648537133115,
    "end": 1648537133115,
    "duration": 0,
    "pid": 31564,
    "index": 22
  },
  {
    "name": "Require(19) node_modules/egg-security/config/config.local.js",
    "start": 1648537133116,
    "end": 1648537133117,
    "duration": 1,
    "pid": 31564,
    "index": 23
  },
  {
    "name": "Require(20) node_modules/egg-watcher/config/config.local.js",
    "start": 1648537133117,
    "end": 1648537133118,
    "duration": 1,
    "pid": 31564,
    "index": 24
  },
  {
    "name": "Require(21) node_modules/egg-view/config/config.local.js",
    "start": 1648537133118,
    "end": 1648537133118,
    "duration": 0,
    "pid": 31564,
    "index": 25
  },
  {
    "name": "Require(22) node_modules/egg/config/config.local.js",
    "start": 1648537133121,
    "end": 1648537133121,
    "duration": 0,
    "pid": 31564,
    "index": 26
  },
  {
    "name": "Require(23) config/config.local.js",
    "start": 1648537133122,
    "end": 1648537133122,
    "duration": 0,
    "pid": 31564,
    "index": 27
  },
  {
    "name": "Load extend/application.js",
    "start": 1648537133122,
    "end": 1648537133156,
    "duration": 34,
    "pid": 31564,
    "index": 28
  },
  {
    "name": "Require(24) node_modules/egg-session/app/extend/application.js",
    "start": 1648537133123,
    "end": 1648537133123,
    "duration": 0,
    "pid": 31564,
    "index": 29
  },
  {
    "name": "Require(25) node_modules/egg-security/app/extend/application.js",
    "start": 1648537133123,
    "end": 1648537133124,
    "duration": 1,
    "pid": 31564,
    "index": 30
  },
  {
    "name": "Require(26) node_modules/egg-jsonp/app/extend/application.js",
    "start": 1648537133124,
    "end": 1648537133124,
    "duration": 0,
    "pid": 31564,
    "index": 31
  },
  {
    "name": "Require(27) node_modules/egg-logrotator/app/extend/application.js",
    "start": 1648537133125,
    "end": 1648537133126,
    "duration": 1,
    "pid": 31564,
    "index": 32
  },
  {
    "name": "Require(28) node_modules/egg-view/app/extend/application.js",
    "start": 1648537133126,
    "end": 1648537133127,
    "duration": 1,
    "pid": 31564,
    "index": 33
  },
  {
    "name": "Require(29) app/extend/application.js",
    "start": 1648537133128,
    "end": 1648537133155,
    "duration": 27,
    "pid": 31564,
    "index": 34
  },
  {
    "name": "Load extend/request.js",
    "start": 1648537133156,
    "end": 1648537133160,
    "duration": 4,
    "pid": 31564,
    "index": 35
  },
  {
    "name": "Require(30) node_modules/egg/app/extend/request.js",
    "start": 1648537133158,
    "end": 1648537133158,
    "duration": 0,
    "pid": 31564,
    "index": 36
  },
  {
    "name": "Load extend/response.js",
    "start": 1648537133160,
    "end": 1648537133163,
    "duration": 3,
    "pid": 31564,
    "index": 37
  },
  {
    "name": "Require(31) node_modules/egg/app/extend/response.js",
    "start": 1648537133161,
    "end": 1648537133162,
    "duration": 1,
    "pid": 31564,
    "index": 38
  },
  {
    "name": "Load extend/context.js",
    "start": 1648537133163,
    "end": 1648537133201,
    "duration": 38,
    "pid": 31564,
    "index": 39
  },
  {
    "name": "Require(32) node_modules/egg-security/app/extend/context.js",
    "start": 1648537133163,
    "end": 1648537133168,
    "duration": 5,
    "pid": 31564,
    "index": 40
  },
  {
    "name": "Require(33) node_modules/egg-jsonp/app/extend/context.js",
    "start": 1648537133168,
    "end": 1648537133169,
    "duration": 1,
    "pid": 31564,
    "index": 41
  },
  {
    "name": "Require(34) node_modules/egg-i18n/app/extend/context.js",
    "start": 1648537133169,
    "end": 1648537133169,
    "duration": 0,
    "pid": 31564,
    "index": 42
  },
  {
    "name": "Require(35) node_modules/egg-multipart/app/extend/context.js",
    "start": 1648537133170,
    "end": 1648537133197,
    "duration": 27,
    "pid": 31564,
    "index": 43
  },
  {
    "name": "Require(36) node_modules/egg-view/app/extend/context.js",
    "start": 1648537133197,
    "end": 1648537133198,
    "duration": 1,
    "pid": 31564,
    "index": 44
  },
  {
    "name": "Require(37) node_modules/egg-mongoose/app/extend/context.js",
    "start": 1648537133198,
    "end": 1648537133198,
    "duration": 0,
    "pid": 31564,
    "index": 45
  },
  {
    "name": "Require(38) node_modules/egg-validate/app/extend/context.js",
    "start": 1648537133198,
    "end": 1648537133199,
    "duration": 1,
    "pid": 31564,
    "index": 46
  },
  {
    "name": "Require(39) node_modules/egg/app/extend/context.js",
    "start": 1648537133199,
    "end": 1648537133199,
    "duration": 0,
    "pid": 31564,
    "index": 47
  },
  {
    "name": "Load extend/helper.js",
    "start": 1648537133201,
    "end": 1648537133213,
    "duration": 12,
    "pid": 31564,
    "index": 48
  },
  {
    "name": "Require(40) node_modules/egg-security/app/extend/helper.js",
    "start": 1648537133201,
    "end": 1648537133210,
    "duration": 9,
    "pid": 31564,
    "index": 49
  },
  {
    "name": "Require(41) node_modules/egg/app/extend/helper.js",
    "start": 1648537133211,
    "end": 1648537133211,
    "duration": 0,
    "pid": 31564,
    "index": 50
  },
  {
    "name": "Require(42) app/extend/helper.js",
    "start": 1648537133211,
    "end": 1648537133212,
    "duration": 1,
    "pid": 31564,
    "index": 51
  },
  {
    "name": "Load app.js",
    "start": 1648537133213,
    "end": 1648537133235,
    "duration": 22,
    "pid": 31564,
    "index": 52
  },
  {
    "name": "Require(43) node_modules/egg-session/app.js",
    "start": 1648537133213,
    "end": 1648537133213,
    "duration": 0,
    "pid": 31564,
    "index": 53
  },
  {
    "name": "Require(44) node_modules/egg-security/app.js",
    "start": 1648537133214,
    "end": 1648537133214,
    "duration": 0,
    "pid": 31564,
    "index": 54
  },
  {
    "name": "Require(45) node_modules/egg-onerror/app.js",
    "start": 1648537133215,
    "end": 1648537133219,
    "duration": 4,
    "pid": 31564,
    "index": 55
  },
  {
    "name": "Require(46) node_modules/egg-i18n/app.js",
    "start": 1648537133219,
    "end": 1648537133228,
    "duration": 9,
    "pid": 31564,
    "index": 56
  },
  {
    "name": "Require(47) node_modules/egg-watcher/app.js",
    "start": 1648537133228,
    "end": 1648537133230,
    "duration": 2,
    "pid": 31564,
    "index": 57
  },
  {
    "name": "Require(48) node_modules/egg-schedule/app.js",
    "start": 1648537133231,
    "end": 1648537133231,
    "duration": 0,
    "pid": 31564,
    "index": 58
  },
  {
    "name": "Require(49) node_modules/egg-multipart/app.js",
    "start": 1648537133231,
    "end": 1648537133232,
    "duration": 1,
    "pid": 31564,
    "index": 59
  },
  {
    "name": "Require(50) node_modules/egg-development/app.js",
    "start": 1648537133232,
    "end": 1648537133232,
    "duration": 0,
    "pid": 31564,
    "index": 60
  },
  {
    "name": "Require(51) node_modules/egg-logrotator/app.js",
    "start": 1648537133232,
    "end": 1648537133233,
    "duration": 1,
    "pid": 31564,
    "index": 61
  },
  {
    "name": "Require(52) node_modules/egg-static/app.js",
    "start": 1648537133233,
    "end": 1648537133233,
    "duration": 0,
    "pid": 31564,
    "index": 62
  },
  {
    "name": "Require(53) node_modules/egg-mongoose/app.js",
    "start": 1648537133233,
    "end": 1648537133233,
    "duration": 0,
    "pid": 31564,
    "index": 63
  },
  {
    "name": "Require(54) node_modules/egg-validate/app.js",
    "start": 1648537133234,
    "end": 1648537133235,
    "duration": 1,
    "pid": 31564,
    "index": 64
  },
  {
    "name": "Require(55) node_modules/egg-cors/app.js",
    "start": 1648537133235,
    "end": 1648537133235,
    "duration": 0,
    "pid": 31564,
    "index": 65
  },
  {
    "name": "Before Start in node_modules/egg-watcher/lib/init.js:15:14",
    "start": 1648537133242,
    "end": 1648537133626,
    "duration": 384,
    "pid": 31564,
    "index": 66
  },
  {
    "name": "Before Start in node_modules/egg-mongoose/lib/mongoose.js:104:7",
    "start": 1648537133504,
    "end": 1648537133625,
    "duration": 121,
    "pid": 31564,
    "index": 67
  },
  {
    "name": "Before Start in node_modules/egg-mongoose/lib/mongoose.js:52:9",
    "start": 1648537133504,
    "end": 1648537133614,
    "duration": 110,
    "pid": 31564,
    "index": 68
  },
  {
    "name": "Load Service",
    "start": 1648537133504,
    "end": 1648537133526,
    "duration": 22,
    "pid": 31564,
    "index": 69
  },
  {
    "name": "Load \"service\" to Context",
    "start": 1648537133504,
    "end": 1648537133526,
    "duration": 22,
    "pid": 31564,
    "index": 70
  },
  {
    "name": "Load Middleware",
    "start": 1648537133526,
    "end": 1648537133592,
    "duration": 66,
    "pid": 31564,
    "index": 71
  },
  {
    "name": "Load \"middlewares\" to Application",
    "start": 1648537133526,
    "end": 1648537133585,
    "duration": 59,
    "pid": 31564,
    "index": 72
  },
  {
    "name": "Load Controller",
    "start": 1648537133592,
    "end": 1648537133594,
    "duration": 2,
    "pid": 31564,
    "index": 73
  },
  {
    "name": "Load \"controller\" to Application",
    "start": 1648537133592,
    "end": 1648537133594,
    "duration": 2,
    "pid": 31564,
    "index": 74
  },
  {
    "name": "Load Router",
    "start": 1648537133594,
    "end": 1648537133596,
    "duration": 2,
    "pid": 31564,
    "index": 75
  },
  {
    "name": "Require(56) app/router.js",
    "start": 1648537133594,
    "end": 1648537133594,
    "duration": 0,
    "pid": 31564,
    "index": 76
  },
  {
    "name": "Before Start in node_modules/egg-core/lib/egg.js:303:10",
    "start": 1648537133594,
    "end": 1648537133614,
    "duration": 20,
    "pid": 31564,
    "index": 77
  },
  {
    "name": "Load \"model\" to Application",
    "start": 1648537133601,
    "end": 1648537133613,
    "duration": 12,
    "pid": 31564,
    "index": 78
  }
]