[
  {
    "name": "Process Start",
    "start": 1648461269126,
    "end": 1648461269884,
    "duration": 758,
    "pid": 39844,
    "index": 0
  },
  {
    "name": "Application Start",
    "start": 1648461269884,
    "end": 1648461270493,
    "duration": 609,
    "pid": 39844,
    "index": 1
  },
  {
    "name": "Load Plugin",
    "start": 1648461269887,
    "end": 1648461269897,
    "duration": 10,
    "pid": 39844,
    "index": 2
  },
  {
    "name": "Load Config",
    "start": 1648461269897,
    "end": 1648461269915,
    "duration": 18,
    "pid": 39844,
    "index": 3
  },
  {
    "name": "Require(0) config/config.default.js",
    "start": 1648461269898,
    "end": 1648461269898,
    "duration": 0,
    "pid": 39844,
    "index": 4
  },
  {
    "name": "Require(1) config/config.local.js",
    "start": 1648461269899,
    "end": 1648461269899,
    "duration": 0,
    "pid": 39844,
    "index": 5
  },
  {
    "name": "Require(2) node_modules/egg-session/config/config.default.js",
    "start": 1648461269899,
    "end": 1648461269900,
    "duration": 1,
    "pid": 39844,
    "index": 6
  },
  {
    "name": "Require(3) node_modules/egg-security/config/config.default.js",
    "start": 1648461269900,
    "end": 1648461269900,
    "duration": 0,
    "pid": 39844,
    "index": 7
  },
  {
    "name": "Require(4) node_modules/egg-jsonp/config/config.default.js",
    "start": 1648461269901,
    "end": 1648461269901,
    "duration": 0,
    "pid": 39844,
    "index": 8
  },
  {
    "name": "Require(5) node_modules/egg-onerror/config/config.default.js",
    "start": 1648461269901,
    "end": 1648461269901,
    "duration": 0,
    "pid": 39844,
    "index": 9
  },
  {
    "name": "Require(6) node_modules/egg-i18n/config/config.default.js",
    "start": 1648461269902,
    "end": 1648461269902,
    "duration": 0,
    "pid": 39844,
    "index": 10
  },
  {
    "name": "Require(7) node_modules/egg-watcher/config/config.default.js",
    "start": 1648461269902,
    "end": 1648461269903,
    "duration": 1,
    "pid": 39844,
    "index": 11
  },
  {
    "name": "Require(8) node_modules/egg-schedule/config/config.default.js",
    "start": 1648461269903,
    "end": 1648461269903,
    "duration": 0,
    "pid": 39844,
    "index": 12
  },
  {
    "name": "Require(9) node_modules/egg-multipart/config/config.default.js",
    "start": 1648461269903,
    "end": 1648461269904,
    "duration": 1,
    "pid": 39844,
    "index": 13
  },
  {
    "name": "Require(10) node_modules/egg-development/config/config.default.js",
    "start": 1648461269904,
    "end": 1648461269904,
    "duration": 0,
    "pid": 39844,
    "index": 14
  },
  {
    "name": "Require(11) node_modules/egg-logrotator/config/config.default.js",
    "start": 1648461269904,
    "end": 1648461269905,
    "duration": 1,
    "pid": 39844,
    "index": 15
  },
  {
    "name": "Require(12) node_modules/egg-static/config/config.default.js",
    "start": 1648461269905,
    "end": 1648461269905,
    "duration": 0,
    "pid": 39844,
    "index": 16
  },
  {
    "name": "Require(13) node_modules/egg-view/config/config.default.js",
    "start": 1648461269905,
    "end": 1648461269906,
    "duration": 1,
    "pid": 39844,
    "index": 17
  },
  {
    "name": "Require(14) node_modules/egg-mongoose/config/config.default.js",
    "start": 1648461269906,
    "end": 1648461269906,
    "duration": 0,
    "pid": 39844,
    "index": 18
  },
  {
    "name": "Require(15) node_modules/egg-validate/config/config.default.js",
    "start": 1648461269906,
    "end": 1648461269907,
    "duration": 1,
    "pid": 39844,
    "index": 19
  },
  {
    "name": "Require(16) node_modules/egg-cors/config/config.default.js",
    "start": 1648461269907,
    "end": 1648461269907,
    "duration": 0,
    "pid": 39844,
    "index": 20
  },
  {
    "name": "Require(17) node_modules/egg/config/config.default.js",
    "start": 1648461269907,
    "end": 1648461269907,
    "duration": 0,
    "pid": 39844,
    "index": 21
  },
  {
    "name": "Require(18) config/config.default.js",
    "start": 1648461269909,
    "end": 1648461269909,
    "duration": 0,
    "pid": 39844,
    "index": 22
  },
  {
    "name": "Require(19) node_modules/egg-security/config/config.local.js",
    "start": 1648461269909,
    "end": 1648461269910,
    "duration": 1,
    "pid": 39844,
    "index": 23
  },
  {
    "name": "Require(20) node_modules/egg-watcher/config/config.local.js",
    "start": 1648461269913,
    "end": 1648461269913,
    "duration": 0,
    "pid": 39844,
    "index": 24
  },
  {
    "name": "Require(21) node_modules/egg-view/config/config.local.js",
    "start": 1648461269914,
    "end": 1648461269914,
    "duration": 0,
    "pid": 39844,
    "index": 25
  },
  {
    "name": "Require(22) node_modules/egg/config/config.local.js",
    "start": 1648461269914,
    "end": 1648461269914,
    "duration": 0,
    "pid": 39844,
    "index": 26
  },
  {
    "name": "Require(23) config/config.local.js",
    "start": 1648461269914,
    "end": 1648461269914,
    "duration": 0,
    "pid": 39844,
    "index": 27
  },
  {
    "name": "Load extend/application.js",
    "start": 1648461269915,
    "end": 1648461269963,
    "duration": 48,
    "pid": 39844,
    "index": 28
  },
  {
    "name": "Require(24) node_modules/egg-session/app/extend/application.js",
    "start": 1648461269916,
    "end": 1648461269916,
    "duration": 0,
    "pid": 39844,
    "index": 29
  },
  {
    "name": "Require(25) node_modules/egg-security/app/extend/application.js",
    "start": 1648461269916,
    "end": 1648461269917,
    "duration": 1,
    "pid": 39844,
    "index": 30
  },
  {
    "name": "Require(26) node_modules/egg-jsonp/app/extend/application.js",
    "start": 1648461269917,
    "end": 1648461269917,
    "duration": 0,
    "pid": 39844,
    "index": 31
  },
  {
    "name": "Require(27) node_modules/egg-logrotator/app/extend/application.js",
    "start": 1648461269918,
    "end": 1648461269919,
    "duration": 1,
    "pid": 39844,
    "index": 32
  },
  {
    "name": "Require(28) node_modules/egg-view/app/extend/application.js",
    "start": 1648461269919,
    "end": 1648461269920,
    "duration": 1,
    "pid": 39844,
    "index": 33
  },
  {
    "name": "Require(29) app/extend/application.js",
    "start": 1648461269920,
    "end": 1648461269959,
    "duration": 39,
    "pid": 39844,
    "index": 34
  },
  {
    "name": "Load extend/request.js",
    "start": 1648461269963,
    "end": 1648461269971,
    "duration": 8,
    "pid": 39844,
    "index": 35
  },
  {
    "name": "Require(30) node_modules/egg/app/extend/request.js",
    "start": 1648461269966,
    "end": 1648461269967,
    "duration": 1,
    "pid": 39844,
    "index": 36
  },
  {
    "name": "Load extend/response.js",
    "start": 1648461269971,
    "end": 1648461269974,
    "duration": 3,
    "pid": 39844,
    "index": 37
  },
  {
    "name": "Require(31) node_modules/egg/app/extend/response.js",
    "start": 1648461269972,
    "end": 1648461269973,
    "duration": 1,
    "pid": 39844,
    "index": 38
  },
  {
    "name": "Load extend/context.js",
    "start": 1648461269974,
    "end": 1648461270036,
    "duration": 62,
    "pid": 39844,
    "index": 39
  },
  {
    "name": "Require(32) node_modules/egg-security/app/extend/context.js",
    "start": 1648461269974,
    "end": 1648461269979,
    "duration": 5,
    "pid": 39844,
    "index": 40
  },
  {
    "name": "Require(33) node_modules/egg-jsonp/app/extend/context.js",
    "start": 1648461269979,
    "end": 1648461269980,
    "duration": 1,
    "pid": 39844,
    "index": 41
  },
  {
    "name": "Require(34) node_modules/egg-i18n/app/extend/context.js",
    "start": 1648461269980,
    "end": 1648461269980,
    "duration": 0,
    "pid": 39844,
    "index": 42
  },
  {
    "name": "Require(35) node_modules/egg-multipart/app/extend/context.js",
    "start": 1648461269981,
    "end": 1648461270027,
    "duration": 46,
    "pid": 39844,
    "index": 43
  },
  {
    "name": "Require(36) node_modules/egg-view/app/extend/context.js",
    "start": 1648461270029,
    "end": 1648461270031,
    "duration": 2,
    "pid": 39844,
    "index": 44
  },
  {
    "name": "Require(37) node_modules/egg-mongoose/app/extend/context.js",
    "start": 1648461270031,
    "end": 1648461270032,
    "duration": 1,
    "pid": 39844,
    "index": 45
  },
  {
    "name": "Require(38) node_modules/egg-validate/app/extend/context.js",
    "start": 1648461270032,
    "end": 1648461270032,
    "duration": 0,
    "pid": 39844,
    "index": 46
  },
  {
    "name": "Require(39) node_modules/egg/app/extend/context.js",
    "start": 1648461270033,
    "end": 1648461270034,
    "duration": 1,
    "pid": 39844,
    "index": 47
  },
  {
    "name": "Load extend/helper.js",
    "start": 1648461270036,
    "end": 1648461270057,
    "duration": 21,
    "pid": 39844,
    "index": 48
  },
  {
    "name": "Require(40) node_modules/egg-security/app/extend/helper.js",
    "start": 1648461270037,
    "end": 1648461270052,
    "duration": 15,
    "pid": 39844,
    "index": 49
  },
  {
    "name": "Require(41) node_modules/egg/app/extend/helper.js",
    "start": 1648461270054,
    "end": 1648461270054,
    "duration": 0,
    "pid": 39844,
    "index": 50
  },
  {
    "name": "Require(42) app/extend/helper.js",
    "start": 1648461270055,
    "end": 1648461270055,
    "duration": 0,
    "pid": 39844,
    "index": 51
  },
  {
    "name": "Load app.js",
    "start": 1648461270057,
    "end": 1648461270080,
    "duration": 23,
    "pid": 39844,
    "index": 52
  },
  {
    "name": "Require(43) node_modules/egg-session/app.js",
    "start": 1648461270058,
    "end": 1648461270058,
    "duration": 0,
    "pid": 39844,
    "index": 53
  },
  {
    "name": "Require(44) node_modules/egg-security/app.js",
    "start": 1648461270058,
    "end": 1648461270059,
    "duration": 1,
    "pid": 39844,
    "index": 54
  },
  {
    "name": "Require(45) node_modules/egg-onerror/app.js",
    "start": 1648461270060,
    "end": 1648461270064,
    "duration": 4,
    "pid": 39844,
    "index": 55
  },
  {
    "name": "Require(46) node_modules/egg-i18n/app.js",
    "start": 1648461270064,
    "end": 1648461270074,
    "duration": 10,
    "pid": 39844,
    "index": 56
  },
  {
    "name": "Require(47) node_modules/egg-watcher/app.js",
    "start": 1648461270074,
    "end": 1648461270076,
    "duration": 2,
    "pid": 39844,
    "index": 57
  },
  {
    "name": "Require(48) node_modules/egg-schedule/app.js",
    "start": 1648461270076,
    "end": 1648461270076,
    "duration": 0,
    "pid": 39844,
    "index": 58
  },
  {
    "name": "Require(49) node_modules/egg-multipart/app.js",
    "start": 1648461270077,
    "end": 1648461270077,
    "duration": 0,
    "pid": 39844,
    "index": 59
  },
  {
    "name": "Require(50) node_modules/egg-development/app.js",
    "start": 1648461270077,
    "end": 1648461270077,
    "duration": 0,
    "pid": 39844,
    "index": 60
  },
  {
    "name": "Require(51) node_modules/egg-logrotator/app.js",
    "start": 1648461270077,
    "end": 1648461270078,
    "duration": 1,
    "pid": 39844,
    "index": 61
  },
  {
    "name": "Require(52) node_modules/egg-static/app.js",
    "start": 1648461270078,
    "end": 1648461270078,
    "duration": 0,
    "pid": 39844,
    "index": 62
  },
  {
    "name": "Require(53) node_modules/egg-mongoose/app.js",
    "start": 1648461270078,
    "end": 1648461270078,
    "duration": 0,
    "pid": 39844,
    "index": 63
  },
  {
    "name": "Require(54) node_modules/egg-validate/app.js",
    "start": 1648461270079,
    "end": 1648461270079,
    "duration": 0,
    "pid": 39844,
    "index": 64
  },
  {
    "name": "Require(55) node_modules/egg-cors/app.js",
    "start": 1648461270080,
    "end": 1648461270080,
    "duration": 0,
    "pid": 39844,
    "index": 65
  },
  {
    "name": "Before Start in node_modules/egg-watcher/lib/init.js:15:14",
    "start": 1648461270087,
    "end": 1648461270493,
    "duration": 406,
    "pid": 39844,
    "index": 66
  },
  {
    "name": "Before Start in node_modules/egg-mongoose/lib/mongoose.js:104:7",
    "start": 1648461270344,
    "end": 1648461270492,
    "duration": 148,
    "pid": 39844,
    "index": 67
  },
  {
    "name": "Before Start in node_modules/egg-mongoose/lib/mongoose.js:52:9",
    "start": 1648461270344,
    "end": 1648461270481,
    "duration": 137,
    "pid": 39844,
    "index": 68
  },
  {
    "name": "Load Service",
    "start": 1648461270344,
    "end": 1648461270373,
    "duration": 29,
    "pid": 39844,
    "index": 69
  },
  {
    "name": "Load \"service\" to Context",
    "start": 1648461270345,
    "end": 1648461270373,
    "duration": 28,
    "pid": 39844,
    "index": 70
  },
  {
    "name": "Load Middleware",
    "start": 1648461270373,
    "end": 1648461270459,
    "duration": 86,
    "pid": 39844,
    "index": 71
  },
  {
    "name": "Load \"middlewares\" to Application",
    "start": 1648461270373,
    "end": 1648461270452,
    "duration": 79,
    "pid": 39844,
    "index": 72
  },
  {
    "name": "Load Controller",
    "start": 1648461270459,
    "end": 1648461270461,
    "duration": 2,
    "pid": 39844,
    "index": 73
  },
  {
    "name": "Load \"controller\" to Application",
    "start": 1648461270459,
    "end": 1648461270461,
    "duration": 2,
    "pid": 39844,
    "index": 74
  },
  {
    "name": "Load Router",
    "start": 1648461270461,
    "end": 1648461270463,
    "duration": 2,
    "pid": 39844,
    "index": 75
  },
  {
    "name": "Require(56) app/router.js",
    "start": 1648461270461,
    "end": 1648461270461,
    "duration": 0,
    "pid": 39844,
    "index": 76
  },
  {
    "name": "Before Start in node_modules/egg-core/lib/egg.js:303:10",
    "start": 1648461270462,
    "end": 1648461270481,
    "duration": 19,
    "pid": 39844,
    "index": 77
  },
  {
    "name": "Load \"model\" to Application",
    "start": 1648461270469,
    "end": 1648461270481,
    "duration": 12,
    "pid": 39844,
    "index": 78
  }
]