[
  {
    "name": "Process Start",
    "start": 1648461724987,
    "end": 1648461725712,
    "duration": 725,
    "pid": 27700,
    "index": 0
  },
  {
    "name": "Application Start",
    "start": 1648461725712,
    "end": 1648461726270,
    "duration": 558,
    "pid": 27700,
    "index": 1
  },
  {
    "name": "Load Plugin",
    "start": 1648461725715,
    "end": 1648461725726,
    "duration": 11,
    "pid": 27700,
    "index": 2
  },
  {
    "name": "Load Config",
    "start": 1648461725726,
    "end": 1648461725742,
    "duration": 16,
    "pid": 27700,
    "index": 3
  },
  {
    "name": "Require(0) config/config.default.js",
    "start": 1648461725727,
    "end": 1648461725727,
    "duration": 0,
    "pid": 27700,
    "index": 4
  },
  {
    "name": "Require(1) config/config.local.js",
    "start": 1648461725728,
    "end": 1648461725728,
    "duration": 0,
    "pid": 27700,
    "index": 5
  },
  {
    "name": "Require(2) node_modules/egg-session/config/config.default.js",
    "start": 1648461725728,
    "end": 1648461725729,
    "duration": 1,
    "pid": 27700,
    "index": 6
  },
  {
    "name": "Require(3) node_modules/egg-security/config/config.default.js",
    "start": 1648461725729,
    "end": 1648461725729,
    "duration": 0,
    "pid": 27700,
    "index": 7
  },
  {
    "name": "Require(4) node_modules/egg-jsonp/config/config.default.js",
    "start": 1648461725730,
    "end": 1648461725730,
    "duration": 0,
    "pid": 27700,
    "index": 8
  },
  {
    "name": "Require(5) node_modules/egg-onerror/config/config.default.js",
    "start": 1648461725730,
    "end": 1648461725731,
    "duration": 1,
    "pid": 27700,
    "index": 9
  },
  {
    "name": "Require(6) node_modules/egg-i18n/config/config.default.js",
    "start": 1648461725731,
    "end": 1648461725731,
    "duration": 0,
    "pid": 27700,
    "index": 10
  },
  {
    "name": "Require(7) node_modules/egg-watcher/config/config.default.js",
    "start": 1648461725731,
    "end": 1648461725732,
    "duration": 1,
    "pid": 27700,
    "index": 11
  },
  {
    "name": "Require(8) node_modules/egg-schedule/config/config.default.js",
    "start": 1648461725732,
    "end": 1648461725732,
    "duration": 0,
    "pid": 27700,
    "index": 12
  },
  {
    "name": "Require(9) node_modules/egg-multipart/config/config.default.js",
    "start": 1648461725732,
    "end": 1648461725733,
    "duration": 1,
    "pid": 27700,
    "index": 13
  },
  {
    "name": "Require(10) node_modules/egg-development/config/config.default.js",
    "start": 1648461725733,
    "end": 1648461725733,
    "duration": 0,
    "pid": 27700,
    "index": 14
  },
  {
    "name": "Require(11) node_modules/egg-logrotator/config/config.default.js",
    "start": 1648461725734,
    "end": 1648461725734,
    "duration": 0,
    "pid": 27700,
    "index": 15
  },
  {
    "name": "Require(12) node_modules/egg-static/config/config.default.js",
    "start": 1648461725734,
    "end": 1648461725734,
    "duration": 0,
    "pid": 27700,
    "index": 16
  },
  {
    "name": "Require(13) node_modules/egg-view/config/config.default.js",
    "start": 1648461725735,
    "end": 1648461725735,
    "duration": 0,
    "pid": 27700,
    "index": 17
  },
  {
    "name": "Require(14) node_modules/egg-mongoose/config/config.default.js",
    "start": 1648461725735,
    "end": 1648461725735,
    "duration": 0,
    "pid": 27700,
    "index": 18
  },
  {
    "name": "Require(15) node_modules/egg-validate/config/config.default.js",
    "start": 1648461725736,
    "end": 1648461725736,
    "duration": 0,
    "pid": 27700,
    "index": 19
  },
  {
    "name": "Require(16) node_modules/egg-cors/config/config.default.js",
    "start": 1648461725736,
    "end": 1648461725736,
    "duration": 0,
    "pid": 27700,
    "index": 20
  },
  {
    "name": "Require(17) node_modules/egg/config/config.default.js",
    "start": 1648461725737,
    "end": 1648461725737,
    "duration": 0,
    "pid": 27700,
    "index": 21
  },
  {
    "name": "Require(18) config/config.default.js",
    "start": 1648461725738,
    "end": 1648461725738,
    "duration": 0,
    "pid": 27700,
    "index": 22
  },
  {
    "name": "Require(19) node_modules/egg-security/config/config.local.js",
    "start": 1648461725738,
    "end": 1648461725739,
    "duration": 1,
    "pid": 27700,
    "index": 23
  },
  {
    "name": "Require(20) node_modules/egg-watcher/config/config.local.js",
    "start": 1648461725740,
    "end": 1648461725740,
    "duration": 0,
    "pid": 27700,
    "index": 24
  },
  {
    "name": "Require(21) node_modules/egg-view/config/config.local.js",
    "start": 1648461725741,
    "end": 1648461725741,
    "duration": 0,
    "pid": 27700,
    "index": 25
  },
  {
    "name": "Require(22) node_modules/egg/config/config.local.js",
    "start": 1648461725741,
    "end": 1648461725742,
    "duration": 1,
    "pid": 27700,
    "index": 26
  },
  {
    "name": "Require(23) config/config.local.js",
    "start": 1648461725742,
    "end": 1648461725742,
    "duration": 0,
    "pid": 27700,
    "index": 27
  },
  {
    "name": "Load extend/application.js",
    "start": 1648461725742,
    "end": 1648461725781,
    "duration": 39,
    "pid": 27700,
    "index": 28
  },
  {
    "name": "Require(24) node_modules/egg-session/app/extend/application.js",
    "start": 1648461725743,
    "end": 1648461725743,
    "duration": 0,
    "pid": 27700,
    "index": 29
  },
  {
    "name": "Require(25) node_modules/egg-security/app/extend/application.js",
    "start": 1648461725743,
    "end": 1648461725744,
    "duration": 1,
    "pid": 27700,
    "index": 30
  },
  {
    "name": "Require(26) node_modules/egg-jsonp/app/extend/application.js",
    "start": 1648461725744,
    "end": 1648461725745,
    "duration": 1,
    "pid": 27700,
    "index": 31
  },
  {
    "name": "Require(27) node_modules/egg-logrotator/app/extend/application.js",
    "start": 1648461725746,
    "end": 1648461725746,
    "duration": 0,
    "pid": 27700,
    "index": 32
  },
  {
    "name": "Require(28) node_modules/egg-view/app/extend/application.js",
    "start": 1648461725747,
    "end": 1648461725748,
    "duration": 1,
    "pid": 27700,
    "index": 33
  },
  {
    "name": "Require(29) app/extend/application.js",
    "start": 1648461725748,
    "end": 1648461725779,
    "duration": 31,
    "pid": 27700,
    "index": 34
  },
  {
    "name": "Load extend/request.js",
    "start": 1648461725781,
    "end": 1648461725784,
    "duration": 3,
    "pid": 27700,
    "index": 35
  },
  {
    "name": "Require(30) node_modules/egg/app/extend/request.js",
    "start": 1648461725782,
    "end": 1648461725783,
    "duration": 1,
    "pid": 27700,
    "index": 36
  },
  {
    "name": "Load extend/response.js",
    "start": 1648461725784,
    "end": 1648461725788,
    "duration": 4,
    "pid": 27700,
    "index": 37
  },
  {
    "name": "Require(31) node_modules/egg/app/extend/response.js",
    "start": 1648461725786,
    "end": 1648461725787,
    "duration": 1,
    "pid": 27700,
    "index": 38
  },
  {
    "name": "Load extend/context.js",
    "start": 1648461725788,
    "end": 1648461725828,
    "duration": 40,
    "pid": 27700,
    "index": 39
  },
  {
    "name": "Require(32) node_modules/egg-security/app/extend/context.js",
    "start": 1648461725788,
    "end": 1648461725793,
    "duration": 5,
    "pid": 27700,
    "index": 40
  },
  {
    "name": "Require(33) node_modules/egg-jsonp/app/extend/context.js",
    "start": 1648461725793,
    "end": 1648461725794,
    "duration": 1,
    "pid": 27700,
    "index": 41
  },
  {
    "name": "Require(34) node_modules/egg-i18n/app/extend/context.js",
    "start": 1648461725794,
    "end": 1648461725794,
    "duration": 0,
    "pid": 27700,
    "index": 42
  },
  {
    "name": "Require(35) node_modules/egg-multipart/app/extend/context.js",
    "start": 1648461725795,
    "end": 1648461725824,
    "duration": 29,
    "pid": 27700,
    "index": 43
  },
  {
    "name": "Require(36) node_modules/egg-view/app/extend/context.js",
    "start": 1648461725824,
    "end": 1648461725825,
    "duration": 1,
    "pid": 27700,
    "index": 44
  },
  {
    "name": "Require(37) node_modules/egg-mongoose/app/extend/context.js",
    "start": 1648461725825,
    "end": 1648461725825,
    "duration": 0,
    "pid": 27700,
    "index": 45
  },
  {
    "name": "Require(38) node_modules/egg-validate/app/extend/context.js",
    "start": 1648461725825,
    "end": 1648461725825,
    "duration": 0,
    "pid": 27700,
    "index": 46
  },
  {
    "name": "Require(39) node_modules/egg/app/extend/context.js",
    "start": 1648461725826,
    "end": 1648461725826,
    "duration": 0,
    "pid": 27700,
    "index": 47
  },
  {
    "name": "Load extend/helper.js",
    "start": 1648461725828,
    "end": 1648461725840,
    "duration": 12,
    "pid": 27700,
    "index": 48
  },
  {
    "name": "Require(40) node_modules/egg-security/app/extend/helper.js",
    "start": 1648461725828,
    "end": 1648461725837,
    "duration": 9,
    "pid": 27700,
    "index": 49
  },
  {
    "name": "Require(41) node_modules/egg/app/extend/helper.js",
    "start": 1648461725838,
    "end": 1648461725838,
    "duration": 0,
    "pid": 27700,
    "index": 50
  },
  {
    "name": "Require(42) app/extend/helper.js",
    "start": 1648461725838,
    "end": 1648461725838,
    "duration": 0,
    "pid": 27700,
    "index": 51
  },
  {
    "name": "Load app.js",
    "start": 1648461725840,
    "end": 1648461725863,
    "duration": 23,
    "pid": 27700,
    "index": 52
  },
  {
    "name": "Require(43) node_modules/egg-session/app.js",
    "start": 1648461725840,
    "end": 1648461725840,
    "duration": 0,
    "pid": 27700,
    "index": 53
  },
  {
    "name": "Require(44) node_modules/egg-security/app.js",
    "start": 1648461725841,
    "end": 1648461725841,
    "duration": 0,
    "pid": 27700,
    "index": 54
  },
  {
    "name": "Require(45) node_modules/egg-onerror/app.js",
    "start": 1648461725842,
    "end": 1648461725846,
    "duration": 4,
    "pid": 27700,
    "index": 55
  },
  {
    "name": "Require(46) node_modules/egg-i18n/app.js",
    "start": 1648461725846,
    "end": 1648461725856,
    "duration": 10,
    "pid": 27700,
    "index": 56
  },
  {
    "name": "Require(47) node_modules/egg-watcher/app.js",
    "start": 1648461725856,
    "end": 1648461725858,
    "duration": 2,
    "pid": 27700,
    "index": 57
  },
  {
    "name": "Require(48) node_modules/egg-schedule/app.js",
    "start": 1648461725858,
    "end": 1648461725859,
    "duration": 1,
    "pid": 27700,
    "index": 58
  },
  {
    "name": "Require(49) node_modules/egg-multipart/app.js",
    "start": 1648461725859,
    "end": 1648461725859,
    "duration": 0,
    "pid": 27700,
    "index": 59
  },
  {
    "name": "Require(50) node_modules/egg-development/app.js",
    "start": 1648461725859,
    "end": 1648461725859,
    "duration": 0,
    "pid": 27700,
    "index": 60
  },
  {
    "name": "Require(51) node_modules/egg-logrotator/app.js",
    "start": 1648461725860,
    "end": 1648461725860,
    "duration": 0,
    "pid": 27700,
    "index": 61
  },
  {
    "name": "Require(52) node_modules/egg-static/app.js",
    "start": 1648461725860,
    "end": 1648461725860,
    "duration": 0,
    "pid": 27700,
    "index": 62
  },
  {
    "name": "Require(53) node_modules/egg-mongoose/app.js",
    "start": 1648461725860,
    "end": 1648461725861,
    "duration": 1,
    "pid": 27700,
    "index": 63
  },
  {
    "name": "Require(54) node_modules/egg-validate/app.js",
    "start": 1648461725861,
    "end": 1648461725862,
    "duration": 1,
    "pid": 27700,
    "index": 64
  },
  {
    "name": "Require(55) node_modules/egg-cors/app.js",
    "start": 1648461725862,
    "end": 1648461725862,
    "duration": 0,
    "pid": 27700,
    "index": 65
  },
  {
    "name": "Before Start in node_modules/egg-watcher/lib/init.js:15:14",
    "start": 1648461725869,
    "end": 1648461726270,
    "duration": 401,
    "pid": 27700,
    "index": 66
  },
  {
    "name": "Before Start in node_modules/egg-mongoose/lib/mongoose.js:104:7",
    "start": 1648461726153,
    "end": 1648461726269,
    "duration": 116,
    "pid": 27700,
    "index": 67
  },
  {
    "name": "Before Start in node_modules/egg-mongoose/lib/mongoose.js:52:9",
    "start": 1648461726154,
    "end": 1648461726258,
    "duration": 104,
    "pid": 27700,
    "index": 68
  },
  {
    "name": "Load Service",
    "start": 1648461726154,
    "end": 1648461726172,
    "duration": 18,
    "pid": 27700,
    "index": 69
  },
  {
    "name": "Load \"service\" to Context",
    "start": 1648461726154,
    "end": 1648461726172,
    "duration": 18,
    "pid": 27700,
    "index": 70
  },
  {
    "name": "Load Middleware",
    "start": 1648461726173,
    "end": 1648461726233,
    "duration": 60,
    "pid": 27700,
    "index": 71
  },
  {
    "name": "Load \"middlewares\" to Application",
    "start": 1648461726173,
    "end": 1648461726227,
    "duration": 54,
    "pid": 27700,
    "index": 72
  },
  {
    "name": "Load Controller",
    "start": 1648461726233,
    "end": 1648461726235,
    "duration": 2,
    "pid": 27700,
    "index": 73
  },
  {
    "name": "Load \"controller\" to Application",
    "start": 1648461726233,
    "end": 1648461726235,
    "duration": 2,
    "pid": 27700,
    "index": 74
  },
  {
    "name": "Load Router",
    "start": 1648461726235,
    "end": 1648461726237,
    "duration": 2,
    "pid": 27700,
    "index": 75
  },
  {
    "name": "Require(56) app/router.js",
    "start": 1648461726235,
    "end": 1648461726236,
    "duration": 1,
    "pid": 27700,
    "index": 76
  },
  {
    "name": "Before Start in node_modules/egg-core/lib/egg.js:303:10",
    "start": 1648461726236,
    "end": 1648461726258,
    "duration": 22,
    "pid": 27700,
    "index": 77
  },
  {
    "name": "Load \"model\" to Application",
    "start": 1648461726245,
    "end": 1648461726257,
    "duration": 12,
    "pid": 27700,
    "index": 78
  }
]