[
  {
    "name": "Process Start",
    "start": 1648457463391,
    "end": 1648457464131,
    "duration": 740,
    "pid": 42908,
    "index": 0
  },
  {
    "name": "Application Start",
    "start": 1648457464132,
    "end": 1648457464637,
    "duration": 505,
    "pid": 42908,
    "index": 1
  },
  {
    "name": "Load Plugin",
    "start": 1648457464134,
    "end": 1648457464145,
    "duration": 11,
    "pid": 42908,
    "index": 2
  },
  {
    "name": "Load Config",
    "start": 1648457464145,
    "end": 1648457464161,
    "duration": 16,
    "pid": 42908,
    "index": 3
  },
  {
    "name": "Require(0) config/config.default.js",
    "start": 1648457464145,
    "end": 1648457464145,
    "duration": 0,
    "pid": 42908,
    "index": 4
  },
  {
    "name": "Require(1) node_modules/egg-session/config/config.default.js",
    "start": 1648457464146,
    "end": 1648457464147,
    "duration": 1,
    "pid": 42908,
    "index": 5
  },
  {
    "name": "Require(2) node_modules/egg-security/config/config.default.js",
    "start": 1648457464147,
    "end": 1648457464147,
    "duration": 0,
    "pid": 42908,
    "index": 6
  },
  {
    "name": "Require(3) node_modules/egg-jsonp/config/config.default.js",
    "start": 1648457464148,
    "end": 1648457464148,
    "duration": 0,
    "pid": 42908,
    "index": 7
  },
  {
    "name": "Require(4) node_modules/egg-onerror/config/config.default.js",
    "start": 1648457464148,
    "end": 1648457464149,
    "duration": 1,
    "pid": 42908,
    "index": 8
  },
  {
    "name": "Require(5) node_modules/egg-i18n/config/config.default.js",
    "start": 1648457464149,
    "end": 1648457464149,
    "duration": 0,
    "pid": 42908,
    "index": 9
  },
  {
    "name": "Require(6) node_modules/egg-watcher/config/config.default.js",
    "start": 1648457464149,
    "end": 1648457464150,
    "duration": 1,
    "pid": 42908,
    "index": 10
  },
  {
    "name": "Require(7) node_modules/egg-schedule/config/config.default.js",
    "start": 1648457464150,
    "end": 1648457464150,
    "duration": 0,
    "pid": 42908,
    "index": 11
  },
  {
    "name": "Require(8) node_modules/egg-multipart/config/config.default.js",
    "start": 1648457464150,
    "end": 1648457464151,
    "duration": 1,
    "pid": 42908,
    "index": 12
  },
  {
    "name": "Require(9) node_modules/egg-development/config/config.default.js",
    "start": 1648457464151,
    "end": 1648457464151,
    "duration": 0,
    "pid": 42908,
    "index": 13
  },
  {
    "name": "Require(10) node_modules/egg-logrotator/config/config.default.js",
    "start": 1648457464152,
    "end": 1648457464152,
    "duration": 0,
    "pid": 42908,
    "index": 14
  },
  {
    "name": "Require(11) node_modules/egg-static/config/config.default.js",
    "start": 1648457464152,
    "end": 1648457464152,
    "duration": 0,
    "pid": 42908,
    "index": 15
  },
  {
    "name": "Require(12) node_modules/egg-view/config/config.default.js",
    "start": 1648457464153,
    "end": 1648457464153,
    "duration": 0,
    "pid": 42908,
    "index": 16
  },
  {
    "name": "Require(13) node_modules/egg-mongoose/config/config.default.js",
    "start": 1648457464153,
    "end": 1648457464153,
    "duration": 0,
    "pid": 42908,
    "index": 17
  },
  {
    "name": "Require(14) node_modules/egg-validate/config/config.default.js",
    "start": 1648457464154,
    "end": 1648457464154,
    "duration": 0,
    "pid": 42908,
    "index": 18
  },
  {
    "name": "Require(15) node_modules/egg-cors/config/config.default.js",
    "start": 1648457464154,
    "end": 1648457464154,
    "duration": 0,
    "pid": 42908,
    "index": 19
  },
  {
    "name": "Require(16) node_modules/egg/config/config.default.js",
    "start": 1648457464154,
    "end": 1648457464155,
    "duration": 1,
    "pid": 42908,
    "index": 20
  },
  {
    "name": "Require(17) config/config.default.js",
    "start": 1648457464155,
    "end": 1648457464155,
    "duration": 0,
    "pid": 42908,
    "index": 21
  },
  {
    "name": "Require(18) node_modules/egg-security/config/config.local.js",
    "start": 1648457464156,
    "end": 1648457464156,
    "duration": 0,
    "pid": 42908,
    "index": 22
  },
  {
    "name": "Require(19) node_modules/egg-watcher/config/config.local.js",
    "start": 1648457464159,
    "end": 1648457464159,
    "duration": 0,
    "pid": 42908,
    "index": 23
  },
  {
    "name": "Require(20) node_modules/egg-view/config/config.local.js",
    "start": 1648457464160,
    "end": 1648457464160,
    "duration": 0,
    "pid": 42908,
    "index": 24
  },
  {
    "name": "Require(21) node_modules/egg/config/config.local.js",
    "start": 1648457464160,
    "end": 1648457464161,
    "duration": 1,
    "pid": 42908,
    "index": 25
  },
  {
    "name": "Load extend/application.js",
    "start": 1648457464161,
    "end": 1648457464195,
    "duration": 34,
    "pid": 42908,
    "index": 26
  },
  {
    "name": "Require(22) node_modules/egg-session/app/extend/application.js",
    "start": 1648457464162,
    "end": 1648457464162,
    "duration": 0,
    "pid": 42908,
    "index": 27
  },
  {
    "name": "Require(23) node_modules/egg-security/app/extend/application.js",
    "start": 1648457464162,
    "end": 1648457464163,
    "duration": 1,
    "pid": 42908,
    "index": 28
  },
  {
    "name": "Require(24) node_modules/egg-jsonp/app/extend/application.js",
    "start": 1648457464163,
    "end": 1648457464164,
    "duration": 1,
    "pid": 42908,
    "index": 29
  },
  {
    "name": "Require(25) node_modules/egg-logrotator/app/extend/application.js",
    "start": 1648457464164,
    "end": 1648457464165,
    "duration": 1,
    "pid": 42908,
    "index": 30
  },
  {
    "name": "Require(26) node_modules/egg-view/app/extend/application.js",
    "start": 1648457464165,
    "end": 1648457464166,
    "duration": 1,
    "pid": 42908,
    "index": 31
  },
  {
    "name": "Require(27) app/extend/application.js",
    "start": 1648457464167,
    "end": 1648457464194,
    "duration": 27,
    "pid": 42908,
    "index": 32
  },
  {
    "name": "Load extend/request.js",
    "start": 1648457464195,
    "end": 1648457464199,
    "duration": 4,
    "pid": 42908,
    "index": 33
  },
  {
    "name": "Require(28) node_modules/egg/app/extend/request.js",
    "start": 1648457464197,
    "end": 1648457464197,
    "duration": 0,
    "pid": 42908,
    "index": 34
  },
  {
    "name": "Load extend/response.js",
    "start": 1648457464199,
    "end": 1648457464202,
    "duration": 3,
    "pid": 42908,
    "index": 35
  },
  {
    "name": "Require(29) node_modules/egg/app/extend/response.js",
    "start": 1648457464200,
    "end": 1648457464201,
    "duration": 1,
    "pid": 42908,
    "index": 36
  },
  {
    "name": "Load extend/context.js",
    "start": 1648457464202,
    "end": 1648457464240,
    "duration": 38,
    "pid": 42908,
    "index": 37
  },
  {
    "name": "Require(30) node_modules/egg-security/app/extend/context.js",
    "start": 1648457464202,
    "end": 1648457464207,
    "duration": 5,
    "pid": 42908,
    "index": 38
  },
  {
    "name": "Require(31) node_modules/egg-jsonp/app/extend/context.js",
    "start": 1648457464207,
    "end": 1648457464208,
    "duration": 1,
    "pid": 42908,
    "index": 39
  },
  {
    "name": "Require(32) node_modules/egg-i18n/app/extend/context.js",
    "start": 1648457464208,
    "end": 1648457464208,
    "duration": 0,
    "pid": 42908,
    "index": 40
  },
  {
    "name": "Require(33) node_modules/egg-multipart/app/extend/context.js",
    "start": 1648457464209,
    "end": 1648457464236,
    "duration": 27,
    "pid": 42908,
    "index": 41
  },
  {
    "name": "Require(34) node_modules/egg-view/app/extend/context.js",
    "start": 1648457464236,
    "end": 1648457464237,
    "duration": 1,
    "pid": 42908,
    "index": 42
  },
  {
    "name": "Require(35) node_modules/egg-mongoose/app/extend/context.js",
    "start": 1648457464237,
    "end": 1648457464237,
    "duration": 0,
    "pid": 42908,
    "index": 43
  },
  {
    "name": "Require(36) node_modules/egg-validate/app/extend/context.js",
    "start": 1648457464237,
    "end": 1648457464237,
    "duration": 0,
    "pid": 42908,
    "index": 44
  },
  {
    "name": "Require(37) node_modules/egg/app/extend/context.js",
    "start": 1648457464238,
    "end": 1648457464238,
    "duration": 0,
    "pid": 42908,
    "index": 45
  },
  {
    "name": "Load extend/helper.js",
    "start": 1648457464240,
    "end": 1648457464252,
    "duration": 12,
    "pid": 42908,
    "index": 46
  },
  {
    "name": "Require(38) node_modules/egg-security/app/extend/helper.js",
    "start": 1648457464240,
    "end": 1648457464249,
    "duration": 9,
    "pid": 42908,
    "index": 47
  },
  {
    "name": "Require(39) node_modules/egg/app/extend/helper.js",
    "start": 1648457464250,
    "end": 1648457464250,
    "duration": 0,
    "pid": 42908,
    "index": 48
  },
  {
    "name": "Require(40) app/extend/helper.js",
    "start": 1648457464250,
    "end": 1648457464250,
    "duration": 0,
    "pid": 42908,
    "index": 49
  },
  {
    "name": "Load app.js",
    "start": 1648457464252,
    "end": 1648457464273,
    "duration": 21,
    "pid": 42908,
    "index": 50
  },
  {
    "name": "Require(41) node_modules/egg-session/app.js",
    "start": 1648457464252,
    "end": 1648457464252,
    "duration": 0,
    "pid": 42908,
    "index": 51
  },
  {
    "name": "Require(42) node_modules/egg-security/app.js",
    "start": 1648457464253,
    "end": 1648457464253,
    "duration": 0,
    "pid": 42908,
    "index": 52
  },
  {
    "name": "Require(43) node_modules/egg-onerror/app.js",
    "start": 1648457464253,
    "end": 1648457464257,
    "duration": 4,
    "pid": 42908,
    "index": 53
  },
  {
    "name": "Require(44) node_modules/egg-i18n/app.js",
    "start": 1648457464257,
    "end": 1648457464266,
    "duration": 9,
    "pid": 42908,
    "index": 54
  },
  {
    "name": "Require(45) node_modules/egg-watcher/app.js",
    "start": 1648457464267,
    "end": 1648457464268,
    "duration": 1,
    "pid": 42908,
    "index": 55
  },
  {
    "name": "Require(46) node_modules/egg-schedule/app.js",
    "start": 1648457464268,
    "end": 1648457464269,
    "duration": 1,
    "pid": 42908,
    "index": 56
  },
  {
    "name": "Require(47) node_modules/egg-multipart/app.js",
    "start": 1648457464269,
    "end": 1648457464270,
    "duration": 1,
    "pid": 42908,
    "index": 57
  },
  {
    "name": "Require(48) node_modules/egg-development/app.js",
    "start": 1648457464270,
    "end": 1648457464270,
    "duration": 0,
    "pid": 42908,
    "index": 58
  },
  {
    "name": "Require(49) node_modules/egg-logrotator/app.js",
    "start": 1648457464270,
    "end": 1648457464270,
    "duration": 0,
    "pid": 42908,
    "index": 59
  },
  {
    "name": "Require(50) node_modules/egg-static/app.js",
    "start": 1648457464271,
    "end": 1648457464271,
    "duration": 0,
    "pid": 42908,
    "index": 60
  },
  {
    "name": "Require(51) node_modules/egg-mongoose/app.js",
    "start": 1648457464271,
    "end": 1648457464271,
    "duration": 0,
    "pid": 42908,
    "index": 61
  },
  {
    "name": "Require(52) node_modules/egg-validate/app.js",
    "start": 1648457464271,
    "end": 1648457464272,
    "duration": 1,
    "pid": 42908,
    "index": 62
  },
  {
    "name": "Require(53) node_modules/egg-cors/app.js",
    "start": 1648457464272,
    "end": 1648457464273,
    "duration": 1,
    "pid": 42908,
    "index": 63
  },
  {
    "name": "Before Start in node_modules/egg-watcher/lib/init.js:15:14",
    "start": 1648457464279,
    "end": 1648457464637,
    "duration": 358,
    "pid": 42908,
    "index": 64
  },
  {
    "name": "Before Start in node_modules/egg-mongoose/lib/mongoose.js:104:7",
    "start": 1648457464519,
    "end": 1648457464636,
    "duration": 117,
    "pid": 42908,
    "index": 65
  },
  {
    "name": "Before Start in node_modules/egg-mongoose/lib/mongoose.js:52:9",
    "start": 1648457464520,
    "end": 1648457464624,
    "duration": 104,
    "pid": 42908,
    "index": 66
  },
  {
    "name": "Load Service",
    "start": 1648457464520,
    "end": 1648457464539,
    "duration": 19,
    "pid": 42908,
    "index": 67
  },
  {
    "name": "Load \"service\" to Context",
    "start": 1648457464520,
    "end": 1648457464539,
    "duration": 19,
    "pid": 42908,
    "index": 68
  },
  {
    "name": "Load Middleware",
    "start": 1648457464539,
    "end": 1648457464602,
    "duration": 63,
    "pid": 42908,
    "index": 69
  },
  {
    "name": "Load \"middlewares\" to Application",
    "start": 1648457464539,
    "end": 1648457464596,
    "duration": 57,
    "pid": 42908,
    "index": 70
  },
  {
    "name": "Load Controller",
    "start": 1648457464602,
    "end": 1648457464604,
    "duration": 2,
    "pid": 42908,
    "index": 71
  },
  {
    "name": "Load \"controller\" to Application",
    "start": 1648457464602,
    "end": 1648457464604,
    "duration": 2,
    "pid": 42908,
    "index": 72
  },
  {
    "name": "Load Router",
    "start": 1648457464604,
    "end": 1648457464606,
    "duration": 2,
    "pid": 42908,
    "index": 73
  },
  {
    "name": "Require(54) app/router.js",
    "start": 1648457464604,
    "end": 1648457464604,
    "duration": 0,
    "pid": 42908,
    "index": 74
  },
  {
    "name": "Before Start in node_modules/egg-core/lib/egg.js:303:10",
    "start": 1648457464604,
    "end": 1648457464624,
    "duration": 20,
    "pid": 42908,
    "index": 75
  },
  {
    "name": "Load \"model\" to Application",
    "start": 1648457464611,
    "end": 1648457464624,
    "duration": 13,
    "pid": 42908,
    "index": 76
  }
]