[
  {
    "name": "Process Start",
    "start": 1648545295988,
    "end": 1648545296718,
    "duration": 730,
    "pid": 42608,
    "index": 0
  },
  {
    "name": "Application Start",
    "start": 1648545296718,
    "end": 1648545297254,
    "duration": 536,
    "pid": 42608,
    "index": 1
  },
  {
    "name": "Load Plugin",
    "start": 1648545296720,
    "end": 1648545296730,
    "duration": 10,
    "pid": 42608,
    "index": 2
  },
  {
    "name": "Load Config",
    "start": 1648545296730,
    "end": 1648545296747,
    "duration": 17,
    "pid": 42608,
    "index": 3
  },
  {
    "name": "Require(0) config/config.default.js",
    "start": 1648545296731,
    "end": 1648545296731,
    "duration": 0,
    "pid": 42608,
    "index": 4
  },
  {
    "name": "Require(1) config/config.local.js",
    "start": 1648545296732,
    "end": 1648545296732,
    "duration": 0,
    "pid": 42608,
    "index": 5
  },
  {
    "name": "Require(2) node_modules/egg-session/config/config.default.js",
    "start": 1648545296732,
    "end": 1648545296733,
    "duration": 1,
    "pid": 42608,
    "index": 6
  },
  {
    "name": "Require(3) node_modules/egg-security/config/config.default.js",
    "start": 1648545296733,
    "end": 1648545296733,
    "duration": 0,
    "pid": 42608,
    "index": 7
  },
  {
    "name": "Require(4) node_modules/egg-jsonp/config/config.default.js",
    "start": 1648545296734,
    "end": 1648545296734,
    "duration": 0,
    "pid": 42608,
    "index": 8
  },
  {
    "name": "Require(5) node_modules/egg-onerror/config/config.default.js",
    "start": 1648545296734,
    "end": 1648545296735,
    "duration": 1,
    "pid": 42608,
    "index": 9
  },
  {
    "name": "Require(6) node_modules/egg-i18n/config/config.default.js",
    "start": 1648545296735,
    "end": 1648545296735,
    "duration": 0,
    "pid": 42608,
    "index": 10
  },
  {
    "name": "Require(7) node_modules/egg-watcher/config/config.default.js",
    "start": 1648545296735,
    "end": 1648545296736,
    "duration": 1,
    "pid": 42608,
    "index": 11
  },
  {
    "name": "Require(8) node_modules/egg-schedule/config/config.default.js",
    "start": 1648545296736,
    "end": 1648545296736,
    "duration": 0,
    "pid": 42608,
    "index": 12
  },
  {
    "name": "Require(9) node_modules/egg-multipart/config/config.default.js",
    "start": 1648545296736,
    "end": 1648545296737,
    "duration": 1,
    "pid": 42608,
    "index": 13
  },
  {
    "name": "Require(10) node_modules/egg-development/config/config.default.js",
    "start": 1648545296737,
    "end": 1648545296737,
    "duration": 0,
    "pid": 42608,
    "index": 14
  },
  {
    "name": "Require(11) node_modules/egg-logrotator/config/config.default.js",
    "start": 1648545296738,
    "end": 1648545296738,
    "duration": 0,
    "pid": 42608,
    "index": 15
  },
  {
    "name": "Require(12) node_modules/egg-static/config/config.default.js",
    "start": 1648545296738,
    "end": 1648545296738,
    "duration": 0,
    "pid": 42608,
    "index": 16
  },
  {
    "name": "Require(13) node_modules/egg-view/config/config.default.js",
    "start": 1648545296739,
    "end": 1648545296739,
    "duration": 0,
    "pid": 42608,
    "index": 17
  },
  {
    "name": "Require(14) node_modules/egg-mongoose/config/config.default.js",
    "start": 1648545296739,
    "end": 1648545296739,
    "duration": 0,
    "pid": 42608,
    "index": 18
  },
  {
    "name": "Require(15) node_modules/egg-validate/config/config.default.js",
    "start": 1648545296740,
    "end": 1648545296740,
    "duration": 0,
    "pid": 42608,
    "index": 19
  },
  {
    "name": "Require(16) node_modules/egg-cors/config/config.default.js",
    "start": 1648545296740,
    "end": 1648545296740,
    "duration": 0,
    "pid": 42608,
    "index": 20
  },
  {
    "name": "Require(17) node_modules/egg/config/config.default.js",
    "start": 1648545296741,
    "end": 1648545296741,
    "duration": 0,
    "pid": 42608,
    "index": 21
  },
  {
    "name": "Require(18) config/config.default.js",
    "start": 1648545296742,
    "end": 1648545296742,
    "duration": 0,
    "pid": 42608,
    "index": 22
  },
  {
    "name": "Require(19) node_modules/egg-security/config/config.local.js",
    "start": 1648545296742,
    "end": 1648545296743,
    "duration": 1,
    "pid": 42608,
    "index": 23
  },
  {
    "name": "Require(20) node_modules/egg-watcher/config/config.local.js",
    "start": 1648545296743,
    "end": 1648545296744,
    "duration": 1,
    "pid": 42608,
    "index": 24
  },
  {
    "name": "Require(21) node_modules/egg-view/config/config.local.js",
    "start": 1648545296744,
    "end": 1648545296744,
    "duration": 0,
    "pid": 42608,
    "index": 25
  },
  {
    "name": "Require(22) node_modules/egg/config/config.local.js",
    "start": 1648545296747,
    "end": 1648545296747,
    "duration": 0,
    "pid": 42608,
    "index": 26
  },
  {
    "name": "Require(23) config/config.local.js",
    "start": 1648545296747,
    "end": 1648545296747,
    "duration": 0,
    "pid": 42608,
    "index": 27
  },
  {
    "name": "Load extend/application.js",
    "start": 1648545296748,
    "end": 1648545296781,
    "duration": 33,
    "pid": 42608,
    "index": 28
  },
  {
    "name": "Require(24) node_modules/egg-session/app/extend/application.js",
    "start": 1648545296748,
    "end": 1648545296748,
    "duration": 0,
    "pid": 42608,
    "index": 29
  },
  {
    "name": "Require(25) node_modules/egg-security/app/extend/application.js",
    "start": 1648545296749,
    "end": 1648545296749,
    "duration": 0,
    "pid": 42608,
    "index": 30
  },
  {
    "name": "Require(26) node_modules/egg-jsonp/app/extend/application.js",
    "start": 1648545296749,
    "end": 1648545296750,
    "duration": 1,
    "pid": 42608,
    "index": 31
  },
  {
    "name": "Require(27) node_modules/egg-logrotator/app/extend/application.js",
    "start": 1648545296751,
    "end": 1648545296751,
    "duration": 0,
    "pid": 42608,
    "index": 32
  },
  {
    "name": "Require(28) node_modules/egg-view/app/extend/application.js",
    "start": 1648545296752,
    "end": 1648545296752,
    "duration": 0,
    "pid": 42608,
    "index": 33
  },
  {
    "name": "Require(29) app/extend/application.js",
    "start": 1648545296753,
    "end": 1648545296780,
    "duration": 27,
    "pid": 42608,
    "index": 34
  },
  {
    "name": "Load extend/request.js",
    "start": 1648545296781,
    "end": 1648545296784,
    "duration": 3,
    "pid": 42608,
    "index": 35
  },
  {
    "name": "Require(30) node_modules/egg/app/extend/request.js",
    "start": 1648545296782,
    "end": 1648545296783,
    "duration": 1,
    "pid": 42608,
    "index": 36
  },
  {
    "name": "Load extend/response.js",
    "start": 1648545296784,
    "end": 1648545296788,
    "duration": 4,
    "pid": 42608,
    "index": 37
  },
  {
    "name": "Require(31) node_modules/egg/app/extend/response.js",
    "start": 1648545296785,
    "end": 1648545296786,
    "duration": 1,
    "pid": 42608,
    "index": 38
  },
  {
    "name": "Load extend/context.js",
    "start": 1648545296788,
    "end": 1648545296824,
    "duration": 36,
    "pid": 42608,
    "index": 39
  },
  {
    "name": "Require(32) node_modules/egg-security/app/extend/context.js",
    "start": 1648545296788,
    "end": 1648545296792,
    "duration": 4,
    "pid": 42608,
    "index": 40
  },
  {
    "name": "Require(33) node_modules/egg-jsonp/app/extend/context.js",
    "start": 1648545296792,
    "end": 1648545296793,
    "duration": 1,
    "pid": 42608,
    "index": 41
  },
  {
    "name": "Require(34) node_modules/egg-i18n/app/extend/context.js",
    "start": 1648545296793,
    "end": 1648545296793,
    "duration": 0,
    "pid": 42608,
    "index": 42
  },
  {
    "name": "Require(35) node_modules/egg-multipart/app/extend/context.js",
    "start": 1648545296794,
    "end": 1648545296820,
    "duration": 26,
    "pid": 42608,
    "index": 43
  },
  {
    "name": "Require(36) node_modules/egg-view/app/extend/context.js",
    "start": 1648545296821,
    "end": 1648545296821,
    "duration": 0,
    "pid": 42608,
    "index": 44
  },
  {
    "name": "Require(37) node_modules/egg-mongoose/app/extend/context.js",
    "start": 1648545296822,
    "end": 1648545296822,
    "duration": 0,
    "pid": 42608,
    "index": 45
  },
  {
    "name": "Require(38) node_modules/egg-validate/app/extend/context.js",
    "start": 1648545296822,
    "end": 1648545296822,
    "duration": 0,
    "pid": 42608,
    "index": 46
  },
  {
    "name": "Require(39) node_modules/egg/app/extend/context.js",
    "start": 1648545296822,
    "end": 1648545296823,
    "duration": 1,
    "pid": 42608,
    "index": 47
  },
  {
    "name": "Load extend/helper.js",
    "start": 1648545296824,
    "end": 1648545296836,
    "duration": 12,
    "pid": 42608,
    "index": 48
  },
  {
    "name": "Require(40) node_modules/egg-security/app/extend/helper.js",
    "start": 1648545296825,
    "end": 1648545296833,
    "duration": 8,
    "pid": 42608,
    "index": 49
  },
  {
    "name": "Require(41) node_modules/egg/app/extend/helper.js",
    "start": 1648545296834,
    "end": 1648545296834,
    "duration": 0,
    "pid": 42608,
    "index": 50
  },
  {
    "name": "Require(42) app/extend/helper.js",
    "start": 1648545296835,
    "end": 1648545296835,
    "duration": 0,
    "pid": 42608,
    "index": 51
  },
  {
    "name": "Load app.js",
    "start": 1648545296836,
    "end": 1648545296858,
    "duration": 22,
    "pid": 42608,
    "index": 52
  },
  {
    "name": "Require(43) node_modules/egg-session/app.js",
    "start": 1648545296837,
    "end": 1648545296837,
    "duration": 0,
    "pid": 42608,
    "index": 53
  },
  {
    "name": "Require(44) node_modules/egg-security/app.js",
    "start": 1648545296837,
    "end": 1648545296838,
    "duration": 1,
    "pid": 42608,
    "index": 54
  },
  {
    "name": "Require(45) node_modules/egg-onerror/app.js",
    "start": 1648545296838,
    "end": 1648545296842,
    "duration": 4,
    "pid": 42608,
    "index": 55
  },
  {
    "name": "Require(46) node_modules/egg-i18n/app.js",
    "start": 1648545296842,
    "end": 1648545296851,
    "duration": 9,
    "pid": 42608,
    "index": 56
  },
  {
    "name": "Require(47) node_modules/egg-watcher/app.js",
    "start": 1648545296851,
    "end": 1648545296853,
    "duration": 2,
    "pid": 42608,
    "index": 57
  },
  {
    "name": "Require(48) node_modules/egg-schedule/app.js",
    "start": 1648545296853,
    "end": 1648545296854,
    "duration": 1,
    "pid": 42608,
    "index": 58
  },
  {
    "name": "Require(49) node_modules/egg-multipart/app.js",
    "start": 1648545296854,
    "end": 1648545296854,
    "duration": 0,
    "pid": 42608,
    "index": 59
  },
  {
    "name": "Require(50) node_modules/egg-development/app.js",
    "start": 1648545296854,
    "end": 1648545296855,
    "duration": 1,
    "pid": 42608,
    "index": 60
  },
  {
    "name": "Require(51) node_modules/egg-logrotator/app.js",
    "start": 1648545296855,
    "end": 1648545296855,
    "duration": 0,
    "pid": 42608,
    "index": 61
  },
  {
    "name": "Require(52) node_modules/egg-static/app.js",
    "start": 1648545296855,
    "end": 1648545296855,
    "duration": 0,
    "pid": 42608,
    "index": 62
  },
  {
    "name": "Require(53) node_modules/egg-mongoose/app.js",
    "start": 1648545296856,
    "end": 1648545296856,
    "duration": 0,
    "pid": 42608,
    "index": 63
  },
  {
    "name": "Require(54) node_modules/egg-validate/app.js",
    "start": 1648545296856,
    "end": 1648545296857,
    "duration": 1,
    "pid": 42608,
    "index": 64
  },
  {
    "name": "Require(55) node_modules/egg-cors/app.js",
    "start": 1648545296857,
    "end": 1648545296857,
    "duration": 0,
    "pid": 42608,
    "index": 65
  },
  {
    "name": "Before Start in node_modules/egg-watcher/lib/init.js:15:14",
    "start": 1648545296864,
    "end": 1648545297253,
    "duration": 389,
    "pid": 42608,
    "index": 66
  },
  {
    "name": "Before Start in node_modules/egg-mongoose/lib/mongoose.js:104:7",
    "start": 1648545297126,
    "end": 1648545297252,
    "duration": 126,
    "pid": 42608,
    "index": 67
  },
  {
    "name": "Before Start in node_modules/egg-mongoose/lib/mongoose.js:52:9",
    "start": 1648545297127,
    "end": 1648545297240,
    "duration": 113,
    "pid": 42608,
    "index": 68
  },
  {
    "name": "Load Service",
    "start": 1648545297127,
    "end": 1648545297147,
    "duration": 20,
    "pid": 42608,
    "index": 69
  },
  {
    "name": "Load \"service\" to Context",
    "start": 1648545297127,
    "end": 1648545297147,
    "duration": 20,
    "pid": 42608,
    "index": 70
  },
  {
    "name": "Load Middleware",
    "start": 1648545297147,
    "end": 1648545297218,
    "duration": 71,
    "pid": 42608,
    "index": 71
  },
  {
    "name": "Load \"middlewares\" to Application",
    "start": 1648545297147,
    "end": 1648545297212,
    "duration": 65,
    "pid": 42608,
    "index": 72
  },
  {
    "name": "Load Controller",
    "start": 1648545297218,
    "end": 1648545297220,
    "duration": 2,
    "pid": 42608,
    "index": 73
  },
  {
    "name": "Load \"controller\" to Application",
    "start": 1648545297218,
    "end": 1648545297220,
    "duration": 2,
    "pid": 42608,
    "index": 74
  },
  {
    "name": "Load Router",
    "start": 1648545297220,
    "end": 1648545297222,
    "duration": 2,
    "pid": 42608,
    "index": 75
  },
  {
    "name": "Require(56) app/router.js",
    "start": 1648545297220,
    "end": 1648545297221,
    "duration": 1,
    "pid": 42608,
    "index": 76
  },
  {
    "name": "Before Start in node_modules/egg-core/lib/egg.js:303:10",
    "start": 1648545297221,
    "end": 1648545297240,
    "duration": 19,
    "pid": 42608,
    "index": 77
  },
  {
    "name": "Load \"model\" to Application",
    "start": 1648545297228,
    "end": 1648545297240,
    "duration": 12,
    "pid": 42608,
    "index": 78
  }
]