[
  {
    "name": "Process Start",
    "start": 1648545334180,
    "end": 1648545334896,
    "duration": 716,
    "pid": 24896,
    "index": 0
  },
  {
    "name": "Application Start",
    "start": 1648545334897,
    "end": 1648545335406,
    "duration": 509,
    "pid": 24896,
    "index": 1
  },
  {
    "name": "Load Plugin",
    "start": 1648545334899,
    "end": 1648545334909,
    "duration": 10,
    "pid": 24896,
    "index": 2
  },
  {
    "name": "Load Config",
    "start": 1648545334909,
    "end": 1648545334926,
    "duration": 17,
    "pid": 24896,
    "index": 3
  },
  {
    "name": "Require(0) config/config.default.js",
    "start": 1648545334910,
    "end": 1648545334910,
    "duration": 0,
    "pid": 24896,
    "index": 4
  },
  {
    "name": "Require(1) config/config.local.js",
    "start": 1648545334911,
    "end": 1648545334911,
    "duration": 0,
    "pid": 24896,
    "index": 5
  },
  {
    "name": "Require(2) node_modules/egg-session/config/config.default.js",
    "start": 1648545334911,
    "end": 1648545334912,
    "duration": 1,
    "pid": 24896,
    "index": 6
  },
  {
    "name": "Require(3) node_modules/egg-security/config/config.default.js",
    "start": 1648545334912,
    "end": 1648545334912,
    "duration": 0,
    "pid": 24896,
    "index": 7
  },
  {
    "name": "Require(4) node_modules/egg-jsonp/config/config.default.js",
    "start": 1648545334913,
    "end": 1648545334913,
    "duration": 0,
    "pid": 24896,
    "index": 8
  },
  {
    "name": "Require(5) node_modules/egg-onerror/config/config.default.js",
    "start": 1648545334913,
    "end": 1648545334913,
    "duration": 0,
    "pid": 24896,
    "index": 9
  },
  {
    "name": "Require(6) node_modules/egg-i18n/config/config.default.js",
    "start": 1648545334914,
    "end": 1648545334914,
    "duration": 0,
    "pid": 24896,
    "index": 10
  },
  {
    "name": "Require(7) node_modules/egg-watcher/config/config.default.js",
    "start": 1648545334914,
    "end": 1648545334915,
    "duration": 1,
    "pid": 24896,
    "index": 11
  },
  {
    "name": "Require(8) node_modules/egg-schedule/config/config.default.js",
    "start": 1648545334915,
    "end": 1648545334915,
    "duration": 0,
    "pid": 24896,
    "index": 12
  },
  {
    "name": "Require(9) node_modules/egg-multipart/config/config.default.js",
    "start": 1648545334916,
    "end": 1648545334916,
    "duration": 0,
    "pid": 24896,
    "index": 13
  },
  {
    "name": "Require(10) node_modules/egg-development/config/config.default.js",
    "start": 1648545334917,
    "end": 1648545334917,
    "duration": 0,
    "pid": 24896,
    "index": 14
  },
  {
    "name": "Require(11) node_modules/egg-logrotator/config/config.default.js",
    "start": 1648545334917,
    "end": 1648545334917,
    "duration": 0,
    "pid": 24896,
    "index": 15
  },
  {
    "name": "Require(12) node_modules/egg-static/config/config.default.js",
    "start": 1648545334918,
    "end": 1648545334918,
    "duration": 0,
    "pid": 24896,
    "index": 16
  },
  {
    "name": "Require(13) node_modules/egg-view/config/config.default.js",
    "start": 1648545334918,
    "end": 1648545334919,
    "duration": 1,
    "pid": 24896,
    "index": 17
  },
  {
    "name": "Require(14) node_modules/egg-mongoose/config/config.default.js",
    "start": 1648545334919,
    "end": 1648545334919,
    "duration": 0,
    "pid": 24896,
    "index": 18
  },
  {
    "name": "Require(15) node_modules/egg-validate/config/config.default.js",
    "start": 1648545334919,
    "end": 1648545334920,
    "duration": 1,
    "pid": 24896,
    "index": 19
  },
  {
    "name": "Require(16) node_modules/egg-cors/config/config.default.js",
    "start": 1648545334920,
    "end": 1648545334920,
    "duration": 0,
    "pid": 24896,
    "index": 20
  },
  {
    "name": "Require(17) node_modules/egg/config/config.default.js",
    "start": 1648545334920,
    "end": 1648545334920,
    "duration": 0,
    "pid": 24896,
    "index": 21
  },
  {
    "name": "Require(18) config/config.default.js",
    "start": 1648545334921,
    "end": 1648545334921,
    "duration": 0,
    "pid": 24896,
    "index": 22
  },
  {
    "name": "Require(19) node_modules/egg-security/config/config.local.js",
    "start": 1648545334922,
    "end": 1648545334923,
    "duration": 1,
    "pid": 24896,
    "index": 23
  },
  {
    "name": "Require(20) node_modules/egg-watcher/config/config.local.js",
    "start": 1648545334924,
    "end": 1648545334924,
    "duration": 0,
    "pid": 24896,
    "index": 24
  },
  {
    "name": "Require(21) node_modules/egg-view/config/config.local.js",
    "start": 1648545334925,
    "end": 1648545334925,
    "duration": 0,
    "pid": 24896,
    "index": 25
  },
  {
    "name": "Require(22) node_modules/egg/config/config.local.js",
    "start": 1648545334926,
    "end": 1648545334926,
    "duration": 0,
    "pid": 24896,
    "index": 26
  },
  {
    "name": "Require(23) config/config.local.js",
    "start": 1648545334926,
    "end": 1648545334926,
    "duration": 0,
    "pid": 24896,
    "index": 27
  },
  {
    "name": "Load extend/application.js",
    "start": 1648545334927,
    "end": 1648545334964,
    "duration": 37,
    "pid": 24896,
    "index": 28
  },
  {
    "name": "Require(24) node_modules/egg-session/app/extend/application.js",
    "start": 1648545334928,
    "end": 1648545334928,
    "duration": 0,
    "pid": 24896,
    "index": 29
  },
  {
    "name": "Require(25) node_modules/egg-security/app/extend/application.js",
    "start": 1648545334929,
    "end": 1648545334929,
    "duration": 0,
    "pid": 24896,
    "index": 30
  },
  {
    "name": "Require(26) node_modules/egg-jsonp/app/extend/application.js",
    "start": 1648545334929,
    "end": 1648545334930,
    "duration": 1,
    "pid": 24896,
    "index": 31
  },
  {
    "name": "Require(27) node_modules/egg-logrotator/app/extend/application.js",
    "start": 1648545334931,
    "end": 1648545334932,
    "duration": 1,
    "pid": 24896,
    "index": 32
  },
  {
    "name": "Require(28) node_modules/egg-view/app/extend/application.js",
    "start": 1648545334932,
    "end": 1648545334933,
    "duration": 1,
    "pid": 24896,
    "index": 33
  },
  {
    "name": "Require(29) app/extend/application.js",
    "start": 1648545334933,
    "end": 1648545334962,
    "duration": 29,
    "pid": 24896,
    "index": 34
  },
  {
    "name": "Load extend/request.js",
    "start": 1648545334964,
    "end": 1648545334967,
    "duration": 3,
    "pid": 24896,
    "index": 35
  },
  {
    "name": "Require(30) node_modules/egg/app/extend/request.js",
    "start": 1648545334965,
    "end": 1648545334966,
    "duration": 1,
    "pid": 24896,
    "index": 36
  },
  {
    "name": "Load extend/response.js",
    "start": 1648545334967,
    "end": 1648545334971,
    "duration": 4,
    "pid": 24896,
    "index": 37
  },
  {
    "name": "Require(31) node_modules/egg/app/extend/response.js",
    "start": 1648545334969,
    "end": 1648545334969,
    "duration": 0,
    "pid": 24896,
    "index": 38
  },
  {
    "name": "Load extend/context.js",
    "start": 1648545334971,
    "end": 1648545335008,
    "duration": 37,
    "pid": 24896,
    "index": 39
  },
  {
    "name": "Require(32) node_modules/egg-security/app/extend/context.js",
    "start": 1648545334971,
    "end": 1648545334975,
    "duration": 4,
    "pid": 24896,
    "index": 40
  },
  {
    "name": "Require(33) node_modules/egg-jsonp/app/extend/context.js",
    "start": 1648545334976,
    "end": 1648545334976,
    "duration": 0,
    "pid": 24896,
    "index": 41
  },
  {
    "name": "Require(34) node_modules/egg-i18n/app/extend/context.js",
    "start": 1648545334976,
    "end": 1648545334977,
    "duration": 1,
    "pid": 24896,
    "index": 42
  },
  {
    "name": "Require(35) node_modules/egg-multipart/app/extend/context.js",
    "start": 1648545334977,
    "end": 1648545335004,
    "duration": 27,
    "pid": 24896,
    "index": 43
  },
  {
    "name": "Require(36) node_modules/egg-view/app/extend/context.js",
    "start": 1648545335005,
    "end": 1648545335005,
    "duration": 0,
    "pid": 24896,
    "index": 44
  },
  {
    "name": "Require(37) node_modules/egg-mongoose/app/extend/context.js",
    "start": 1648545335006,
    "end": 1648545335006,
    "duration": 0,
    "pid": 24896,
    "index": 45
  },
  {
    "name": "Require(38) node_modules/egg-validate/app/extend/context.js",
    "start": 1648545335006,
    "end": 1648545335006,
    "duration": 0,
    "pid": 24896,
    "index": 46
  },
  {
    "name": "Require(39) node_modules/egg/app/extend/context.js",
    "start": 1648545335006,
    "end": 1648545335007,
    "duration": 1,
    "pid": 24896,
    "index": 47
  },
  {
    "name": "Load extend/helper.js",
    "start": 1648545335008,
    "end": 1648545335020,
    "duration": 12,
    "pid": 24896,
    "index": 48
  },
  {
    "name": "Require(40) node_modules/egg-security/app/extend/helper.js",
    "start": 1648545335009,
    "end": 1648545335017,
    "duration": 8,
    "pid": 24896,
    "index": 49
  },
  {
    "name": "Require(41) node_modules/egg/app/extend/helper.js",
    "start": 1648545335018,
    "end": 1648545335018,
    "duration": 0,
    "pid": 24896,
    "index": 50
  },
  {
    "name": "Require(42) app/extend/helper.js",
    "start": 1648545335018,
    "end": 1648545335019,
    "duration": 1,
    "pid": 24896,
    "index": 51
  },
  {
    "name": "Load app.js",
    "start": 1648545335020,
    "end": 1648545335041,
    "duration": 21,
    "pid": 24896,
    "index": 52
  },
  {
    "name": "Require(43) node_modules/egg-session/app.js",
    "start": 1648545335020,
    "end": 1648545335021,
    "duration": 1,
    "pid": 24896,
    "index": 53
  },
  {
    "name": "Require(44) node_modules/egg-security/app.js",
    "start": 1648545335021,
    "end": 1648545335021,
    "duration": 0,
    "pid": 24896,
    "index": 54
  },
  {
    "name": "Require(45) node_modules/egg-onerror/app.js",
    "start": 1648545335022,
    "end": 1648545335025,
    "duration": 3,
    "pid": 24896,
    "index": 55
  },
  {
    "name": "Require(46) node_modules/egg-i18n/app.js",
    "start": 1648545335025,
    "end": 1648545335035,
    "duration": 10,
    "pid": 24896,
    "index": 56
  },
  {
    "name": "Require(47) node_modules/egg-watcher/app.js",
    "start": 1648545335035,
    "end": 1648545335037,
    "duration": 2,
    "pid": 24896,
    "index": 57
  },
  {
    "name": "Require(48) node_modules/egg-schedule/app.js",
    "start": 1648545335037,
    "end": 1648545335037,
    "duration": 0,
    "pid": 24896,
    "index": 58
  },
  {
    "name": "Require(49) node_modules/egg-multipart/app.js",
    "start": 1648545335038,
    "end": 1648545335038,
    "duration": 0,
    "pid": 24896,
    "index": 59
  },
  {
    "name": "Require(50) node_modules/egg-development/app.js",
    "start": 1648545335038,
    "end": 1648545335038,
    "duration": 0,
    "pid": 24896,
    "index": 60
  },
  {
    "name": "Require(51) node_modules/egg-logrotator/app.js",
    "start": 1648545335038,
    "end": 1648545335039,
    "duration": 1,
    "pid": 24896,
    "index": 61
  },
  {
    "name": "Require(52) node_modules/egg-static/app.js",
    "start": 1648545335039,
    "end": 1648545335039,
    "duration": 0,
    "pid": 24896,
    "index": 62
  },
  {
    "name": "Require(53) node_modules/egg-mongoose/app.js",
    "start": 1648545335039,
    "end": 1648545335039,
    "duration": 0,
    "pid": 24896,
    "index": 63
  },
  {
    "name": "Require(54) node_modules/egg-validate/app.js",
    "start": 1648545335039,
    "end": 1648545335040,
    "duration": 1,
    "pid": 24896,
    "index": 64
  },
  {
    "name": "Require(55) node_modules/egg-cors/app.js",
    "start": 1648545335041,
    "end": 1648545335041,
    "duration": 0,
    "pid": 24896,
    "index": 65
  },
  {
    "name": "Before Start in node_modules/egg-watcher/lib/init.js:15:14",
    "start": 1648545335048,
    "end": 1648545335406,
    "duration": 358,
    "pid": 24896,
    "index": 66
  },
  {
    "name": "Before Start in node_modules/egg-mongoose/lib/mongoose.js:104:7",
    "start": 1648545335289,
    "end": 1648545335405,
    "duration": 116,
    "pid": 24896,
    "index": 67
  },
  {
    "name": "Before Start in node_modules/egg-mongoose/lib/mongoose.js:52:9",
    "start": 1648545335289,
    "end": 1648545335394,
    "duration": 105,
    "pid": 24896,
    "index": 68
  },
  {
    "name": "Load Service",
    "start": 1648545335289,
    "end": 1648545335308,
    "duration": 19,
    "pid": 24896,
    "index": 69
  },
  {
    "name": "Load \"service\" to Context",
    "start": 1648545335289,
    "end": 1648545335308,
    "duration": 19,
    "pid": 24896,
    "index": 70
  },
  {
    "name": "Load Middleware",
    "start": 1648545335308,
    "end": 1648545335370,
    "duration": 62,
    "pid": 24896,
    "index": 71
  },
  {
    "name": "Load \"middlewares\" to Application",
    "start": 1648545335308,
    "end": 1648545335364,
    "duration": 56,
    "pid": 24896,
    "index": 72
  },
  {
    "name": "Load Controller",
    "start": 1648545335370,
    "end": 1648545335374,
    "duration": 4,
    "pid": 24896,
    "index": 73
  },
  {
    "name": "Load \"controller\" to Application",
    "start": 1648545335370,
    "end": 1648545335374,
    "duration": 4,
    "pid": 24896,
    "index": 74
  },
  {
    "name": "Load Router",
    "start": 1648545335374,
    "end": 1648545335376,
    "duration": 2,
    "pid": 24896,
    "index": 75
  },
  {
    "name": "Require(56) app/router.js",
    "start": 1648545335374,
    "end": 1648545335374,
    "duration": 0,
    "pid": 24896,
    "index": 76
  },
  {
    "name": "Before Start in node_modules/egg-core/lib/egg.js:303:10",
    "start": 1648545335375,
    "end": 1648545335394,
    "duration": 19,
    "pid": 24896,
    "index": 77
  },
  {
    "name": "Load \"model\" to Application",
    "start": 1648545335381,
    "end": 1648545335394,
    "duration": 13,
    "pid": 24896,
    "index": 78
  }
]