[
  {
    "name": "Process Start",
    "start": 1648545219916,
    "end": 1648545220645,
    "duration": 729,
    "pid": 10148,
    "index": 0
  },
  {
    "name": "Application Start",
    "start": 1648545220645,
    "end": 1648545221153,
    "duration": 508,
    "pid": 10148,
    "index": 1
  },
  {
    "name": "Load Plugin",
    "start": 1648545220648,
    "end": 1648545220660,
    "duration": 12,
    "pid": 10148,
    "index": 2
  },
  {
    "name": "Load Config",
    "start": 1648545220660,
    "end": 1648545220678,
    "duration": 18,
    "pid": 10148,
    "index": 3
  },
  {
    "name": "Require(0) config/config.default.js",
    "start": 1648545220660,
    "end": 1648545220661,
    "duration": 1,
    "pid": 10148,
    "index": 4
  },
  {
    "name": "Require(1) config/config.local.js",
    "start": 1648545220661,
    "end": 1648545220662,
    "duration": 1,
    "pid": 10148,
    "index": 5
  },
  {
    "name": "Require(2) node_modules/egg-session/config/config.default.js",
    "start": 1648545220662,
    "end": 1648545220662,
    "duration": 0,
    "pid": 10148,
    "index": 6
  },
  {
    "name": "Require(3) node_modules/egg-security/config/config.default.js",
    "start": 1648545220663,
    "end": 1648545220663,
    "duration": 0,
    "pid": 10148,
    "index": 7
  },
  {
    "name": "Require(4) node_modules/egg-jsonp/config/config.default.js",
    "start": 1648545220664,
    "end": 1648545220664,
    "duration": 0,
    "pid": 10148,
    "index": 8
  },
  {
    "name": "Require(5) node_modules/egg-onerror/config/config.default.js",
    "start": 1648545220665,
    "end": 1648545220665,
    "duration": 0,
    "pid": 10148,
    "index": 9
  },
  {
    "name": "Require(6) node_modules/egg-i18n/config/config.default.js",
    "start": 1648545220665,
    "end": 1648545220665,
    "duration": 0,
    "pid": 10148,
    "index": 10
  },
  {
    "name": "Require(7) node_modules/egg-watcher/config/config.default.js",
    "start": 1648545220666,
    "end": 1648545220666,
    "duration": 0,
    "pid": 10148,
    "index": 11
  },
  {
    "name": "Require(8) node_modules/egg-schedule/config/config.default.js",
    "start": 1648545220666,
    "end": 1648545220666,
    "duration": 0,
    "pid": 10148,
    "index": 12
  },
  {
    "name": "Require(9) node_modules/egg-multipart/config/config.default.js",
    "start": 1648545220667,
    "end": 1648545220667,
    "duration": 0,
    "pid": 10148,
    "index": 13
  },
  {
    "name": "Require(10) node_modules/egg-development/config/config.default.js",
    "start": 1648545220667,
    "end": 1648545220668,
    "duration": 1,
    "pid": 10148,
    "index": 14
  },
  {
    "name": "Require(11) node_modules/egg-logrotator/config/config.default.js",
    "start": 1648545220668,
    "end": 1648545220668,
    "duration": 0,
    "pid": 10148,
    "index": 15
  },
  {
    "name": "Require(12) node_modules/egg-static/config/config.default.js",
    "start": 1648545220668,
    "end": 1648545220669,
    "duration": 1,
    "pid": 10148,
    "index": 16
  },
  {
    "name": "Require(13) node_modules/egg-view/config/config.default.js",
    "start": 1648545220669,
    "end": 1648545220669,
    "duration": 0,
    "pid": 10148,
    "index": 17
  },
  {
    "name": "Require(14) node_modules/egg-mongoose/config/config.default.js",
    "start": 1648545220669,
    "end": 1648545220670,
    "duration": 1,
    "pid": 10148,
    "index": 18
  },
  {
    "name": "Require(15) node_modules/egg-validate/config/config.default.js",
    "start": 1648545220670,
    "end": 1648545220670,
    "duration": 0,
    "pid": 10148,
    "index": 19
  },
  {
    "name": "Require(16) node_modules/egg-cors/config/config.default.js",
    "start": 1648545220670,
    "end": 1648545220671,
    "duration": 1,
    "pid": 10148,
    "index": 20
  },
  {
    "name": "Require(17) node_modules/egg/config/config.default.js",
    "start": 1648545220671,
    "end": 1648545220671,
    "duration": 0,
    "pid": 10148,
    "index": 21
  },
  {
    "name": "Require(18) config/config.default.js",
    "start": 1648545220672,
    "end": 1648545220672,
    "duration": 0,
    "pid": 10148,
    "index": 22
  },
  {
    "name": "Require(19) node_modules/egg-security/config/config.local.js",
    "start": 1648545220672,
    "end": 1648545220673,
    "duration": 1,
    "pid": 10148,
    "index": 23
  },
  {
    "name": "Require(20) node_modules/egg-watcher/config/config.local.js",
    "start": 1648545220675,
    "end": 1648545220676,
    "duration": 1,
    "pid": 10148,
    "index": 24
  },
  {
    "name": "Require(21) node_modules/egg-view/config/config.local.js",
    "start": 1648545220676,
    "end": 1648545220677,
    "duration": 1,
    "pid": 10148,
    "index": 25
  },
  {
    "name": "Require(22) node_modules/egg/config/config.local.js",
    "start": 1648545220677,
    "end": 1648545220677,
    "duration": 0,
    "pid": 10148,
    "index": 26
  },
  {
    "name": "Require(23) config/config.local.js",
    "start": 1648545220677,
    "end": 1648545220677,
    "duration": 0,
    "pid": 10148,
    "index": 27
  },
  {
    "name": "Load extend/application.js",
    "start": 1648545220678,
    "end": 1648545220712,
    "duration": 34,
    "pid": 10148,
    "index": 28
  },
  {
    "name": "Require(24) node_modules/egg-session/app/extend/application.js",
    "start": 1648545220679,
    "end": 1648545220679,
    "duration": 0,
    "pid": 10148,
    "index": 29
  },
  {
    "name": "Require(25) node_modules/egg-security/app/extend/application.js",
    "start": 1648545220679,
    "end": 1648545220680,
    "duration": 1,
    "pid": 10148,
    "index": 30
  },
  {
    "name": "Require(26) node_modules/egg-jsonp/app/extend/application.js",
    "start": 1648545220680,
    "end": 1648545220681,
    "duration": 1,
    "pid": 10148,
    "index": 31
  },
  {
    "name": "Require(27) node_modules/egg-logrotator/app/extend/application.js",
    "start": 1648545220682,
    "end": 1648545220682,
    "duration": 0,
    "pid": 10148,
    "index": 32
  },
  {
    "name": "Require(28) node_modules/egg-view/app/extend/application.js",
    "start": 1648545220683,
    "end": 1648545220684,
    "duration": 1,
    "pid": 10148,
    "index": 33
  },
  {
    "name": "Require(29) app/extend/application.js",
    "start": 1648545220684,
    "end": 1648545220710,
    "duration": 26,
    "pid": 10148,
    "index": 34
  },
  {
    "name": "Load extend/request.js",
    "start": 1648545220712,
    "end": 1648545220715,
    "duration": 3,
    "pid": 10148,
    "index": 35
  },
  {
    "name": "Require(30) node_modules/egg/app/extend/request.js",
    "start": 1648545220713,
    "end": 1648545220714,
    "duration": 1,
    "pid": 10148,
    "index": 36
  },
  {
    "name": "Load extend/response.js",
    "start": 1648545220715,
    "end": 1648545220718,
    "duration": 3,
    "pid": 10148,
    "index": 37
  },
  {
    "name": "Require(31) node_modules/egg/app/extend/response.js",
    "start": 1648545220716,
    "end": 1648545220717,
    "duration": 1,
    "pid": 10148,
    "index": 38
  },
  {
    "name": "Load extend/context.js",
    "start": 1648545220718,
    "end": 1648545220756,
    "duration": 38,
    "pid": 10148,
    "index": 39
  },
  {
    "name": "Require(32) node_modules/egg-security/app/extend/context.js",
    "start": 1648545220719,
    "end": 1648545220723,
    "duration": 4,
    "pid": 10148,
    "index": 40
  },
  {
    "name": "Require(33) node_modules/egg-jsonp/app/extend/context.js",
    "start": 1648545220723,
    "end": 1648545220724,
    "duration": 1,
    "pid": 10148,
    "index": 41
  },
  {
    "name": "Require(34) node_modules/egg-i18n/app/extend/context.js",
    "start": 1648545220725,
    "end": 1648545220725,
    "duration": 0,
    "pid": 10148,
    "index": 42
  },
  {
    "name": "Require(35) node_modules/egg-multipart/app/extend/context.js",
    "start": 1648545220725,
    "end": 1648545220752,
    "duration": 27,
    "pid": 10148,
    "index": 43
  },
  {
    "name": "Require(36) node_modules/egg-view/app/extend/context.js",
    "start": 1648545220752,
    "end": 1648545220753,
    "duration": 1,
    "pid": 10148,
    "index": 44
  },
  {
    "name": "Require(37) node_modules/egg-mongoose/app/extend/context.js",
    "start": 1648545220753,
    "end": 1648545220753,
    "duration": 0,
    "pid": 10148,
    "index": 45
  },
  {
    "name": "Require(38) node_modules/egg-validate/app/extend/context.js",
    "start": 1648545220754,
    "end": 1648545220754,
    "duration": 0,
    "pid": 10148,
    "index": 46
  },
  {
    "name": "Require(39) node_modules/egg/app/extend/context.js",
    "start": 1648545220754,
    "end": 1648545220754,
    "duration": 0,
    "pid": 10148,
    "index": 47
  },
  {
    "name": "Load extend/helper.js",
    "start": 1648545220756,
    "end": 1648545220767,
    "duration": 11,
    "pid": 10148,
    "index": 48
  },
  {
    "name": "Require(40) node_modules/egg-security/app/extend/helper.js",
    "start": 1648545220756,
    "end": 1648545220764,
    "duration": 8,
    "pid": 10148,
    "index": 49
  },
  {
    "name": "Require(41) node_modules/egg/app/extend/helper.js",
    "start": 1648545220765,
    "end": 1648545220766,
    "duration": 1,
    "pid": 10148,
    "index": 50
  },
  {
    "name": "Require(42) app/extend/helper.js",
    "start": 1648545220766,
    "end": 1648545220766,
    "duration": 0,
    "pid": 10148,
    "index": 51
  },
  {
    "name": "Load app.js",
    "start": 1648545220767,
    "end": 1648545220788,
    "duration": 21,
    "pid": 10148,
    "index": 52
  },
  {
    "name": "Require(43) node_modules/egg-session/app.js",
    "start": 1648545220768,
    "end": 1648545220768,
    "duration": 0,
    "pid": 10148,
    "index": 53
  },
  {
    "name": "Require(44) node_modules/egg-security/app.js",
    "start": 1648545220768,
    "end": 1648545220769,
    "duration": 1,
    "pid": 10148,
    "index": 54
  },
  {
    "name": "Require(45) node_modules/egg-onerror/app.js",
    "start": 1648545220769,
    "end": 1648545220773,
    "duration": 4,
    "pid": 10148,
    "index": 55
  },
  {
    "name": "Require(46) node_modules/egg-i18n/app.js",
    "start": 1648545220773,
    "end": 1648545220782,
    "duration": 9,
    "pid": 10148,
    "index": 56
  },
  {
    "name": "Require(47) node_modules/egg-watcher/app.js",
    "start": 1648545220782,
    "end": 1648545220784,
    "duration": 2,
    "pid": 10148,
    "index": 57
  },
  {
    "name": "Require(48) node_modules/egg-schedule/app.js",
    "start": 1648545220784,
    "end": 1648545220785,
    "duration": 1,
    "pid": 10148,
    "index": 58
  },
  {
    "name": "Require(49) node_modules/egg-multipart/app.js",
    "start": 1648545220785,
    "end": 1648545220785,
    "duration": 0,
    "pid": 10148,
    "index": 59
  },
  {
    "name": "Require(50) node_modules/egg-development/app.js",
    "start": 1648545220785,
    "end": 1648545220785,
    "duration": 0,
    "pid": 10148,
    "index": 60
  },
  {
    "name": "Require(51) node_modules/egg-logrotator/app.js",
    "start": 1648545220786,
    "end": 1648545220786,
    "duration": 0,
    "pid": 10148,
    "index": 61
  },
  {
    "name": "Require(52) node_modules/egg-static/app.js",
    "start": 1648545220786,
    "end": 1648545220786,
    "duration": 0,
    "pid": 10148,
    "index": 62
  },
  {
    "name": "Require(53) node_modules/egg-mongoose/app.js",
    "start": 1648545220786,
    "end": 1648545220786,
    "duration": 0,
    "pid": 10148,
    "index": 63
  },
  {
    "name": "Require(54) node_modules/egg-validate/app.js",
    "start": 1648545220787,
    "end": 1648545220787,
    "duration": 0,
    "pid": 10148,
    "index": 64
  },
  {
    "name": "Require(55) node_modules/egg-cors/app.js",
    "start": 1648545220788,
    "end": 1648545220788,
    "duration": 0,
    "pid": 10148,
    "index": 65
  },
  {
    "name": "Before Start in node_modules/egg-watcher/lib/init.js:15:14",
    "start": 1648545220795,
    "end": 1648545221152,
    "duration": 357,
    "pid": 10148,
    "index": 66
  },
  {
    "name": "Before Start in node_modules/egg-mongoose/lib/mongoose.js:104:7",
    "start": 1648545221037,
    "end": 1648545221151,
    "duration": 114,
    "pid": 10148,
    "index": 67
  },
  {
    "name": "Before Start in node_modules/egg-mongoose/lib/mongoose.js:52:9",
    "start": 1648545221037,
    "end": 1648545221141,
    "duration": 104,
    "pid": 10148,
    "index": 68
  },
  {
    "name": "Load Service",
    "start": 1648545221037,
    "end": 1648545221057,
    "duration": 20,
    "pid": 10148,
    "index": 69
  },
  {
    "name": "Load \"service\" to Context",
    "start": 1648545221037,
    "end": 1648545221057,
    "duration": 20,
    "pid": 10148,
    "index": 70
  },
  {
    "name": "Load Middleware",
    "start": 1648545221058,
    "end": 1648545221119,
    "duration": 61,
    "pid": 10148,
    "index": 71
  },
  {
    "name": "Load \"middlewares\" to Application",
    "start": 1648545221058,
    "end": 1648545221113,
    "duration": 55,
    "pid": 10148,
    "index": 72
  },
  {
    "name": "Load Controller",
    "start": 1648545221119,
    "end": 1648545221121,
    "duration": 2,
    "pid": 10148,
    "index": 73
  },
  {
    "name": "Load \"controller\" to Application",
    "start": 1648545221119,
    "end": 1648545221121,
    "duration": 2,
    "pid": 10148,
    "index": 74
  },
  {
    "name": "Load Router",
    "start": 1648545221121,
    "end": 1648545221123,
    "duration": 2,
    "pid": 10148,
    "index": 75
  },
  {
    "name": "Require(56) app/router.js",
    "start": 1648545221121,
    "end": 1648545221121,
    "duration": 0,
    "pid": 10148,
    "index": 76
  },
  {
    "name": "Before Start in node_modules/egg-core/lib/egg.js:303:10",
    "start": 1648545221122,
    "end": 1648545221141,
    "duration": 19,
    "pid": 10148,
    "index": 77
  },
  {
    "name": "Load \"model\" to Application",
    "start": 1648545221129,
    "end": 1648545221140,
    "duration": 11,
    "pid": 10148,
    "index": 78
  }
]