[
  {
    "name": "Process Start",
    "start": 1648456933743,
    "end": 1648456934455,
    "duration": 712,
    "pid": 24232,
    "index": 0
  },
  {
    "name": "Application Start",
    "start": 1648456934455,
    "end": 1648456934973,
    "duration": 518,
    "pid": 24232,
    "index": 1
  },
  {
    "name": "Load Plugin",
    "start": 1648456934458,
    "end": 1648456934468,
    "duration": 10,
    "pid": 24232,
    "index": 2
  },
  {
    "name": "Load Config",
    "start": 1648456934468,
    "end": 1648456934484,
    "duration": 16,
    "pid": 24232,
    "index": 3
  },
  {
    "name": "Require(0) config/config.default.js",
    "start": 1648456934469,
    "end": 1648456934469,
    "duration": 0,
    "pid": 24232,
    "index": 4
  },
  {
    "name": "Require(1) node_modules/egg-session/config/config.default.js",
    "start": 1648456934470,
    "end": 1648456934470,
    "duration": 0,
    "pid": 24232,
    "index": 5
  },
  {
    "name": "Require(2) node_modules/egg-security/config/config.default.js",
    "start": 1648456934470,
    "end": 1648456934470,
    "duration": 0,
    "pid": 24232,
    "index": 6
  },
  {
    "name": "Require(3) node_modules/egg-jsonp/config/config.default.js",
    "start": 1648456934471,
    "end": 1648456934471,
    "duration": 0,
    "pid": 24232,
    "index": 7
  },
  {
    "name": "Require(4) node_modules/egg-onerror/config/config.default.js",
    "start": 1648456934471,
    "end": 1648456934472,
    "duration": 1,
    "pid": 24232,
    "index": 8
  },
  {
    "name": "Require(5) node_modules/egg-i18n/config/config.default.js",
    "start": 1648456934472,
    "end": 1648456934472,
    "duration": 0,
    "pid": 24232,
    "index": 9
  },
  {
    "name": "Require(6) node_modules/egg-watcher/config/config.default.js",
    "start": 1648456934473,
    "end": 1648456934473,
    "duration": 0,
    "pid": 24232,
    "index": 10
  },
  {
    "name": "Require(7) node_modules/egg-schedule/config/config.default.js",
    "start": 1648456934473,
    "end": 1648456934473,
    "duration": 0,
    "pid": 24232,
    "index": 11
  },
  {
    "name": "Require(8) node_modules/egg-multipart/config/config.default.js",
    "start": 1648456934474,
    "end": 1648456934474,
    "duration": 0,
    "pid": 24232,
    "index": 12
  },
  {
    "name": "Require(9) node_modules/egg-development/config/config.default.js",
    "start": 1648456934474,
    "end": 1648456934474,
    "duration": 0,
    "pid": 24232,
    "index": 13
  },
  {
    "name": "Require(10) node_modules/egg-logrotator/config/config.default.js",
    "start": 1648456934475,
    "end": 1648456934475,
    "duration": 0,
    "pid": 24232,
    "index": 14
  },
  {
    "name": "Require(11) node_modules/egg-static/config/config.default.js",
    "start": 1648456934475,
    "end": 1648456934475,
    "duration": 0,
    "pid": 24232,
    "index": 15
  },
  {
    "name": "Require(12) node_modules/egg-view/config/config.default.js",
    "start": 1648456934476,
    "end": 1648456934476,
    "duration": 0,
    "pid": 24232,
    "index": 16
  },
  {
    "name": "Require(13) node_modules/egg-mongoose/config/config.default.js",
    "start": 1648456934476,
    "end": 1648456934476,
    "duration": 0,
    "pid": 24232,
    "index": 17
  },
  {
    "name": "Require(14) node_modules/egg-validate/config/config.default.js",
    "start": 1648456934477,
    "end": 1648456934477,
    "duration": 0,
    "pid": 24232,
    "index": 18
  },
  {
    "name": "Require(15) node_modules/egg-cors/config/config.default.js",
    "start": 1648456934477,
    "end": 1648456934477,
    "duration": 0,
    "pid": 24232,
    "index": 19
  },
  {
    "name": "Require(16) node_modules/egg/config/config.default.js",
    "start": 1648456934477,
    "end": 1648456934478,
    "duration": 1,
    "pid": 24232,
    "index": 20
  },
  {
    "name": "Require(17) config/config.default.js",
    "start": 1648456934479,
    "end": 1648456934479,
    "duration": 0,
    "pid": 24232,
    "index": 21
  },
  {
    "name": "Require(18) node_modules/egg-security/config/config.local.js",
    "start": 1648456934479,
    "end": 1648456934479,
    "duration": 0,
    "pid": 24232,
    "index": 22
  },
  {
    "name": "Require(19) node_modules/egg-watcher/config/config.local.js",
    "start": 1648456934481,
    "end": 1648456934481,
    "duration": 0,
    "pid": 24232,
    "index": 23
  },
  {
    "name": "Require(20) node_modules/egg-view/config/config.local.js",
    "start": 1648456934481,
    "end": 1648456934482,
    "duration": 1,
    "pid": 24232,
    "index": 24
  },
  {
    "name": "Require(21) node_modules/egg/config/config.local.js",
    "start": 1648456934484,
    "end": 1648456934484,
    "duration": 0,
    "pid": 24232,
    "index": 25
  },
  {
    "name": "Load extend/application.js",
    "start": 1648456934485,
    "end": 1648456934492,
    "duration": 7,
    "pid": 24232,
    "index": 26
  },
  {
    "name": "Require(22) node_modules/egg-session/app/extend/application.js",
    "start": 1648456934485,
    "end": 1648456934486,
    "duration": 1,
    "pid": 24232,
    "index": 27
  },
  {
    "name": "Require(23) node_modules/egg-security/app/extend/application.js",
    "start": 1648456934486,
    "end": 1648456934486,
    "duration": 0,
    "pid": 24232,
    "index": 28
  },
  {
    "name": "Require(24) node_modules/egg-jsonp/app/extend/application.js",
    "start": 1648456934487,
    "end": 1648456934487,
    "duration": 0,
    "pid": 24232,
    "index": 29
  },
  {
    "name": "Require(25) node_modules/egg-logrotator/app/extend/application.js",
    "start": 1648456934488,
    "end": 1648456934489,
    "duration": 1,
    "pid": 24232,
    "index": 30
  },
  {
    "name": "Require(26) node_modules/egg-view/app/extend/application.js",
    "start": 1648456934489,
    "end": 1648456934490,
    "duration": 1,
    "pid": 24232,
    "index": 31
  },
  {
    "name": "Load extend/request.js",
    "start": 1648456934492,
    "end": 1648456934495,
    "duration": 3,
    "pid": 24232,
    "index": 32
  },
  {
    "name": "Require(27) node_modules/egg/app/extend/request.js",
    "start": 1648456934493,
    "end": 1648456934493,
    "duration": 0,
    "pid": 24232,
    "index": 33
  },
  {
    "name": "Load extend/response.js",
    "start": 1648456934495,
    "end": 1648456934498,
    "duration": 3,
    "pid": 24232,
    "index": 34
  },
  {
    "name": "Require(28) node_modules/egg/app/extend/response.js",
    "start": 1648456934496,
    "end": 1648456934497,
    "duration": 1,
    "pid": 24232,
    "index": 35
  },
  {
    "name": "Load extend/context.js",
    "start": 1648456934498,
    "end": 1648456934535,
    "duration": 37,
    "pid": 24232,
    "index": 36
  },
  {
    "name": "Require(29) node_modules/egg-security/app/extend/context.js",
    "start": 1648456934499,
    "end": 1648456934503,
    "duration": 4,
    "pid": 24232,
    "index": 37
  },
  {
    "name": "Require(30) node_modules/egg-jsonp/app/extend/context.js",
    "start": 1648456934503,
    "end": 1648456934504,
    "duration": 1,
    "pid": 24232,
    "index": 38
  },
  {
    "name": "Require(31) node_modules/egg-i18n/app/extend/context.js",
    "start": 1648456934504,
    "end": 1648456934504,
    "duration": 0,
    "pid": 24232,
    "index": 39
  },
  {
    "name": "Require(32) node_modules/egg-multipart/app/extend/context.js",
    "start": 1648456934504,
    "end": 1648456934531,
    "duration": 27,
    "pid": 24232,
    "index": 40
  },
  {
    "name": "Require(33) node_modules/egg-view/app/extend/context.js",
    "start": 1648456934532,
    "end": 1648456934532,
    "duration": 0,
    "pid": 24232,
    "index": 41
  },
  {
    "name": "Require(34) node_modules/egg-mongoose/app/extend/context.js",
    "start": 1648456934532,
    "end": 1648456934533,
    "duration": 1,
    "pid": 24232,
    "index": 42
  },
  {
    "name": "Require(35) node_modules/egg-validate/app/extend/context.js",
    "start": 1648456934533,
    "end": 1648456934533,
    "duration": 0,
    "pid": 24232,
    "index": 43
  },
  {
    "name": "Require(36) node_modules/egg/app/extend/context.js",
    "start": 1648456934533,
    "end": 1648456934534,
    "duration": 1,
    "pid": 24232,
    "index": 44
  },
  {
    "name": "Load extend/helper.js",
    "start": 1648456934535,
    "end": 1648456934546,
    "duration": 11,
    "pid": 24232,
    "index": 45
  },
  {
    "name": "Require(37) node_modules/egg-security/app/extend/helper.js",
    "start": 1648456934535,
    "end": 1648456934543,
    "duration": 8,
    "pid": 24232,
    "index": 46
  },
  {
    "name": "Require(38) node_modules/egg/app/extend/helper.js",
    "start": 1648456934544,
    "end": 1648456934545,
    "duration": 1,
    "pid": 24232,
    "index": 47
  },
  {
    "name": "Require(39) app/extend/helper.js",
    "start": 1648456934545,
    "end": 1648456934545,
    "duration": 0,
    "pid": 24232,
    "index": 48
  },
  {
    "name": "Load app.js",
    "start": 1648456934546,
    "end": 1648456934567,
    "duration": 21,
    "pid": 24232,
    "index": 49
  },
  {
    "name": "Require(40) node_modules/egg-session/app.js",
    "start": 1648456934547,
    "end": 1648456934547,
    "duration": 0,
    "pid": 24232,
    "index": 50
  },
  {
    "name": "Require(41) node_modules/egg-security/app.js",
    "start": 1648456934547,
    "end": 1648456934548,
    "duration": 1,
    "pid": 24232,
    "index": 51
  },
  {
    "name": "Require(42) node_modules/egg-onerror/app.js",
    "start": 1648456934548,
    "end": 1648456934551,
    "duration": 3,
    "pid": 24232,
    "index": 52
  },
  {
    "name": "Require(43) node_modules/egg-i18n/app.js",
    "start": 1648456934552,
    "end": 1648456934560,
    "duration": 8,
    "pid": 24232,
    "index": 53
  },
  {
    "name": "Require(44) node_modules/egg-watcher/app.js",
    "start": 1648456934561,
    "end": 1648456934562,
    "duration": 1,
    "pid": 24232,
    "index": 54
  },
  {
    "name": "Require(45) node_modules/egg-schedule/app.js",
    "start": 1648456934562,
    "end": 1648456934563,
    "duration": 1,
    "pid": 24232,
    "index": 55
  },
  {
    "name": "Require(46) node_modules/egg-multipart/app.js",
    "start": 1648456934563,
    "end": 1648456934564,
    "duration": 1,
    "pid": 24232,
    "index": 56
  },
  {
    "name": "Require(47) node_modules/egg-development/app.js",
    "start": 1648456934564,
    "end": 1648456934564,
    "duration": 0,
    "pid": 24232,
    "index": 57
  },
  {
    "name": "Require(48) node_modules/egg-logrotator/app.js",
    "start": 1648456934564,
    "end": 1648456934564,
    "duration": 0,
    "pid": 24232,
    "index": 58
  },
  {
    "name": "Require(49) node_modules/egg-static/app.js",
    "start": 1648456934564,
    "end": 1648456934565,
    "duration": 1,
    "pid": 24232,
    "index": 59
  },
  {
    "name": "Require(50) node_modules/egg-mongoose/app.js",
    "start": 1648456934565,
    "end": 1648456934565,
    "duration": 0,
    "pid": 24232,
    "index": 60
  },
  {
    "name": "Require(51) node_modules/egg-validate/app.js",
    "start": 1648456934565,
    "end": 1648456934566,
    "duration": 1,
    "pid": 24232,
    "index": 61
  },
  {
    "name": "Require(52) node_modules/egg-cors/app.js",
    "start": 1648456934566,
    "end": 1648456934566,
    "duration": 0,
    "pid": 24232,
    "index": 62
  },
  {
    "name": "Before Start in node_modules/egg-watcher/lib/init.js:15:14",
    "start": 1648456934574,
    "end": 1648456934973,
    "duration": 399,
    "pid": 24232,
    "index": 63
  },
  {
    "name": "Before Start in node_modules/egg-mongoose/lib/mongoose.js:104:7",
    "start": 1648456934826,
    "end": 1648456934971,
    "duration": 145,
    "pid": 24232,
    "index": 64
  },
  {
    "name": "Before Start in node_modules/egg-mongoose/lib/mongoose.js:52:9",
    "start": 1648456934826,
    "end": 1648456934961,
    "duration": 135,
    "pid": 24232,
    "index": 65
  },
  {
    "name": "Load Service",
    "start": 1648456934826,
    "end": 1648456934846,
    "duration": 20,
    "pid": 24232,
    "index": 66
  },
  {
    "name": "Load \"service\" to Context",
    "start": 1648456934827,
    "end": 1648456934846,
    "duration": 19,
    "pid": 24232,
    "index": 67
  },
  {
    "name": "Load Middleware",
    "start": 1648456934846,
    "end": 1648456934908,
    "duration": 62,
    "pid": 24232,
    "index": 68
  },
  {
    "name": "Load \"middlewares\" to Application",
    "start": 1648456934846,
    "end": 1648456934901,
    "duration": 55,
    "pid": 24232,
    "index": 69
  },
  {
    "name": "Load Controller",
    "start": 1648456934908,
    "end": 1648456934939,
    "duration": 31,
    "pid": 24232,
    "index": 70
  },
  {
    "name": "Load \"controller\" to Application",
    "start": 1648456934908,
    "end": 1648456934939,
    "duration": 31,
    "pid": 24232,
    "index": 71
  },
  {
    "name": "Load Router",
    "start": 1648456934939,
    "end": 1648456934941,
    "duration": 2,
    "pid": 24232,
    "index": 72
  },
  {
    "name": "Require(53) app/router.js",
    "start": 1648456934939,
    "end": 1648456934939,
    "duration": 0,
    "pid": 24232,
    "index": 73
  },
  {
    "name": "Before Start in node_modules/egg-core/lib/egg.js:303:10",
    "start": 1648456934940,
    "end": 1648456934961,
    "duration": 21,
    "pid": 24232,
    "index": 74
  },
  {
    "name": "Load \"model\" to Application",
    "start": 1648456934947,
    "end": 1648456934960,
    "duration": 13,
    "pid": 24232,
    "index": 75
  }
]