[
  {
    "name": "Process Start",
    "start": 1648462638077,
    "end": 1648462638778,
    "duration": 701,
    "pid": 38948,
    "index": 0
  },
  {
    "name": "Application Start",
    "start": 1648462638778,
    "end": 1648462639346,
    "duration": 568,
    "pid": 38948,
    "index": 1
  },
  {
    "name": "Load Plugin",
    "start": 1648462638781,
    "end": 1648462638791,
    "duration": 10,
    "pid": 38948,
    "index": 2
  },
  {
    "name": "Load Config",
    "start": 1648462638791,
    "end": 1648462638809,
    "duration": 18,
    "pid": 38948,
    "index": 3
  },
  {
    "name": "Require(0) config/config.default.js",
    "start": 1648462638792,
    "end": 1648462638792,
    "duration": 0,
    "pid": 38948,
    "index": 4
  },
  {
    "name": "Require(1) config/config.local.js",
    "start": 1648462638793,
    "end": 1648462638793,
    "duration": 0,
    "pid": 38948,
    "index": 5
  },
  {
    "name": "Require(2) node_modules/egg-session/config/config.default.js",
    "start": 1648462638793,
    "end": 1648462638794,
    "duration": 1,
    "pid": 38948,
    "index": 6
  },
  {
    "name": "Require(3) node_modules/egg-security/config/config.default.js",
    "start": 1648462638794,
    "end": 1648462638794,
    "duration": 0,
    "pid": 38948,
    "index": 7
  },
  {
    "name": "Require(4) node_modules/egg-jsonp/config/config.default.js",
    "start": 1648462638795,
    "end": 1648462638795,
    "duration": 0,
    "pid": 38948,
    "index": 8
  },
  {
    "name": "Require(5) node_modules/egg-onerror/config/config.default.js",
    "start": 1648462638795,
    "end": 1648462638795,
    "duration": 0,
    "pid": 38948,
    "index": 9
  },
  {
    "name": "Require(6) node_modules/egg-i18n/config/config.default.js",
    "start": 1648462638796,
    "end": 1648462638796,
    "duration": 0,
    "pid": 38948,
    "index": 10
  },
  {
    "name": "Require(7) node_modules/egg-watcher/config/config.default.js",
    "start": 1648462638797,
    "end": 1648462638797,
    "duration": 0,
    "pid": 38948,
    "index": 11
  },
  {
    "name": "Require(8) node_modules/egg-schedule/config/config.default.js",
    "start": 1648462638797,
    "end": 1648462638797,
    "duration": 0,
    "pid": 38948,
    "index": 12
  },
  {
    "name": "Require(9) node_modules/egg-multipart/config/config.default.js",
    "start": 1648462638798,
    "end": 1648462638798,
    "duration": 0,
    "pid": 38948,
    "index": 13
  },
  {
    "name": "Require(10) node_modules/egg-development/config/config.default.js",
    "start": 1648462638798,
    "end": 1648462638799,
    "duration": 1,
    "pid": 38948,
    "index": 14
  },
  {
    "name": "Require(11) node_modules/egg-logrotator/config/config.default.js",
    "start": 1648462638799,
    "end": 1648462638799,
    "duration": 0,
    "pid": 38948,
    "index": 15
  },
  {
    "name": "Require(12) node_modules/egg-static/config/config.default.js",
    "start": 1648462638799,
    "end": 1648462638800,
    "duration": 1,
    "pid": 38948,
    "index": 16
  },
  {
    "name": "Require(13) node_modules/egg-view/config/config.default.js",
    "start": 1648462638800,
    "end": 1648462638800,
    "duration": 0,
    "pid": 38948,
    "index": 17
  },
  {
    "name": "Require(14) node_modules/egg-mongoose/config/config.default.js",
    "start": 1648462638801,
    "end": 1648462638801,
    "duration": 0,
    "pid": 38948,
    "index": 18
  },
  {
    "name": "Require(15) node_modules/egg-validate/config/config.default.js",
    "start": 1648462638801,
    "end": 1648462638801,
    "duration": 0,
    "pid": 38948,
    "index": 19
  },
  {
    "name": "Require(16) node_modules/egg-cors/config/config.default.js",
    "start": 1648462638801,
    "end": 1648462638802,
    "duration": 1,
    "pid": 38948,
    "index": 20
  },
  {
    "name": "Require(17) node_modules/egg/config/config.default.js",
    "start": 1648462638802,
    "end": 1648462638802,
    "duration": 0,
    "pid": 38948,
    "index": 21
  },
  {
    "name": "Require(18) config/config.default.js",
    "start": 1648462638803,
    "end": 1648462638803,
    "duration": 0,
    "pid": 38948,
    "index": 22
  },
  {
    "name": "Require(19) node_modules/egg-security/config/config.local.js",
    "start": 1648462638803,
    "end": 1648462638804,
    "duration": 1,
    "pid": 38948,
    "index": 23
  },
  {
    "name": "Require(20) node_modules/egg-watcher/config/config.local.js",
    "start": 1648462638805,
    "end": 1648462638805,
    "duration": 0,
    "pid": 38948,
    "index": 24
  },
  {
    "name": "Require(21) node_modules/egg-view/config/config.local.js",
    "start": 1648462638808,
    "end": 1648462638808,
    "duration": 0,
    "pid": 38948,
    "index": 25
  },
  {
    "name": "Require(22) node_modules/egg/config/config.local.js",
    "start": 1648462638808,
    "end": 1648462638809,
    "duration": 1,
    "pid": 38948,
    "index": 26
  },
  {
    "name": "Require(23) config/config.local.js",
    "start": 1648462638809,
    "end": 1648462638809,
    "duration": 0,
    "pid": 38948,
    "index": 27
  },
  {
    "name": "Load extend/application.js",
    "start": 1648462638810,
    "end": 1648462638844,
    "duration": 34,
    "pid": 38948,
    "index": 28
  },
  {
    "name": "Require(24) node_modules/egg-session/app/extend/application.js",
    "start": 1648462638810,
    "end": 1648462638811,
    "duration": 1,
    "pid": 38948,
    "index": 29
  },
  {
    "name": "Require(25) node_modules/egg-security/app/extend/application.js",
    "start": 1648462638811,
    "end": 1648462638811,
    "duration": 0,
    "pid": 38948,
    "index": 30
  },
  {
    "name": "Require(26) node_modules/egg-jsonp/app/extend/application.js",
    "start": 1648462638812,
    "end": 1648462638812,
    "duration": 0,
    "pid": 38948,
    "index": 31
  },
  {
    "name": "Require(27) node_modules/egg-logrotator/app/extend/application.js",
    "start": 1648462638813,
    "end": 1648462638814,
    "duration": 1,
    "pid": 38948,
    "index": 32
  },
  {
    "name": "Require(28) node_modules/egg-view/app/extend/application.js",
    "start": 1648462638814,
    "end": 1648462638815,
    "duration": 1,
    "pid": 38948,
    "index": 33
  },
  {
    "name": "Require(29) app/extend/application.js",
    "start": 1648462638816,
    "end": 1648462638843,
    "duration": 27,
    "pid": 38948,
    "index": 34
  },
  {
    "name": "Load extend/request.js",
    "start": 1648462638844,
    "end": 1648462638848,
    "duration": 4,
    "pid": 38948,
    "index": 35
  },
  {
    "name": "Require(30) node_modules/egg/app/extend/request.js",
    "start": 1648462638846,
    "end": 1648462638846,
    "duration": 0,
    "pid": 38948,
    "index": 36
  },
  {
    "name": "Load extend/response.js",
    "start": 1648462638848,
    "end": 1648462638851,
    "duration": 3,
    "pid": 38948,
    "index": 37
  },
  {
    "name": "Require(31) node_modules/egg/app/extend/response.js",
    "start": 1648462638849,
    "end": 1648462638850,
    "duration": 1,
    "pid": 38948,
    "index": 38
  },
  {
    "name": "Load extend/context.js",
    "start": 1648462638851,
    "end": 1648462638889,
    "duration": 38,
    "pid": 38948,
    "index": 39
  },
  {
    "name": "Require(32) node_modules/egg-security/app/extend/context.js",
    "start": 1648462638851,
    "end": 1648462638856,
    "duration": 5,
    "pid": 38948,
    "index": 40
  },
  {
    "name": "Require(33) node_modules/egg-jsonp/app/extend/context.js",
    "start": 1648462638856,
    "end": 1648462638857,
    "duration": 1,
    "pid": 38948,
    "index": 41
  },
  {
    "name": "Require(34) node_modules/egg-i18n/app/extend/context.js",
    "start": 1648462638857,
    "end": 1648462638857,
    "duration": 0,
    "pid": 38948,
    "index": 42
  },
  {
    "name": "Require(35) node_modules/egg-multipart/app/extend/context.js",
    "start": 1648462638858,
    "end": 1648462638885,
    "duration": 27,
    "pid": 38948,
    "index": 43
  },
  {
    "name": "Require(36) node_modules/egg-view/app/extend/context.js",
    "start": 1648462638886,
    "end": 1648462638886,
    "duration": 0,
    "pid": 38948,
    "index": 44
  },
  {
    "name": "Require(37) node_modules/egg-mongoose/app/extend/context.js",
    "start": 1648462638887,
    "end": 1648462638887,
    "duration": 0,
    "pid": 38948,
    "index": 45
  },
  {
    "name": "Require(38) node_modules/egg-validate/app/extend/context.js",
    "start": 1648462638887,
    "end": 1648462638887,
    "duration": 0,
    "pid": 38948,
    "index": 46
  },
  {
    "name": "Require(39) node_modules/egg/app/extend/context.js",
    "start": 1648462638887,
    "end": 1648462638888,
    "duration": 1,
    "pid": 38948,
    "index": 47
  },
  {
    "name": "Load extend/helper.js",
    "start": 1648462638889,
    "end": 1648462638902,
    "duration": 13,
    "pid": 38948,
    "index": 48
  },
  {
    "name": "Require(40) node_modules/egg-security/app/extend/helper.js",
    "start": 1648462638890,
    "end": 1648462638899,
    "duration": 9,
    "pid": 38948,
    "index": 49
  },
  {
    "name": "Require(41) node_modules/egg/app/extend/helper.js",
    "start": 1648462638900,
    "end": 1648462638900,
    "duration": 0,
    "pid": 38948,
    "index": 50
  },
  {
    "name": "Require(42) app/extend/helper.js",
    "start": 1648462638900,
    "end": 1648462638901,
    "duration": 1,
    "pid": 38948,
    "index": 51
  },
  {
    "name": "Load app.js",
    "start": 1648462638902,
    "end": 1648462638928,
    "duration": 26,
    "pid": 38948,
    "index": 52
  },
  {
    "name": "Require(43) node_modules/egg-session/app.js",
    "start": 1648462638902,
    "end": 1648462638903,
    "duration": 1,
    "pid": 38948,
    "index": 53
  },
  {
    "name": "Require(44) node_modules/egg-security/app.js",
    "start": 1648462638903,
    "end": 1648462638904,
    "duration": 1,
    "pid": 38948,
    "index": 54
  },
  {
    "name": "Require(45) node_modules/egg-onerror/app.js",
    "start": 1648462638904,
    "end": 1648462638908,
    "duration": 4,
    "pid": 38948,
    "index": 55
  },
  {
    "name": "Require(46) node_modules/egg-i18n/app.js",
    "start": 1648462638908,
    "end": 1648462638920,
    "duration": 12,
    "pid": 38948,
    "index": 56
  },
  {
    "name": "Require(47) node_modules/egg-watcher/app.js",
    "start": 1648462638920,
    "end": 1648462638922,
    "duration": 2,
    "pid": 38948,
    "index": 57
  },
  {
    "name": "Require(48) node_modules/egg-schedule/app.js",
    "start": 1648462638922,
    "end": 1648462638923,
    "duration": 1,
    "pid": 38948,
    "index": 58
  },
  {
    "name": "Require(49) node_modules/egg-multipart/app.js",
    "start": 1648462638923,
    "end": 1648462638923,
    "duration": 0,
    "pid": 38948,
    "index": 59
  },
  {
    "name": "Require(50) node_modules/egg-development/app.js",
    "start": 1648462638924,
    "end": 1648462638924,
    "duration": 0,
    "pid": 38948,
    "index": 60
  },
  {
    "name": "Require(51) node_modules/egg-logrotator/app.js",
    "start": 1648462638924,
    "end": 1648462638924,
    "duration": 0,
    "pid": 38948,
    "index": 61
  },
  {
    "name": "Require(52) node_modules/egg-static/app.js",
    "start": 1648462638924,
    "end": 1648462638925,
    "duration": 1,
    "pid": 38948,
    "index": 62
  },
  {
    "name": "Require(53) node_modules/egg-mongoose/app.js",
    "start": 1648462638925,
    "end": 1648462638925,
    "duration": 0,
    "pid": 38948,
    "index": 63
  },
  {
    "name": "Require(54) node_modules/egg-validate/app.js",
    "start": 1648462638925,
    "end": 1648462638927,
    "duration": 2,
    "pid": 38948,
    "index": 64
  },
  {
    "name": "Require(55) node_modules/egg-cors/app.js",
    "start": 1648462638927,
    "end": 1648462638927,
    "duration": 0,
    "pid": 38948,
    "index": 65
  },
  {
    "name": "Before Start in node_modules/egg-watcher/lib/init.js:15:14",
    "start": 1648462638934,
    "end": 1648462639346,
    "duration": 412,
    "pid": 38948,
    "index": 66
  },
  {
    "name": "Before Start in node_modules/egg-mongoose/lib/mongoose.js:104:7",
    "start": 1648462639207,
    "end": 1648462639345,
    "duration": 138,
    "pid": 38948,
    "index": 67
  },
  {
    "name": "Before Start in node_modules/egg-mongoose/lib/mongoose.js:52:9",
    "start": 1648462639207,
    "end": 1648462639333,
    "duration": 126,
    "pid": 38948,
    "index": 68
  },
  {
    "name": "Load Service",
    "start": 1648462639207,
    "end": 1648462639233,
    "duration": 26,
    "pid": 38948,
    "index": 69
  },
  {
    "name": "Load \"service\" to Context",
    "start": 1648462639208,
    "end": 1648462639233,
    "duration": 25,
    "pid": 38948,
    "index": 70
  },
  {
    "name": "Load Middleware",
    "start": 1648462639233,
    "end": 1648462639307,
    "duration": 74,
    "pid": 38948,
    "index": 71
  },
  {
    "name": "Load \"middlewares\" to Application",
    "start": 1648462639233,
    "end": 1648462639300,
    "duration": 67,
    "pid": 38948,
    "index": 72
  },
  {
    "name": "Load Controller",
    "start": 1648462639307,
    "end": 1648462639310,
    "duration": 3,
    "pid": 38948,
    "index": 73
  },
  {
    "name": "Load \"controller\" to Application",
    "start": 1648462639307,
    "end": 1648462639310,
    "duration": 3,
    "pid": 38948,
    "index": 74
  },
  {
    "name": "Load Router",
    "start": 1648462639310,
    "end": 1648462639312,
    "duration": 2,
    "pid": 38948,
    "index": 75
  },
  {
    "name": "Require(56) app/router.js",
    "start": 1648462639310,
    "end": 1648462639311,
    "duration": 1,
    "pid": 38948,
    "index": 76
  },
  {
    "name": "Before Start in node_modules/egg-core/lib/egg.js:303:10",
    "start": 1648462639311,
    "end": 1648462639333,
    "duration": 22,
    "pid": 38948,
    "index": 77
  },
  {
    "name": "Load \"model\" to Application",
    "start": 1648462639319,
    "end": 1648462639332,
    "duration": 13,
    "pid": 38948,
    "index": 78
  }
]