[
  {
    "name": "Process Start",
    "start": 1648460266101,
    "end": 1648460266808,
    "duration": 707,
    "pid": 39320,
    "index": 0
  },
  {
    "name": "Application Start",
    "start": 1648460266808,
    "end": 1648460267331,
    "duration": 523,
    "pid": 39320,
    "index": 1
  },
  {
    "name": "Load Plugin",
    "start": 1648460266812,
    "end": 1648460266822,
    "duration": 10,
    "pid": 39320,
    "index": 2
  },
  {
    "name": "Load Config",
    "start": 1648460266822,
    "end": 1648460266837,
    "duration": 15,
    "pid": 39320,
    "index": 3
  },
  {
    "name": "Require(0) config/config.default.js",
    "start": 1648460266823,
    "end": 1648460266823,
    "duration": 0,
    "pid": 39320,
    "index": 4
  },
  {
    "name": "Require(1) config/config.local.js",
    "start": 1648460266824,
    "end": 1648460266824,
    "duration": 0,
    "pid": 39320,
    "index": 5
  },
  {
    "name": "Require(2) node_modules/egg-session/config/config.default.js",
    "start": 1648460266824,
    "end": 1648460266824,
    "duration": 0,
    "pid": 39320,
    "index": 6
  },
  {
    "name": "Require(3) node_modules/egg-security/config/config.default.js",
    "start": 1648460266825,
    "end": 1648460266825,
    "duration": 0,
    "pid": 39320,
    "index": 7
  },
  {
    "name": "Require(4) node_modules/egg-jsonp/config/config.default.js",
    "start": 1648460266826,
    "end": 1648460266826,
    "duration": 0,
    "pid": 39320,
    "index": 8
  },
  {
    "name": "Require(5) node_modules/egg-onerror/config/config.default.js",
    "start": 1648460266826,
    "end": 1648460266826,
    "duration": 0,
    "pid": 39320,
    "index": 9
  },
  {
    "name": "Require(6) node_modules/egg-i18n/config/config.default.js",
    "start": 1648460266826,
    "end": 1648460266827,
    "duration": 1,
    "pid": 39320,
    "index": 10
  },
  {
    "name": "Require(7) node_modules/egg-watcher/config/config.default.js",
    "start": 1648460266827,
    "end": 1648460266827,
    "duration": 0,
    "pid": 39320,
    "index": 11
  },
  {
    "name": "Require(8) node_modules/egg-schedule/config/config.default.js",
    "start": 1648460266828,
    "end": 1648460266828,
    "duration": 0,
    "pid": 39320,
    "index": 12
  },
  {
    "name": "Require(9) node_modules/egg-multipart/config/config.default.js",
    "start": 1648460266828,
    "end": 1648460266828,
    "duration": 0,
    "pid": 39320,
    "index": 13
  },
  {
    "name": "Require(10) node_modules/egg-development/config/config.default.js",
    "start": 1648460266829,
    "end": 1648460266829,
    "duration": 0,
    "pid": 39320,
    "index": 14
  },
  {
    "name": "Require(11) node_modules/egg-logrotator/config/config.default.js",
    "start": 1648460266829,
    "end": 1648460266829,
    "duration": 0,
    "pid": 39320,
    "index": 15
  },
  {
    "name": "Require(12) node_modules/egg-static/config/config.default.js",
    "start": 1648460266830,
    "end": 1648460266830,
    "duration": 0,
    "pid": 39320,
    "index": 16
  },
  {
    "name": "Require(13) node_modules/egg-view/config/config.default.js",
    "start": 1648460266830,
    "end": 1648460266830,
    "duration": 0,
    "pid": 39320,
    "index": 17
  },
  {
    "name": "Require(14) node_modules/egg-mongoose/config/config.default.js",
    "start": 1648460266831,
    "end": 1648460266831,
    "duration": 0,
    "pid": 39320,
    "index": 18
  },
  {
    "name": "Require(15) node_modules/egg-validate/config/config.default.js",
    "start": 1648460266831,
    "end": 1648460266831,
    "duration": 0,
    "pid": 39320,
    "index": 19
  },
  {
    "name": "Require(16) node_modules/egg-cors/config/config.default.js",
    "start": 1648460266832,
    "end": 1648460266832,
    "duration": 0,
    "pid": 39320,
    "index": 20
  },
  {
    "name": "Require(17) node_modules/egg/config/config.default.js",
    "start": 1648460266832,
    "end": 1648460266832,
    "duration": 0,
    "pid": 39320,
    "index": 21
  },
  {
    "name": "Require(18) config/config.default.js",
    "start": 1648460266833,
    "end": 1648460266833,
    "duration": 0,
    "pid": 39320,
    "index": 22
  },
  {
    "name": "Require(19) node_modules/egg-security/config/config.local.js",
    "start": 1648460266833,
    "end": 1648460266834,
    "duration": 1,
    "pid": 39320,
    "index": 23
  },
  {
    "name": "Require(20) node_modules/egg-watcher/config/config.local.js",
    "start": 1648460266835,
    "end": 1648460266835,
    "duration": 0,
    "pid": 39320,
    "index": 24
  },
  {
    "name": "Require(21) node_modules/egg-view/config/config.local.js",
    "start": 1648460266836,
    "end": 1648460266836,
    "duration": 0,
    "pid": 39320,
    "index": 25
  },
  {
    "name": "Require(22) node_modules/egg/config/config.local.js",
    "start": 1648460266836,
    "end": 1648460266836,
    "duration": 0,
    "pid": 39320,
    "index": 26
  },
  {
    "name": "Require(23) config/config.local.js",
    "start": 1648460266836,
    "end": 1648460266836,
    "duration": 0,
    "pid": 39320,
    "index": 27
  },
  {
    "name": "Load extend/application.js",
    "start": 1648460266837,
    "end": 1648460266874,
    "duration": 37,
    "pid": 39320,
    "index": 28
  },
  {
    "name": "Require(24) node_modules/egg-session/app/extend/application.js",
    "start": 1648460266838,
    "end": 1648460266838,
    "duration": 0,
    "pid": 39320,
    "index": 29
  },
  {
    "name": "Require(25) node_modules/egg-security/app/extend/application.js",
    "start": 1648460266838,
    "end": 1648460266839,
    "duration": 1,
    "pid": 39320,
    "index": 30
  },
  {
    "name": "Require(26) node_modules/egg-jsonp/app/extend/application.js",
    "start": 1648460266839,
    "end": 1648460266840,
    "duration": 1,
    "pid": 39320,
    "index": 31
  },
  {
    "name": "Require(27) node_modules/egg-logrotator/app/extend/application.js",
    "start": 1648460266841,
    "end": 1648460266841,
    "duration": 0,
    "pid": 39320,
    "index": 32
  },
  {
    "name": "Require(28) node_modules/egg-view/app/extend/application.js",
    "start": 1648460266842,
    "end": 1648460266842,
    "duration": 0,
    "pid": 39320,
    "index": 33
  },
  {
    "name": "Require(29) app/extend/application.js",
    "start": 1648460266843,
    "end": 1648460266873,
    "duration": 30,
    "pid": 39320,
    "index": 34
  },
  {
    "name": "Load extend/request.js",
    "start": 1648460266874,
    "end": 1648460266878,
    "duration": 4,
    "pid": 39320,
    "index": 35
  },
  {
    "name": "Require(30) node_modules/egg/app/extend/request.js",
    "start": 1648460266876,
    "end": 1648460266876,
    "duration": 0,
    "pid": 39320,
    "index": 36
  },
  {
    "name": "Load extend/response.js",
    "start": 1648460266878,
    "end": 1648460266881,
    "duration": 3,
    "pid": 39320,
    "index": 37
  },
  {
    "name": "Require(31) node_modules/egg/app/extend/response.js",
    "start": 1648460266879,
    "end": 1648460266880,
    "duration": 1,
    "pid": 39320,
    "index": 38
  },
  {
    "name": "Load extend/context.js",
    "start": 1648460266881,
    "end": 1648460266920,
    "duration": 39,
    "pid": 39320,
    "index": 39
  },
  {
    "name": "Require(32) node_modules/egg-security/app/extend/context.js",
    "start": 1648460266881,
    "end": 1648460266886,
    "duration": 5,
    "pid": 39320,
    "index": 40
  },
  {
    "name": "Require(33) node_modules/egg-jsonp/app/extend/context.js",
    "start": 1648460266886,
    "end": 1648460266887,
    "duration": 1,
    "pid": 39320,
    "index": 41
  },
  {
    "name": "Require(34) node_modules/egg-i18n/app/extend/context.js",
    "start": 1648460266887,
    "end": 1648460266887,
    "duration": 0,
    "pid": 39320,
    "index": 42
  },
  {
    "name": "Require(35) node_modules/egg-multipart/app/extend/context.js",
    "start": 1648460266888,
    "end": 1648460266916,
    "duration": 28,
    "pid": 39320,
    "index": 43
  },
  {
    "name": "Require(36) node_modules/egg-view/app/extend/context.js",
    "start": 1648460266916,
    "end": 1648460266917,
    "duration": 1,
    "pid": 39320,
    "index": 44
  },
  {
    "name": "Require(37) node_modules/egg-mongoose/app/extend/context.js",
    "start": 1648460266917,
    "end": 1648460266917,
    "duration": 0,
    "pid": 39320,
    "index": 45
  },
  {
    "name": "Require(38) node_modules/egg-validate/app/extend/context.js",
    "start": 1648460266917,
    "end": 1648460266918,
    "duration": 1,
    "pid": 39320,
    "index": 46
  },
  {
    "name": "Require(39) node_modules/egg/app/extend/context.js",
    "start": 1648460266918,
    "end": 1648460266918,
    "duration": 0,
    "pid": 39320,
    "index": 47
  },
  {
    "name": "Load extend/helper.js",
    "start": 1648460266920,
    "end": 1648460266931,
    "duration": 11,
    "pid": 39320,
    "index": 48
  },
  {
    "name": "Require(40) node_modules/egg-security/app/extend/helper.js",
    "start": 1648460266920,
    "end": 1648460266928,
    "duration": 8,
    "pid": 39320,
    "index": 49
  },
  {
    "name": "Require(41) node_modules/egg/app/extend/helper.js",
    "start": 1648460266929,
    "end": 1648460266929,
    "duration": 0,
    "pid": 39320,
    "index": 50
  },
  {
    "name": "Require(42) app/extend/helper.js",
    "start": 1648460266930,
    "end": 1648460266930,
    "duration": 0,
    "pid": 39320,
    "index": 51
  },
  {
    "name": "Load app.js",
    "start": 1648460266931,
    "end": 1648460266953,
    "duration": 22,
    "pid": 39320,
    "index": 52
  },
  {
    "name": "Require(43) node_modules/egg-session/app.js",
    "start": 1648460266931,
    "end": 1648460266932,
    "duration": 1,
    "pid": 39320,
    "index": 53
  },
  {
    "name": "Require(44) node_modules/egg-security/app.js",
    "start": 1648460266932,
    "end": 1648460266932,
    "duration": 0,
    "pid": 39320,
    "index": 54
  },
  {
    "name": "Require(45) node_modules/egg-onerror/app.js",
    "start": 1648460266933,
    "end": 1648460266937,
    "duration": 4,
    "pid": 39320,
    "index": 55
  },
  {
    "name": "Require(46) node_modules/egg-i18n/app.js",
    "start": 1648460266937,
    "end": 1648460266946,
    "duration": 9,
    "pid": 39320,
    "index": 56
  },
  {
    "name": "Require(47) node_modules/egg-watcher/app.js",
    "start": 1648460266947,
    "end": 1648460266948,
    "duration": 1,
    "pid": 39320,
    "index": 57
  },
  {
    "name": "Require(48) node_modules/egg-schedule/app.js",
    "start": 1648460266948,
    "end": 1648460266949,
    "duration": 1,
    "pid": 39320,
    "index": 58
  },
  {
    "name": "Require(49) node_modules/egg-multipart/app.js",
    "start": 1648460266949,
    "end": 1648460266950,
    "duration": 1,
    "pid": 39320,
    "index": 59
  },
  {
    "name": "Require(50) node_modules/egg-development/app.js",
    "start": 1648460266950,
    "end": 1648460266950,
    "duration": 0,
    "pid": 39320,
    "index": 60
  },
  {
    "name": "Require(51) node_modules/egg-logrotator/app.js",
    "start": 1648460266950,
    "end": 1648460266950,
    "duration": 0,
    "pid": 39320,
    "index": 61
  },
  {
    "name": "Require(52) node_modules/egg-static/app.js",
    "start": 1648460266951,
    "end": 1648460266951,
    "duration": 0,
    "pid": 39320,
    "index": 62
  },
  {
    "name": "Require(53) node_modules/egg-mongoose/app.js",
    "start": 1648460266951,
    "end": 1648460266951,
    "duration": 0,
    "pid": 39320,
    "index": 63
  },
  {
    "name": "Require(54) node_modules/egg-validate/app.js",
    "start": 1648460266951,
    "end": 1648460266952,
    "duration": 1,
    "pid": 39320,
    "index": 64
  },
  {
    "name": "Require(55) node_modules/egg-cors/app.js",
    "start": 1648460266953,
    "end": 1648460266953,
    "duration": 0,
    "pid": 39320,
    "index": 65
  },
  {
    "name": "Before Start in node_modules/egg-watcher/lib/init.js:15:14",
    "start": 1648460266960,
    "end": 1648460267325,
    "duration": 365,
    "pid": 39320,
    "index": 66
  },
  {
    "name": "Before Start in node_modules/egg-mongoose/lib/mongoose.js:104:7",
    "start": 1648460267209,
    "end": 1648460267330,
    "duration": 121,
    "pid": 39320,
    "index": 67
  },
  {
    "name": "Before Start in node_modules/egg-mongoose/lib/mongoose.js:52:9",
    "start": 1648460267209,
    "end": 1648460267316,
    "duration": 107,
    "pid": 39320,
    "index": 68
  },
  {
    "name": "Load Service",
    "start": 1648460267209,
    "end": 1648460267229,
    "duration": 20,
    "pid": 39320,
    "index": 69
  },
  {
    "name": "Load \"service\" to Context",
    "start": 1648460267209,
    "end": 1648460267229,
    "duration": 20,
    "pid": 39320,
    "index": 70
  },
  {
    "name": "Load Middleware",
    "start": 1648460267229,
    "end": 1648460267292,
    "duration": 63,
    "pid": 39320,
    "index": 71
  },
  {
    "name": "Load \"middlewares\" to Application",
    "start": 1648460267229,
    "end": 1648460267285,
    "duration": 56,
    "pid": 39320,
    "index": 72
  },
  {
    "name": "Load Controller",
    "start": 1648460267292,
    "end": 1648460267294,
    "duration": 2,
    "pid": 39320,
    "index": 73
  },
  {
    "name": "Load \"controller\" to Application",
    "start": 1648460267292,
    "end": 1648460267294,
    "duration": 2,
    "pid": 39320,
    "index": 74
  },
  {
    "name": "Load Router",
    "start": 1648460267294,
    "end": 1648460267298,
    "duration": 4,
    "pid": 39320,
    "index": 75
  },
  {
    "name": "Require(56) app/router.js",
    "start": 1648460267294,
    "end": 1648460267295,
    "duration": 1,
    "pid": 39320,
    "index": 76
  },
  {
    "name": "Before Start in node_modules/egg-core/lib/egg.js:303:10",
    "start": 1648460267296,
    "end": 1648460267316,
    "duration": 20,
    "pid": 39320,
    "index": 77
  },
  {
    "name": "Load \"model\" to Application",
    "start": 1648460267303,
    "end": 1648460267316,
    "duration": 13,
    "pid": 39320,
    "index": 78
  }
]