[
  {
    "name": "Process Start",
    "start": 1648546368970,
    "end": 1648546369723,
    "duration": 753,
    "pid": 37408,
    "index": 0
  },
  {
    "name": "Application Start",
    "start": 1648546369723,
    "end": 1648546370238,
    "duration": 515,
    "pid": 37408,
    "index": 1
  },
  {
    "name": "Load Plugin",
    "start": 1648546369726,
    "end": 1648546369736,
    "duration": 10,
    "pid": 37408,
    "index": 2
  },
  {
    "name": "Load Config",
    "start": 1648546369736,
    "end": 1648546369754,
    "duration": 18,
    "pid": 37408,
    "index": 3
  },
  {
    "name": "Require(0) config/config.default.js",
    "start": 1648546369736,
    "end": 1648546369737,
    "duration": 1,
    "pid": 37408,
    "index": 4
  },
  {
    "name": "Require(1) config/config.local.js",
    "start": 1648546369737,
    "end": 1648546369738,
    "duration": 1,
    "pid": 37408,
    "index": 5
  },
  {
    "name": "Require(2) node_modules/egg-session/config/config.default.js",
    "start": 1648546369738,
    "end": 1648546369739,
    "duration": 1,
    "pid": 37408,
    "index": 6
  },
  {
    "name": "Require(3) node_modules/egg-security/config/config.default.js",
    "start": 1648546369739,
    "end": 1648546369739,
    "duration": 0,
    "pid": 37408,
    "index": 7
  },
  {
    "name": "Require(4) node_modules/egg-jsonp/config/config.default.js",
    "start": 1648546369740,
    "end": 1648546369740,
    "duration": 0,
    "pid": 37408,
    "index": 8
  },
  {
    "name": "Require(5) node_modules/egg-onerror/config/config.default.js",
    "start": 1648546369740,
    "end": 1648546369741,
    "duration": 1,
    "pid": 37408,
    "index": 9
  },
  {
    "name": "Require(6) node_modules/egg-i18n/config/config.default.js",
    "start": 1648546369741,
    "end": 1648546369741,
    "duration": 0,
    "pid": 37408,
    "index": 10
  },
  {
    "name": "Require(7) node_modules/egg-watcher/config/config.default.js",
    "start": 1648546369742,
    "end": 1648546369742,
    "duration": 0,
    "pid": 37408,
    "index": 11
  },
  {
    "name": "Require(8) node_modules/egg-schedule/config/config.default.js",
    "start": 1648546369742,
    "end": 1648546369742,
    "duration": 0,
    "pid": 37408,
    "index": 12
  },
  {
    "name": "Require(9) node_modules/egg-multipart/config/config.default.js",
    "start": 1648546369743,
    "end": 1648546369743,
    "duration": 0,
    "pid": 37408,
    "index": 13
  },
  {
    "name": "Require(10) node_modules/egg-development/config/config.default.js",
    "start": 1648546369743,
    "end": 1648546369744,
    "duration": 1,
    "pid": 37408,
    "index": 14
  },
  {
    "name": "Require(11) node_modules/egg-logrotator/config/config.default.js",
    "start": 1648546369744,
    "end": 1648546369744,
    "duration": 0,
    "pid": 37408,
    "index": 15
  },
  {
    "name": "Require(12) node_modules/egg-static/config/config.default.js",
    "start": 1648546369744,
    "end": 1648546369745,
    "duration": 1,
    "pid": 37408,
    "index": 16
  },
  {
    "name": "Require(13) node_modules/egg-view/config/config.default.js",
    "start": 1648546369745,
    "end": 1648546369745,
    "duration": 0,
    "pid": 37408,
    "index": 17
  },
  {
    "name": "Require(14) node_modules/egg-mongoose/config/config.default.js",
    "start": 1648546369746,
    "end": 1648546369746,
    "duration": 0,
    "pid": 37408,
    "index": 18
  },
  {
    "name": "Require(15) node_modules/egg-validate/config/config.default.js",
    "start": 1648546369746,
    "end": 1648546369746,
    "duration": 0,
    "pid": 37408,
    "index": 19
  },
  {
    "name": "Require(16) node_modules/egg-cors/config/config.default.js",
    "start": 1648546369747,
    "end": 1648546369747,
    "duration": 0,
    "pid": 37408,
    "index": 20
  },
  {
    "name": "Require(17) node_modules/egg/config/config.default.js",
    "start": 1648546369747,
    "end": 1648546369747,
    "duration": 0,
    "pid": 37408,
    "index": 21
  },
  {
    "name": "Require(18) config/config.default.js",
    "start": 1648546369748,
    "end": 1648546369748,
    "duration": 0,
    "pid": 37408,
    "index": 22
  },
  {
    "name": "Require(19) node_modules/egg-security/config/config.local.js",
    "start": 1648546369749,
    "end": 1648546369750,
    "duration": 1,
    "pid": 37408,
    "index": 23
  },
  {
    "name": "Require(20) node_modules/egg-watcher/config/config.local.js",
    "start": 1648546369752,
    "end": 1648546369752,
    "duration": 0,
    "pid": 37408,
    "index": 24
  },
  {
    "name": "Require(21) node_modules/egg-view/config/config.local.js",
    "start": 1648546369753,
    "end": 1648546369753,
    "duration": 0,
    "pid": 37408,
    "index": 25
  },
  {
    "name": "Require(22) node_modules/egg/config/config.local.js",
    "start": 1648546369754,
    "end": 1648546369754,
    "duration": 0,
    "pid": 37408,
    "index": 26
  },
  {
    "name": "Require(23) config/config.local.js",
    "start": 1648546369754,
    "end": 1648546369754,
    "duration": 0,
    "pid": 37408,
    "index": 27
  },
  {
    "name": "Load extend/application.js",
    "start": 1648546369755,
    "end": 1648546369789,
    "duration": 34,
    "pid": 37408,
    "index": 28
  },
  {
    "name": "Require(24) node_modules/egg-session/app/extend/application.js",
    "start": 1648546369755,
    "end": 1648546369756,
    "duration": 1,
    "pid": 37408,
    "index": 29
  },
  {
    "name": "Require(25) node_modules/egg-security/app/extend/application.js",
    "start": 1648546369756,
    "end": 1648546369757,
    "duration": 1,
    "pid": 37408,
    "index": 30
  },
  {
    "name": "Require(26) node_modules/egg-jsonp/app/extend/application.js",
    "start": 1648546369757,
    "end": 1648546369757,
    "duration": 0,
    "pid": 37408,
    "index": 31
  },
  {
    "name": "Require(27) node_modules/egg-logrotator/app/extend/application.js",
    "start": 1648546369758,
    "end": 1648546369759,
    "duration": 1,
    "pid": 37408,
    "index": 32
  },
  {
    "name": "Require(28) node_modules/egg-view/app/extend/application.js",
    "start": 1648546369760,
    "end": 1648546369760,
    "duration": 0,
    "pid": 37408,
    "index": 33
  },
  {
    "name": "Require(29) app/extend/application.js",
    "start": 1648546369761,
    "end": 1648546369787,
    "duration": 26,
    "pid": 37408,
    "index": 34
  },
  {
    "name": "Load extend/request.js",
    "start": 1648546369789,
    "end": 1648546369792,
    "duration": 3,
    "pid": 37408,
    "index": 35
  },
  {
    "name": "Require(30) node_modules/egg/app/extend/request.js",
    "start": 1648546369790,
    "end": 1648546369791,
    "duration": 1,
    "pid": 37408,
    "index": 36
  },
  {
    "name": "Load extend/response.js",
    "start": 1648546369792,
    "end": 1648546369795,
    "duration": 3,
    "pid": 37408,
    "index": 37
  },
  {
    "name": "Require(31) node_modules/egg/app/extend/response.js",
    "start": 1648546369793,
    "end": 1648546369794,
    "duration": 1,
    "pid": 37408,
    "index": 38
  },
  {
    "name": "Load extend/context.js",
    "start": 1648546369795,
    "end": 1648546369834,
    "duration": 39,
    "pid": 37408,
    "index": 39
  },
  {
    "name": "Require(32) node_modules/egg-security/app/extend/context.js",
    "start": 1648546369796,
    "end": 1648546369800,
    "duration": 4,
    "pid": 37408,
    "index": 40
  },
  {
    "name": "Require(33) node_modules/egg-jsonp/app/extend/context.js",
    "start": 1648546369800,
    "end": 1648546369801,
    "duration": 1,
    "pid": 37408,
    "index": 41
  },
  {
    "name": "Require(34) node_modules/egg-i18n/app/extend/context.js",
    "start": 1648546369801,
    "end": 1648546369801,
    "duration": 0,
    "pid": 37408,
    "index": 42
  },
  {
    "name": "Require(35) node_modules/egg-multipart/app/extend/context.js",
    "start": 1648546369802,
    "end": 1648546369830,
    "duration": 28,
    "pid": 37408,
    "index": 43
  },
  {
    "name": "Require(36) node_modules/egg-view/app/extend/context.js",
    "start": 1648546369830,
    "end": 1648546369831,
    "duration": 1,
    "pid": 37408,
    "index": 44
  },
  {
    "name": "Require(37) node_modules/egg-mongoose/app/extend/context.js",
    "start": 1648546369831,
    "end": 1648546369831,
    "duration": 0,
    "pid": 37408,
    "index": 45
  },
  {
    "name": "Require(38) node_modules/egg-validate/app/extend/context.js",
    "start": 1648546369831,
    "end": 1648546369832,
    "duration": 1,
    "pid": 37408,
    "index": 46
  },
  {
    "name": "Require(39) node_modules/egg/app/extend/context.js",
    "start": 1648546369832,
    "end": 1648546369832,
    "duration": 0,
    "pid": 37408,
    "index": 47
  },
  {
    "name": "Load extend/helper.js",
    "start": 1648546369834,
    "end": 1648546369845,
    "duration": 11,
    "pid": 37408,
    "index": 48
  },
  {
    "name": "Require(40) node_modules/egg-security/app/extend/helper.js",
    "start": 1648546369834,
    "end": 1648546369842,
    "duration": 8,
    "pid": 37408,
    "index": 49
  },
  {
    "name": "Require(41) node_modules/egg/app/extend/helper.js",
    "start": 1648546369844,
    "end": 1648546369844,
    "duration": 0,
    "pid": 37408,
    "index": 50
  },
  {
    "name": "Require(42) app/extend/helper.js",
    "start": 1648546369844,
    "end": 1648546369844,
    "duration": 0,
    "pid": 37408,
    "index": 51
  },
  {
    "name": "Load app.js",
    "start": 1648546369846,
    "end": 1648546369867,
    "duration": 21,
    "pid": 37408,
    "index": 52
  },
  {
    "name": "Require(43) node_modules/egg-session/app.js",
    "start": 1648546369846,
    "end": 1648546369846,
    "duration": 0,
    "pid": 37408,
    "index": 53
  },
  {
    "name": "Require(44) node_modules/egg-security/app.js",
    "start": 1648546369846,
    "end": 1648546369847,
    "duration": 1,
    "pid": 37408,
    "index": 54
  },
  {
    "name": "Require(45) node_modules/egg-onerror/app.js",
    "start": 1648546369847,
    "end": 1648546369851,
    "duration": 4,
    "pid": 37408,
    "index": 55
  },
  {
    "name": "Require(46) node_modules/egg-i18n/app.js",
    "start": 1648546369851,
    "end": 1648546369861,
    "duration": 10,
    "pid": 37408,
    "index": 56
  },
  {
    "name": "Require(47) node_modules/egg-watcher/app.js",
    "start": 1648546369861,
    "end": 1648546369863,
    "duration": 2,
    "pid": 37408,
    "index": 57
  },
  {
    "name": "Require(48) node_modules/egg-schedule/app.js",
    "start": 1648546369863,
    "end": 1648546369864,
    "duration": 1,
    "pid": 37408,
    "index": 58
  },
  {
    "name": "Require(49) node_modules/egg-multipart/app.js",
    "start": 1648546369864,
    "end": 1648546369864,
    "duration": 0,
    "pid": 37408,
    "index": 59
  },
  {
    "name": "Require(50) node_modules/egg-development/app.js",
    "start": 1648546369864,
    "end": 1648546369864,
    "duration": 0,
    "pid": 37408,
    "index": 60
  },
  {
    "name": "Require(51) node_modules/egg-logrotator/app.js",
    "start": 1648546369865,
    "end": 1648546369865,
    "duration": 0,
    "pid": 37408,
    "index": 61
  },
  {
    "name": "Require(52) node_modules/egg-static/app.js",
    "start": 1648546369865,
    "end": 1648546369865,
    "duration": 0,
    "pid": 37408,
    "index": 62
  },
  {
    "name": "Require(53) node_modules/egg-mongoose/app.js",
    "start": 1648546369865,
    "end": 1648546369865,
    "duration": 0,
    "pid": 37408,
    "index": 63
  },
  {
    "name": "Require(54) node_modules/egg-validate/app.js",
    "start": 1648546369866,
    "end": 1648546369866,
    "duration": 0,
    "pid": 37408,
    "index": 64
  },
  {
    "name": "Require(55) node_modules/egg-cors/app.js",
    "start": 1648546369867,
    "end": 1648546369867,
    "duration": 0,
    "pid": 37408,
    "index": 65
  },
  {
    "name": "Before Start in node_modules/egg-watcher/lib/init.js:15:14",
    "start": 1648546369874,
    "end": 1648546370237,
    "duration": 363,
    "pid": 37408,
    "index": 66
  },
  {
    "name": "Before Start in node_modules/egg-mongoose/lib/mongoose.js:104:7",
    "start": 1648546370120,
    "end": 1648546370236,
    "duration": 116,
    "pid": 37408,
    "index": 67
  },
  {
    "name": "Before Start in node_modules/egg-mongoose/lib/mongoose.js:52:9",
    "start": 1648546370120,
    "end": 1648546370225,
    "duration": 105,
    "pid": 37408,
    "index": 68
  },
  {
    "name": "Load Service",
    "start": 1648546370120,
    "end": 1648546370139,
    "duration": 19,
    "pid": 37408,
    "index": 69
  },
  {
    "name": "Load \"service\" to Context",
    "start": 1648546370120,
    "end": 1648546370139,
    "duration": 19,
    "pid": 37408,
    "index": 70
  },
  {
    "name": "Load Middleware",
    "start": 1648546370139,
    "end": 1648546370204,
    "duration": 65,
    "pid": 37408,
    "index": 71
  },
  {
    "name": "Load \"middlewares\" to Application",
    "start": 1648546370139,
    "end": 1648546370198,
    "duration": 59,
    "pid": 37408,
    "index": 72
  },
  {
    "name": "Load Controller",
    "start": 1648546370204,
    "end": 1648546370206,
    "duration": 2,
    "pid": 37408,
    "index": 73
  },
  {
    "name": "Load \"controller\" to Application",
    "start": 1648546370204,
    "end": 1648546370206,
    "duration": 2,
    "pid": 37408,
    "index": 74
  },
  {
    "name": "Load Router",
    "start": 1648546370206,
    "end": 1648546370208,
    "duration": 2,
    "pid": 37408,
    "index": 75
  },
  {
    "name": "Require(56) app/router.js",
    "start": 1648546370206,
    "end": 1648546370206,
    "duration": 0,
    "pid": 37408,
    "index": 76
  },
  {
    "name": "Before Start in node_modules/egg-core/lib/egg.js:303:10",
    "start": 1648546370206,
    "end": 1648546370225,
    "duration": 19,
    "pid": 37408,
    "index": 77
  },
  {
    "name": "Load \"model\" to Application",
    "start": 1648546370213,
    "end": 1648546370225,
    "duration": 12,
    "pid": 37408,
    "index": 78
  }
]