[
  {
    "name": "Process Start",
    "start": 1648524519710,
    "end": 1648524520701,
    "duration": 991,
    "pid": 36884,
    "index": 0
  },
  {
    "name": "Application Start",
    "start": 1648524520702,
    "end": 1648524521428,
    "duration": 726,
    "pid": 36884,
    "index": 1
  },
  {
    "name": "Load Plugin",
    "start": 1648524520705,
    "end": 1648524520720,
    "duration": 15,
    "pid": 36884,
    "index": 2
  },
  {
    "name": "Load Config",
    "start": 1648524520721,
    "end": 1648524520740,
    "duration": 19,
    "pid": 36884,
    "index": 3
  },
  {
    "name": "Require(0) config/config.default.js",
    "start": 1648524520721,
    "end": 1648524520721,
    "duration": 0,
    "pid": 36884,
    "index": 4
  },
  {
    "name": "Require(1) config/config.local.js",
    "start": 1648524520722,
    "end": 1648524520723,
    "duration": 1,
    "pid": 36884,
    "index": 5
  },
  {
    "name": "Require(2) node_modules/egg-session/config/config.default.js",
    "start": 1648524520723,
    "end": 1648524520723,
    "duration": 0,
    "pid": 36884,
    "index": 6
  },
  {
    "name": "Require(3) node_modules/egg-security/config/config.default.js",
    "start": 1648524520724,
    "end": 1648524520724,
    "duration": 0,
    "pid": 36884,
    "index": 7
  },
  {
    "name": "Require(4) node_modules/egg-jsonp/config/config.default.js",
    "start": 1648524520725,
    "end": 1648524520725,
    "duration": 0,
    "pid": 36884,
    "index": 8
  },
  {
    "name": "Require(5) node_modules/egg-onerror/config/config.default.js",
    "start": 1648524520725,
    "end": 1648524520726,
    "duration": 1,
    "pid": 36884,
    "index": 9
  },
  {
    "name": "Require(6) node_modules/egg-i18n/config/config.default.js",
    "start": 1648524520726,
    "end": 1648524520726,
    "duration": 0,
    "pid": 36884,
    "index": 10
  },
  {
    "name": "Require(7) node_modules/egg-watcher/config/config.default.js",
    "start": 1648524520727,
    "end": 1648524520727,
    "duration": 0,
    "pid": 36884,
    "index": 11
  },
  {
    "name": "Require(8) node_modules/egg-schedule/config/config.default.js",
    "start": 1648524520727,
    "end": 1648524520728,
    "duration": 1,
    "pid": 36884,
    "index": 12
  },
  {
    "name": "Require(9) node_modules/egg-multipart/config/config.default.js",
    "start": 1648524520728,
    "end": 1648524520728,
    "duration": 0,
    "pid": 36884,
    "index": 13
  },
  {
    "name": "Require(10) node_modules/egg-development/config/config.default.js",
    "start": 1648524520729,
    "end": 1648524520729,
    "duration": 0,
    "pid": 36884,
    "index": 14
  },
  {
    "name": "Require(11) node_modules/egg-logrotator/config/config.default.js",
    "start": 1648524520730,
    "end": 1648524520730,
    "duration": 0,
    "pid": 36884,
    "index": 15
  },
  {
    "name": "Require(12) node_modules/egg-static/config/config.default.js",
    "start": 1648524520730,
    "end": 1648524520730,
    "duration": 0,
    "pid": 36884,
    "index": 16
  },
  {
    "name": "Require(13) node_modules/egg-view/config/config.default.js",
    "start": 1648524520731,
    "end": 1648524520731,
    "duration": 0,
    "pid": 36884,
    "index": 17
  },
  {
    "name": "Require(14) node_modules/egg-mongoose/config/config.default.js",
    "start": 1648524520731,
    "end": 1648524520732,
    "duration": 1,
    "pid": 36884,
    "index": 18
  },
  {
    "name": "Require(15) node_modules/egg-validate/config/config.default.js",
    "start": 1648524520732,
    "end": 1648524520732,
    "duration": 0,
    "pid": 36884,
    "index": 19
  },
  {
    "name": "Require(16) node_modules/egg-cors/config/config.default.js",
    "start": 1648524520733,
    "end": 1648524520733,
    "duration": 0,
    "pid": 36884,
    "index": 20
  },
  {
    "name": "Require(17) node_modules/egg/config/config.default.js",
    "start": 1648524520734,
    "end": 1648524520734,
    "duration": 0,
    "pid": 36884,
    "index": 21
  },
  {
    "name": "Require(18) config/config.default.js",
    "start": 1648524520735,
    "end": 1648524520735,
    "duration": 0,
    "pid": 36884,
    "index": 22
  },
  {
    "name": "Require(19) node_modules/egg-security/config/config.local.js",
    "start": 1648524520736,
    "end": 1648524520737,
    "duration": 1,
    "pid": 36884,
    "index": 23
  },
  {
    "name": "Require(20) node_modules/egg-watcher/config/config.local.js",
    "start": 1648524520738,
    "end": 1648524520738,
    "duration": 0,
    "pid": 36884,
    "index": 24
  },
  {
    "name": "Require(21) node_modules/egg-view/config/config.local.js",
    "start": 1648524520739,
    "end": 1648524520739,
    "duration": 0,
    "pid": 36884,
    "index": 25
  },
  {
    "name": "Require(22) node_modules/egg/config/config.local.js",
    "start": 1648524520739,
    "end": 1648524520739,
    "duration": 0,
    "pid": 36884,
    "index": 26
  },
  {
    "name": "Require(23) config/config.local.js",
    "start": 1648524520740,
    "end": 1648524520740,
    "duration": 0,
    "pid": 36884,
    "index": 27
  },
  {
    "name": "Load extend/application.js",
    "start": 1648524520741,
    "end": 1648524520789,
    "duration": 48,
    "pid": 36884,
    "index": 28
  },
  {
    "name": "Require(24) node_modules/egg-session/app/extend/application.js",
    "start": 1648524520741,
    "end": 1648524520742,
    "duration": 1,
    "pid": 36884,
    "index": 29
  },
  {
    "name": "Require(25) node_modules/egg-security/app/extend/application.js",
    "start": 1648524520742,
    "end": 1648524520743,
    "duration": 1,
    "pid": 36884,
    "index": 30
  },
  {
    "name": "Require(26) node_modules/egg-jsonp/app/extend/application.js",
    "start": 1648524520743,
    "end": 1648524520744,
    "duration": 1,
    "pid": 36884,
    "index": 31
  },
  {
    "name": "Require(27) node_modules/egg-logrotator/app/extend/application.js",
    "start": 1648524520745,
    "end": 1648524520746,
    "duration": 1,
    "pid": 36884,
    "index": 32
  },
  {
    "name": "Require(28) node_modules/egg-view/app/extend/application.js",
    "start": 1648524520746,
    "end": 1648524520747,
    "duration": 1,
    "pid": 36884,
    "index": 33
  },
  {
    "name": "Require(29) app/extend/application.js",
    "start": 1648524520748,
    "end": 1648524520787,
    "duration": 39,
    "pid": 36884,
    "index": 34
  },
  {
    "name": "Load extend/request.js",
    "start": 1648524520789,
    "end": 1648524520793,
    "duration": 4,
    "pid": 36884,
    "index": 35
  },
  {
    "name": "Require(30) node_modules/egg/app/extend/request.js",
    "start": 1648524520790,
    "end": 1648524520791,
    "duration": 1,
    "pid": 36884,
    "index": 36
  },
  {
    "name": "Load extend/response.js",
    "start": 1648524520793,
    "end": 1648524520798,
    "duration": 5,
    "pid": 36884,
    "index": 37
  },
  {
    "name": "Require(31) node_modules/egg/app/extend/response.js",
    "start": 1648524520795,
    "end": 1648524520796,
    "duration": 1,
    "pid": 36884,
    "index": 38
  },
  {
    "name": "Load extend/context.js",
    "start": 1648524520798,
    "end": 1648524520849,
    "duration": 51,
    "pid": 36884,
    "index": 39
  },
  {
    "name": "Require(32) node_modules/egg-security/app/extend/context.js",
    "start": 1648524520798,
    "end": 1648524520804,
    "duration": 6,
    "pid": 36884,
    "index": 40
  },
  {
    "name": "Require(33) node_modules/egg-jsonp/app/extend/context.js",
    "start": 1648524520805,
    "end": 1648524520805,
    "duration": 0,
    "pid": 36884,
    "index": 41
  },
  {
    "name": "Require(34) node_modules/egg-i18n/app/extend/context.js",
    "start": 1648524520806,
    "end": 1648524520806,
    "duration": 0,
    "pid": 36884,
    "index": 42
  },
  {
    "name": "Require(35) node_modules/egg-multipart/app/extend/context.js",
    "start": 1648524520807,
    "end": 1648524520844,
    "duration": 37,
    "pid": 36884,
    "index": 43
  },
  {
    "name": "Require(36) node_modules/egg-view/app/extend/context.js",
    "start": 1648524520844,
    "end": 1648524520845,
    "duration": 1,
    "pid": 36884,
    "index": 44
  },
  {
    "name": "Require(37) node_modules/egg-mongoose/app/extend/context.js",
    "start": 1648524520845,
    "end": 1648524520845,
    "duration": 0,
    "pid": 36884,
    "index": 45
  },
  {
    "name": "Require(38) node_modules/egg-validate/app/extend/context.js",
    "start": 1648524520846,
    "end": 1648524520846,
    "duration": 0,
    "pid": 36884,
    "index": 46
  },
  {
    "name": "Require(39) node_modules/egg/app/extend/context.js",
    "start": 1648524520846,
    "end": 1648524520847,
    "duration": 1,
    "pid": 36884,
    "index": 47
  },
  {
    "name": "Load extend/helper.js",
    "start": 1648524520849,
    "end": 1648524520863,
    "duration": 14,
    "pid": 36884,
    "index": 48
  },
  {
    "name": "Require(40) node_modules/egg-security/app/extend/helper.js",
    "start": 1648524520849,
    "end": 1648524520859,
    "duration": 10,
    "pid": 36884,
    "index": 49
  },
  {
    "name": "Require(41) node_modules/egg/app/extend/helper.js",
    "start": 1648524520860,
    "end": 1648524520861,
    "duration": 1,
    "pid": 36884,
    "index": 50
  },
  {
    "name": "Require(42) app/extend/helper.js",
    "start": 1648524520861,
    "end": 1648524520861,
    "duration": 0,
    "pid": 36884,
    "index": 51
  },
  {
    "name": "Load app.js",
    "start": 1648524520863,
    "end": 1648524520892,
    "duration": 29,
    "pid": 36884,
    "index": 52
  },
  {
    "name": "Require(43) node_modules/egg-session/app.js",
    "start": 1648524520864,
    "end": 1648524520864,
    "duration": 0,
    "pid": 36884,
    "index": 53
  },
  {
    "name": "Require(44) node_modules/egg-security/app.js",
    "start": 1648524520864,
    "end": 1648524520865,
    "duration": 1,
    "pid": 36884,
    "index": 54
  },
  {
    "name": "Require(45) node_modules/egg-onerror/app.js",
    "start": 1648524520865,
    "end": 1648524520871,
    "duration": 6,
    "pid": 36884,
    "index": 55
  },
  {
    "name": "Require(46) node_modules/egg-i18n/app.js",
    "start": 1648524520872,
    "end": 1648524520883,
    "duration": 11,
    "pid": 36884,
    "index": 56
  },
  {
    "name": "Require(47) node_modules/egg-watcher/app.js",
    "start": 1648524520883,
    "end": 1648524520885,
    "duration": 2,
    "pid": 36884,
    "index": 57
  },
  {
    "name": "Require(48) node_modules/egg-schedule/app.js",
    "start": 1648524520886,
    "end": 1648524520887,
    "duration": 1,
    "pid": 36884,
    "index": 58
  },
  {
    "name": "Require(49) node_modules/egg-multipart/app.js",
    "start": 1648524520887,
    "end": 1648524520888,
    "duration": 1,
    "pid": 36884,
    "index": 59
  },
  {
    "name": "Require(50) node_modules/egg-development/app.js",
    "start": 1648524520888,
    "end": 1648524520888,
    "duration": 0,
    "pid": 36884,
    "index": 60
  },
  {
    "name": "Require(51) node_modules/egg-logrotator/app.js",
    "start": 1648524520888,
    "end": 1648524520889,
    "duration": 1,
    "pid": 36884,
    "index": 61
  },
  {
    "name": "Require(52) node_modules/egg-static/app.js",
    "start": 1648524520889,
    "end": 1648524520889,
    "duration": 0,
    "pid": 36884,
    "index": 62
  },
  {
    "name": "Require(53) node_modules/egg-mongoose/app.js",
    "start": 1648524520890,
    "end": 1648524520890,
    "duration": 0,
    "pid": 36884,
    "index": 63
  },
  {
    "name": "Require(54) node_modules/egg-validate/app.js",
    "start": 1648524520890,
    "end": 1648524520891,
    "duration": 1,
    "pid": 36884,
    "index": 64
  },
  {
    "name": "Require(55) node_modules/egg-cors/app.js",
    "start": 1648524520891,
    "end": 1648524520892,
    "duration": 1,
    "pid": 36884,
    "index": 65
  },
  {
    "name": "Before Start in node_modules/egg-watcher/lib/init.js:15:14",
    "start": 1648524520900,
    "end": 1648524521428,
    "duration": 528,
    "pid": 36884,
    "index": 66
  },
  {
    "name": "Before Start in node_modules/egg-mongoose/lib/mongoose.js:104:7",
    "start": 1648524521247,
    "end": 1648524521426,
    "duration": 179,
    "pid": 36884,
    "index": 67
  },
  {
    "name": "Before Start in node_modules/egg-mongoose/lib/mongoose.js:52:9",
    "start": 1648524521248,
    "end": 1648524521407,
    "duration": 159,
    "pid": 36884,
    "index": 68
  },
  {
    "name": "Load Service",
    "start": 1648524521248,
    "end": 1648524521272,
    "duration": 24,
    "pid": 36884,
    "index": 69
  },
  {
    "name": "Load \"service\" to Context",
    "start": 1648524521248,
    "end": 1648524521272,
    "duration": 24,
    "pid": 36884,
    "index": 70
  },
  {
    "name": "Load Middleware",
    "start": 1648524521272,
    "end": 1648524521365,
    "duration": 93,
    "pid": 36884,
    "index": 71
  },
  {
    "name": "Load \"middlewares\" to Application",
    "start": 1648524521272,
    "end": 1648524521353,
    "duration": 81,
    "pid": 36884,
    "index": 72
  },
  {
    "name": "Load Controller",
    "start": 1648524521365,
    "end": 1648524521369,
    "duration": 4,
    "pid": 36884,
    "index": 73
  },
  {
    "name": "Load \"controller\" to Application",
    "start": 1648524521365,
    "end": 1648524521369,
    "duration": 4,
    "pid": 36884,
    "index": 74
  },
  {
    "name": "Load Router",
    "start": 1648524521369,
    "end": 1648524521372,
    "duration": 3,
    "pid": 36884,
    "index": 75
  },
  {
    "name": "Require(56) app/router.js",
    "start": 1648524521369,
    "end": 1648524521370,
    "duration": 1,
    "pid": 36884,
    "index": 76
  },
  {
    "name": "Before Start in node_modules/egg-core/lib/egg.js:303:10",
    "start": 1648524521370,
    "end": 1648524521407,
    "duration": 37,
    "pid": 36884,
    "index": 77
  },
  {
    "name": "Load \"model\" to Application",
    "start": 1648524521385,
    "end": 1648524521406,
    "duration": 21,
    "pid": 36884,
    "index": 78
  }
]