[
  {
    "name": "Process Start",
    "start": 1648460291169,
    "end": 1648460291892,
    "duration": 723,
    "pid": 34640,
    "index": 0
  },
  {
    "name": "Application Start",
    "start": 1648460291892,
    "end": 1648460292548,
    "duration": 656,
    "pid": 34640,
    "index": 1
  },
  {
    "name": "Load Plugin",
    "start": 1648460291895,
    "end": 1648460291905,
    "duration": 10,
    "pid": 34640,
    "index": 2
  },
  {
    "name": "Load Config",
    "start": 1648460291905,
    "end": 1648460291922,
    "duration": 17,
    "pid": 34640,
    "index": 3
  },
  {
    "name": "Require(0) config/config.default.js",
    "start": 1648460291905,
    "end": 1648460291906,
    "duration": 1,
    "pid": 34640,
    "index": 4
  },
  {
    "name": "Require(1) config/config.local.js",
    "start": 1648460291906,
    "end": 1648460291907,
    "duration": 1,
    "pid": 34640,
    "index": 5
  },
  {
    "name": "Require(2) node_modules/egg-session/config/config.default.js",
    "start": 1648460291907,
    "end": 1648460291907,
    "duration": 0,
    "pid": 34640,
    "index": 6
  },
  {
    "name": "Require(3) node_modules/egg-security/config/config.default.js",
    "start": 1648460291908,
    "end": 1648460291908,
    "duration": 0,
    "pid": 34640,
    "index": 7
  },
  {
    "name": "Require(4) node_modules/egg-jsonp/config/config.default.js",
    "start": 1648460291908,
    "end": 1648460291909,
    "duration": 1,
    "pid": 34640,
    "index": 8
  },
  {
    "name": "Require(5) node_modules/egg-onerror/config/config.default.js",
    "start": 1648460291909,
    "end": 1648460291909,
    "duration": 0,
    "pid": 34640,
    "index": 9
  },
  {
    "name": "Require(6) node_modules/egg-i18n/config/config.default.js",
    "start": 1648460291910,
    "end": 1648460291910,
    "duration": 0,
    "pid": 34640,
    "index": 10
  },
  {
    "name": "Require(7) node_modules/egg-watcher/config/config.default.js",
    "start": 1648460291910,
    "end": 1648460291910,
    "duration": 0,
    "pid": 34640,
    "index": 11
  },
  {
    "name": "Require(8) node_modules/egg-schedule/config/config.default.js",
    "start": 1648460291911,
    "end": 1648460291911,
    "duration": 0,
    "pid": 34640,
    "index": 12
  },
  {
    "name": "Require(9) node_modules/egg-multipart/config/config.default.js",
    "start": 1648460291911,
    "end": 1648460291912,
    "duration": 1,
    "pid": 34640,
    "index": 13
  },
  {
    "name": "Require(10) node_modules/egg-development/config/config.default.js",
    "start": 1648460291912,
    "end": 1648460291912,
    "duration": 0,
    "pid": 34640,
    "index": 14
  },
  {
    "name": "Require(11) node_modules/egg-logrotator/config/config.default.js",
    "start": 1648460291912,
    "end": 1648460291913,
    "duration": 1,
    "pid": 34640,
    "index": 15
  },
  {
    "name": "Require(12) node_modules/egg-static/config/config.default.js",
    "start": 1648460291913,
    "end": 1648460291913,
    "duration": 0,
    "pid": 34640,
    "index": 16
  },
  {
    "name": "Require(13) node_modules/egg-view/config/config.default.js",
    "start": 1648460291913,
    "end": 1648460291914,
    "duration": 1,
    "pid": 34640,
    "index": 17
  },
  {
    "name": "Require(14) node_modules/egg-mongoose/config/config.default.js",
    "start": 1648460291914,
    "end": 1648460291914,
    "duration": 0,
    "pid": 34640,
    "index": 18
  },
  {
    "name": "Require(15) node_modules/egg-validate/config/config.default.js",
    "start": 1648460291914,
    "end": 1648460291915,
    "duration": 1,
    "pid": 34640,
    "index": 19
  },
  {
    "name": "Require(16) node_modules/egg-cors/config/config.default.js",
    "start": 1648460291915,
    "end": 1648460291915,
    "duration": 0,
    "pid": 34640,
    "index": 20
  },
  {
    "name": "Require(17) node_modules/egg/config/config.default.js",
    "start": 1648460291915,
    "end": 1648460291915,
    "duration": 0,
    "pid": 34640,
    "index": 21
  },
  {
    "name": "Require(18) config/config.default.js",
    "start": 1648460291916,
    "end": 1648460291916,
    "duration": 0,
    "pid": 34640,
    "index": 22
  },
  {
    "name": "Require(19) node_modules/egg-security/config/config.local.js",
    "start": 1648460291917,
    "end": 1648460291918,
    "duration": 1,
    "pid": 34640,
    "index": 23
  },
  {
    "name": "Require(20) node_modules/egg-watcher/config/config.local.js",
    "start": 1648460291918,
    "end": 1648460291918,
    "duration": 0,
    "pid": 34640,
    "index": 24
  },
  {
    "name": "Require(21) node_modules/egg-view/config/config.local.js",
    "start": 1648460291921,
    "end": 1648460291921,
    "duration": 0,
    "pid": 34640,
    "index": 25
  },
  {
    "name": "Require(22) node_modules/egg/config/config.local.js",
    "start": 1648460291921,
    "end": 1648460291922,
    "duration": 1,
    "pid": 34640,
    "index": 26
  },
  {
    "name": "Require(23) config/config.local.js",
    "start": 1648460291922,
    "end": 1648460291922,
    "duration": 0,
    "pid": 34640,
    "index": 27
  },
  {
    "name": "Load extend/application.js",
    "start": 1648460291923,
    "end": 1648460291962,
    "duration": 39,
    "pid": 34640,
    "index": 28
  },
  {
    "name": "Require(24) node_modules/egg-session/app/extend/application.js",
    "start": 1648460291923,
    "end": 1648460291923,
    "duration": 0,
    "pid": 34640,
    "index": 29
  },
  {
    "name": "Require(25) node_modules/egg-security/app/extend/application.js",
    "start": 1648460291923,
    "end": 1648460291924,
    "duration": 1,
    "pid": 34640,
    "index": 30
  },
  {
    "name": "Require(26) node_modules/egg-jsonp/app/extend/application.js",
    "start": 1648460291924,
    "end": 1648460291925,
    "duration": 1,
    "pid": 34640,
    "index": 31
  },
  {
    "name": "Require(27) node_modules/egg-logrotator/app/extend/application.js",
    "start": 1648460291925,
    "end": 1648460291926,
    "duration": 1,
    "pid": 34640,
    "index": 32
  },
  {
    "name": "Require(28) node_modules/egg-view/app/extend/application.js",
    "start": 1648460291926,
    "end": 1648460291927,
    "duration": 1,
    "pid": 34640,
    "index": 33
  },
  {
    "name": "Require(29) app/extend/application.js",
    "start": 1648460291928,
    "end": 1648460291961,
    "duration": 33,
    "pid": 34640,
    "index": 34
  },
  {
    "name": "Load extend/request.js",
    "start": 1648460291962,
    "end": 1648460291966,
    "duration": 4,
    "pid": 34640,
    "index": 35
  },
  {
    "name": "Require(30) node_modules/egg/app/extend/request.js",
    "start": 1648460291964,
    "end": 1648460291964,
    "duration": 0,
    "pid": 34640,
    "index": 36
  },
  {
    "name": "Load extend/response.js",
    "start": 1648460291966,
    "end": 1648460291970,
    "duration": 4,
    "pid": 34640,
    "index": 37
  },
  {
    "name": "Require(31) node_modules/egg/app/extend/response.js",
    "start": 1648460291967,
    "end": 1648460291968,
    "duration": 1,
    "pid": 34640,
    "index": 38
  },
  {
    "name": "Load extend/context.js",
    "start": 1648460291970,
    "end": 1648460292023,
    "duration": 53,
    "pid": 34640,
    "index": 39
  },
  {
    "name": "Require(32) node_modules/egg-security/app/extend/context.js",
    "start": 1648460291970,
    "end": 1648460291977,
    "duration": 7,
    "pid": 34640,
    "index": 40
  },
  {
    "name": "Require(33) node_modules/egg-jsonp/app/extend/context.js",
    "start": 1648460291977,
    "end": 1648460291978,
    "duration": 1,
    "pid": 34640,
    "index": 41
  },
  {
    "name": "Require(34) node_modules/egg-i18n/app/extend/context.js",
    "start": 1648460291978,
    "end": 1648460291978,
    "duration": 0,
    "pid": 34640,
    "index": 42
  },
  {
    "name": "Require(35) node_modules/egg-multipart/app/extend/context.js",
    "start": 1648460291979,
    "end": 1648460292017,
    "duration": 38,
    "pid": 34640,
    "index": 43
  },
  {
    "name": "Require(36) node_modules/egg-view/app/extend/context.js",
    "start": 1648460292018,
    "end": 1648460292019,
    "duration": 1,
    "pid": 34640,
    "index": 44
  },
  {
    "name": "Require(37) node_modules/egg-mongoose/app/extend/context.js",
    "start": 1648460292019,
    "end": 1648460292019,
    "duration": 0,
    "pid": 34640,
    "index": 45
  },
  {
    "name": "Require(38) node_modules/egg-validate/app/extend/context.js",
    "start": 1648460292019,
    "end": 1648460292020,
    "duration": 1,
    "pid": 34640,
    "index": 46
  },
  {
    "name": "Require(39) node_modules/egg/app/extend/context.js",
    "start": 1648460292020,
    "end": 1648460292021,
    "duration": 1,
    "pid": 34640,
    "index": 47
  },
  {
    "name": "Load extend/helper.js",
    "start": 1648460292023,
    "end": 1648460292036,
    "duration": 13,
    "pid": 34640,
    "index": 48
  },
  {
    "name": "Require(40) node_modules/egg-security/app/extend/helper.js",
    "start": 1648460292023,
    "end": 1648460292032,
    "duration": 9,
    "pid": 34640,
    "index": 49
  },
  {
    "name": "Require(41) node_modules/egg/app/extend/helper.js",
    "start": 1648460292034,
    "end": 1648460292034,
    "duration": 0,
    "pid": 34640,
    "index": 50
  },
  {
    "name": "Require(42) app/extend/helper.js",
    "start": 1648460292034,
    "end": 1648460292034,
    "duration": 0,
    "pid": 34640,
    "index": 51
  },
  {
    "name": "Load app.js",
    "start": 1648460292036,
    "end": 1648460292058,
    "duration": 22,
    "pid": 34640,
    "index": 52
  },
  {
    "name": "Require(43) node_modules/egg-session/app.js",
    "start": 1648460292036,
    "end": 1648460292036,
    "duration": 0,
    "pid": 34640,
    "index": 53
  },
  {
    "name": "Require(44) node_modules/egg-security/app.js",
    "start": 1648460292036,
    "end": 1648460292037,
    "duration": 1,
    "pid": 34640,
    "index": 54
  },
  {
    "name": "Require(45) node_modules/egg-onerror/app.js",
    "start": 1648460292037,
    "end": 1648460292042,
    "duration": 5,
    "pid": 34640,
    "index": 55
  },
  {
    "name": "Require(46) node_modules/egg-i18n/app.js",
    "start": 1648460292042,
    "end": 1648460292052,
    "duration": 10,
    "pid": 34640,
    "index": 56
  },
  {
    "name": "Require(47) node_modules/egg-watcher/app.js",
    "start": 1648460292052,
    "end": 1648460292054,
    "duration": 2,
    "pid": 34640,
    "index": 57
  },
  {
    "name": "Require(48) node_modules/egg-schedule/app.js",
    "start": 1648460292054,
    "end": 1648460292055,
    "duration": 1,
    "pid": 34640,
    "index": 58
  },
  {
    "name": "Require(49) node_modules/egg-multipart/app.js",
    "start": 1648460292055,
    "end": 1648460292055,
    "duration": 0,
    "pid": 34640,
    "index": 59
  },
  {
    "name": "Require(50) node_modules/egg-development/app.js",
    "start": 1648460292055,
    "end": 1648460292055,
    "duration": 0,
    "pid": 34640,
    "index": 60
  },
  {
    "name": "Require(51) node_modules/egg-logrotator/app.js",
    "start": 1648460292056,
    "end": 1648460292056,
    "duration": 0,
    "pid": 34640,
    "index": 61
  },
  {
    "name": "Require(52) node_modules/egg-static/app.js",
    "start": 1648460292056,
    "end": 1648460292056,
    "duration": 0,
    "pid": 34640,
    "index": 62
  },
  {
    "name": "Require(53) node_modules/egg-mongoose/app.js",
    "start": 1648460292056,
    "end": 1648460292057,
    "duration": 1,
    "pid": 34640,
    "index": 63
  },
  {
    "name": "Require(54) node_modules/egg-validate/app.js",
    "start": 1648460292057,
    "end": 1648460292058,
    "duration": 1,
    "pid": 34640,
    "index": 64
  },
  {
    "name": "Require(55) node_modules/egg-cors/app.js",
    "start": 1648460292058,
    "end": 1648460292058,
    "duration": 0,
    "pid": 34640,
    "index": 65
  },
  {
    "name": "Before Start in node_modules/egg-watcher/lib/init.js:15:14",
    "start": 1648460292065,
    "end": 1648460292548,
    "duration": 483,
    "pid": 34640,
    "index": 66
  },
  {
    "name": "Before Start in node_modules/egg-mongoose/lib/mongoose.js:104:7",
    "start": 1648460292374,
    "end": 1648460292547,
    "duration": 173,
    "pid": 34640,
    "index": 67
  },
  {
    "name": "Before Start in node_modules/egg-mongoose/lib/mongoose.js:52:9",
    "start": 1648460292375,
    "end": 1648460292530,
    "duration": 155,
    "pid": 34640,
    "index": 68
  },
  {
    "name": "Load Service",
    "start": 1648460292375,
    "end": 1648460292396,
    "duration": 21,
    "pid": 34640,
    "index": 69
  },
  {
    "name": "Load \"service\" to Context",
    "start": 1648460292375,
    "end": 1648460292396,
    "duration": 21,
    "pid": 34640,
    "index": 70
  },
  {
    "name": "Load Middleware",
    "start": 1648460292396,
    "end": 1648460292496,
    "duration": 100,
    "pid": 34640,
    "index": 71
  },
  {
    "name": "Load \"middlewares\" to Application",
    "start": 1648460292396,
    "end": 1648460292490,
    "duration": 94,
    "pid": 34640,
    "index": 72
  },
  {
    "name": "Load Controller",
    "start": 1648460292497,
    "end": 1648460292498,
    "duration": 1,
    "pid": 34640,
    "index": 73
  },
  {
    "name": "Load \"controller\" to Application",
    "start": 1648460292497,
    "end": 1648460292498,
    "duration": 1,
    "pid": 34640,
    "index": 74
  },
  {
    "name": "Load Router",
    "start": 1648460292498,
    "end": 1648460292500,
    "duration": 2,
    "pid": 34640,
    "index": 75
  },
  {
    "name": "Require(56) app/router.js",
    "start": 1648460292498,
    "end": 1648460292499,
    "duration": 1,
    "pid": 34640,
    "index": 76
  },
  {
    "name": "Before Start in node_modules/egg-core/lib/egg.js:303:10",
    "start": 1648460292499,
    "end": 1648460292530,
    "duration": 31,
    "pid": 34640,
    "index": 77
  },
  {
    "name": "Load \"model\" to Application",
    "start": 1648460292506,
    "end": 1648460292529,
    "duration": 23,
    "pid": 34640,
    "index": 78
  }
]