[
  {
    "name": "Process Start",
    "start": 1648523481296,
    "end": 1648523481983,
    "duration": 687,
    "pid": 41360,
    "index": 0
  },
  {
    "name": "Application Start",
    "start": 1648523481983,
    "end": 1648523482580,
    "duration": 597,
    "pid": 41360,
    "index": 1
  },
  {
    "name": "Load Plugin",
    "start": 1648523481986,
    "end": 1648523481996,
    "duration": 10,
    "pid": 41360,
    "index": 2
  },
  {
    "name": "Load Config",
    "start": 1648523481996,
    "end": 1648523482012,
    "duration": 16,
    "pid": 41360,
    "index": 3
  },
  {
    "name": "Require(0) config/config.default.js",
    "start": 1648523481997,
    "end": 1648523481997,
    "duration": 0,
    "pid": 41360,
    "index": 4
  },
  {
    "name": "Require(1) config/config.local.js",
    "start": 1648523481998,
    "end": 1648523481998,
    "duration": 0,
    "pid": 41360,
    "index": 5
  },
  {
    "name": "Require(2) node_modules/egg-session/config/config.default.js",
    "start": 1648523481998,
    "end": 1648523481999,
    "duration": 1,
    "pid": 41360,
    "index": 6
  },
  {
    "name": "Require(3) node_modules/egg-security/config/config.default.js",
    "start": 1648523481999,
    "end": 1648523481999,
    "duration": 0,
    "pid": 41360,
    "index": 7
  },
  {
    "name": "Require(4) node_modules/egg-jsonp/config/config.default.js",
    "start": 1648523482000,
    "end": 1648523482000,
    "duration": 0,
    "pid": 41360,
    "index": 8
  },
  {
    "name": "Require(5) node_modules/egg-onerror/config/config.default.js",
    "start": 1648523482000,
    "end": 1648523482001,
    "duration": 1,
    "pid": 41360,
    "index": 9
  },
  {
    "name": "Require(6) node_modules/egg-i18n/config/config.default.js",
    "start": 1648523482001,
    "end": 1648523482001,
    "duration": 0,
    "pid": 41360,
    "index": 10
  },
  {
    "name": "Require(7) node_modules/egg-watcher/config/config.default.js",
    "start": 1648523482001,
    "end": 1648523482002,
    "duration": 1,
    "pid": 41360,
    "index": 11
  },
  {
    "name": "Require(8) node_modules/egg-schedule/config/config.default.js",
    "start": 1648523482002,
    "end": 1648523482002,
    "duration": 0,
    "pid": 41360,
    "index": 12
  },
  {
    "name": "Require(9) node_modules/egg-multipart/config/config.default.js",
    "start": 1648523482003,
    "end": 1648523482003,
    "duration": 0,
    "pid": 41360,
    "index": 13
  },
  {
    "name": "Require(10) node_modules/egg-development/config/config.default.js",
    "start": 1648523482004,
    "end": 1648523482004,
    "duration": 0,
    "pid": 41360,
    "index": 14
  },
  {
    "name": "Require(11) node_modules/egg-logrotator/config/config.default.js",
    "start": 1648523482004,
    "end": 1648523482004,
    "duration": 0,
    "pid": 41360,
    "index": 15
  },
  {
    "name": "Require(12) node_modules/egg-static/config/config.default.js",
    "start": 1648523482005,
    "end": 1648523482005,
    "duration": 0,
    "pid": 41360,
    "index": 16
  },
  {
    "name": "Require(13) node_modules/egg-view/config/config.default.js",
    "start": 1648523482005,
    "end": 1648523482006,
    "duration": 1,
    "pid": 41360,
    "index": 17
  },
  {
    "name": "Require(14) node_modules/egg-mongoose/config/config.default.js",
    "start": 1648523482006,
    "end": 1648523482006,
    "duration": 0,
    "pid": 41360,
    "index": 18
  },
  {
    "name": "Require(15) node_modules/egg-validate/config/config.default.js",
    "start": 1648523482006,
    "end": 1648523482006,
    "duration": 0,
    "pid": 41360,
    "index": 19
  },
  {
    "name": "Require(16) node_modules/egg-cors/config/config.default.js",
    "start": 1648523482007,
    "end": 1648523482007,
    "duration": 0,
    "pid": 41360,
    "index": 20
  },
  {
    "name": "Require(17) node_modules/egg/config/config.default.js",
    "start": 1648523482007,
    "end": 1648523482007,
    "duration": 0,
    "pid": 41360,
    "index": 21
  },
  {
    "name": "Require(18) config/config.default.js",
    "start": 1648523482008,
    "end": 1648523482008,
    "duration": 0,
    "pid": 41360,
    "index": 22
  },
  {
    "name": "Require(19) node_modules/egg-security/config/config.local.js",
    "start": 1648523482009,
    "end": 1648523482010,
    "duration": 1,
    "pid": 41360,
    "index": 23
  },
  {
    "name": "Require(20) node_modules/egg-watcher/config/config.local.js",
    "start": 1648523482010,
    "end": 1648523482010,
    "duration": 0,
    "pid": 41360,
    "index": 24
  },
  {
    "name": "Require(21) node_modules/egg-view/config/config.local.js",
    "start": 1648523482011,
    "end": 1648523482011,
    "duration": 0,
    "pid": 41360,
    "index": 25
  },
  {
    "name": "Require(22) node_modules/egg/config/config.local.js",
    "start": 1648523482012,
    "end": 1648523482012,
    "duration": 0,
    "pid": 41360,
    "index": 26
  },
  {
    "name": "Require(23) config/config.local.js",
    "start": 1648523482012,
    "end": 1648523482012,
    "duration": 0,
    "pid": 41360,
    "index": 27
  },
  {
    "name": "Load extend/application.js",
    "start": 1648523482013,
    "end": 1648523482051,
    "duration": 38,
    "pid": 41360,
    "index": 28
  },
  {
    "name": "Require(24) node_modules/egg-session/app/extend/application.js",
    "start": 1648523482013,
    "end": 1648523482013,
    "duration": 0,
    "pid": 41360,
    "index": 29
  },
  {
    "name": "Require(25) node_modules/egg-security/app/extend/application.js",
    "start": 1648523482014,
    "end": 1648523482014,
    "duration": 0,
    "pid": 41360,
    "index": 30
  },
  {
    "name": "Require(26) node_modules/egg-jsonp/app/extend/application.js",
    "start": 1648523482015,
    "end": 1648523482015,
    "duration": 0,
    "pid": 41360,
    "index": 31
  },
  {
    "name": "Require(27) node_modules/egg-logrotator/app/extend/application.js",
    "start": 1648523482016,
    "end": 1648523482017,
    "duration": 1,
    "pid": 41360,
    "index": 32
  },
  {
    "name": "Require(28) node_modules/egg-view/app/extend/application.js",
    "start": 1648523482017,
    "end": 1648523482018,
    "duration": 1,
    "pid": 41360,
    "index": 33
  },
  {
    "name": "Require(29) app/extend/application.js",
    "start": 1648523482019,
    "end": 1648523482049,
    "duration": 30,
    "pid": 41360,
    "index": 34
  },
  {
    "name": "Load extend/request.js",
    "start": 1648523482051,
    "end": 1648523482054,
    "duration": 3,
    "pid": 41360,
    "index": 35
  },
  {
    "name": "Require(30) node_modules/egg/app/extend/request.js",
    "start": 1648523482052,
    "end": 1648523482052,
    "duration": 0,
    "pid": 41360,
    "index": 36
  },
  {
    "name": "Load extend/response.js",
    "start": 1648523482054,
    "end": 1648523482057,
    "duration": 3,
    "pid": 41360,
    "index": 37
  },
  {
    "name": "Require(31) node_modules/egg/app/extend/response.js",
    "start": 1648523482055,
    "end": 1648523482056,
    "duration": 1,
    "pid": 41360,
    "index": 38
  },
  {
    "name": "Load extend/context.js",
    "start": 1648523482057,
    "end": 1648523482103,
    "duration": 46,
    "pid": 41360,
    "index": 39
  },
  {
    "name": "Require(32) node_modules/egg-security/app/extend/context.js",
    "start": 1648523482057,
    "end": 1648523482062,
    "duration": 5,
    "pid": 41360,
    "index": 40
  },
  {
    "name": "Require(33) node_modules/egg-jsonp/app/extend/context.js",
    "start": 1648523482062,
    "end": 1648523482063,
    "duration": 1,
    "pid": 41360,
    "index": 41
  },
  {
    "name": "Require(34) node_modules/egg-i18n/app/extend/context.js",
    "start": 1648523482063,
    "end": 1648523482063,
    "duration": 0,
    "pid": 41360,
    "index": 42
  },
  {
    "name": "Require(35) node_modules/egg-multipart/app/extend/context.js",
    "start": 1648523482063,
    "end": 1648523482097,
    "duration": 34,
    "pid": 41360,
    "index": 43
  },
  {
    "name": "Require(36) node_modules/egg-view/app/extend/context.js",
    "start": 1648523482098,
    "end": 1648523482099,
    "duration": 1,
    "pid": 41360,
    "index": 44
  },
  {
    "name": "Require(37) node_modules/egg-mongoose/app/extend/context.js",
    "start": 1648523482099,
    "end": 1648523482099,
    "duration": 0,
    "pid": 41360,
    "index": 45
  },
  {
    "name": "Require(38) node_modules/egg-validate/app/extend/context.js",
    "start": 1648523482100,
    "end": 1648523482100,
    "duration": 0,
    "pid": 41360,
    "index": 46
  },
  {
    "name": "Require(39) node_modules/egg/app/extend/context.js",
    "start": 1648523482101,
    "end": 1648523482101,
    "duration": 0,
    "pid": 41360,
    "index": 47
  },
  {
    "name": "Load extend/helper.js",
    "start": 1648523482103,
    "end": 1648523482116,
    "duration": 13,
    "pid": 41360,
    "index": 48
  },
  {
    "name": "Require(40) node_modules/egg-security/app/extend/helper.js",
    "start": 1648523482103,
    "end": 1648523482113,
    "duration": 10,
    "pid": 41360,
    "index": 49
  },
  {
    "name": "Require(41) node_modules/egg/app/extend/helper.js",
    "start": 1648523482114,
    "end": 1648523482114,
    "duration": 0,
    "pid": 41360,
    "index": 50
  },
  {
    "name": "Require(42) app/extend/helper.js",
    "start": 1648523482114,
    "end": 1648523482115,
    "duration": 1,
    "pid": 41360,
    "index": 51
  },
  {
    "name": "Load app.js",
    "start": 1648523482117,
    "end": 1648523482142,
    "duration": 25,
    "pid": 41360,
    "index": 52
  },
  {
    "name": "Require(43) node_modules/egg-session/app.js",
    "start": 1648523482117,
    "end": 1648523482117,
    "duration": 0,
    "pid": 41360,
    "index": 53
  },
  {
    "name": "Require(44) node_modules/egg-security/app.js",
    "start": 1648523482117,
    "end": 1648523482118,
    "duration": 1,
    "pid": 41360,
    "index": 54
  },
  {
    "name": "Require(45) node_modules/egg-onerror/app.js",
    "start": 1648523482118,
    "end": 1648523482124,
    "duration": 6,
    "pid": 41360,
    "index": 55
  },
  {
    "name": "Require(46) node_modules/egg-i18n/app.js",
    "start": 1648523482124,
    "end": 1648523482135,
    "duration": 11,
    "pid": 41360,
    "index": 56
  },
  {
    "name": "Require(47) node_modules/egg-watcher/app.js",
    "start": 1648523482135,
    "end": 1648523482137,
    "duration": 2,
    "pid": 41360,
    "index": 57
  },
  {
    "name": "Require(48) node_modules/egg-schedule/app.js",
    "start": 1648523482137,
    "end": 1648523482138,
    "duration": 1,
    "pid": 41360,
    "index": 58
  },
  {
    "name": "Require(49) node_modules/egg-multipart/app.js",
    "start": 1648523482138,
    "end": 1648523482138,
    "duration": 0,
    "pid": 41360,
    "index": 59
  },
  {
    "name": "Require(50) node_modules/egg-development/app.js",
    "start": 1648523482139,
    "end": 1648523482139,
    "duration": 0,
    "pid": 41360,
    "index": 60
  },
  {
    "name": "Require(51) node_modules/egg-logrotator/app.js",
    "start": 1648523482139,
    "end": 1648523482139,
    "duration": 0,
    "pid": 41360,
    "index": 61
  },
  {
    "name": "Require(52) node_modules/egg-static/app.js",
    "start": 1648523482139,
    "end": 1648523482139,
    "duration": 0,
    "pid": 41360,
    "index": 62
  },
  {
    "name": "Require(53) node_modules/egg-mongoose/app.js",
    "start": 1648523482140,
    "end": 1648523482140,
    "duration": 0,
    "pid": 41360,
    "index": 63
  },
  {
    "name": "Require(54) node_modules/egg-validate/app.js",
    "start": 1648523482140,
    "end": 1648523482141,
    "duration": 1,
    "pid": 41360,
    "index": 64
  },
  {
    "name": "Require(55) node_modules/egg-cors/app.js",
    "start": 1648523482141,
    "end": 1648523482142,
    "duration": 1,
    "pid": 41360,
    "index": 65
  },
  {
    "name": "Before Start in node_modules/egg-watcher/lib/init.js:15:14",
    "start": 1648523482149,
    "end": 1648523482579,
    "duration": 430,
    "pid": 41360,
    "index": 66
  },
  {
    "name": "Before Start in node_modules/egg-mongoose/lib/mongoose.js:104:7",
    "start": 1648523482410,
    "end": 1648523482575,
    "duration": 165,
    "pid": 41360,
    "index": 67
  },
  {
    "name": "Before Start in node_modules/egg-mongoose/lib/mongoose.js:52:9",
    "start": 1648523482410,
    "end": 1648523482516,
    "duration": 106,
    "pid": 41360,
    "index": 68
  },
  {
    "name": "Load Service",
    "start": 1648523482410,
    "end": 1648523482430,
    "duration": 20,
    "pid": 41360,
    "index": 69
  },
  {
    "name": "Load \"service\" to Context",
    "start": 1648523482410,
    "end": 1648523482430,
    "duration": 20,
    "pid": 41360,
    "index": 70
  },
  {
    "name": "Load Middleware",
    "start": 1648523482430,
    "end": 1648523482493,
    "duration": 63,
    "pid": 41360,
    "index": 71
  },
  {
    "name": "Load \"middlewares\" to Application",
    "start": 1648523482430,
    "end": 1648523482487,
    "duration": 57,
    "pid": 41360,
    "index": 72
  },
  {
    "name": "Load Controller",
    "start": 1648523482493,
    "end": 1648523482497,
    "duration": 4,
    "pid": 41360,
    "index": 73
  },
  {
    "name": "Load \"controller\" to Application",
    "start": 1648523482493,
    "end": 1648523482497,
    "duration": 4,
    "pid": 41360,
    "index": 74
  },
  {
    "name": "Load Router",
    "start": 1648523482497,
    "end": 1648523482499,
    "duration": 2,
    "pid": 41360,
    "index": 75
  },
  {
    "name": "Require(56) app/router.js",
    "start": 1648523482497,
    "end": 1648523482497,
    "duration": 0,
    "pid": 41360,
    "index": 76
  },
  {
    "name": "Before Start in node_modules/egg-core/lib/egg.js:303:10",
    "start": 1648523482497,
    "end": 1648523482516,
    "duration": 19,
    "pid": 41360,
    "index": 77
  },
  {
    "name": "Load \"model\" to Application",
    "start": 1648523482504,
    "end": 1648523482516,
    "duration": 12,
    "pid": 41360,
    "index": 78
  }
]