[
  {
    "name": "Process Start",
    "start": 1648457180066,
    "end": 1648457180901,
    "duration": 835,
    "pid": 42476,
    "index": 0
  },
  {
    "name": "Application Start",
    "start": 1648457180902,
    "end": 1648457181469,
    "duration": 567,
    "pid": 42476,
    "index": 1
  },
  {
    "name": "Load Plugin",
    "start": 1648457180904,
    "end": 1648457180915,
    "duration": 11,
    "pid": 42476,
    "index": 2
  },
  {
    "name": "Load Config",
    "start": 1648457180915,
    "end": 1648457180932,
    "duration": 17,
    "pid": 42476,
    "index": 3
  },
  {
    "name": "Require(0) config/config.default.js",
    "start": 1648457180916,
    "end": 1648457180916,
    "duration": 0,
    "pid": 42476,
    "index": 4
  },
  {
    "name": "Require(1) node_modules/egg-session/config/config.default.js",
    "start": 1648457180917,
    "end": 1648457180917,
    "duration": 0,
    "pid": 42476,
    "index": 5
  },
  {
    "name": "Require(2) node_modules/egg-security/config/config.default.js",
    "start": 1648457180918,
    "end": 1648457180918,
    "duration": 0,
    "pid": 42476,
    "index": 6
  },
  {
    "name": "Require(3) node_modules/egg-jsonp/config/config.default.js",
    "start": 1648457180919,
    "end": 1648457180919,
    "duration": 0,
    "pid": 42476,
    "index": 7
  },
  {
    "name": "Require(4) node_modules/egg-onerror/config/config.default.js",
    "start": 1648457180919,
    "end": 1648457180919,
    "duration": 0,
    "pid": 42476,
    "index": 8
  },
  {
    "name": "Require(5) node_modules/egg-i18n/config/config.default.js",
    "start": 1648457180920,
    "end": 1648457180920,
    "duration": 0,
    "pid": 42476,
    "index": 9
  },
  {
    "name": "Require(6) node_modules/egg-watcher/config/config.default.js",
    "start": 1648457180920,
    "end": 1648457180921,
    "duration": 1,
    "pid": 42476,
    "index": 10
  },
  {
    "name": "Require(7) node_modules/egg-schedule/config/config.default.js",
    "start": 1648457180921,
    "end": 1648457180921,
    "duration": 0,
    "pid": 42476,
    "index": 11
  },
  {
    "name": "Require(8) node_modules/egg-multipart/config/config.default.js",
    "start": 1648457180921,
    "end": 1648457180922,
    "duration": 1,
    "pid": 42476,
    "index": 12
  },
  {
    "name": "Require(9) node_modules/egg-development/config/config.default.js",
    "start": 1648457180922,
    "end": 1648457180922,
    "duration": 0,
    "pid": 42476,
    "index": 13
  },
  {
    "name": "Require(10) node_modules/egg-logrotator/config/config.default.js",
    "start": 1648457180922,
    "end": 1648457180923,
    "duration": 1,
    "pid": 42476,
    "index": 14
  },
  {
    "name": "Require(11) node_modules/egg-static/config/config.default.js",
    "start": 1648457180923,
    "end": 1648457180923,
    "duration": 0,
    "pid": 42476,
    "index": 15
  },
  {
    "name": "Require(12) node_modules/egg-view/config/config.default.js",
    "start": 1648457180923,
    "end": 1648457180924,
    "duration": 1,
    "pid": 42476,
    "index": 16
  },
  {
    "name": "Require(13) node_modules/egg-mongoose/config/config.default.js",
    "start": 1648457180924,
    "end": 1648457180924,
    "duration": 0,
    "pid": 42476,
    "index": 17
  },
  {
    "name": "Require(14) node_modules/egg-validate/config/config.default.js",
    "start": 1648457180924,
    "end": 1648457180925,
    "duration": 1,
    "pid": 42476,
    "index": 18
  },
  {
    "name": "Require(15) node_modules/egg-cors/config/config.default.js",
    "start": 1648457180925,
    "end": 1648457180925,
    "duration": 0,
    "pid": 42476,
    "index": 19
  },
  {
    "name": "Require(16) node_modules/egg/config/config.default.js",
    "start": 1648457180925,
    "end": 1648457180926,
    "duration": 1,
    "pid": 42476,
    "index": 20
  },
  {
    "name": "Require(17) config/config.default.js",
    "start": 1648457180926,
    "end": 1648457180926,
    "duration": 0,
    "pid": 42476,
    "index": 21
  },
  {
    "name": "Require(18) node_modules/egg-security/config/config.local.js",
    "start": 1648457180927,
    "end": 1648457180927,
    "duration": 0,
    "pid": 42476,
    "index": 22
  },
  {
    "name": "Require(19) node_modules/egg-watcher/config/config.local.js",
    "start": 1648457180928,
    "end": 1648457180931,
    "duration": 3,
    "pid": 42476,
    "index": 23
  },
  {
    "name": "Require(20) node_modules/egg-view/config/config.local.js",
    "start": 1648457180931,
    "end": 1648457180932,
    "duration": 1,
    "pid": 42476,
    "index": 24
  },
  {
    "name": "Require(21) node_modules/egg/config/config.local.js",
    "start": 1648457180932,
    "end": 1648457180932,
    "duration": 0,
    "pid": 42476,
    "index": 25
  },
  {
    "name": "Load extend/application.js",
    "start": 1648457180933,
    "end": 1648457180940,
    "duration": 7,
    "pid": 42476,
    "index": 26
  },
  {
    "name": "Require(22) node_modules/egg-session/app/extend/application.js",
    "start": 1648457180933,
    "end": 1648457180934,
    "duration": 1,
    "pid": 42476,
    "index": 27
  },
  {
    "name": "Require(23) node_modules/egg-security/app/extend/application.js",
    "start": 1648457180934,
    "end": 1648457180934,
    "duration": 0,
    "pid": 42476,
    "index": 28
  },
  {
    "name": "Require(24) node_modules/egg-jsonp/app/extend/application.js",
    "start": 1648457180935,
    "end": 1648457180935,
    "duration": 0,
    "pid": 42476,
    "index": 29
  },
  {
    "name": "Require(25) node_modules/egg-logrotator/app/extend/application.js",
    "start": 1648457180936,
    "end": 1648457180937,
    "duration": 1,
    "pid": 42476,
    "index": 30
  },
  {
    "name": "Require(26) node_modules/egg-view/app/extend/application.js",
    "start": 1648457180937,
    "end": 1648457180938,
    "duration": 1,
    "pid": 42476,
    "index": 31
  },
  {
    "name": "Require(27) app/extend/application.js",
    "start": 1648457180938,
    "end": 1648457180938,
    "duration": 0,
    "pid": 42476,
    "index": 32
  },
  {
    "name": "Load extend/request.js",
    "start": 1648457180940,
    "end": 1648457180943,
    "duration": 3,
    "pid": 42476,
    "index": 33
  },
  {
    "name": "Require(28) node_modules/egg/app/extend/request.js",
    "start": 1648457180941,
    "end": 1648457180942,
    "duration": 1,
    "pid": 42476,
    "index": 34
  },
  {
    "name": "Load extend/response.js",
    "start": 1648457180944,
    "end": 1648457180947,
    "duration": 3,
    "pid": 42476,
    "index": 35
  },
  {
    "name": "Require(29) node_modules/egg/app/extend/response.js",
    "start": 1648457180945,
    "end": 1648457180946,
    "duration": 1,
    "pid": 42476,
    "index": 36
  },
  {
    "name": "Load extend/context.js",
    "start": 1648457180947,
    "end": 1648457180988,
    "duration": 41,
    "pid": 42476,
    "index": 37
  },
  {
    "name": "Require(30) node_modules/egg-security/app/extend/context.js",
    "start": 1648457180948,
    "end": 1648457180953,
    "duration": 5,
    "pid": 42476,
    "index": 38
  },
  {
    "name": "Require(31) node_modules/egg-jsonp/app/extend/context.js",
    "start": 1648457180953,
    "end": 1648457180954,
    "duration": 1,
    "pid": 42476,
    "index": 39
  },
  {
    "name": "Require(32) node_modules/egg-i18n/app/extend/context.js",
    "start": 1648457180954,
    "end": 1648457180954,
    "duration": 0,
    "pid": 42476,
    "index": 40
  },
  {
    "name": "Require(33) node_modules/egg-multipart/app/extend/context.js",
    "start": 1648457180955,
    "end": 1648457180984,
    "duration": 29,
    "pid": 42476,
    "index": 41
  },
  {
    "name": "Require(34) node_modules/egg-view/app/extend/context.js",
    "start": 1648457180984,
    "end": 1648457180985,
    "duration": 1,
    "pid": 42476,
    "index": 42
  },
  {
    "name": "Require(35) node_modules/egg-mongoose/app/extend/context.js",
    "start": 1648457180985,
    "end": 1648457180985,
    "duration": 0,
    "pid": 42476,
    "index": 43
  },
  {
    "name": "Require(36) node_modules/egg-validate/app/extend/context.js",
    "start": 1648457180986,
    "end": 1648457180986,
    "duration": 0,
    "pid": 42476,
    "index": 44
  },
  {
    "name": "Require(37) node_modules/egg/app/extend/context.js",
    "start": 1648457180986,
    "end": 1648457180986,
    "duration": 0,
    "pid": 42476,
    "index": 45
  },
  {
    "name": "Load extend/helper.js",
    "start": 1648457180988,
    "end": 1648457180999,
    "duration": 11,
    "pid": 42476,
    "index": 46
  },
  {
    "name": "Require(38) node_modules/egg-security/app/extend/helper.js",
    "start": 1648457180988,
    "end": 1648457180996,
    "duration": 8,
    "pid": 42476,
    "index": 47
  },
  {
    "name": "Require(39) node_modules/egg/app/extend/helper.js",
    "start": 1648457180997,
    "end": 1648457180998,
    "duration": 1,
    "pid": 42476,
    "index": 48
  },
  {
    "name": "Require(40) app/extend/helper.js",
    "start": 1648457180998,
    "end": 1648457180998,
    "duration": 0,
    "pid": 42476,
    "index": 49
  },
  {
    "name": "Load app.js",
    "start": 1648457181000,
    "end": 1648457181021,
    "duration": 21,
    "pid": 42476,
    "index": 50
  },
  {
    "name": "Require(41) node_modules/egg-session/app.js",
    "start": 1648457181000,
    "end": 1648457181000,
    "duration": 0,
    "pid": 42476,
    "index": 51
  },
  {
    "name": "Require(42) node_modules/egg-security/app.js",
    "start": 1648457181000,
    "end": 1648457181001,
    "duration": 1,
    "pid": 42476,
    "index": 52
  },
  {
    "name": "Require(43) node_modules/egg-onerror/app.js",
    "start": 1648457181001,
    "end": 1648457181005,
    "duration": 4,
    "pid": 42476,
    "index": 53
  },
  {
    "name": "Require(44) node_modules/egg-i18n/app.js",
    "start": 1648457181005,
    "end": 1648457181014,
    "duration": 9,
    "pid": 42476,
    "index": 54
  },
  {
    "name": "Require(45) node_modules/egg-watcher/app.js",
    "start": 1648457181014,
    "end": 1648457181016,
    "duration": 2,
    "pid": 42476,
    "index": 55
  },
  {
    "name": "Require(46) node_modules/egg-schedule/app.js",
    "start": 1648457181016,
    "end": 1648457181017,
    "duration": 1,
    "pid": 42476,
    "index": 56
  },
  {
    "name": "Require(47) node_modules/egg-multipart/app.js",
    "start": 1648457181017,
    "end": 1648457181017,
    "duration": 0,
    "pid": 42476,
    "index": 57
  },
  {
    "name": "Require(48) node_modules/egg-development/app.js",
    "start": 1648457181018,
    "end": 1648457181018,
    "duration": 0,
    "pid": 42476,
    "index": 58
  },
  {
    "name": "Require(49) node_modules/egg-logrotator/app.js",
    "start": 1648457181018,
    "end": 1648457181018,
    "duration": 0,
    "pid": 42476,
    "index": 59
  },
  {
    "name": "Require(50) node_modules/egg-static/app.js",
    "start": 1648457181018,
    "end": 1648457181018,
    "duration": 0,
    "pid": 42476,
    "index": 60
  },
  {
    "name": "Require(51) node_modules/egg-mongoose/app.js",
    "start": 1648457181019,
    "end": 1648457181019,
    "duration": 0,
    "pid": 42476,
    "index": 61
  },
  {
    "name": "Require(52) node_modules/egg-validate/app.js",
    "start": 1648457181019,
    "end": 1648457181020,
    "duration": 1,
    "pid": 42476,
    "index": 62
  },
  {
    "name": "Require(53) node_modules/egg-cors/app.js",
    "start": 1648457181020,
    "end": 1648457181020,
    "duration": 0,
    "pid": 42476,
    "index": 63
  },
  {
    "name": "Before Start in node_modules/egg-watcher/lib/init.js:15:14",
    "start": 1648457181028,
    "end": 1648457181468,
    "duration": 440,
    "pid": 42476,
    "index": 64
  },
  {
    "name": "Before Start in node_modules/egg-mongoose/lib/mongoose.js:104:7",
    "start": 1648457181317,
    "end": 1648457181467,
    "duration": 150,
    "pid": 42476,
    "index": 65
  },
  {
    "name": "Before Start in node_modules/egg-mongoose/lib/mongoose.js:52:9",
    "start": 1648457181317,
    "end": 1648457181456,
    "duration": 139,
    "pid": 42476,
    "index": 66
  },
  {
    "name": "Load Service",
    "start": 1648457181317,
    "end": 1648457181338,
    "duration": 21,
    "pid": 42476,
    "index": 67
  },
  {
    "name": "Load \"service\" to Context",
    "start": 1648457181317,
    "end": 1648457181338,
    "duration": 21,
    "pid": 42476,
    "index": 68
  },
  {
    "name": "Load Middleware",
    "start": 1648457181338,
    "end": 1648457181403,
    "duration": 65,
    "pid": 42476,
    "index": 69
  },
  {
    "name": "Load \"middlewares\" to Application",
    "start": 1648457181338,
    "end": 1648457181397,
    "duration": 59,
    "pid": 42476,
    "index": 70
  },
  {
    "name": "Load Controller",
    "start": 1648457181403,
    "end": 1648457181435,
    "duration": 32,
    "pid": 42476,
    "index": 71
  },
  {
    "name": "Load \"controller\" to Application",
    "start": 1648457181403,
    "end": 1648457181435,
    "duration": 32,
    "pid": 42476,
    "index": 72
  },
  {
    "name": "Load Router",
    "start": 1648457181435,
    "end": 1648457181437,
    "duration": 2,
    "pid": 42476,
    "index": 73
  },
  {
    "name": "Require(54) app/router.js",
    "start": 1648457181435,
    "end": 1648457181435,
    "duration": 0,
    "pid": 42476,
    "index": 74
  },
  {
    "name": "Before Start in node_modules/egg-core/lib/egg.js:303:10",
    "start": 1648457181435,
    "end": 1648457181456,
    "duration": 21,
    "pid": 42476,
    "index": 75
  },
  {
    "name": "Load \"model\" to Application",
    "start": 1648457181443,
    "end": 1648457181456,
    "duration": 13,
    "pid": 42476,
    "index": 76
  }
]