[
  {
    "name": "Process Start",
    "start": 1648538118682,
    "end": 1648538119335,
    "duration": 653,
    "pid": 31948,
    "index": 0
  },
  {
    "name": "Application Start",
    "start": 1648538119336,
    "end": 1648538119884,
    "duration": 548,
    "pid": 31948,
    "index": 1
  },
  {
    "name": "Load Plugin",
    "start": 1648538119338,
    "end": 1648538119349,
    "duration": 11,
    "pid": 31948,
    "index": 2
  },
  {
    "name": "Load Config",
    "start": 1648538119349,
    "end": 1648538119367,
    "duration": 18,
    "pid": 31948,
    "index": 3
  },
  {
    "name": "Require(0) config/config.default.js",
    "start": 1648538119350,
    "end": 1648538119350,
    "duration": 0,
    "pid": 31948,
    "index": 4
  },
  {
    "name": "Require(1) config/config.local.js",
    "start": 1648538119351,
    "end": 1648538119351,
    "duration": 0,
    "pid": 31948,
    "index": 5
  },
  {
    "name": "Require(2) node_modules/egg-session/config/config.default.js",
    "start": 1648538119352,
    "end": 1648538119352,
    "duration": 0,
    "pid": 31948,
    "index": 6
  },
  {
    "name": "Require(3) node_modules/egg-security/config/config.default.js",
    "start": 1648538119352,
    "end": 1648538119352,
    "duration": 0,
    "pid": 31948,
    "index": 7
  },
  {
    "name": "Require(4) node_modules/egg-jsonp/config/config.default.js",
    "start": 1648538119353,
    "end": 1648538119353,
    "duration": 0,
    "pid": 31948,
    "index": 8
  },
  {
    "name": "Require(5) node_modules/egg-onerror/config/config.default.js",
    "start": 1648538119354,
    "end": 1648538119354,
    "duration": 0,
    "pid": 31948,
    "index": 9
  },
  {
    "name": "Require(6) node_modules/egg-i18n/config/config.default.js",
    "start": 1648538119354,
    "end": 1648538119354,
    "duration": 0,
    "pid": 31948,
    "index": 10
  },
  {
    "name": "Require(7) node_modules/egg-watcher/config/config.default.js",
    "start": 1648538119355,
    "end": 1648538119355,
    "duration": 0,
    "pid": 31948,
    "index": 11
  },
  {
    "name": "Require(8) node_modules/egg-schedule/config/config.default.js",
    "start": 1648538119355,
    "end": 1648538119356,
    "duration": 1,
    "pid": 31948,
    "index": 12
  },
  {
    "name": "Require(9) node_modules/egg-multipart/config/config.default.js",
    "start": 1648538119356,
    "end": 1648538119356,
    "duration": 0,
    "pid": 31948,
    "index": 13
  },
  {
    "name": "Require(10) node_modules/egg-development/config/config.default.js",
    "start": 1648538119357,
    "end": 1648538119357,
    "duration": 0,
    "pid": 31948,
    "index": 14
  },
  {
    "name": "Require(11) node_modules/egg-logrotator/config/config.default.js",
    "start": 1648538119357,
    "end": 1648538119357,
    "duration": 0,
    "pid": 31948,
    "index": 15
  },
  {
    "name": "Require(12) node_modules/egg-static/config/config.default.js",
    "start": 1648538119358,
    "end": 1648538119358,
    "duration": 0,
    "pid": 31948,
    "index": 16
  },
  {
    "name": "Require(13) node_modules/egg-view/config/config.default.js",
    "start": 1648538119358,
    "end": 1648538119359,
    "duration": 1,
    "pid": 31948,
    "index": 17
  },
  {
    "name": "Require(14) node_modules/egg-mongoose/config/config.default.js",
    "start": 1648538119359,
    "end": 1648538119359,
    "duration": 0,
    "pid": 31948,
    "index": 18
  },
  {
    "name": "Require(15) node_modules/egg-validate/config/config.default.js",
    "start": 1648538119359,
    "end": 1648538119360,
    "duration": 1,
    "pid": 31948,
    "index": 19
  },
  {
    "name": "Require(16) node_modules/egg-cors/config/config.default.js",
    "start": 1648538119360,
    "end": 1648538119360,
    "duration": 0,
    "pid": 31948,
    "index": 20
  },
  {
    "name": "Require(17) node_modules/egg/config/config.default.js",
    "start": 1648538119360,
    "end": 1648538119360,
    "duration": 0,
    "pid": 31948,
    "index": 21
  },
  {
    "name": "Require(18) config/config.default.js",
    "start": 1648538119361,
    "end": 1648538119361,
    "duration": 0,
    "pid": 31948,
    "index": 22
  },
  {
    "name": "Require(19) node_modules/egg-security/config/config.local.js",
    "start": 1648538119362,
    "end": 1648538119363,
    "duration": 1,
    "pid": 31948,
    "index": 23
  },
  {
    "name": "Require(20) node_modules/egg-watcher/config/config.local.js",
    "start": 1648538119364,
    "end": 1648538119364,
    "duration": 0,
    "pid": 31948,
    "index": 24
  },
  {
    "name": "Require(21) node_modules/egg-view/config/config.local.js",
    "start": 1648538119366,
    "end": 1648538119366,
    "duration": 0,
    "pid": 31948,
    "index": 25
  },
  {
    "name": "Require(22) node_modules/egg/config/config.local.js",
    "start": 1648538119367,
    "end": 1648538119367,
    "duration": 0,
    "pid": 31948,
    "index": 26
  },
  {
    "name": "Require(23) config/config.local.js",
    "start": 1648538119367,
    "end": 1648538119367,
    "duration": 0,
    "pid": 31948,
    "index": 27
  },
  {
    "name": "Load extend/application.js",
    "start": 1648538119368,
    "end": 1648538119401,
    "duration": 33,
    "pid": 31948,
    "index": 28
  },
  {
    "name": "Require(24) node_modules/egg-session/app/extend/application.js",
    "start": 1648538119368,
    "end": 1648538119368,
    "duration": 0,
    "pid": 31948,
    "index": 29
  },
  {
    "name": "Require(25) node_modules/egg-security/app/extend/application.js",
    "start": 1648538119369,
    "end": 1648538119369,
    "duration": 0,
    "pid": 31948,
    "index": 30
  },
  {
    "name": "Require(26) node_modules/egg-jsonp/app/extend/application.js",
    "start": 1648538119370,
    "end": 1648538119370,
    "duration": 0,
    "pid": 31948,
    "index": 31
  },
  {
    "name": "Require(27) node_modules/egg-logrotator/app/extend/application.js",
    "start": 1648538119371,
    "end": 1648538119372,
    "duration": 1,
    "pid": 31948,
    "index": 32
  },
  {
    "name": "Require(28) node_modules/egg-view/app/extend/application.js",
    "start": 1648538119372,
    "end": 1648538119373,
    "duration": 1,
    "pid": 31948,
    "index": 33
  },
  {
    "name": "Require(29) app/extend/application.js",
    "start": 1648538119373,
    "end": 1648538119400,
    "duration": 27,
    "pid": 31948,
    "index": 34
  },
  {
    "name": "Load extend/request.js",
    "start": 1648538119401,
    "end": 1648538119404,
    "duration": 3,
    "pid": 31948,
    "index": 35
  },
  {
    "name": "Require(30) node_modules/egg/app/extend/request.js",
    "start": 1648538119402,
    "end": 1648538119403,
    "duration": 1,
    "pid": 31948,
    "index": 36
  },
  {
    "name": "Load extend/response.js",
    "start": 1648538119404,
    "end": 1648538119408,
    "duration": 4,
    "pid": 31948,
    "index": 37
  },
  {
    "name": "Require(31) node_modules/egg/app/extend/response.js",
    "start": 1648538119406,
    "end": 1648538119406,
    "duration": 0,
    "pid": 31948,
    "index": 38
  },
  {
    "name": "Load extend/context.js",
    "start": 1648538119408,
    "end": 1648538119444,
    "duration": 36,
    "pid": 31948,
    "index": 39
  },
  {
    "name": "Require(32) node_modules/egg-security/app/extend/context.js",
    "start": 1648538119408,
    "end": 1648538119412,
    "duration": 4,
    "pid": 31948,
    "index": 40
  },
  {
    "name": "Require(33) node_modules/egg-jsonp/app/extend/context.js",
    "start": 1648538119412,
    "end": 1648538119413,
    "duration": 1,
    "pid": 31948,
    "index": 41
  },
  {
    "name": "Require(34) node_modules/egg-i18n/app/extend/context.js",
    "start": 1648538119413,
    "end": 1648538119413,
    "duration": 0,
    "pid": 31948,
    "index": 42
  },
  {
    "name": "Require(35) node_modules/egg-multipart/app/extend/context.js",
    "start": 1648538119414,
    "end": 1648538119440,
    "duration": 26,
    "pid": 31948,
    "index": 43
  },
  {
    "name": "Require(36) node_modules/egg-view/app/extend/context.js",
    "start": 1648538119441,
    "end": 1648538119441,
    "duration": 0,
    "pid": 31948,
    "index": 44
  },
  {
    "name": "Require(37) node_modules/egg-mongoose/app/extend/context.js",
    "start": 1648538119441,
    "end": 1648538119442,
    "duration": 1,
    "pid": 31948,
    "index": 45
  },
  {
    "name": "Require(38) node_modules/egg-validate/app/extend/context.js",
    "start": 1648538119442,
    "end": 1648538119442,
    "duration": 0,
    "pid": 31948,
    "index": 46
  },
  {
    "name": "Require(39) node_modules/egg/app/extend/context.js",
    "start": 1648538119442,
    "end": 1648538119443,
    "duration": 1,
    "pid": 31948,
    "index": 47
  },
  {
    "name": "Load extend/helper.js",
    "start": 1648538119444,
    "end": 1648538119456,
    "duration": 12,
    "pid": 31948,
    "index": 48
  },
  {
    "name": "Require(40) node_modules/egg-security/app/extend/helper.js",
    "start": 1648538119445,
    "end": 1648538119453,
    "duration": 8,
    "pid": 31948,
    "index": 49
  },
  {
    "name": "Require(41) node_modules/egg/app/extend/helper.js",
    "start": 1648538119454,
    "end": 1648538119454,
    "duration": 0,
    "pid": 31948,
    "index": 50
  },
  {
    "name": "Require(42) app/extend/helper.js",
    "start": 1648538119454,
    "end": 1648538119455,
    "duration": 1,
    "pid": 31948,
    "index": 51
  },
  {
    "name": "Load app.js",
    "start": 1648538119456,
    "end": 1648538119478,
    "duration": 22,
    "pid": 31948,
    "index": 52
  },
  {
    "name": "Require(43) node_modules/egg-session/app.js",
    "start": 1648538119456,
    "end": 1648538119457,
    "duration": 1,
    "pid": 31948,
    "index": 53
  },
  {
    "name": "Require(44) node_modules/egg-security/app.js",
    "start": 1648538119457,
    "end": 1648538119458,
    "duration": 1,
    "pid": 31948,
    "index": 54
  },
  {
    "name": "Require(45) node_modules/egg-onerror/app.js",
    "start": 1648538119458,
    "end": 1648538119462,
    "duration": 4,
    "pid": 31948,
    "index": 55
  },
  {
    "name": "Require(46) node_modules/egg-i18n/app.js",
    "start": 1648538119462,
    "end": 1648538119471,
    "duration": 9,
    "pid": 31948,
    "index": 56
  },
  {
    "name": "Require(47) node_modules/egg-watcher/app.js",
    "start": 1648538119471,
    "end": 1648538119473,
    "duration": 2,
    "pid": 31948,
    "index": 57
  },
  {
    "name": "Require(48) node_modules/egg-schedule/app.js",
    "start": 1648538119473,
    "end": 1648538119474,
    "duration": 1,
    "pid": 31948,
    "index": 58
  },
  {
    "name": "Require(49) node_modules/egg-multipart/app.js",
    "start": 1648538119474,
    "end": 1648538119475,
    "duration": 1,
    "pid": 31948,
    "index": 59
  },
  {
    "name": "Require(50) node_modules/egg-development/app.js",
    "start": 1648538119475,
    "end": 1648538119475,
    "duration": 0,
    "pid": 31948,
    "index": 60
  },
  {
    "name": "Require(51) node_modules/egg-logrotator/app.js",
    "start": 1648538119475,
    "end": 1648538119475,
    "duration": 0,
    "pid": 31948,
    "index": 61
  },
  {
    "name": "Require(52) node_modules/egg-static/app.js",
    "start": 1648538119475,
    "end": 1648538119476,
    "duration": 1,
    "pid": 31948,
    "index": 62
  },
  {
    "name": "Require(53) node_modules/egg-mongoose/app.js",
    "start": 1648538119476,
    "end": 1648538119476,
    "duration": 0,
    "pid": 31948,
    "index": 63
  },
  {
    "name": "Require(54) node_modules/egg-validate/app.js",
    "start": 1648538119476,
    "end": 1648538119477,
    "duration": 1,
    "pid": 31948,
    "index": 64
  },
  {
    "name": "Require(55) node_modules/egg-cors/app.js",
    "start": 1648538119477,
    "end": 1648538119477,
    "duration": 0,
    "pid": 31948,
    "index": 65
  },
  {
    "name": "Before Start in node_modules/egg-watcher/lib/init.js:15:14",
    "start": 1648538119484,
    "end": 1648538119883,
    "duration": 399,
    "pid": 31948,
    "index": 66
  },
  {
    "name": "Before Start in node_modules/egg-mongoose/lib/mongoose.js:104:7",
    "start": 1648538119731,
    "end": 1648538119882,
    "duration": 151,
    "pid": 31948,
    "index": 67
  },
  {
    "name": "Before Start in node_modules/egg-mongoose/lib/mongoose.js:52:9",
    "start": 1648538119731,
    "end": 1648538119870,
    "duration": 139,
    "pid": 31948,
    "index": 68
  },
  {
    "name": "Load Service",
    "start": 1648538119731,
    "end": 1648538119751,
    "duration": 20,
    "pid": 31948,
    "index": 69
  },
  {
    "name": "Load \"service\" to Context",
    "start": 1648538119731,
    "end": 1648538119751,
    "duration": 20,
    "pid": 31948,
    "index": 70
  },
  {
    "name": "Load Middleware",
    "start": 1648538119751,
    "end": 1648538119848,
    "duration": 97,
    "pid": 31948,
    "index": 71
  },
  {
    "name": "Load \"middlewares\" to Application",
    "start": 1648538119751,
    "end": 1648538119841,
    "duration": 90,
    "pid": 31948,
    "index": 72
  },
  {
    "name": "Load Controller",
    "start": 1648538119848,
    "end": 1648538119850,
    "duration": 2,
    "pid": 31948,
    "index": 73
  },
  {
    "name": "Load \"controller\" to Application",
    "start": 1648538119848,
    "end": 1648538119850,
    "duration": 2,
    "pid": 31948,
    "index": 74
  },
  {
    "name": "Load Router",
    "start": 1648538119850,
    "end": 1648538119852,
    "duration": 2,
    "pid": 31948,
    "index": 75
  },
  {
    "name": "Require(56) app/router.js",
    "start": 1648538119850,
    "end": 1648538119850,
    "duration": 0,
    "pid": 31948,
    "index": 76
  },
  {
    "name": "Before Start in node_modules/egg-core/lib/egg.js:303:10",
    "start": 1648538119851,
    "end": 1648538119870,
    "duration": 19,
    "pid": 31948,
    "index": 77
  },
  {
    "name": "Load \"model\" to Application",
    "start": 1648538119857,
    "end": 1648538119870,
    "duration": 13,
    "pid": 31948,
    "index": 78
  }
]