[
  {
    "name": "Process Start",
    "start": 1648537486660,
    "end": 1648537487324,
    "duration": 664,
    "pid": 30164,
    "index": 0
  },
  {
    "name": "Application Start",
    "start": 1648537487324,
    "end": 1648537487821,
    "duration": 497,
    "pid": 30164,
    "index": 1
  },
  {
    "name": "Load Plugin",
    "start": 1648537487327,
    "end": 1648537487337,
    "duration": 10,
    "pid": 30164,
    "index": 2
  },
  {
    "name": "Load Config",
    "start": 1648537487337,
    "end": 1648537487351,
    "duration": 14,
    "pid": 30164,
    "index": 3
  },
  {
    "name": "Require(0) config/config.default.js",
    "start": 1648537487337,
    "end": 1648537487338,
    "duration": 1,
    "pid": 30164,
    "index": 4
  },
  {
    "name": "Require(1) config/config.local.js",
    "start": 1648537487338,
    "end": 1648537487339,
    "duration": 1,
    "pid": 30164,
    "index": 5
  },
  {
    "name": "Require(2) node_modules/egg-session/config/config.default.js",
    "start": 1648537487339,
    "end": 1648537487339,
    "duration": 0,
    "pid": 30164,
    "index": 6
  },
  {
    "name": "Require(3) node_modules/egg-security/config/config.default.js",
    "start": 1648537487339,
    "end": 1648537487340,
    "duration": 1,
    "pid": 30164,
    "index": 7
  },
  {
    "name": "Require(4) node_modules/egg-jsonp/config/config.default.js",
    "start": 1648537487340,
    "end": 1648537487340,
    "duration": 0,
    "pid": 30164,
    "index": 8
  },
  {
    "name": "Require(5) node_modules/egg-onerror/config/config.default.js",
    "start": 1648537487341,
    "end": 1648537487341,
    "duration": 0,
    "pid": 30164,
    "index": 9
  },
  {
    "name": "Require(6) node_modules/egg-i18n/config/config.default.js",
    "start": 1648537487341,
    "end": 1648537487341,
    "duration": 0,
    "pid": 30164,
    "index": 10
  },
  {
    "name": "Require(7) node_modules/egg-watcher/config/config.default.js",
    "start": 1648537487342,
    "end": 1648537487342,
    "duration": 0,
    "pid": 30164,
    "index": 11
  },
  {
    "name": "Require(8) node_modules/egg-schedule/config/config.default.js",
    "start": 1648537487342,
    "end": 1648537487342,
    "duration": 0,
    "pid": 30164,
    "index": 12
  },
  {
    "name": "Require(9) node_modules/egg-multipart/config/config.default.js",
    "start": 1648537487343,
    "end": 1648537487343,
    "duration": 0,
    "pid": 30164,
    "index": 13
  },
  {
    "name": "Require(10) node_modules/egg-development/config/config.default.js",
    "start": 1648537487343,
    "end": 1648537487343,
    "duration": 0,
    "pid": 30164,
    "index": 14
  },
  {
    "name": "Require(11) node_modules/egg-logrotator/config/config.default.js",
    "start": 1648537487344,
    "end": 1648537487344,
    "duration": 0,
    "pid": 30164,
    "index": 15
  },
  {
    "name": "Require(12) node_modules/egg-static/config/config.default.js",
    "start": 1648537487344,
    "end": 1648537487344,
    "duration": 0,
    "pid": 30164,
    "index": 16
  },
  {
    "name": "Require(13) node_modules/egg-view/config/config.default.js",
    "start": 1648537487345,
    "end": 1648537487345,
    "duration": 0,
    "pid": 30164,
    "index": 17
  },
  {
    "name": "Require(14) node_modules/egg-mongoose/config/config.default.js",
    "start": 1648537487345,
    "end": 1648537487345,
    "duration": 0,
    "pid": 30164,
    "index": 18
  },
  {
    "name": "Require(15) node_modules/egg-validate/config/config.default.js",
    "start": 1648537487346,
    "end": 1648537487346,
    "duration": 0,
    "pid": 30164,
    "index": 19
  },
  {
    "name": "Require(16) node_modules/egg-cors/config/config.default.js",
    "start": 1648537487346,
    "end": 1648537487347,
    "duration": 1,
    "pid": 30164,
    "index": 20
  },
  {
    "name": "Require(17) node_modules/egg/config/config.default.js",
    "start": 1648537487347,
    "end": 1648537487347,
    "duration": 0,
    "pid": 30164,
    "index": 21
  },
  {
    "name": "Require(18) config/config.default.js",
    "start": 1648537487348,
    "end": 1648537487348,
    "duration": 0,
    "pid": 30164,
    "index": 22
  },
  {
    "name": "Require(19) node_modules/egg-security/config/config.local.js",
    "start": 1648537487348,
    "end": 1648537487349,
    "duration": 1,
    "pid": 30164,
    "index": 23
  },
  {
    "name": "Require(20) node_modules/egg-watcher/config/config.local.js",
    "start": 1648537487350,
    "end": 1648537487350,
    "duration": 0,
    "pid": 30164,
    "index": 24
  },
  {
    "name": "Require(21) node_modules/egg-view/config/config.local.js",
    "start": 1648537487351,
    "end": 1648537487351,
    "duration": 0,
    "pid": 30164,
    "index": 25
  },
  {
    "name": "Require(22) node_modules/egg/config/config.local.js",
    "start": 1648537487351,
    "end": 1648537487351,
    "duration": 0,
    "pid": 30164,
    "index": 26
  },
  {
    "name": "Require(23) config/config.local.js",
    "start": 1648537487351,
    "end": 1648537487351,
    "duration": 0,
    "pid": 30164,
    "index": 27
  },
  {
    "name": "Load extend/application.js",
    "start": 1648537487352,
    "end": 1648537487387,
    "duration": 35,
    "pid": 30164,
    "index": 28
  },
  {
    "name": "Require(24) node_modules/egg-session/app/extend/application.js",
    "start": 1648537487352,
    "end": 1648537487353,
    "duration": 1,
    "pid": 30164,
    "index": 29
  },
  {
    "name": "Require(25) node_modules/egg-security/app/extend/application.js",
    "start": 1648537487353,
    "end": 1648537487354,
    "duration": 1,
    "pid": 30164,
    "index": 30
  },
  {
    "name": "Require(26) node_modules/egg-jsonp/app/extend/application.js",
    "start": 1648537487354,
    "end": 1648537487354,
    "duration": 0,
    "pid": 30164,
    "index": 31
  },
  {
    "name": "Require(27) node_modules/egg-logrotator/app/extend/application.js",
    "start": 1648537487355,
    "end": 1648537487356,
    "duration": 1,
    "pid": 30164,
    "index": 32
  },
  {
    "name": "Require(28) node_modules/egg-view/app/extend/application.js",
    "start": 1648537487356,
    "end": 1648537487357,
    "duration": 1,
    "pid": 30164,
    "index": 33
  },
  {
    "name": "Require(29) app/extend/application.js",
    "start": 1648537487357,
    "end": 1648537487386,
    "duration": 29,
    "pid": 30164,
    "index": 34
  },
  {
    "name": "Load extend/request.js",
    "start": 1648537487387,
    "end": 1648537487391,
    "duration": 4,
    "pid": 30164,
    "index": 35
  },
  {
    "name": "Require(30) node_modules/egg/app/extend/request.js",
    "start": 1648537487389,
    "end": 1648537487389,
    "duration": 0,
    "pid": 30164,
    "index": 36
  },
  {
    "name": "Load extend/response.js",
    "start": 1648537487391,
    "end": 1648537487394,
    "duration": 3,
    "pid": 30164,
    "index": 37
  },
  {
    "name": "Require(31) node_modules/egg/app/extend/response.js",
    "start": 1648537487392,
    "end": 1648537487393,
    "duration": 1,
    "pid": 30164,
    "index": 38
  },
  {
    "name": "Load extend/context.js",
    "start": 1648537487394,
    "end": 1648537487432,
    "duration": 38,
    "pid": 30164,
    "index": 39
  },
  {
    "name": "Require(32) node_modules/egg-security/app/extend/context.js",
    "start": 1648537487395,
    "end": 1648537487399,
    "duration": 4,
    "pid": 30164,
    "index": 40
  },
  {
    "name": "Require(33) node_modules/egg-jsonp/app/extend/context.js",
    "start": 1648537487399,
    "end": 1648537487400,
    "duration": 1,
    "pid": 30164,
    "index": 41
  },
  {
    "name": "Require(34) node_modules/egg-i18n/app/extend/context.js",
    "start": 1648537487400,
    "end": 1648537487400,
    "duration": 0,
    "pid": 30164,
    "index": 42
  },
  {
    "name": "Require(35) node_modules/egg-multipart/app/extend/context.js",
    "start": 1648537487401,
    "end": 1648537487428,
    "duration": 27,
    "pid": 30164,
    "index": 43
  },
  {
    "name": "Require(36) node_modules/egg-view/app/extend/context.js",
    "start": 1648537487428,
    "end": 1648537487429,
    "duration": 1,
    "pid": 30164,
    "index": 44
  },
  {
    "name": "Require(37) node_modules/egg-mongoose/app/extend/context.js",
    "start": 1648537487429,
    "end": 1648537487429,
    "duration": 0,
    "pid": 30164,
    "index": 45
  },
  {
    "name": "Require(38) node_modules/egg-validate/app/extend/context.js",
    "start": 1648537487429,
    "end": 1648537487430,
    "duration": 1,
    "pid": 30164,
    "index": 46
  },
  {
    "name": "Require(39) node_modules/egg/app/extend/context.js",
    "start": 1648537487430,
    "end": 1648537487430,
    "duration": 0,
    "pid": 30164,
    "index": 47
  },
  {
    "name": "Load extend/helper.js",
    "start": 1648537487432,
    "end": 1648537487444,
    "duration": 12,
    "pid": 30164,
    "index": 48
  },
  {
    "name": "Require(40) node_modules/egg-security/app/extend/helper.js",
    "start": 1648537487432,
    "end": 1648537487440,
    "duration": 8,
    "pid": 30164,
    "index": 49
  },
  {
    "name": "Require(41) node_modules/egg/app/extend/helper.js",
    "start": 1648537487441,
    "end": 1648537487442,
    "duration": 1,
    "pid": 30164,
    "index": 50
  },
  {
    "name": "Require(42) app/extend/helper.js",
    "start": 1648537487442,
    "end": 1648537487442,
    "duration": 0,
    "pid": 30164,
    "index": 51
  },
  {
    "name": "Load app.js",
    "start": 1648537487444,
    "end": 1648537487465,
    "duration": 21,
    "pid": 30164,
    "index": 52
  },
  {
    "name": "Require(43) node_modules/egg-session/app.js",
    "start": 1648537487444,
    "end": 1648537487444,
    "duration": 0,
    "pid": 30164,
    "index": 53
  },
  {
    "name": "Require(44) node_modules/egg-security/app.js",
    "start": 1648537487444,
    "end": 1648537487445,
    "duration": 1,
    "pid": 30164,
    "index": 54
  },
  {
    "name": "Require(45) node_modules/egg-onerror/app.js",
    "start": 1648537487445,
    "end": 1648537487449,
    "duration": 4,
    "pid": 30164,
    "index": 55
  },
  {
    "name": "Require(46) node_modules/egg-i18n/app.js",
    "start": 1648537487450,
    "end": 1648537487459,
    "duration": 9,
    "pid": 30164,
    "index": 56
  },
  {
    "name": "Require(47) node_modules/egg-watcher/app.js",
    "start": 1648537487459,
    "end": 1648537487461,
    "duration": 2,
    "pid": 30164,
    "index": 57
  },
  {
    "name": "Require(48) node_modules/egg-schedule/app.js",
    "start": 1648537487461,
    "end": 1648537487461,
    "duration": 0,
    "pid": 30164,
    "index": 58
  },
  {
    "name": "Require(49) node_modules/egg-multipart/app.js",
    "start": 1648537487462,
    "end": 1648537487462,
    "duration": 0,
    "pid": 30164,
    "index": 59
  },
  {
    "name": "Require(50) node_modules/egg-development/app.js",
    "start": 1648537487462,
    "end": 1648537487462,
    "duration": 0,
    "pid": 30164,
    "index": 60
  },
  {
    "name": "Require(51) node_modules/egg-logrotator/app.js",
    "start": 1648537487462,
    "end": 1648537487463,
    "duration": 1,
    "pid": 30164,
    "index": 61
  },
  {
    "name": "Require(52) node_modules/egg-static/app.js",
    "start": 1648537487463,
    "end": 1648537487463,
    "duration": 0,
    "pid": 30164,
    "index": 62
  },
  {
    "name": "Require(53) node_modules/egg-mongoose/app.js",
    "start": 1648537487463,
    "end": 1648537487463,
    "duration": 0,
    "pid": 30164,
    "index": 63
  },
  {
    "name": "Require(54) node_modules/egg-validate/app.js",
    "start": 1648537487463,
    "end": 1648537487464,
    "duration": 1,
    "pid": 30164,
    "index": 64
  },
  {
    "name": "Require(55) node_modules/egg-cors/app.js",
    "start": 1648537487464,
    "end": 1648537487465,
    "duration": 1,
    "pid": 30164,
    "index": 65
  },
  {
    "name": "Before Start in node_modules/egg-watcher/lib/init.js:15:14",
    "start": 1648537487471,
    "end": 1648537487821,
    "duration": 350,
    "pid": 30164,
    "index": 66
  },
  {
    "name": "Before Start in node_modules/egg-mongoose/lib/mongoose.js:104:7",
    "start": 1648537487705,
    "end": 1648537487819,
    "duration": 114,
    "pid": 30164,
    "index": 67
  },
  {
    "name": "Before Start in node_modules/egg-mongoose/lib/mongoose.js:52:9",
    "start": 1648537487705,
    "end": 1648537487809,
    "duration": 104,
    "pid": 30164,
    "index": 68
  },
  {
    "name": "Load Service",
    "start": 1648537487705,
    "end": 1648537487725,
    "duration": 20,
    "pid": 30164,
    "index": 69
  },
  {
    "name": "Load \"service\" to Context",
    "start": 1648537487705,
    "end": 1648537487725,
    "duration": 20,
    "pid": 30164,
    "index": 70
  },
  {
    "name": "Load Middleware",
    "start": 1648537487726,
    "end": 1648537487785,
    "duration": 59,
    "pid": 30164,
    "index": 71
  },
  {
    "name": "Load \"middlewares\" to Application",
    "start": 1648537487726,
    "end": 1648537487779,
    "duration": 53,
    "pid": 30164,
    "index": 72
  },
  {
    "name": "Load Controller",
    "start": 1648537487785,
    "end": 1648537487789,
    "duration": 4,
    "pid": 30164,
    "index": 73
  },
  {
    "name": "Load \"controller\" to Application",
    "start": 1648537487786,
    "end": 1648537487789,
    "duration": 3,
    "pid": 30164,
    "index": 74
  },
  {
    "name": "Load Router",
    "start": 1648537487789,
    "end": 1648537487791,
    "duration": 2,
    "pid": 30164,
    "index": 75
  },
  {
    "name": "Require(56) app/router.js",
    "start": 1648537487789,
    "end": 1648537487790,
    "duration": 1,
    "pid": 30164,
    "index": 76
  },
  {
    "name": "Before Start in node_modules/egg-core/lib/egg.js:303:10",
    "start": 1648537487790,
    "end": 1648537487809,
    "duration": 19,
    "pid": 30164,
    "index": 77
  },
  {
    "name": "Load \"model\" to Application",
    "start": 1648537487797,
    "end": 1648537487808,
    "duration": 11,
    "pid": 30164,
    "index": 78
  }
]