[
  {
    "name": "Process Start",
    "start": 1648460160143,
    "end": 1648460160863,
    "duration": 720,
    "pid": 42408,
    "index": 0
  },
  {
    "name": "Application Start",
    "start": 1648460160863,
    "end": 1648460161427,
    "duration": 564,
    "pid": 42408,
    "index": 1
  },
  {
    "name": "Load Plugin",
    "start": 1648460160866,
    "end": 1648460160876,
    "duration": 10,
    "pid": 42408,
    "index": 2
  },
  {
    "name": "Load Config",
    "start": 1648460160876,
    "end": 1648460160891,
    "duration": 15,
    "pid": 42408,
    "index": 3
  },
  {
    "name": "Require(0) config/config.default.js",
    "start": 1648460160877,
    "end": 1648460160877,
    "duration": 0,
    "pid": 42408,
    "index": 4
  },
  {
    "name": "Require(1) config/config.local.js",
    "start": 1648460160878,
    "end": 1648460160878,
    "duration": 0,
    "pid": 42408,
    "index": 5
  },
  {
    "name": "Require(2) node_modules/egg-session/config/config.default.js",
    "start": 1648460160878,
    "end": 1648460160878,
    "duration": 0,
    "pid": 42408,
    "index": 6
  },
  {
    "name": "Require(3) node_modules/egg-security/config/config.default.js",
    "start": 1648460160879,
    "end": 1648460160879,
    "duration": 0,
    "pid": 42408,
    "index": 7
  },
  {
    "name": "Require(4) node_modules/egg-jsonp/config/config.default.js",
    "start": 1648460160879,
    "end": 1648460160880,
    "duration": 1,
    "pid": 42408,
    "index": 8
  },
  {
    "name": "Require(5) node_modules/egg-onerror/config/config.default.js",
    "start": 1648460160880,
    "end": 1648460160880,
    "duration": 0,
    "pid": 42408,
    "index": 9
  },
  {
    "name": "Require(6) node_modules/egg-i18n/config/config.default.js",
    "start": 1648460160880,
    "end": 1648460160881,
    "duration": 1,
    "pid": 42408,
    "index": 10
  },
  {
    "name": "Require(7) node_modules/egg-watcher/config/config.default.js",
    "start": 1648460160881,
    "end": 1648460160882,
    "duration": 1,
    "pid": 42408,
    "index": 11
  },
  {
    "name": "Require(8) node_modules/egg-schedule/config/config.default.js",
    "start": 1648460160882,
    "end": 1648460160882,
    "duration": 0,
    "pid": 42408,
    "index": 12
  },
  {
    "name": "Require(9) node_modules/egg-multipart/config/config.default.js",
    "start": 1648460160882,
    "end": 1648460160883,
    "duration": 1,
    "pid": 42408,
    "index": 13
  },
  {
    "name": "Require(10) node_modules/egg-development/config/config.default.js",
    "start": 1648460160883,
    "end": 1648460160883,
    "duration": 0,
    "pid": 42408,
    "index": 14
  },
  {
    "name": "Require(11) node_modules/egg-logrotator/config/config.default.js",
    "start": 1648460160884,
    "end": 1648460160884,
    "duration": 0,
    "pid": 42408,
    "index": 15
  },
  {
    "name": "Require(12) node_modules/egg-static/config/config.default.js",
    "start": 1648460160884,
    "end": 1648460160884,
    "duration": 0,
    "pid": 42408,
    "index": 16
  },
  {
    "name": "Require(13) node_modules/egg-view/config/config.default.js",
    "start": 1648460160885,
    "end": 1648460160885,
    "duration": 0,
    "pid": 42408,
    "index": 17
  },
  {
    "name": "Require(14) node_modules/egg-mongoose/config/config.default.js",
    "start": 1648460160885,
    "end": 1648460160885,
    "duration": 0,
    "pid": 42408,
    "index": 18
  },
  {
    "name": "Require(15) node_modules/egg-validate/config/config.default.js",
    "start": 1648460160886,
    "end": 1648460160886,
    "duration": 0,
    "pid": 42408,
    "index": 19
  },
  {
    "name": "Require(16) node_modules/egg-cors/config/config.default.js",
    "start": 1648460160886,
    "end": 1648460160886,
    "duration": 0,
    "pid": 42408,
    "index": 20
  },
  {
    "name": "Require(17) node_modules/egg/config/config.default.js",
    "start": 1648460160886,
    "end": 1648460160887,
    "duration": 1,
    "pid": 42408,
    "index": 21
  },
  {
    "name": "Require(18) config/config.default.js",
    "start": 1648460160888,
    "end": 1648460160888,
    "duration": 0,
    "pid": 42408,
    "index": 22
  },
  {
    "name": "Require(19) node_modules/egg-security/config/config.local.js",
    "start": 1648460160888,
    "end": 1648460160889,
    "duration": 1,
    "pid": 42408,
    "index": 23
  },
  {
    "name": "Require(20) node_modules/egg-watcher/config/config.local.js",
    "start": 1648460160890,
    "end": 1648460160890,
    "duration": 0,
    "pid": 42408,
    "index": 24
  },
  {
    "name": "Require(21) node_modules/egg-view/config/config.local.js",
    "start": 1648460160890,
    "end": 1648460160891,
    "duration": 1,
    "pid": 42408,
    "index": 25
  },
  {
    "name": "Require(22) node_modules/egg/config/config.local.js",
    "start": 1648460160891,
    "end": 1648460160891,
    "duration": 0,
    "pid": 42408,
    "index": 26
  },
  {
    "name": "Require(23) config/config.local.js",
    "start": 1648460160891,
    "end": 1648460160891,
    "duration": 0,
    "pid": 42408,
    "index": 27
  },
  {
    "name": "Load extend/application.js",
    "start": 1648460160892,
    "end": 1648460160929,
    "duration": 37,
    "pid": 42408,
    "index": 28
  },
  {
    "name": "Require(24) node_modules/egg-session/app/extend/application.js",
    "start": 1648460160892,
    "end": 1648460160892,
    "duration": 0,
    "pid": 42408,
    "index": 29
  },
  {
    "name": "Require(25) node_modules/egg-security/app/extend/application.js",
    "start": 1648460160893,
    "end": 1648460160893,
    "duration": 0,
    "pid": 42408,
    "index": 30
  },
  {
    "name": "Require(26) node_modules/egg-jsonp/app/extend/application.js",
    "start": 1648460160894,
    "end": 1648460160894,
    "duration": 0,
    "pid": 42408,
    "index": 31
  },
  {
    "name": "Require(27) node_modules/egg-logrotator/app/extend/application.js",
    "start": 1648460160895,
    "end": 1648460160896,
    "duration": 1,
    "pid": 42408,
    "index": 32
  },
  {
    "name": "Require(28) node_modules/egg-view/app/extend/application.js",
    "start": 1648460160896,
    "end": 1648460160897,
    "duration": 1,
    "pid": 42408,
    "index": 33
  },
  {
    "name": "Require(29) app/extend/application.js",
    "start": 1648460160897,
    "end": 1648460160928,
    "duration": 31,
    "pid": 42408,
    "index": 34
  },
  {
    "name": "Load extend/request.js",
    "start": 1648460160929,
    "end": 1648460160933,
    "duration": 4,
    "pid": 42408,
    "index": 35
  },
  {
    "name": "Require(30) node_modules/egg/app/extend/request.js",
    "start": 1648460160931,
    "end": 1648460160932,
    "duration": 1,
    "pid": 42408,
    "index": 36
  },
  {
    "name": "Load extend/response.js",
    "start": 1648460160933,
    "end": 1648460160937,
    "duration": 4,
    "pid": 42408,
    "index": 37
  },
  {
    "name": "Require(31) node_modules/egg/app/extend/response.js",
    "start": 1648460160935,
    "end": 1648460160935,
    "duration": 0,
    "pid": 42408,
    "index": 38
  },
  {
    "name": "Load extend/context.js",
    "start": 1648460160937,
    "end": 1648460160975,
    "duration": 38,
    "pid": 42408,
    "index": 39
  },
  {
    "name": "Require(32) node_modules/egg-security/app/extend/context.js",
    "start": 1648460160937,
    "end": 1648460160941,
    "duration": 4,
    "pid": 42408,
    "index": 40
  },
  {
    "name": "Require(33) node_modules/egg-jsonp/app/extend/context.js",
    "start": 1648460160941,
    "end": 1648460160942,
    "duration": 1,
    "pid": 42408,
    "index": 41
  },
  {
    "name": "Require(34) node_modules/egg-i18n/app/extend/context.js",
    "start": 1648460160942,
    "end": 1648460160943,
    "duration": 1,
    "pid": 42408,
    "index": 42
  },
  {
    "name": "Require(35) node_modules/egg-multipart/app/extend/context.js",
    "start": 1648460160943,
    "end": 1648460160972,
    "duration": 29,
    "pid": 42408,
    "index": 43
  },
  {
    "name": "Require(36) node_modules/egg-view/app/extend/context.js",
    "start": 1648460160972,
    "end": 1648460160973,
    "duration": 1,
    "pid": 42408,
    "index": 44
  },
  {
    "name": "Require(37) node_modules/egg-mongoose/app/extend/context.js",
    "start": 1648460160973,
    "end": 1648460160973,
    "duration": 0,
    "pid": 42408,
    "index": 45
  },
  {
    "name": "Require(38) node_modules/egg-validate/app/extend/context.js",
    "start": 1648460160973,
    "end": 1648460160973,
    "duration": 0,
    "pid": 42408,
    "index": 46
  },
  {
    "name": "Require(39) node_modules/egg/app/extend/context.js",
    "start": 1648460160974,
    "end": 1648460160974,
    "duration": 0,
    "pid": 42408,
    "index": 47
  },
  {
    "name": "Load extend/helper.js",
    "start": 1648460160975,
    "end": 1648460160988,
    "duration": 13,
    "pid": 42408,
    "index": 48
  },
  {
    "name": "Require(40) node_modules/egg-security/app/extend/helper.js",
    "start": 1648460160976,
    "end": 1648460160985,
    "duration": 9,
    "pid": 42408,
    "index": 49
  },
  {
    "name": "Require(41) node_modules/egg/app/extend/helper.js",
    "start": 1648460160986,
    "end": 1648460160986,
    "duration": 0,
    "pid": 42408,
    "index": 50
  },
  {
    "name": "Require(42) app/extend/helper.js",
    "start": 1648460160986,
    "end": 1648460160987,
    "duration": 1,
    "pid": 42408,
    "index": 51
  },
  {
    "name": "Load app.js",
    "start": 1648460160988,
    "end": 1648460161011,
    "duration": 23,
    "pid": 42408,
    "index": 52
  },
  {
    "name": "Require(43) node_modules/egg-session/app.js",
    "start": 1648460160988,
    "end": 1648460160988,
    "duration": 0,
    "pid": 42408,
    "index": 53
  },
  {
    "name": "Require(44) node_modules/egg-security/app.js",
    "start": 1648460160989,
    "end": 1648460160989,
    "duration": 0,
    "pid": 42408,
    "index": 54
  },
  {
    "name": "Require(45) node_modules/egg-onerror/app.js",
    "start": 1648460160990,
    "end": 1648460160994,
    "duration": 4,
    "pid": 42408,
    "index": 55
  },
  {
    "name": "Require(46) node_modules/egg-i18n/app.js",
    "start": 1648460160994,
    "end": 1648460161004,
    "duration": 10,
    "pid": 42408,
    "index": 56
  },
  {
    "name": "Require(47) node_modules/egg-watcher/app.js",
    "start": 1648460161005,
    "end": 1648460161006,
    "duration": 1,
    "pid": 42408,
    "index": 57
  },
  {
    "name": "Require(48) node_modules/egg-schedule/app.js",
    "start": 1648460161006,
    "end": 1648460161007,
    "duration": 1,
    "pid": 42408,
    "index": 58
  },
  {
    "name": "Require(49) node_modules/egg-multipart/app.js",
    "start": 1648460161007,
    "end": 1648460161008,
    "duration": 1,
    "pid": 42408,
    "index": 59
  },
  {
    "name": "Require(50) node_modules/egg-development/app.js",
    "start": 1648460161008,
    "end": 1648460161008,
    "duration": 0,
    "pid": 42408,
    "index": 60
  },
  {
    "name": "Require(51) node_modules/egg-logrotator/app.js",
    "start": 1648460161008,
    "end": 1648460161008,
    "duration": 0,
    "pid": 42408,
    "index": 61
  },
  {
    "name": "Require(52) node_modules/egg-static/app.js",
    "start": 1648460161009,
    "end": 1648460161009,
    "duration": 0,
    "pid": 42408,
    "index": 62
  },
  {
    "name": "Require(53) node_modules/egg-mongoose/app.js",
    "start": 1648460161009,
    "end": 1648460161009,
    "duration": 0,
    "pid": 42408,
    "index": 63
  },
  {
    "name": "Require(54) node_modules/egg-validate/app.js",
    "start": 1648460161009,
    "end": 1648460161010,
    "duration": 1,
    "pid": 42408,
    "index": 64
  },
  {
    "name": "Require(55) node_modules/egg-cors/app.js",
    "start": 1648460161010,
    "end": 1648460161011,
    "duration": 1,
    "pid": 42408,
    "index": 65
  },
  {
    "name": "Before Start in node_modules/egg-watcher/lib/init.js:15:14",
    "start": 1648460161018,
    "end": 1648460161423,
    "duration": 405,
    "pid": 42408,
    "index": 66
  },
  {
    "name": "Before Start in node_modules/egg-mongoose/lib/mongoose.js:104:7",
    "start": 1648460161293,
    "end": 1648460161427,
    "duration": 134,
    "pid": 42408,
    "index": 67
  },
  {
    "name": "Before Start in node_modules/egg-mongoose/lib/mongoose.js:52:9",
    "start": 1648460161294,
    "end": 1648460161414,
    "duration": 120,
    "pid": 42408,
    "index": 68
  },
  {
    "name": "Load Service",
    "start": 1648460161294,
    "end": 1648460161326,
    "duration": 32,
    "pid": 42408,
    "index": 69
  },
  {
    "name": "Load \"service\" to Context",
    "start": 1648460161294,
    "end": 1648460161326,
    "duration": 32,
    "pid": 42408,
    "index": 70
  },
  {
    "name": "Load Middleware",
    "start": 1648460161326,
    "end": 1648460161390,
    "duration": 64,
    "pid": 42408,
    "index": 71
  },
  {
    "name": "Load \"middlewares\" to Application",
    "start": 1648460161326,
    "end": 1648460161383,
    "duration": 57,
    "pid": 42408,
    "index": 72
  },
  {
    "name": "Load Controller",
    "start": 1648460161390,
    "end": 1648460161391,
    "duration": 1,
    "pid": 42408,
    "index": 73
  },
  {
    "name": "Load \"controller\" to Application",
    "start": 1648460161390,
    "end": 1648460161391,
    "duration": 1,
    "pid": 42408,
    "index": 74
  },
  {
    "name": "Load Router",
    "start": 1648460161391,
    "end": 1648460161395,
    "duration": 4,
    "pid": 42408,
    "index": 75
  },
  {
    "name": "Require(56) app/router.js",
    "start": 1648460161392,
    "end": 1648460161392,
    "duration": 0,
    "pid": 42408,
    "index": 76
  },
  {
    "name": "Before Start in node_modules/egg-core/lib/egg.js:303:10",
    "start": 1648460161394,
    "end": 1648460161414,
    "duration": 20,
    "pid": 42408,
    "index": 77
  },
  {
    "name": "Load \"model\" to Application",
    "start": 1648460161401,
    "end": 1648460161413,
    "duration": 12,
    "pid": 42408,
    "index": 78
  }
]