[
  {
    "name": "Process Start",
    "start": 1648546697920,
    "end": 1648546698612,
    "duration": 692,
    "pid": 43068,
    "index": 0
  },
  {
    "name": "Application Start",
    "start": 1648546698613,
    "end": 1648546699142,
    "duration": 529,
    "pid": 43068,
    "index": 1
  },
  {
    "name": "Load Plugin",
    "start": 1648546698615,
    "end": 1648546698625,
    "duration": 10,
    "pid": 43068,
    "index": 2
  },
  {
    "name": "Load Config",
    "start": 1648546698625,
    "end": 1648546698641,
    "duration": 16,
    "pid": 43068,
    "index": 3
  },
  {
    "name": "Require(0) config/config.default.js",
    "start": 1648546698626,
    "end": 1648546698626,
    "duration": 0,
    "pid": 43068,
    "index": 4
  },
  {
    "name": "Require(1) config/config.local.js",
    "start": 1648546698627,
    "end": 1648546698627,
    "duration": 0,
    "pid": 43068,
    "index": 5
  },
  {
    "name": "Require(2) node_modules/egg-session/config/config.default.js",
    "start": 1648546698627,
    "end": 1648546698628,
    "duration": 1,
    "pid": 43068,
    "index": 6
  },
  {
    "name": "Require(3) node_modules/egg-security/config/config.default.js",
    "start": 1648546698628,
    "end": 1648546698628,
    "duration": 0,
    "pid": 43068,
    "index": 7
  },
  {
    "name": "Require(4) node_modules/egg-jsonp/config/config.default.js",
    "start": 1648546698629,
    "end": 1648546698629,
    "duration": 0,
    "pid": 43068,
    "index": 8
  },
  {
    "name": "Require(5) node_modules/egg-onerror/config/config.default.js",
    "start": 1648546698629,
    "end": 1648546698629,
    "duration": 0,
    "pid": 43068,
    "index": 9
  },
  {
    "name": "Require(6) node_modules/egg-i18n/config/config.default.js",
    "start": 1648546698630,
    "end": 1648546698630,
    "duration": 0,
    "pid": 43068,
    "index": 10
  },
  {
    "name": "Require(7) node_modules/egg-watcher/config/config.default.js",
    "start": 1648546698630,
    "end": 1648546698631,
    "duration": 1,
    "pid": 43068,
    "index": 11
  },
  {
    "name": "Require(8) node_modules/egg-schedule/config/config.default.js",
    "start": 1648546698631,
    "end": 1648546698631,
    "duration": 0,
    "pid": 43068,
    "index": 12
  },
  {
    "name": "Require(9) node_modules/egg-multipart/config/config.default.js",
    "start": 1648546698631,
    "end": 1648546698632,
    "duration": 1,
    "pid": 43068,
    "index": 13
  },
  {
    "name": "Require(10) node_modules/egg-development/config/config.default.js",
    "start": 1648546698632,
    "end": 1648546698632,
    "duration": 0,
    "pid": 43068,
    "index": 14
  },
  {
    "name": "Require(11) node_modules/egg-logrotator/config/config.default.js",
    "start": 1648546698632,
    "end": 1648546698633,
    "duration": 1,
    "pid": 43068,
    "index": 15
  },
  {
    "name": "Require(12) node_modules/egg-static/config/config.default.js",
    "start": 1648546698633,
    "end": 1648546698633,
    "duration": 0,
    "pid": 43068,
    "index": 16
  },
  {
    "name": "Require(13) node_modules/egg-view/config/config.default.js",
    "start": 1648546698633,
    "end": 1648546698634,
    "duration": 1,
    "pid": 43068,
    "index": 17
  },
  {
    "name": "Require(14) node_modules/egg-mongoose/config/config.default.js",
    "start": 1648546698634,
    "end": 1648546698634,
    "duration": 0,
    "pid": 43068,
    "index": 18
  },
  {
    "name": "Require(15) node_modules/egg-validate/config/config.default.js",
    "start": 1648546698634,
    "end": 1648546698635,
    "duration": 1,
    "pid": 43068,
    "index": 19
  },
  {
    "name": "Require(16) node_modules/egg-cors/config/config.default.js",
    "start": 1648546698635,
    "end": 1648546698635,
    "duration": 0,
    "pid": 43068,
    "index": 20
  },
  {
    "name": "Require(17) node_modules/egg/config/config.default.js",
    "start": 1648546698635,
    "end": 1648546698637,
    "duration": 2,
    "pid": 43068,
    "index": 21
  },
  {
    "name": "Require(18) config/config.default.js",
    "start": 1648546698638,
    "end": 1648546698638,
    "duration": 0,
    "pid": 43068,
    "index": 22
  },
  {
    "name": "Require(19) node_modules/egg-security/config/config.local.js",
    "start": 1648546698638,
    "end": 1648546698639,
    "duration": 1,
    "pid": 43068,
    "index": 23
  },
  {
    "name": "Require(20) node_modules/egg-watcher/config/config.local.js",
    "start": 1648546698640,
    "end": 1648546698640,
    "duration": 0,
    "pid": 43068,
    "index": 24
  },
  {
    "name": "Require(21) node_modules/egg-view/config/config.local.js",
    "start": 1648546698641,
    "end": 1648546698641,
    "duration": 0,
    "pid": 43068,
    "index": 25
  },
  {
    "name": "Require(22) node_modules/egg/config/config.local.js",
    "start": 1648546698641,
    "end": 1648546698641,
    "duration": 0,
    "pid": 43068,
    "index": 26
  },
  {
    "name": "Require(23) config/config.local.js",
    "start": 1648546698641,
    "end": 1648546698641,
    "duration": 0,
    "pid": 43068,
    "index": 27
  },
  {
    "name": "Load extend/application.js",
    "start": 1648546698642,
    "end": 1648546698675,
    "duration": 33,
    "pid": 43068,
    "index": 28
  },
  {
    "name": "Require(24) node_modules/egg-session/app/extend/application.js",
    "start": 1648546698642,
    "end": 1648546698643,
    "duration": 1,
    "pid": 43068,
    "index": 29
  },
  {
    "name": "Require(25) node_modules/egg-security/app/extend/application.js",
    "start": 1648546698643,
    "end": 1648546698644,
    "duration": 1,
    "pid": 43068,
    "index": 30
  },
  {
    "name": "Require(26) node_modules/egg-jsonp/app/extend/application.js",
    "start": 1648546698644,
    "end": 1648546698644,
    "duration": 0,
    "pid": 43068,
    "index": 31
  },
  {
    "name": "Require(27) node_modules/egg-logrotator/app/extend/application.js",
    "start": 1648546698645,
    "end": 1648546698646,
    "duration": 1,
    "pid": 43068,
    "index": 32
  },
  {
    "name": "Require(28) node_modules/egg-view/app/extend/application.js",
    "start": 1648546698646,
    "end": 1648546698647,
    "duration": 1,
    "pid": 43068,
    "index": 33
  },
  {
    "name": "Require(29) app/extend/application.js",
    "start": 1648546698647,
    "end": 1648546698674,
    "duration": 27,
    "pid": 43068,
    "index": 34
  },
  {
    "name": "Load extend/request.js",
    "start": 1648546698675,
    "end": 1648546698678,
    "duration": 3,
    "pid": 43068,
    "index": 35
  },
  {
    "name": "Require(30) node_modules/egg/app/extend/request.js",
    "start": 1648546698676,
    "end": 1648546698677,
    "duration": 1,
    "pid": 43068,
    "index": 36
  },
  {
    "name": "Load extend/response.js",
    "start": 1648546698678,
    "end": 1648546698682,
    "duration": 4,
    "pid": 43068,
    "index": 37
  },
  {
    "name": "Require(31) node_modules/egg/app/extend/response.js",
    "start": 1648546698680,
    "end": 1648546698680,
    "duration": 0,
    "pid": 43068,
    "index": 38
  },
  {
    "name": "Load extend/context.js",
    "start": 1648546698682,
    "end": 1648546698719,
    "duration": 37,
    "pid": 43068,
    "index": 39
  },
  {
    "name": "Require(32) node_modules/egg-security/app/extend/context.js",
    "start": 1648546698682,
    "end": 1648546698686,
    "duration": 4,
    "pid": 43068,
    "index": 40
  },
  {
    "name": "Require(33) node_modules/egg-jsonp/app/extend/context.js",
    "start": 1648546698686,
    "end": 1648546698687,
    "duration": 1,
    "pid": 43068,
    "index": 41
  },
  {
    "name": "Require(34) node_modules/egg-i18n/app/extend/context.js",
    "start": 1648546698687,
    "end": 1648546698687,
    "duration": 0,
    "pid": 43068,
    "index": 42
  },
  {
    "name": "Require(35) node_modules/egg-multipart/app/extend/context.js",
    "start": 1648546698688,
    "end": 1648546698715,
    "duration": 27,
    "pid": 43068,
    "index": 43
  },
  {
    "name": "Require(36) node_modules/egg-view/app/extend/context.js",
    "start": 1648546698716,
    "end": 1648546698716,
    "duration": 0,
    "pid": 43068,
    "index": 44
  },
  {
    "name": "Require(37) node_modules/egg-mongoose/app/extend/context.js",
    "start": 1648546698716,
    "end": 1648546698716,
    "duration": 0,
    "pid": 43068,
    "index": 45
  },
  {
    "name": "Require(38) node_modules/egg-validate/app/extend/context.js",
    "start": 1648546698717,
    "end": 1648546698717,
    "duration": 0,
    "pid": 43068,
    "index": 46
  },
  {
    "name": "Require(39) node_modules/egg/app/extend/context.js",
    "start": 1648546698717,
    "end": 1648546698718,
    "duration": 1,
    "pid": 43068,
    "index": 47
  },
  {
    "name": "Load extend/helper.js",
    "start": 1648546698719,
    "end": 1648546698752,
    "duration": 33,
    "pid": 43068,
    "index": 48
  },
  {
    "name": "Require(40) node_modules/egg-security/app/extend/helper.js",
    "start": 1648546698720,
    "end": 1648546698747,
    "duration": 27,
    "pid": 43068,
    "index": 49
  },
  {
    "name": "Require(41) node_modules/egg/app/extend/helper.js",
    "start": 1648546698750,
    "end": 1648546698751,
    "duration": 1,
    "pid": 43068,
    "index": 50
  },
  {
    "name": "Require(42) app/extend/helper.js",
    "start": 1648546698751,
    "end": 1648546698751,
    "duration": 0,
    "pid": 43068,
    "index": 51
  },
  {
    "name": "Load app.js",
    "start": 1648546698753,
    "end": 1648546698774,
    "duration": 21,
    "pid": 43068,
    "index": 52
  },
  {
    "name": "Require(43) node_modules/egg-session/app.js",
    "start": 1648546698753,
    "end": 1648546698753,
    "duration": 0,
    "pid": 43068,
    "index": 53
  },
  {
    "name": "Require(44) node_modules/egg-security/app.js",
    "start": 1648546698753,
    "end": 1648546698754,
    "duration": 1,
    "pid": 43068,
    "index": 54
  },
  {
    "name": "Require(45) node_modules/egg-onerror/app.js",
    "start": 1648546698754,
    "end": 1648546698758,
    "duration": 4,
    "pid": 43068,
    "index": 55
  },
  {
    "name": "Require(46) node_modules/egg-i18n/app.js",
    "start": 1648546698758,
    "end": 1648546698768,
    "duration": 10,
    "pid": 43068,
    "index": 56
  },
  {
    "name": "Require(47) node_modules/egg-watcher/app.js",
    "start": 1648546698768,
    "end": 1648546698770,
    "duration": 2,
    "pid": 43068,
    "index": 57
  },
  {
    "name": "Require(48) node_modules/egg-schedule/app.js",
    "start": 1648546698770,
    "end": 1648546698771,
    "duration": 1,
    "pid": 43068,
    "index": 58
  },
  {
    "name": "Require(49) node_modules/egg-multipart/app.js",
    "start": 1648546698771,
    "end": 1648546698771,
    "duration": 0,
    "pid": 43068,
    "index": 59
  },
  {
    "name": "Require(50) node_modules/egg-development/app.js",
    "start": 1648546698771,
    "end": 1648546698771,
    "duration": 0,
    "pid": 43068,
    "index": 60
  },
  {
    "name": "Require(51) node_modules/egg-logrotator/app.js",
    "start": 1648546698771,
    "end": 1648546698772,
    "duration": 1,
    "pid": 43068,
    "index": 61
  },
  {
    "name": "Require(52) node_modules/egg-static/app.js",
    "start": 1648546698772,
    "end": 1648546698772,
    "duration": 0,
    "pid": 43068,
    "index": 62
  },
  {
    "name": "Require(53) node_modules/egg-mongoose/app.js",
    "start": 1648546698772,
    "end": 1648546698772,
    "duration": 0,
    "pid": 43068,
    "index": 63
  },
  {
    "name": "Require(54) node_modules/egg-validate/app.js",
    "start": 1648546698772,
    "end": 1648546698773,
    "duration": 1,
    "pid": 43068,
    "index": 64
  },
  {
    "name": "Require(55) node_modules/egg-cors/app.js",
    "start": 1648546698774,
    "end": 1648546698774,
    "duration": 0,
    "pid": 43068,
    "index": 65
  },
  {
    "name": "Before Start in node_modules/egg-watcher/lib/init.js:15:14",
    "start": 1648546698780,
    "end": 1648546699142,
    "duration": 362,
    "pid": 43068,
    "index": 66
  },
  {
    "name": "Before Start in node_modules/egg-mongoose/lib/mongoose.js:104:7",
    "start": 1648546699027,
    "end": 1648546699141,
    "duration": 114,
    "pid": 43068,
    "index": 67
  },
  {
    "name": "Before Start in node_modules/egg-mongoose/lib/mongoose.js:52:9",
    "start": 1648546699027,
    "end": 1648546699130,
    "duration": 103,
    "pid": 43068,
    "index": 68
  },
  {
    "name": "Load Service",
    "start": 1648546699027,
    "end": 1648546699047,
    "duration": 20,
    "pid": 43068,
    "index": 69
  },
  {
    "name": "Load \"service\" to Context",
    "start": 1648546699027,
    "end": 1648546699047,
    "duration": 20,
    "pid": 43068,
    "index": 70
  },
  {
    "name": "Load Middleware",
    "start": 1648546699047,
    "end": 1648546699109,
    "duration": 62,
    "pid": 43068,
    "index": 71
  },
  {
    "name": "Load \"middlewares\" to Application",
    "start": 1648546699047,
    "end": 1648546699103,
    "duration": 56,
    "pid": 43068,
    "index": 72
  },
  {
    "name": "Load Controller",
    "start": 1648546699109,
    "end": 1648546699111,
    "duration": 2,
    "pid": 43068,
    "index": 73
  },
  {
    "name": "Load \"controller\" to Application",
    "start": 1648546699109,
    "end": 1648546699111,
    "duration": 2,
    "pid": 43068,
    "index": 74
  },
  {
    "name": "Load Router",
    "start": 1648546699111,
    "end": 1648546699113,
    "duration": 2,
    "pid": 43068,
    "index": 75
  },
  {
    "name": "Require(56) app/router.js",
    "start": 1648546699111,
    "end": 1648546699112,
    "duration": 1,
    "pid": 43068,
    "index": 76
  },
  {
    "name": "Before Start in node_modules/egg-core/lib/egg.js:303:10",
    "start": 1648546699112,
    "end": 1648546699130,
    "duration": 18,
    "pid": 43068,
    "index": 77
  },
  {
    "name": "Load \"model\" to Application",
    "start": 1648546699118,
    "end": 1648546699130,
    "duration": 12,
    "pid": 43068,
    "index": 78
  }
]