[
  {
    "name": "Process Start",
    "start": 1648462419703,
    "end": 1648462420331,
    "duration": 628,
    "pid": 33416,
    "index": 0
  },
  {
    "name": "Application Start",
    "start": 1648462420332,
    "end": 1648462420830,
    "duration": 498,
    "pid": 33416,
    "index": 1
  },
  {
    "name": "Load Plugin",
    "start": 1648462420334,
    "end": 1648462420344,
    "duration": 10,
    "pid": 33416,
    "index": 2
  },
  {
    "name": "Load Config",
    "start": 1648462420344,
    "end": 1648462420361,
    "duration": 17,
    "pid": 33416,
    "index": 3
  },
  {
    "name": "Require(0) config/config.default.js",
    "start": 1648462420345,
    "end": 1648462420345,
    "duration": 0,
    "pid": 33416,
    "index": 4
  },
  {
    "name": "Require(1) config/config.local.js",
    "start": 1648462420346,
    "end": 1648462420346,
    "duration": 0,
    "pid": 33416,
    "index": 5
  },
  {
    "name": "Require(2) node_modules/egg-session/config/config.default.js",
    "start": 1648462420347,
    "end": 1648462420347,
    "duration": 0,
    "pid": 33416,
    "index": 6
  },
  {
    "name": "Require(3) node_modules/egg-security/config/config.default.js",
    "start": 1648462420347,
    "end": 1648462420347,
    "duration": 0,
    "pid": 33416,
    "index": 7
  },
  {
    "name": "Require(4) node_modules/egg-jsonp/config/config.default.js",
    "start": 1648462420348,
    "end": 1648462420348,
    "duration": 0,
    "pid": 33416,
    "index": 8
  },
  {
    "name": "Require(5) node_modules/egg-onerror/config/config.default.js",
    "start": 1648462420348,
    "end": 1648462420349,
    "duration": 1,
    "pid": 33416,
    "index": 9
  },
  {
    "name": "Require(6) node_modules/egg-i18n/config/config.default.js",
    "start": 1648462420349,
    "end": 1648462420349,
    "duration": 0,
    "pid": 33416,
    "index": 10
  },
  {
    "name": "Require(7) node_modules/egg-watcher/config/config.default.js",
    "start": 1648462420350,
    "end": 1648462420350,
    "duration": 0,
    "pid": 33416,
    "index": 11
  },
  {
    "name": "Require(8) node_modules/egg-schedule/config/config.default.js",
    "start": 1648462420350,
    "end": 1648462420350,
    "duration": 0,
    "pid": 33416,
    "index": 12
  },
  {
    "name": "Require(9) node_modules/egg-multipart/config/config.default.js",
    "start": 1648462420351,
    "end": 1648462420351,
    "duration": 0,
    "pid": 33416,
    "index": 13
  },
  {
    "name": "Require(10) node_modules/egg-development/config/config.default.js",
    "start": 1648462420351,
    "end": 1648462420351,
    "duration": 0,
    "pid": 33416,
    "index": 14
  },
  {
    "name": "Require(11) node_modules/egg-logrotator/config/config.default.js",
    "start": 1648462420352,
    "end": 1648462420352,
    "duration": 0,
    "pid": 33416,
    "index": 15
  },
  {
    "name": "Require(12) node_modules/egg-static/config/config.default.js",
    "start": 1648462420352,
    "end": 1648462420352,
    "duration": 0,
    "pid": 33416,
    "index": 16
  },
  {
    "name": "Require(13) node_modules/egg-view/config/config.default.js",
    "start": 1648462420353,
    "end": 1648462420353,
    "duration": 0,
    "pid": 33416,
    "index": 17
  },
  {
    "name": "Require(14) node_modules/egg-mongoose/config/config.default.js",
    "start": 1648462420353,
    "end": 1648462420354,
    "duration": 1,
    "pid": 33416,
    "index": 18
  },
  {
    "name": "Require(15) node_modules/egg-validate/config/config.default.js",
    "start": 1648462420354,
    "end": 1648462420354,
    "duration": 0,
    "pid": 33416,
    "index": 19
  },
  {
    "name": "Require(16) node_modules/egg-cors/config/config.default.js",
    "start": 1648462420354,
    "end": 1648462420354,
    "duration": 0,
    "pid": 33416,
    "index": 20
  },
  {
    "name": "Require(17) node_modules/egg/config/config.default.js",
    "start": 1648462420355,
    "end": 1648462420355,
    "duration": 0,
    "pid": 33416,
    "index": 21
  },
  {
    "name": "Require(18) config/config.default.js",
    "start": 1648462420356,
    "end": 1648462420356,
    "duration": 0,
    "pid": 33416,
    "index": 22
  },
  {
    "name": "Require(19) node_modules/egg-security/config/config.local.js",
    "start": 1648462420356,
    "end": 1648462420357,
    "duration": 1,
    "pid": 33416,
    "index": 23
  },
  {
    "name": "Require(20) node_modules/egg-watcher/config/config.local.js",
    "start": 1648462420359,
    "end": 1648462420360,
    "duration": 1,
    "pid": 33416,
    "index": 24
  },
  {
    "name": "Require(21) node_modules/egg-view/config/config.local.js",
    "start": 1648462420360,
    "end": 1648462420360,
    "duration": 0,
    "pid": 33416,
    "index": 25
  },
  {
    "name": "Require(22) node_modules/egg/config/config.local.js",
    "start": 1648462420361,
    "end": 1648462420361,
    "duration": 0,
    "pid": 33416,
    "index": 26
  },
  {
    "name": "Require(23) config/config.local.js",
    "start": 1648462420361,
    "end": 1648462420361,
    "duration": 0,
    "pid": 33416,
    "index": 27
  },
  {
    "name": "Load extend/application.js",
    "start": 1648462420362,
    "end": 1648462420395,
    "duration": 33,
    "pid": 33416,
    "index": 28
  },
  {
    "name": "Require(24) node_modules/egg-session/app/extend/application.js",
    "start": 1648462420362,
    "end": 1648462420363,
    "duration": 1,
    "pid": 33416,
    "index": 29
  },
  {
    "name": "Require(25) node_modules/egg-security/app/extend/application.js",
    "start": 1648462420363,
    "end": 1648462420363,
    "duration": 0,
    "pid": 33416,
    "index": 30
  },
  {
    "name": "Require(26) node_modules/egg-jsonp/app/extend/application.js",
    "start": 1648462420364,
    "end": 1648462420364,
    "duration": 0,
    "pid": 33416,
    "index": 31
  },
  {
    "name": "Require(27) node_modules/egg-logrotator/app/extend/application.js",
    "start": 1648462420365,
    "end": 1648462420366,
    "duration": 1,
    "pid": 33416,
    "index": 32
  },
  {
    "name": "Require(28) node_modules/egg-view/app/extend/application.js",
    "start": 1648462420366,
    "end": 1648462420366,
    "duration": 0,
    "pid": 33416,
    "index": 33
  },
  {
    "name": "Require(29) app/extend/application.js",
    "start": 1648462420367,
    "end": 1648462420394,
    "duration": 27,
    "pid": 33416,
    "index": 34
  },
  {
    "name": "Load extend/request.js",
    "start": 1648462420395,
    "end": 1648462420398,
    "duration": 3,
    "pid": 33416,
    "index": 35
  },
  {
    "name": "Require(30) node_modules/egg/app/extend/request.js",
    "start": 1648462420397,
    "end": 1648462420397,
    "duration": 0,
    "pid": 33416,
    "index": 36
  },
  {
    "name": "Load extend/response.js",
    "start": 1648462420398,
    "end": 1648462420402,
    "duration": 4,
    "pid": 33416,
    "index": 37
  },
  {
    "name": "Require(31) node_modules/egg/app/extend/response.js",
    "start": 1648462420400,
    "end": 1648462420400,
    "duration": 0,
    "pid": 33416,
    "index": 38
  },
  {
    "name": "Load extend/context.js",
    "start": 1648462420402,
    "end": 1648462420439,
    "duration": 37,
    "pid": 33416,
    "index": 39
  },
  {
    "name": "Require(32) node_modules/egg-security/app/extend/context.js",
    "start": 1648462420402,
    "end": 1648462420407,
    "duration": 5,
    "pid": 33416,
    "index": 40
  },
  {
    "name": "Require(33) node_modules/egg-jsonp/app/extend/context.js",
    "start": 1648462420407,
    "end": 1648462420407,
    "duration": 0,
    "pid": 33416,
    "index": 41
  },
  {
    "name": "Require(34) node_modules/egg-i18n/app/extend/context.js",
    "start": 1648462420408,
    "end": 1648462420408,
    "duration": 0,
    "pid": 33416,
    "index": 42
  },
  {
    "name": "Require(35) node_modules/egg-multipart/app/extend/context.js",
    "start": 1648462420408,
    "end": 1648462420435,
    "duration": 27,
    "pid": 33416,
    "index": 43
  },
  {
    "name": "Require(36) node_modules/egg-view/app/extend/context.js",
    "start": 1648462420436,
    "end": 1648462420436,
    "duration": 0,
    "pid": 33416,
    "index": 44
  },
  {
    "name": "Require(37) node_modules/egg-mongoose/app/extend/context.js",
    "start": 1648462420437,
    "end": 1648462420437,
    "duration": 0,
    "pid": 33416,
    "index": 45
  },
  {
    "name": "Require(38) node_modules/egg-validate/app/extend/context.js",
    "start": 1648462420437,
    "end": 1648462420437,
    "duration": 0,
    "pid": 33416,
    "index": 46
  },
  {
    "name": "Require(39) node_modules/egg/app/extend/context.js",
    "start": 1648462420437,
    "end": 1648462420438,
    "duration": 1,
    "pid": 33416,
    "index": 47
  },
  {
    "name": "Load extend/helper.js",
    "start": 1648462420439,
    "end": 1648462420451,
    "duration": 12,
    "pid": 33416,
    "index": 48
  },
  {
    "name": "Require(40) node_modules/egg-security/app/extend/helper.js",
    "start": 1648462420440,
    "end": 1648462420448,
    "duration": 8,
    "pid": 33416,
    "index": 49
  },
  {
    "name": "Require(41) node_modules/egg/app/extend/helper.js",
    "start": 1648462420449,
    "end": 1648462420450,
    "duration": 1,
    "pid": 33416,
    "index": 50
  },
  {
    "name": "Require(42) app/extend/helper.js",
    "start": 1648462420450,
    "end": 1648462420450,
    "duration": 0,
    "pid": 33416,
    "index": 51
  },
  {
    "name": "Load app.js",
    "start": 1648462420451,
    "end": 1648462420473,
    "duration": 22,
    "pid": 33416,
    "index": 52
  },
  {
    "name": "Require(43) node_modules/egg-session/app.js",
    "start": 1648462420452,
    "end": 1648462420452,
    "duration": 0,
    "pid": 33416,
    "index": 53
  },
  {
    "name": "Require(44) node_modules/egg-security/app.js",
    "start": 1648462420452,
    "end": 1648462420453,
    "duration": 1,
    "pid": 33416,
    "index": 54
  },
  {
    "name": "Require(45) node_modules/egg-onerror/app.js",
    "start": 1648462420453,
    "end": 1648462420457,
    "duration": 4,
    "pid": 33416,
    "index": 55
  },
  {
    "name": "Require(46) node_modules/egg-i18n/app.js",
    "start": 1648462420457,
    "end": 1648462420466,
    "duration": 9,
    "pid": 33416,
    "index": 56
  },
  {
    "name": "Require(47) node_modules/egg-watcher/app.js",
    "start": 1648462420466,
    "end": 1648462420468,
    "duration": 2,
    "pid": 33416,
    "index": 57
  },
  {
    "name": "Require(48) node_modules/egg-schedule/app.js",
    "start": 1648462420469,
    "end": 1648462420469,
    "duration": 0,
    "pid": 33416,
    "index": 58
  },
  {
    "name": "Require(49) node_modules/egg-multipart/app.js",
    "start": 1648462420470,
    "end": 1648462420470,
    "duration": 0,
    "pid": 33416,
    "index": 59
  },
  {
    "name": "Require(50) node_modules/egg-development/app.js",
    "start": 1648462420470,
    "end": 1648462420470,
    "duration": 0,
    "pid": 33416,
    "index": 60
  },
  {
    "name": "Require(51) node_modules/egg-logrotator/app.js",
    "start": 1648462420471,
    "end": 1648462420471,
    "duration": 0,
    "pid": 33416,
    "index": 61
  },
  {
    "name": "Require(52) node_modules/egg-static/app.js",
    "start": 1648462420471,
    "end": 1648462420471,
    "duration": 0,
    "pid": 33416,
    "index": 62
  },
  {
    "name": "Require(53) node_modules/egg-mongoose/app.js",
    "start": 1648462420471,
    "end": 1648462420471,
    "duration": 0,
    "pid": 33416,
    "index": 63
  },
  {
    "name": "Require(54) node_modules/egg-validate/app.js",
    "start": 1648462420472,
    "end": 1648462420473,
    "duration": 1,
    "pid": 33416,
    "index": 64
  },
  {
    "name": "Require(55) node_modules/egg-cors/app.js",
    "start": 1648462420473,
    "end": 1648462420473,
    "duration": 0,
    "pid": 33416,
    "index": 65
  },
  {
    "name": "Before Start in node_modules/egg-watcher/lib/init.js:15:14",
    "start": 1648462420480,
    "end": 1648462420830,
    "duration": 350,
    "pid": 33416,
    "index": 66
  },
  {
    "name": "Before Start in node_modules/egg-mongoose/lib/mongoose.js:104:7",
    "start": 1648462420716,
    "end": 1648462420829,
    "duration": 113,
    "pid": 33416,
    "index": 67
  },
  {
    "name": "Before Start in node_modules/egg-mongoose/lib/mongoose.js:52:9",
    "start": 1648462420716,
    "end": 1648462420818,
    "duration": 102,
    "pid": 33416,
    "index": 68
  },
  {
    "name": "Load Service",
    "start": 1648462420716,
    "end": 1648462420736,
    "duration": 20,
    "pid": 33416,
    "index": 69
  },
  {
    "name": "Load \"service\" to Context",
    "start": 1648462420716,
    "end": 1648462420736,
    "duration": 20,
    "pid": 33416,
    "index": 70
  },
  {
    "name": "Load Middleware",
    "start": 1648462420736,
    "end": 1648462420797,
    "duration": 61,
    "pid": 33416,
    "index": 71
  },
  {
    "name": "Load \"middlewares\" to Application",
    "start": 1648462420736,
    "end": 1648462420791,
    "duration": 55,
    "pid": 33416,
    "index": 72
  },
  {
    "name": "Load Controller",
    "start": 1648462420797,
    "end": 1648462420799,
    "duration": 2,
    "pid": 33416,
    "index": 73
  },
  {
    "name": "Load \"controller\" to Application",
    "start": 1648462420797,
    "end": 1648462420799,
    "duration": 2,
    "pid": 33416,
    "index": 74
  },
  {
    "name": "Load Router",
    "start": 1648462420799,
    "end": 1648462420801,
    "duration": 2,
    "pid": 33416,
    "index": 75
  },
  {
    "name": "Require(56) app/router.js",
    "start": 1648462420799,
    "end": 1648462420799,
    "duration": 0,
    "pid": 33416,
    "index": 76
  },
  {
    "name": "Before Start in node_modules/egg-core/lib/egg.js:303:10",
    "start": 1648462420800,
    "end": 1648462420818,
    "duration": 18,
    "pid": 33416,
    "index": 77
  },
  {
    "name": "Load \"model\" to Application",
    "start": 1648462420806,
    "end": 1648462420818,
    "duration": 12,
    "pid": 33416,
    "index": 78
  }
]