[
  {
    "name": "Process Start",
    "start": 1648536350050,
    "end": 1648536350747,
    "duration": 697,
    "pid": 44112,
    "index": 0
  },
  {
    "name": "Application Start",
    "start": 1648536350748,
    "end": 1648536351272,
    "duration": 524,
    "pid": 44112,
    "index": 1
  },
  {
    "name": "Load Plugin",
    "start": 1648536350750,
    "end": 1648536350760,
    "duration": 10,
    "pid": 44112,
    "index": 2
  },
  {
    "name": "Load Config",
    "start": 1648536350760,
    "end": 1648536350778,
    "duration": 18,
    "pid": 44112,
    "index": 3
  },
  {
    "name": "Require(0) config/config.default.js",
    "start": 1648536350761,
    "end": 1648536350761,
    "duration": 0,
    "pid": 44112,
    "index": 4
  },
  {
    "name": "Require(1) config/config.local.js",
    "start": 1648536350762,
    "end": 1648536350763,
    "duration": 1,
    "pid": 44112,
    "index": 5
  },
  {
    "name": "Require(2) node_modules/egg-session/config/config.default.js",
    "start": 1648536350763,
    "end": 1648536350763,
    "duration": 0,
    "pid": 44112,
    "index": 6
  },
  {
    "name": "Require(3) node_modules/egg-security/config/config.default.js",
    "start": 1648536350763,
    "end": 1648536350764,
    "duration": 1,
    "pid": 44112,
    "index": 7
  },
  {
    "name": "Require(4) node_modules/egg-jsonp/config/config.default.js",
    "start": 1648536350764,
    "end": 1648536350764,
    "duration": 0,
    "pid": 44112,
    "index": 8
  },
  {
    "name": "Require(5) node_modules/egg-onerror/config/config.default.js",
    "start": 1648536350765,
    "end": 1648536350765,
    "duration": 0,
    "pid": 44112,
    "index": 9
  },
  {
    "name": "Require(6) node_modules/egg-i18n/config/config.default.js",
    "start": 1648536350765,
    "end": 1648536350765,
    "duration": 0,
    "pid": 44112,
    "index": 10
  },
  {
    "name": "Require(7) node_modules/egg-watcher/config/config.default.js",
    "start": 1648536350766,
    "end": 1648536350766,
    "duration": 0,
    "pid": 44112,
    "index": 11
  },
  {
    "name": "Require(8) node_modules/egg-schedule/config/config.default.js",
    "start": 1648536350766,
    "end": 1648536350767,
    "duration": 1,
    "pid": 44112,
    "index": 12
  },
  {
    "name": "Require(9) node_modules/egg-multipart/config/config.default.js",
    "start": 1648536350767,
    "end": 1648536350767,
    "duration": 0,
    "pid": 44112,
    "index": 13
  },
  {
    "name": "Require(10) node_modules/egg-development/config/config.default.js",
    "start": 1648536350768,
    "end": 1648536350768,
    "duration": 0,
    "pid": 44112,
    "index": 14
  },
  {
    "name": "Require(11) node_modules/egg-logrotator/config/config.default.js",
    "start": 1648536350768,
    "end": 1648536350768,
    "duration": 0,
    "pid": 44112,
    "index": 15
  },
  {
    "name": "Require(12) node_modules/egg-static/config/config.default.js",
    "start": 1648536350768,
    "end": 1648536350769,
    "duration": 1,
    "pid": 44112,
    "index": 16
  },
  {
    "name": "Require(13) node_modules/egg-view/config/config.default.js",
    "start": 1648536350769,
    "end": 1648536350769,
    "duration": 0,
    "pid": 44112,
    "index": 17
  },
  {
    "name": "Require(14) node_modules/egg-mongoose/config/config.default.js",
    "start": 1648536350770,
    "end": 1648536350770,
    "duration": 0,
    "pid": 44112,
    "index": 18
  },
  {
    "name": "Require(15) node_modules/egg-validate/config/config.default.js",
    "start": 1648536350770,
    "end": 1648536350770,
    "duration": 0,
    "pid": 44112,
    "index": 19
  },
  {
    "name": "Require(16) node_modules/egg-cors/config/config.default.js",
    "start": 1648536350770,
    "end": 1648536350771,
    "duration": 1,
    "pid": 44112,
    "index": 20
  },
  {
    "name": "Require(17) node_modules/egg/config/config.default.js",
    "start": 1648536350771,
    "end": 1648536350771,
    "duration": 0,
    "pid": 44112,
    "index": 21
  },
  {
    "name": "Require(18) config/config.default.js",
    "start": 1648536350772,
    "end": 1648536350772,
    "duration": 0,
    "pid": 44112,
    "index": 22
  },
  {
    "name": "Require(19) node_modules/egg-security/config/config.local.js",
    "start": 1648536350772,
    "end": 1648536350773,
    "duration": 1,
    "pid": 44112,
    "index": 23
  },
  {
    "name": "Require(20) node_modules/egg-watcher/config/config.local.js",
    "start": 1648536350774,
    "end": 1648536350774,
    "duration": 0,
    "pid": 44112,
    "index": 24
  },
  {
    "name": "Require(21) node_modules/egg-view/config/config.local.js",
    "start": 1648536350775,
    "end": 1648536350775,
    "duration": 0,
    "pid": 44112,
    "index": 25
  },
  {
    "name": "Require(22) node_modules/egg/config/config.local.js",
    "start": 1648536350777,
    "end": 1648536350777,
    "duration": 0,
    "pid": 44112,
    "index": 26
  },
  {
    "name": "Require(23) config/config.local.js",
    "start": 1648536350778,
    "end": 1648536350778,
    "duration": 0,
    "pid": 44112,
    "index": 27
  },
  {
    "name": "Load extend/application.js",
    "start": 1648536350778,
    "end": 1648536350813,
    "duration": 35,
    "pid": 44112,
    "index": 28
  },
  {
    "name": "Require(24) node_modules/egg-session/app/extend/application.js",
    "start": 1648536350779,
    "end": 1648536350779,
    "duration": 0,
    "pid": 44112,
    "index": 29
  },
  {
    "name": "Require(25) node_modules/egg-security/app/extend/application.js",
    "start": 1648536350779,
    "end": 1648536350780,
    "duration": 1,
    "pid": 44112,
    "index": 30
  },
  {
    "name": "Require(26) node_modules/egg-jsonp/app/extend/application.js",
    "start": 1648536350780,
    "end": 1648536350780,
    "duration": 0,
    "pid": 44112,
    "index": 31
  },
  {
    "name": "Require(27) node_modules/egg-logrotator/app/extend/application.js",
    "start": 1648536350781,
    "end": 1648536350782,
    "duration": 1,
    "pid": 44112,
    "index": 32
  },
  {
    "name": "Require(28) node_modules/egg-view/app/extend/application.js",
    "start": 1648536350782,
    "end": 1648536350783,
    "duration": 1,
    "pid": 44112,
    "index": 33
  },
  {
    "name": "Require(29) app/extend/application.js",
    "start": 1648536350783,
    "end": 1648536350812,
    "duration": 29,
    "pid": 44112,
    "index": 34
  },
  {
    "name": "Load extend/request.js",
    "start": 1648536350813,
    "end": 1648536350817,
    "duration": 4,
    "pid": 44112,
    "index": 35
  },
  {
    "name": "Require(30) node_modules/egg/app/extend/request.js",
    "start": 1648536350815,
    "end": 1648536350815,
    "duration": 0,
    "pid": 44112,
    "index": 36
  },
  {
    "name": "Load extend/response.js",
    "start": 1648536350817,
    "end": 1648536350820,
    "duration": 3,
    "pid": 44112,
    "index": 37
  },
  {
    "name": "Require(31) node_modules/egg/app/extend/response.js",
    "start": 1648536350818,
    "end": 1648536350819,
    "duration": 1,
    "pid": 44112,
    "index": 38
  },
  {
    "name": "Load extend/context.js",
    "start": 1648536350821,
    "end": 1648536350858,
    "duration": 37,
    "pid": 44112,
    "index": 39
  },
  {
    "name": "Require(32) node_modules/egg-security/app/extend/context.js",
    "start": 1648536350821,
    "end": 1648536350825,
    "duration": 4,
    "pid": 44112,
    "index": 40
  },
  {
    "name": "Require(33) node_modules/egg-jsonp/app/extend/context.js",
    "start": 1648536350825,
    "end": 1648536350826,
    "duration": 1,
    "pid": 44112,
    "index": 41
  },
  {
    "name": "Require(34) node_modules/egg-i18n/app/extend/context.js",
    "start": 1648536350826,
    "end": 1648536350826,
    "duration": 0,
    "pid": 44112,
    "index": 42
  },
  {
    "name": "Require(35) node_modules/egg-multipart/app/extend/context.js",
    "start": 1648536350827,
    "end": 1648536350854,
    "duration": 27,
    "pid": 44112,
    "index": 43
  },
  {
    "name": "Require(36) node_modules/egg-view/app/extend/context.js",
    "start": 1648536350854,
    "end": 1648536350855,
    "duration": 1,
    "pid": 44112,
    "index": 44
  },
  {
    "name": "Require(37) node_modules/egg-mongoose/app/extend/context.js",
    "start": 1648536350855,
    "end": 1648536350855,
    "duration": 0,
    "pid": 44112,
    "index": 45
  },
  {
    "name": "Require(38) node_modules/egg-validate/app/extend/context.js",
    "start": 1648536350855,
    "end": 1648536350856,
    "duration": 1,
    "pid": 44112,
    "index": 46
  },
  {
    "name": "Require(39) node_modules/egg/app/extend/context.js",
    "start": 1648536350856,
    "end": 1648536350856,
    "duration": 0,
    "pid": 44112,
    "index": 47
  },
  {
    "name": "Load extend/helper.js",
    "start": 1648536350858,
    "end": 1648536350870,
    "duration": 12,
    "pid": 44112,
    "index": 48
  },
  {
    "name": "Require(40) node_modules/egg-security/app/extend/helper.js",
    "start": 1648536350858,
    "end": 1648536350867,
    "duration": 9,
    "pid": 44112,
    "index": 49
  },
  {
    "name": "Require(41) node_modules/egg/app/extend/helper.js",
    "start": 1648536350868,
    "end": 1648536350868,
    "duration": 0,
    "pid": 44112,
    "index": 50
  },
  {
    "name": "Require(42) app/extend/helper.js",
    "start": 1648536350868,
    "end": 1648536350869,
    "duration": 1,
    "pid": 44112,
    "index": 51
  },
  {
    "name": "Load app.js",
    "start": 1648536350870,
    "end": 1648536350892,
    "duration": 22,
    "pid": 44112,
    "index": 52
  },
  {
    "name": "Require(43) node_modules/egg-session/app.js",
    "start": 1648536350870,
    "end": 1648536350870,
    "duration": 0,
    "pid": 44112,
    "index": 53
  },
  {
    "name": "Require(44) node_modules/egg-security/app.js",
    "start": 1648536350871,
    "end": 1648536350871,
    "duration": 0,
    "pid": 44112,
    "index": 54
  },
  {
    "name": "Require(45) node_modules/egg-onerror/app.js",
    "start": 1648536350872,
    "end": 1648536350875,
    "duration": 3,
    "pid": 44112,
    "index": 55
  },
  {
    "name": "Require(46) node_modules/egg-i18n/app.js",
    "start": 1648536350876,
    "end": 1648536350885,
    "duration": 9,
    "pid": 44112,
    "index": 56
  },
  {
    "name": "Require(47) node_modules/egg-watcher/app.js",
    "start": 1648536350885,
    "end": 1648536350887,
    "duration": 2,
    "pid": 44112,
    "index": 57
  },
  {
    "name": "Require(48) node_modules/egg-schedule/app.js",
    "start": 1648536350887,
    "end": 1648536350888,
    "duration": 1,
    "pid": 44112,
    "index": 58
  },
  {
    "name": "Require(49) node_modules/egg-multipart/app.js",
    "start": 1648536350888,
    "end": 1648536350889,
    "duration": 1,
    "pid": 44112,
    "index": 59
  },
  {
    "name": "Require(50) node_modules/egg-development/app.js",
    "start": 1648536350889,
    "end": 1648536350889,
    "duration": 0,
    "pid": 44112,
    "index": 60
  },
  {
    "name": "Require(51) node_modules/egg-logrotator/app.js",
    "start": 1648536350889,
    "end": 1648536350889,
    "duration": 0,
    "pid": 44112,
    "index": 61
  },
  {
    "name": "Require(52) node_modules/egg-static/app.js",
    "start": 1648536350889,
    "end": 1648536350890,
    "duration": 1,
    "pid": 44112,
    "index": 62
  },
  {
    "name": "Require(53) node_modules/egg-mongoose/app.js",
    "start": 1648536350890,
    "end": 1648536350890,
    "duration": 0,
    "pid": 44112,
    "index": 63
  },
  {
    "name": "Require(54) node_modules/egg-validate/app.js",
    "start": 1648536350890,
    "end": 1648536350891,
    "duration": 1,
    "pid": 44112,
    "index": 64
  },
  {
    "name": "Require(55) node_modules/egg-cors/app.js",
    "start": 1648536350891,
    "end": 1648536350891,
    "duration": 0,
    "pid": 44112,
    "index": 65
  },
  {
    "name": "Before Start in node_modules/egg-watcher/lib/init.js:15:14",
    "start": 1648536350898,
    "end": 1648536351268,
    "duration": 370,
    "pid": 44112,
    "index": 66
  },
  {
    "name": "Before Start in node_modules/egg-mongoose/lib/mongoose.js:104:7",
    "start": 1648536351149,
    "end": 1648536351272,
    "duration": 123,
    "pid": 44112,
    "index": 67
  },
  {
    "name": "Before Start in node_modules/egg-mongoose/lib/mongoose.js:52:9",
    "start": 1648536351150,
    "end": 1648536351260,
    "duration": 110,
    "pid": 44112,
    "index": 68
  },
  {
    "name": "Load Service",
    "start": 1648536351150,
    "end": 1648536351170,
    "duration": 20,
    "pid": 44112,
    "index": 69
  },
  {
    "name": "Load \"service\" to Context",
    "start": 1648536351150,
    "end": 1648536351170,
    "duration": 20,
    "pid": 44112,
    "index": 70
  },
  {
    "name": "Load Middleware",
    "start": 1648536351170,
    "end": 1648536351237,
    "duration": 67,
    "pid": 44112,
    "index": 71
  },
  {
    "name": "Load \"middlewares\" to Application",
    "start": 1648536351170,
    "end": 1648536351230,
    "duration": 60,
    "pid": 44112,
    "index": 72
  },
  {
    "name": "Load Controller",
    "start": 1648536351237,
    "end": 1648536351239,
    "duration": 2,
    "pid": 44112,
    "index": 73
  },
  {
    "name": "Load \"controller\" to Application",
    "start": 1648536351237,
    "end": 1648536351239,
    "duration": 2,
    "pid": 44112,
    "index": 74
  },
  {
    "name": "Load Router",
    "start": 1648536351240,
    "end": 1648536351242,
    "duration": 2,
    "pid": 44112,
    "index": 75
  },
  {
    "name": "Require(56) app/router.js",
    "start": 1648536351240,
    "end": 1648536351240,
    "duration": 0,
    "pid": 44112,
    "index": 76
  },
  {
    "name": "Before Start in node_modules/egg-core/lib/egg.js:303:10",
    "start": 1648536351240,
    "end": 1648536351260,
    "duration": 20,
    "pid": 44112,
    "index": 77
  },
  {
    "name": "Load \"model\" to Application",
    "start": 1648536351247,
    "end": 1648536351260,
    "duration": 13,
    "pid": 44112,
    "index": 78
  }
]