[
  {
    "name": "Process Start",
    "start": 1648457368721,
    "end": 1648457369438,
    "duration": 717,
    "pid": 42312,
    "index": 0
  },
  {
    "name": "Application Start",
    "start": 1648457369438,
    "end": 1648457369962,
    "duration": 524,
    "pid": 42312,
    "index": 1
  },
  {
    "name": "Load Plugin",
    "start": 1648457369441,
    "end": 1648457369451,
    "duration": 10,
    "pid": 42312,
    "index": 2
  },
  {
    "name": "Load Config",
    "start": 1648457369451,
    "end": 1648457369467,
    "duration": 16,
    "pid": 42312,
    "index": 3
  },
  {
    "name": "Require(0) config/config.default.js",
    "start": 1648457369452,
    "end": 1648457369452,
    "duration": 0,
    "pid": 42312,
    "index": 4
  },
  {
    "name": "Require(1) node_modules/egg-session/config/config.default.js",
    "start": 1648457369453,
    "end": 1648457369453,
    "duration": 0,
    "pid": 42312,
    "index": 5
  },
  {
    "name": "Require(2) node_modules/egg-security/config/config.default.js",
    "start": 1648457369453,
    "end": 1648457369454,
    "duration": 1,
    "pid": 42312,
    "index": 6
  },
  {
    "name": "Require(3) node_modules/egg-jsonp/config/config.default.js",
    "start": 1648457369454,
    "end": 1648457369454,
    "duration": 0,
    "pid": 42312,
    "index": 7
  },
  {
    "name": "Require(4) node_modules/egg-onerror/config/config.default.js",
    "start": 1648457369455,
    "end": 1648457369455,
    "duration": 0,
    "pid": 42312,
    "index": 8
  },
  {
    "name": "Require(5) node_modules/egg-i18n/config/config.default.js",
    "start": 1648457369455,
    "end": 1648457369455,
    "duration": 0,
    "pid": 42312,
    "index": 9
  },
  {
    "name": "Require(6) node_modules/egg-watcher/config/config.default.js",
    "start": 1648457369456,
    "end": 1648457369456,
    "duration": 0,
    "pid": 42312,
    "index": 10
  },
  {
    "name": "Require(7) node_modules/egg-schedule/config/config.default.js",
    "start": 1648457369456,
    "end": 1648457369457,
    "duration": 1,
    "pid": 42312,
    "index": 11
  },
  {
    "name": "Require(8) node_modules/egg-multipart/config/config.default.js",
    "start": 1648457369457,
    "end": 1648457369457,
    "duration": 0,
    "pid": 42312,
    "index": 12
  },
  {
    "name": "Require(9) node_modules/egg-development/config/config.default.js",
    "start": 1648457369458,
    "end": 1648457369458,
    "duration": 0,
    "pid": 42312,
    "index": 13
  },
  {
    "name": "Require(10) node_modules/egg-logrotator/config/config.default.js",
    "start": 1648457369458,
    "end": 1648457369458,
    "duration": 0,
    "pid": 42312,
    "index": 14
  },
  {
    "name": "Require(11) node_modules/egg-static/config/config.default.js",
    "start": 1648457369459,
    "end": 1648457369459,
    "duration": 0,
    "pid": 42312,
    "index": 15
  },
  {
    "name": "Require(12) node_modules/egg-view/config/config.default.js",
    "start": 1648457369459,
    "end": 1648457369459,
    "duration": 0,
    "pid": 42312,
    "index": 16
  },
  {
    "name": "Require(13) node_modules/egg-mongoose/config/config.default.js",
    "start": 1648457369460,
    "end": 1648457369460,
    "duration": 0,
    "pid": 42312,
    "index": 17
  },
  {
    "name": "Require(14) node_modules/egg-validate/config/config.default.js",
    "start": 1648457369460,
    "end": 1648457369460,
    "duration": 0,
    "pid": 42312,
    "index": 18
  },
  {
    "name": "Require(15) node_modules/egg-cors/config/config.default.js",
    "start": 1648457369461,
    "end": 1648457369461,
    "duration": 0,
    "pid": 42312,
    "index": 19
  },
  {
    "name": "Require(16) node_modules/egg/config/config.default.js",
    "start": 1648457369461,
    "end": 1648457369461,
    "duration": 0,
    "pid": 42312,
    "index": 20
  },
  {
    "name": "Require(17) config/config.default.js",
    "start": 1648457369462,
    "end": 1648457369462,
    "duration": 0,
    "pid": 42312,
    "index": 21
  },
  {
    "name": "Require(18) node_modules/egg-security/config/config.local.js",
    "start": 1648457369462,
    "end": 1648457369463,
    "duration": 1,
    "pid": 42312,
    "index": 22
  },
  {
    "name": "Require(19) node_modules/egg-watcher/config/config.local.js",
    "start": 1648457369464,
    "end": 1648457369464,
    "duration": 0,
    "pid": 42312,
    "index": 23
  },
  {
    "name": "Require(20) node_modules/egg-view/config/config.local.js",
    "start": 1648457369465,
    "end": 1648457369465,
    "duration": 0,
    "pid": 42312,
    "index": 24
  },
  {
    "name": "Require(21) node_modules/egg/config/config.local.js",
    "start": 1648457369465,
    "end": 1648457369466,
    "duration": 1,
    "pid": 42312,
    "index": 25
  },
  {
    "name": "Load extend/application.js",
    "start": 1648457369468,
    "end": 1648457369503,
    "duration": 35,
    "pid": 42312,
    "index": 26
  },
  {
    "name": "Require(22) node_modules/egg-session/app/extend/application.js",
    "start": 1648457369469,
    "end": 1648457369469,
    "duration": 0,
    "pid": 42312,
    "index": 27
  },
  {
    "name": "Require(23) node_modules/egg-security/app/extend/application.js",
    "start": 1648457369469,
    "end": 1648457369470,
    "duration": 1,
    "pid": 42312,
    "index": 28
  },
  {
    "name": "Require(24) node_modules/egg-jsonp/app/extend/application.js",
    "start": 1648457369470,
    "end": 1648457369471,
    "duration": 1,
    "pid": 42312,
    "index": 29
  },
  {
    "name": "Require(25) node_modules/egg-logrotator/app/extend/application.js",
    "start": 1648457369471,
    "end": 1648457369472,
    "duration": 1,
    "pid": 42312,
    "index": 30
  },
  {
    "name": "Require(26) node_modules/egg-view/app/extend/application.js",
    "start": 1648457369473,
    "end": 1648457369473,
    "duration": 0,
    "pid": 42312,
    "index": 31
  },
  {
    "name": "Require(27) app/extend/application.js",
    "start": 1648457369474,
    "end": 1648457369502,
    "duration": 28,
    "pid": 42312,
    "index": 32
  },
  {
    "name": "Load extend/request.js",
    "start": 1648457369503,
    "end": 1648457369506,
    "duration": 3,
    "pid": 42312,
    "index": 33
  },
  {
    "name": "Require(28) node_modules/egg/app/extend/request.js",
    "start": 1648457369505,
    "end": 1648457369505,
    "duration": 0,
    "pid": 42312,
    "index": 34
  },
  {
    "name": "Load extend/response.js",
    "start": 1648457369506,
    "end": 1648457369510,
    "duration": 4,
    "pid": 42312,
    "index": 35
  },
  {
    "name": "Require(29) node_modules/egg/app/extend/response.js",
    "start": 1648457369508,
    "end": 1648457369509,
    "duration": 1,
    "pid": 42312,
    "index": 36
  },
  {
    "name": "Load extend/context.js",
    "start": 1648457369510,
    "end": 1648457369547,
    "duration": 37,
    "pid": 42312,
    "index": 37
  },
  {
    "name": "Require(30) node_modules/egg-security/app/extend/context.js",
    "start": 1648457369510,
    "end": 1648457369515,
    "duration": 5,
    "pid": 42312,
    "index": 38
  },
  {
    "name": "Require(31) node_modules/egg-jsonp/app/extend/context.js",
    "start": 1648457369515,
    "end": 1648457369516,
    "duration": 1,
    "pid": 42312,
    "index": 39
  },
  {
    "name": "Require(32) node_modules/egg-i18n/app/extend/context.js",
    "start": 1648457369516,
    "end": 1648457369516,
    "duration": 0,
    "pid": 42312,
    "index": 40
  },
  {
    "name": "Require(33) node_modules/egg-multipart/app/extend/context.js",
    "start": 1648457369516,
    "end": 1648457369544,
    "duration": 28,
    "pid": 42312,
    "index": 41
  },
  {
    "name": "Require(34) node_modules/egg-view/app/extend/context.js",
    "start": 1648457369544,
    "end": 1648457369544,
    "duration": 0,
    "pid": 42312,
    "index": 42
  },
  {
    "name": "Require(35) node_modules/egg-mongoose/app/extend/context.js",
    "start": 1648457369545,
    "end": 1648457369545,
    "duration": 0,
    "pid": 42312,
    "index": 43
  },
  {
    "name": "Require(36) node_modules/egg-validate/app/extend/context.js",
    "start": 1648457369545,
    "end": 1648457369545,
    "duration": 0,
    "pid": 42312,
    "index": 44
  },
  {
    "name": "Require(37) node_modules/egg/app/extend/context.js",
    "start": 1648457369546,
    "end": 1648457369546,
    "duration": 0,
    "pid": 42312,
    "index": 45
  },
  {
    "name": "Load extend/helper.js",
    "start": 1648457369547,
    "end": 1648457369559,
    "duration": 12,
    "pid": 42312,
    "index": 46
  },
  {
    "name": "Require(38) node_modules/egg-security/app/extend/helper.js",
    "start": 1648457369548,
    "end": 1648457369556,
    "duration": 8,
    "pid": 42312,
    "index": 47
  },
  {
    "name": "Require(39) node_modules/egg/app/extend/helper.js",
    "start": 1648457369557,
    "end": 1648457369558,
    "duration": 1,
    "pid": 42312,
    "index": 48
  },
  {
    "name": "Require(40) app/extend/helper.js",
    "start": 1648457369558,
    "end": 1648457369558,
    "duration": 0,
    "pid": 42312,
    "index": 49
  },
  {
    "name": "Load app.js",
    "start": 1648457369559,
    "end": 1648457369582,
    "duration": 23,
    "pid": 42312,
    "index": 50
  },
  {
    "name": "Require(41) node_modules/egg-session/app.js",
    "start": 1648457369560,
    "end": 1648457369560,
    "duration": 0,
    "pid": 42312,
    "index": 51
  },
  {
    "name": "Require(42) node_modules/egg-security/app.js",
    "start": 1648457369560,
    "end": 1648457369561,
    "duration": 1,
    "pid": 42312,
    "index": 52
  },
  {
    "name": "Require(43) node_modules/egg-onerror/app.js",
    "start": 1648457369561,
    "end": 1648457369565,
    "duration": 4,
    "pid": 42312,
    "index": 53
  },
  {
    "name": "Require(44) node_modules/egg-i18n/app.js",
    "start": 1648457369565,
    "end": 1648457369575,
    "duration": 10,
    "pid": 42312,
    "index": 54
  },
  {
    "name": "Require(45) node_modules/egg-watcher/app.js",
    "start": 1648457369575,
    "end": 1648457369577,
    "duration": 2,
    "pid": 42312,
    "index": 55
  },
  {
    "name": "Require(46) node_modules/egg-schedule/app.js",
    "start": 1648457369577,
    "end": 1648457369578,
    "duration": 1,
    "pid": 42312,
    "index": 56
  },
  {
    "name": "Require(47) node_modules/egg-multipart/app.js",
    "start": 1648457369578,
    "end": 1648457369578,
    "duration": 0,
    "pid": 42312,
    "index": 57
  },
  {
    "name": "Require(48) node_modules/egg-development/app.js",
    "start": 1648457369578,
    "end": 1648457369579,
    "duration": 1,
    "pid": 42312,
    "index": 58
  },
  {
    "name": "Require(49) node_modules/egg-logrotator/app.js",
    "start": 1648457369579,
    "end": 1648457369579,
    "duration": 0,
    "pid": 42312,
    "index": 59
  },
  {
    "name": "Require(50) node_modules/egg-static/app.js",
    "start": 1648457369579,
    "end": 1648457369579,
    "duration": 0,
    "pid": 42312,
    "index": 60
  },
  {
    "name": "Require(51) node_modules/egg-mongoose/app.js",
    "start": 1648457369580,
    "end": 1648457369580,
    "duration": 0,
    "pid": 42312,
    "index": 61
  },
  {
    "name": "Require(52) node_modules/egg-validate/app.js",
    "start": 1648457369580,
    "end": 1648457369581,
    "duration": 1,
    "pid": 42312,
    "index": 62
  },
  {
    "name": "Require(53) node_modules/egg-cors/app.js",
    "start": 1648457369581,
    "end": 1648457369581,
    "duration": 0,
    "pid": 42312,
    "index": 63
  },
  {
    "name": "Before Start in node_modules/egg-watcher/lib/init.js:15:14",
    "start": 1648457369588,
    "end": 1648457369962,
    "duration": 374,
    "pid": 42312,
    "index": 64
  },
  {
    "name": "Before Start in node_modules/egg-mongoose/lib/mongoose.js:104:7",
    "start": 1648457369830,
    "end": 1648457369961,
    "duration": 131,
    "pid": 42312,
    "index": 65
  },
  {
    "name": "Before Start in node_modules/egg-mongoose/lib/mongoose.js:52:9",
    "start": 1648457369830,
    "end": 1648457369950,
    "duration": 120,
    "pid": 42312,
    "index": 66
  },
  {
    "name": "Load Service",
    "start": 1648457369830,
    "end": 1648457369849,
    "duration": 19,
    "pid": 42312,
    "index": 67
  },
  {
    "name": "Load \"service\" to Context",
    "start": 1648457369830,
    "end": 1648457369849,
    "duration": 19,
    "pid": 42312,
    "index": 68
  },
  {
    "name": "Load Middleware",
    "start": 1648457369849,
    "end": 1648457369912,
    "duration": 63,
    "pid": 42312,
    "index": 69
  },
  {
    "name": "Load \"middlewares\" to Application",
    "start": 1648457369849,
    "end": 1648457369904,
    "duration": 55,
    "pid": 42312,
    "index": 70
  },
  {
    "name": "Load Controller",
    "start": 1648457369912,
    "end": 1648457369917,
    "duration": 5,
    "pid": 42312,
    "index": 71
  },
  {
    "name": "Load \"controller\" to Application",
    "start": 1648457369912,
    "end": 1648457369917,
    "duration": 5,
    "pid": 42312,
    "index": 72
  },
  {
    "name": "Load Router",
    "start": 1648457369917,
    "end": 1648457369921,
    "duration": 4,
    "pid": 42312,
    "index": 73
  },
  {
    "name": "Require(54) app/router.js",
    "start": 1648457369917,
    "end": 1648457369918,
    "duration": 1,
    "pid": 42312,
    "index": 74
  },
  {
    "name": "Before Start in node_modules/egg-core/lib/egg.js:303:10",
    "start": 1648457369918,
    "end": 1648457369950,
    "duration": 32,
    "pid": 42312,
    "index": 75
  },
  {
    "name": "Load \"model\" to Application",
    "start": 1648457369933,
    "end": 1648457369949,
    "duration": 16,
    "pid": 42312,
    "index": 76
  }
]