[
  {
    "name": "Process Start",
    "start": 1648545989837,
    "end": 1648545990547,
    "duration": 710,
    "pid": 17692,
    "index": 0
  },
  {
    "name": "Application Start",
    "start": 1648545990548,
    "end": 1648545991087,
    "duration": 539,
    "pid": 17692,
    "index": 1
  },
  {
    "name": "Load Plugin",
    "start": 1648545990550,
    "end": 1648545990561,
    "duration": 11,
    "pid": 17692,
    "index": 2
  },
  {
    "name": "Load Config",
    "start": 1648545990561,
    "end": 1648545990577,
    "duration": 16,
    "pid": 17692,
    "index": 3
  },
  {
    "name": "Require(0) config/config.default.js",
    "start": 1648545990562,
    "end": 1648545990562,
    "duration": 0,
    "pid": 17692,
    "index": 4
  },
  {
    "name": "Require(1) config/config.local.js",
    "start": 1648545990562,
    "end": 1648545990563,
    "duration": 1,
    "pid": 17692,
    "index": 5
  },
  {
    "name": "Require(2) node_modules/egg-session/config/config.default.js",
    "start": 1648545990563,
    "end": 1648545990564,
    "duration": 1,
    "pid": 17692,
    "index": 6
  },
  {
    "name": "Require(3) node_modules/egg-security/config/config.default.js",
    "start": 1648545990564,
    "end": 1648545990564,
    "duration": 0,
    "pid": 17692,
    "index": 7
  },
  {
    "name": "Require(4) node_modules/egg-jsonp/config/config.default.js",
    "start": 1648545990565,
    "end": 1648545990565,
    "duration": 0,
    "pid": 17692,
    "index": 8
  },
  {
    "name": "Require(5) node_modules/egg-onerror/config/config.default.js",
    "start": 1648545990566,
    "end": 1648545990566,
    "duration": 0,
    "pid": 17692,
    "index": 9
  },
  {
    "name": "Require(6) node_modules/egg-i18n/config/config.default.js",
    "start": 1648545990566,
    "end": 1648545990566,
    "duration": 0,
    "pid": 17692,
    "index": 10
  },
  {
    "name": "Require(7) node_modules/egg-watcher/config/config.default.js",
    "start": 1648545990567,
    "end": 1648545990567,
    "duration": 0,
    "pid": 17692,
    "index": 11
  },
  {
    "name": "Require(8) node_modules/egg-schedule/config/config.default.js",
    "start": 1648545990567,
    "end": 1648545990568,
    "duration": 1,
    "pid": 17692,
    "index": 12
  },
  {
    "name": "Require(9) node_modules/egg-multipart/config/config.default.js",
    "start": 1648545990568,
    "end": 1648545990568,
    "duration": 0,
    "pid": 17692,
    "index": 13
  },
  {
    "name": "Require(10) node_modules/egg-development/config/config.default.js",
    "start": 1648545990569,
    "end": 1648545990569,
    "duration": 0,
    "pid": 17692,
    "index": 14
  },
  {
    "name": "Require(11) node_modules/egg-logrotator/config/config.default.js",
    "start": 1648545990569,
    "end": 1648545990569,
    "duration": 0,
    "pid": 17692,
    "index": 15
  },
  {
    "name": "Require(12) node_modules/egg-static/config/config.default.js",
    "start": 1648545990570,
    "end": 1648545990570,
    "duration": 0,
    "pid": 17692,
    "index": 16
  },
  {
    "name": "Require(13) node_modules/egg-view/config/config.default.js",
    "start": 1648545990570,
    "end": 1648545990570,
    "duration": 0,
    "pid": 17692,
    "index": 17
  },
  {
    "name": "Require(14) node_modules/egg-mongoose/config/config.default.js",
    "start": 1648545990571,
    "end": 1648545990571,
    "duration": 0,
    "pid": 17692,
    "index": 18
  },
  {
    "name": "Require(15) node_modules/egg-validate/config/config.default.js",
    "start": 1648545990571,
    "end": 1648545990571,
    "duration": 0,
    "pid": 17692,
    "index": 19
  },
  {
    "name": "Require(16) node_modules/egg-cors/config/config.default.js",
    "start": 1648545990572,
    "end": 1648545990572,
    "duration": 0,
    "pid": 17692,
    "index": 20
  },
  {
    "name": "Require(17) node_modules/egg/config/config.default.js",
    "start": 1648545990572,
    "end": 1648545990572,
    "duration": 0,
    "pid": 17692,
    "index": 21
  },
  {
    "name": "Require(18) config/config.default.js",
    "start": 1648545990573,
    "end": 1648545990573,
    "duration": 0,
    "pid": 17692,
    "index": 22
  },
  {
    "name": "Require(19) node_modules/egg-security/config/config.local.js",
    "start": 1648545990574,
    "end": 1648545990575,
    "duration": 1,
    "pid": 17692,
    "index": 23
  },
  {
    "name": "Require(20) node_modules/egg-watcher/config/config.local.js",
    "start": 1648545990575,
    "end": 1648545990576,
    "duration": 1,
    "pid": 17692,
    "index": 24
  },
  {
    "name": "Require(21) node_modules/egg-view/config/config.local.js",
    "start": 1648545990576,
    "end": 1648545990576,
    "duration": 0,
    "pid": 17692,
    "index": 25
  },
  {
    "name": "Require(22) node_modules/egg/config/config.local.js",
    "start": 1648545990577,
    "end": 1648545990577,
    "duration": 0,
    "pid": 17692,
    "index": 26
  },
  {
    "name": "Require(23) config/config.local.js",
    "start": 1648545990577,
    "end": 1648545990577,
    "duration": 0,
    "pid": 17692,
    "index": 27
  },
  {
    "name": "Load extend/application.js",
    "start": 1648545990578,
    "end": 1648545990617,
    "duration": 39,
    "pid": 17692,
    "index": 28
  },
  {
    "name": "Require(24) node_modules/egg-session/app/extend/application.js",
    "start": 1648545990578,
    "end": 1648545990579,
    "duration": 1,
    "pid": 17692,
    "index": 29
  },
  {
    "name": "Require(25) node_modules/egg-security/app/extend/application.js",
    "start": 1648545990579,
    "end": 1648545990580,
    "duration": 1,
    "pid": 17692,
    "index": 30
  },
  {
    "name": "Require(26) node_modules/egg-jsonp/app/extend/application.js",
    "start": 1648545990580,
    "end": 1648545990581,
    "duration": 1,
    "pid": 17692,
    "index": 31
  },
  {
    "name": "Require(27) node_modules/egg-logrotator/app/extend/application.js",
    "start": 1648545990582,
    "end": 1648545990583,
    "duration": 1,
    "pid": 17692,
    "index": 32
  },
  {
    "name": "Require(28) node_modules/egg-view/app/extend/application.js",
    "start": 1648545990583,
    "end": 1648545990584,
    "duration": 1,
    "pid": 17692,
    "index": 33
  },
  {
    "name": "Require(29) app/extend/application.js",
    "start": 1648545990584,
    "end": 1648545990615,
    "duration": 31,
    "pid": 17692,
    "index": 34
  },
  {
    "name": "Load extend/request.js",
    "start": 1648545990617,
    "end": 1648545990620,
    "duration": 3,
    "pid": 17692,
    "index": 35
  },
  {
    "name": "Require(30) node_modules/egg/app/extend/request.js",
    "start": 1648545990618,
    "end": 1648545990619,
    "duration": 1,
    "pid": 17692,
    "index": 36
  },
  {
    "name": "Load extend/response.js",
    "start": 1648545990620,
    "end": 1648545990624,
    "duration": 4,
    "pid": 17692,
    "index": 37
  },
  {
    "name": "Require(31) node_modules/egg/app/extend/response.js",
    "start": 1648545990622,
    "end": 1648545990622,
    "duration": 0,
    "pid": 17692,
    "index": 38
  },
  {
    "name": "Load extend/context.js",
    "start": 1648545990624,
    "end": 1648545990663,
    "duration": 39,
    "pid": 17692,
    "index": 39
  },
  {
    "name": "Require(32) node_modules/egg-security/app/extend/context.js",
    "start": 1648545990624,
    "end": 1648545990629,
    "duration": 5,
    "pid": 17692,
    "index": 40
  },
  {
    "name": "Require(33) node_modules/egg-jsonp/app/extend/context.js",
    "start": 1648545990629,
    "end": 1648545990629,
    "duration": 0,
    "pid": 17692,
    "index": 41
  },
  {
    "name": "Require(34) node_modules/egg-i18n/app/extend/context.js",
    "start": 1648545990630,
    "end": 1648545990630,
    "duration": 0,
    "pid": 17692,
    "index": 42
  },
  {
    "name": "Require(35) node_modules/egg-multipart/app/extend/context.js",
    "start": 1648545990630,
    "end": 1648545990659,
    "duration": 29,
    "pid": 17692,
    "index": 43
  },
  {
    "name": "Require(36) node_modules/egg-view/app/extend/context.js",
    "start": 1648545990659,
    "end": 1648545990660,
    "duration": 1,
    "pid": 17692,
    "index": 44
  },
  {
    "name": "Require(37) node_modules/egg-mongoose/app/extend/context.js",
    "start": 1648545990660,
    "end": 1648545990660,
    "duration": 0,
    "pid": 17692,
    "index": 45
  },
  {
    "name": "Require(38) node_modules/egg-validate/app/extend/context.js",
    "start": 1648545990660,
    "end": 1648545990660,
    "duration": 0,
    "pid": 17692,
    "index": 46
  },
  {
    "name": "Require(39) node_modules/egg/app/extend/context.js",
    "start": 1648545990661,
    "end": 1648545990661,
    "duration": 0,
    "pid": 17692,
    "index": 47
  },
  {
    "name": "Load extend/helper.js",
    "start": 1648545990663,
    "end": 1648545990675,
    "duration": 12,
    "pid": 17692,
    "index": 48
  },
  {
    "name": "Require(40) node_modules/egg-security/app/extend/helper.js",
    "start": 1648545990663,
    "end": 1648545990672,
    "duration": 9,
    "pid": 17692,
    "index": 49
  },
  {
    "name": "Require(41) node_modules/egg/app/extend/helper.js",
    "start": 1648545990673,
    "end": 1648545990673,
    "duration": 0,
    "pid": 17692,
    "index": 50
  },
  {
    "name": "Require(42) app/extend/helper.js",
    "start": 1648545990673,
    "end": 1648545990673,
    "duration": 0,
    "pid": 17692,
    "index": 51
  },
  {
    "name": "Load app.js",
    "start": 1648545990675,
    "end": 1648545990698,
    "duration": 23,
    "pid": 17692,
    "index": 52
  },
  {
    "name": "Require(43) node_modules/egg-session/app.js",
    "start": 1648545990675,
    "end": 1648545990675,
    "duration": 0,
    "pid": 17692,
    "index": 53
  },
  {
    "name": "Require(44) node_modules/egg-security/app.js",
    "start": 1648545990676,
    "end": 1648545990676,
    "duration": 0,
    "pid": 17692,
    "index": 54
  },
  {
    "name": "Require(45) node_modules/egg-onerror/app.js",
    "start": 1648545990677,
    "end": 1648545990681,
    "duration": 4,
    "pid": 17692,
    "index": 55
  },
  {
    "name": "Require(46) node_modules/egg-i18n/app.js",
    "start": 1648545990681,
    "end": 1648545990691,
    "duration": 10,
    "pid": 17692,
    "index": 56
  },
  {
    "name": "Require(47) node_modules/egg-watcher/app.js",
    "start": 1648545990691,
    "end": 1648545990693,
    "duration": 2,
    "pid": 17692,
    "index": 57
  },
  {
    "name": "Require(48) node_modules/egg-schedule/app.js",
    "start": 1648545990693,
    "end": 1648545990694,
    "duration": 1,
    "pid": 17692,
    "index": 58
  },
  {
    "name": "Require(49) node_modules/egg-multipart/app.js",
    "start": 1648545990694,
    "end": 1648545990694,
    "duration": 0,
    "pid": 17692,
    "index": 59
  },
  {
    "name": "Require(50) node_modules/egg-development/app.js",
    "start": 1648545990695,
    "end": 1648545990695,
    "duration": 0,
    "pid": 17692,
    "index": 60
  },
  {
    "name": "Require(51) node_modules/egg-logrotator/app.js",
    "start": 1648545990695,
    "end": 1648545990695,
    "duration": 0,
    "pid": 17692,
    "index": 61
  },
  {
    "name": "Require(52) node_modules/egg-static/app.js",
    "start": 1648545990695,
    "end": 1648545990695,
    "duration": 0,
    "pid": 17692,
    "index": 62
  },
  {
    "name": "Require(53) node_modules/egg-mongoose/app.js",
    "start": 1648545990696,
    "end": 1648545990696,
    "duration": 0,
    "pid": 17692,
    "index": 63
  },
  {
    "name": "Require(54) node_modules/egg-validate/app.js",
    "start": 1648545990696,
    "end": 1648545990697,
    "duration": 1,
    "pid": 17692,
    "index": 64
  },
  {
    "name": "Require(55) node_modules/egg-cors/app.js",
    "start": 1648545990697,
    "end": 1648545990697,
    "duration": 0,
    "pid": 17692,
    "index": 65
  },
  {
    "name": "Before Start in node_modules/egg-watcher/lib/init.js:15:14",
    "start": 1648545990704,
    "end": 1648545991086,
    "duration": 382,
    "pid": 17692,
    "index": 66
  },
  {
    "name": "Before Start in node_modules/egg-mongoose/lib/mongoose.js:104:7",
    "start": 1648545990959,
    "end": 1648545991085,
    "duration": 126,
    "pid": 17692,
    "index": 67
  },
  {
    "name": "Before Start in node_modules/egg-mongoose/lib/mongoose.js:52:9",
    "start": 1648545990959,
    "end": 1648545991073,
    "duration": 114,
    "pid": 17692,
    "index": 68
  },
  {
    "name": "Load Service",
    "start": 1648545990960,
    "end": 1648545990981,
    "duration": 21,
    "pid": 17692,
    "index": 69
  },
  {
    "name": "Load \"service\" to Context",
    "start": 1648545990960,
    "end": 1648545990981,
    "duration": 21,
    "pid": 17692,
    "index": 70
  },
  {
    "name": "Load Middleware",
    "start": 1648545990981,
    "end": 1648545991048,
    "duration": 67,
    "pid": 17692,
    "index": 71
  },
  {
    "name": "Load \"middlewares\" to Application",
    "start": 1648545990981,
    "end": 1648545991041,
    "duration": 60,
    "pid": 17692,
    "index": 72
  },
  {
    "name": "Load Controller",
    "start": 1648545991048,
    "end": 1648545991050,
    "duration": 2,
    "pid": 17692,
    "index": 73
  },
  {
    "name": "Load \"controller\" to Application",
    "start": 1648545991048,
    "end": 1648545991050,
    "duration": 2,
    "pid": 17692,
    "index": 74
  },
  {
    "name": "Load Router",
    "start": 1648545991050,
    "end": 1648545991052,
    "duration": 2,
    "pid": 17692,
    "index": 75
  },
  {
    "name": "Require(56) app/router.js",
    "start": 1648545991050,
    "end": 1648545991051,
    "duration": 1,
    "pid": 17692,
    "index": 76
  },
  {
    "name": "Before Start in node_modules/egg-core/lib/egg.js:303:10",
    "start": 1648545991051,
    "end": 1648545991073,
    "duration": 22,
    "pid": 17692,
    "index": 77
  },
  {
    "name": "Load \"model\" to Application",
    "start": 1648545991060,
    "end": 1648545991073,
    "duration": 13,
    "pid": 17692,
    "index": 78
  }
]