[
  {
    "name": "Process Start",
    "start": 1648462500634,
    "end": 1648462501295,
    "duration": 661,
    "pid": 15872,
    "index": 0
  },
  {
    "name": "Application Start",
    "start": 1648462501295,
    "end": 1648462501816,
    "duration": 521,
    "pid": 15872,
    "index": 1
  },
  {
    "name": "Load Plugin",
    "start": 1648462501298,
    "end": 1648462501307,
    "duration": 9,
    "pid": 15872,
    "index": 2
  },
  {
    "name": "Load Config",
    "start": 1648462501307,
    "end": 1648462501324,
    "duration": 17,
    "pid": 15872,
    "index": 3
  },
  {
    "name": "Require(0) config/config.default.js",
    "start": 1648462501308,
    "end": 1648462501308,
    "duration": 0,
    "pid": 15872,
    "index": 4
  },
  {
    "name": "Require(1) config/config.local.js",
    "start": 1648462501309,
    "end": 1648462501309,
    "duration": 0,
    "pid": 15872,
    "index": 5
  },
  {
    "name": "Require(2) node_modules/egg-session/config/config.default.js",
    "start": 1648462501309,
    "end": 1648462501310,
    "duration": 1,
    "pid": 15872,
    "index": 6
  },
  {
    "name": "Require(3) node_modules/egg-security/config/config.default.js",
    "start": 1648462501310,
    "end": 1648462501310,
    "duration": 0,
    "pid": 15872,
    "index": 7
  },
  {
    "name": "Require(4) node_modules/egg-jsonp/config/config.default.js",
    "start": 1648462501311,
    "end": 1648462501311,
    "duration": 0,
    "pid": 15872,
    "index": 8
  },
  {
    "name": "Require(5) node_modules/egg-onerror/config/config.default.js",
    "start": 1648462501311,
    "end": 1648462501311,
    "duration": 0,
    "pid": 15872,
    "index": 9
  },
  {
    "name": "Require(6) node_modules/egg-i18n/config/config.default.js",
    "start": 1648462501312,
    "end": 1648462501312,
    "duration": 0,
    "pid": 15872,
    "index": 10
  },
  {
    "name": "Require(7) node_modules/egg-watcher/config/config.default.js",
    "start": 1648462501312,
    "end": 1648462501313,
    "duration": 1,
    "pid": 15872,
    "index": 11
  },
  {
    "name": "Require(8) node_modules/egg-schedule/config/config.default.js",
    "start": 1648462501313,
    "end": 1648462501313,
    "duration": 0,
    "pid": 15872,
    "index": 12
  },
  {
    "name": "Require(9) node_modules/egg-multipart/config/config.default.js",
    "start": 1648462501313,
    "end": 1648462501314,
    "duration": 1,
    "pid": 15872,
    "index": 13
  },
  {
    "name": "Require(10) node_modules/egg-development/config/config.default.js",
    "start": 1648462501314,
    "end": 1648462501314,
    "duration": 0,
    "pid": 15872,
    "index": 14
  },
  {
    "name": "Require(11) node_modules/egg-logrotator/config/config.default.js",
    "start": 1648462501314,
    "end": 1648462501315,
    "duration": 1,
    "pid": 15872,
    "index": 15
  },
  {
    "name": "Require(12) node_modules/egg-static/config/config.default.js",
    "start": 1648462501315,
    "end": 1648462501315,
    "duration": 0,
    "pid": 15872,
    "index": 16
  },
  {
    "name": "Require(13) node_modules/egg-view/config/config.default.js",
    "start": 1648462501315,
    "end": 1648462501316,
    "duration": 1,
    "pid": 15872,
    "index": 17
  },
  {
    "name": "Require(14) node_modules/egg-mongoose/config/config.default.js",
    "start": 1648462501316,
    "end": 1648462501316,
    "duration": 0,
    "pid": 15872,
    "index": 18
  },
  {
    "name": "Require(15) node_modules/egg-validate/config/config.default.js",
    "start": 1648462501316,
    "end": 1648462501317,
    "duration": 1,
    "pid": 15872,
    "index": 19
  },
  {
    "name": "Require(16) node_modules/egg-cors/config/config.default.js",
    "start": 1648462501317,
    "end": 1648462501317,
    "duration": 0,
    "pid": 15872,
    "index": 20
  },
  {
    "name": "Require(17) node_modules/egg/config/config.default.js",
    "start": 1648462501317,
    "end": 1648462501317,
    "duration": 0,
    "pid": 15872,
    "index": 21
  },
  {
    "name": "Require(18) config/config.default.js",
    "start": 1648462501318,
    "end": 1648462501318,
    "duration": 0,
    "pid": 15872,
    "index": 22
  },
  {
    "name": "Require(19) node_modules/egg-security/config/config.local.js",
    "start": 1648462501319,
    "end": 1648462501320,
    "duration": 1,
    "pid": 15872,
    "index": 23
  },
  {
    "name": "Require(20) node_modules/egg-watcher/config/config.local.js",
    "start": 1648462501320,
    "end": 1648462501321,
    "duration": 1,
    "pid": 15872,
    "index": 24
  },
  {
    "name": "Require(21) node_modules/egg-view/config/config.local.js",
    "start": 1648462501321,
    "end": 1648462501321,
    "duration": 0,
    "pid": 15872,
    "index": 25
  },
  {
    "name": "Require(22) node_modules/egg/config/config.local.js",
    "start": 1648462501324,
    "end": 1648462501324,
    "duration": 0,
    "pid": 15872,
    "index": 26
  },
  {
    "name": "Require(23) config/config.local.js",
    "start": 1648462501324,
    "end": 1648462501324,
    "duration": 0,
    "pid": 15872,
    "index": 27
  },
  {
    "name": "Load extend/application.js",
    "start": 1648462501325,
    "end": 1648462501358,
    "duration": 33,
    "pid": 15872,
    "index": 28
  },
  {
    "name": "Require(24) node_modules/egg-session/app/extend/application.js",
    "start": 1648462501325,
    "end": 1648462501325,
    "duration": 0,
    "pid": 15872,
    "index": 29
  },
  {
    "name": "Require(25) node_modules/egg-security/app/extend/application.js",
    "start": 1648462501325,
    "end": 1648462501326,
    "duration": 1,
    "pid": 15872,
    "index": 30
  },
  {
    "name": "Require(26) node_modules/egg-jsonp/app/extend/application.js",
    "start": 1648462501326,
    "end": 1648462501327,
    "duration": 1,
    "pid": 15872,
    "index": 31
  },
  {
    "name": "Require(27) node_modules/egg-logrotator/app/extend/application.js",
    "start": 1648462501328,
    "end": 1648462501328,
    "duration": 0,
    "pid": 15872,
    "index": 32
  },
  {
    "name": "Require(28) node_modules/egg-view/app/extend/application.js",
    "start": 1648462501329,
    "end": 1648462501329,
    "duration": 0,
    "pid": 15872,
    "index": 33
  },
  {
    "name": "Require(29) app/extend/application.js",
    "start": 1648462501330,
    "end": 1648462501356,
    "duration": 26,
    "pid": 15872,
    "index": 34
  },
  {
    "name": "Load extend/request.js",
    "start": 1648462501358,
    "end": 1648462501361,
    "duration": 3,
    "pid": 15872,
    "index": 35
  },
  {
    "name": "Require(30) node_modules/egg/app/extend/request.js",
    "start": 1648462501359,
    "end": 1648462501360,
    "duration": 1,
    "pid": 15872,
    "index": 36
  },
  {
    "name": "Load extend/response.js",
    "start": 1648462501361,
    "end": 1648462501364,
    "duration": 3,
    "pid": 15872,
    "index": 37
  },
  {
    "name": "Require(31) node_modules/egg/app/extend/response.js",
    "start": 1648462501362,
    "end": 1648462501363,
    "duration": 1,
    "pid": 15872,
    "index": 38
  },
  {
    "name": "Load extend/context.js",
    "start": 1648462501364,
    "end": 1648462501401,
    "duration": 37,
    "pid": 15872,
    "index": 39
  },
  {
    "name": "Require(32) node_modules/egg-security/app/extend/context.js",
    "start": 1648462501364,
    "end": 1648462501369,
    "duration": 5,
    "pid": 15872,
    "index": 40
  },
  {
    "name": "Require(33) node_modules/egg-jsonp/app/extend/context.js",
    "start": 1648462501369,
    "end": 1648462501370,
    "duration": 1,
    "pid": 15872,
    "index": 41
  },
  {
    "name": "Require(34) node_modules/egg-i18n/app/extend/context.js",
    "start": 1648462501370,
    "end": 1648462501370,
    "duration": 0,
    "pid": 15872,
    "index": 42
  },
  {
    "name": "Require(35) node_modules/egg-multipart/app/extend/context.js",
    "start": 1648462501370,
    "end": 1648462501396,
    "duration": 26,
    "pid": 15872,
    "index": 43
  },
  {
    "name": "Require(36) node_modules/egg-view/app/extend/context.js",
    "start": 1648462501397,
    "end": 1648462501397,
    "duration": 0,
    "pid": 15872,
    "index": 44
  },
  {
    "name": "Require(37) node_modules/egg-mongoose/app/extend/context.js",
    "start": 1648462501398,
    "end": 1648462501398,
    "duration": 0,
    "pid": 15872,
    "index": 45
  },
  {
    "name": "Require(38) node_modules/egg-validate/app/extend/context.js",
    "start": 1648462501399,
    "end": 1648462501399,
    "duration": 0,
    "pid": 15872,
    "index": 46
  },
  {
    "name": "Require(39) node_modules/egg/app/extend/context.js",
    "start": 1648462501399,
    "end": 1648462501399,
    "duration": 0,
    "pid": 15872,
    "index": 47
  },
  {
    "name": "Load extend/helper.js",
    "start": 1648462501401,
    "end": 1648462501413,
    "duration": 12,
    "pid": 15872,
    "index": 48
  },
  {
    "name": "Require(40) node_modules/egg-security/app/extend/helper.js",
    "start": 1648462501401,
    "end": 1648462501409,
    "duration": 8,
    "pid": 15872,
    "index": 49
  },
  {
    "name": "Require(41) node_modules/egg/app/extend/helper.js",
    "start": 1648462501411,
    "end": 1648462501411,
    "duration": 0,
    "pid": 15872,
    "index": 50
  },
  {
    "name": "Require(42) app/extend/helper.js",
    "start": 1648462501411,
    "end": 1648462501411,
    "duration": 0,
    "pid": 15872,
    "index": 51
  },
  {
    "name": "Load app.js",
    "start": 1648462501413,
    "end": 1648462501433,
    "duration": 20,
    "pid": 15872,
    "index": 52
  },
  {
    "name": "Require(43) node_modules/egg-session/app.js",
    "start": 1648462501413,
    "end": 1648462501413,
    "duration": 0,
    "pid": 15872,
    "index": 53
  },
  {
    "name": "Require(44) node_modules/egg-security/app.js",
    "start": 1648462501413,
    "end": 1648462501414,
    "duration": 1,
    "pid": 15872,
    "index": 54
  },
  {
    "name": "Require(45) node_modules/egg-onerror/app.js",
    "start": 1648462501414,
    "end": 1648462501418,
    "duration": 4,
    "pid": 15872,
    "index": 55
  },
  {
    "name": "Require(46) node_modules/egg-i18n/app.js",
    "start": 1648462501418,
    "end": 1648462501427,
    "duration": 9,
    "pid": 15872,
    "index": 56
  },
  {
    "name": "Require(47) node_modules/egg-watcher/app.js",
    "start": 1648462501427,
    "end": 1648462501429,
    "duration": 2,
    "pid": 15872,
    "index": 57
  },
  {
    "name": "Require(48) node_modules/egg-schedule/app.js",
    "start": 1648462501429,
    "end": 1648462501430,
    "duration": 1,
    "pid": 15872,
    "index": 58
  },
  {
    "name": "Require(49) node_modules/egg-multipart/app.js",
    "start": 1648462501430,
    "end": 1648462501430,
    "duration": 0,
    "pid": 15872,
    "index": 59
  },
  {
    "name": "Require(50) node_modules/egg-development/app.js",
    "start": 1648462501430,
    "end": 1648462501431,
    "duration": 1,
    "pid": 15872,
    "index": 60
  },
  {
    "name": "Require(51) node_modules/egg-logrotator/app.js",
    "start": 1648462501431,
    "end": 1648462501431,
    "duration": 0,
    "pid": 15872,
    "index": 61
  },
  {
    "name": "Require(52) node_modules/egg-static/app.js",
    "start": 1648462501431,
    "end": 1648462501431,
    "duration": 0,
    "pid": 15872,
    "index": 62
  },
  {
    "name": "Require(53) node_modules/egg-mongoose/app.js",
    "start": 1648462501431,
    "end": 1648462501432,
    "duration": 1,
    "pid": 15872,
    "index": 63
  },
  {
    "name": "Require(54) node_modules/egg-validate/app.js",
    "start": 1648462501432,
    "end": 1648462501433,
    "duration": 1,
    "pid": 15872,
    "index": 64
  },
  {
    "name": "Require(55) node_modules/egg-cors/app.js",
    "start": 1648462501433,
    "end": 1648462501433,
    "duration": 0,
    "pid": 15872,
    "index": 65
  },
  {
    "name": "Before Start in node_modules/egg-watcher/lib/init.js:15:14",
    "start": 1648462501439,
    "end": 1648462501816,
    "duration": 377,
    "pid": 15872,
    "index": 66
  },
  {
    "name": "Before Start in node_modules/egg-mongoose/lib/mongoose.js:104:7",
    "start": 1648462501685,
    "end": 1648462501815,
    "duration": 130,
    "pid": 15872,
    "index": 67
  },
  {
    "name": "Before Start in node_modules/egg-mongoose/lib/mongoose.js:52:9",
    "start": 1648462501685,
    "end": 1648462501804,
    "duration": 119,
    "pid": 15872,
    "index": 68
  },
  {
    "name": "Load Service",
    "start": 1648462501685,
    "end": 1648462501705,
    "duration": 20,
    "pid": 15872,
    "index": 69
  },
  {
    "name": "Load \"service\" to Context",
    "start": 1648462501686,
    "end": 1648462501705,
    "duration": 19,
    "pid": 15872,
    "index": 70
  },
  {
    "name": "Load Middleware",
    "start": 1648462501705,
    "end": 1648462501783,
    "duration": 78,
    "pid": 15872,
    "index": 71
  },
  {
    "name": "Load \"middlewares\" to Application",
    "start": 1648462501705,
    "end": 1648462501776,
    "duration": 71,
    "pid": 15872,
    "index": 72
  },
  {
    "name": "Load Controller",
    "start": 1648462501783,
    "end": 1648462501785,
    "duration": 2,
    "pid": 15872,
    "index": 73
  },
  {
    "name": "Load \"controller\" to Application",
    "start": 1648462501783,
    "end": 1648462501785,
    "duration": 2,
    "pid": 15872,
    "index": 74
  },
  {
    "name": "Load Router",
    "start": 1648462501785,
    "end": 1648462501787,
    "duration": 2,
    "pid": 15872,
    "index": 75
  },
  {
    "name": "Require(56) app/router.js",
    "start": 1648462501785,
    "end": 1648462501785,
    "duration": 0,
    "pid": 15872,
    "index": 76
  },
  {
    "name": "Before Start in node_modules/egg-core/lib/egg.js:303:10",
    "start": 1648462501785,
    "end": 1648462501804,
    "duration": 19,
    "pid": 15872,
    "index": 77
  },
  {
    "name": "Load \"model\" to Application",
    "start": 1648462501792,
    "end": 1648462501804,
    "duration": 12,
    "pid": 15872,
    "index": 78
  }
]