[
  {
    "name": "Process Start",
    "start": 1648523679482,
    "end": 1648523680888,
    "duration": 1406,
    "pid": 23036,
    "index": 0
  },
  {
    "name": "Application Start",
    "start": 1648523680889,
    "end": 1648523681810,
    "duration": 921,
    "pid": 23036,
    "index": 1
  },
  {
    "name": "Load Plugin",
    "start": 1648523680892,
    "end": 1648523680914,
    "duration": 22,
    "pid": 23036,
    "index": 2
  },
  {
    "name": "Load Config",
    "start": 1648523680914,
    "end": 1648523680943,
    "duration": 29,
    "pid": 23036,
    "index": 3
  },
  {
    "name": "Require(0) config/config.default.js",
    "start": 1648523680915,
    "end": 1648523680916,
    "duration": 1,
    "pid": 23036,
    "index": 4
  },
  {
    "name": "Require(1) config/config.local.js",
    "start": 1648523680918,
    "end": 1648523680919,
    "duration": 1,
    "pid": 23036,
    "index": 5
  },
  {
    "name": "Require(2) node_modules/egg-session/config/config.default.js",
    "start": 1648523680920,
    "end": 1648523680920,
    "duration": 0,
    "pid": 23036,
    "index": 6
  },
  {
    "name": "Require(3) node_modules/egg-security/config/config.default.js",
    "start": 1648523680921,
    "end": 1648523680921,
    "duration": 0,
    "pid": 23036,
    "index": 7
  },
  {
    "name": "Require(4) node_modules/egg-jsonp/config/config.default.js",
    "start": 1648523680922,
    "end": 1648523680923,
    "duration": 1,
    "pid": 23036,
    "index": 8
  },
  {
    "name": "Require(5) node_modules/egg-onerror/config/config.default.js",
    "start": 1648523680923,
    "end": 1648523680923,
    "duration": 0,
    "pid": 23036,
    "index": 9
  },
  {
    "name": "Require(6) node_modules/egg-i18n/config/config.default.js",
    "start": 1648523680924,
    "end": 1648523680924,
    "duration": 0,
    "pid": 23036,
    "index": 10
  },
  {
    "name": "Require(7) node_modules/egg-watcher/config/config.default.js",
    "start": 1648523680925,
    "end": 1648523680926,
    "duration": 1,
    "pid": 23036,
    "index": 11
  },
  {
    "name": "Require(8) node_modules/egg-schedule/config/config.default.js",
    "start": 1648523680926,
    "end": 1648523680927,
    "duration": 1,
    "pid": 23036,
    "index": 12
  },
  {
    "name": "Require(9) node_modules/egg-multipart/config/config.default.js",
    "start": 1648523680927,
    "end": 1648523680928,
    "duration": 1,
    "pid": 23036,
    "index": 13
  },
  {
    "name": "Require(10) node_modules/egg-development/config/config.default.js",
    "start": 1648523680928,
    "end": 1648523680928,
    "duration": 0,
    "pid": 23036,
    "index": 14
  },
  {
    "name": "Require(11) node_modules/egg-logrotator/config/config.default.js",
    "start": 1648523680929,
    "end": 1648523680929,
    "duration": 0,
    "pid": 23036,
    "index": 15
  },
  {
    "name": "Require(12) node_modules/egg-static/config/config.default.js",
    "start": 1648523680930,
    "end": 1648523680930,
    "duration": 0,
    "pid": 23036,
    "index": 16
  },
  {
    "name": "Require(13) node_modules/egg-view/config/config.default.js",
    "start": 1648523680931,
    "end": 1648523680931,
    "duration": 0,
    "pid": 23036,
    "index": 17
  },
  {
    "name": "Require(14) node_modules/egg-mongoose/config/config.default.js",
    "start": 1648523680931,
    "end": 1648523680932,
    "duration": 1,
    "pid": 23036,
    "index": 18
  },
  {
    "name": "Require(15) node_modules/egg-validate/config/config.default.js",
    "start": 1648523680932,
    "end": 1648523680933,
    "duration": 1,
    "pid": 23036,
    "index": 19
  },
  {
    "name": "Require(16) node_modules/egg-cors/config/config.default.js",
    "start": 1648523680934,
    "end": 1648523680934,
    "duration": 0,
    "pid": 23036,
    "index": 20
  },
  {
    "name": "Require(17) node_modules/egg/config/config.default.js",
    "start": 1648523680934,
    "end": 1648523680935,
    "duration": 1,
    "pid": 23036,
    "index": 21
  },
  {
    "name": "Require(18) config/config.default.js",
    "start": 1648523680936,
    "end": 1648523680936,
    "duration": 0,
    "pid": 23036,
    "index": 22
  },
  {
    "name": "Require(19) node_modules/egg-security/config/config.local.js",
    "start": 1648523680937,
    "end": 1648523680939,
    "duration": 2,
    "pid": 23036,
    "index": 23
  },
  {
    "name": "Require(20) node_modules/egg-watcher/config/config.local.js",
    "start": 1648523680940,
    "end": 1648523680940,
    "duration": 0,
    "pid": 23036,
    "index": 24
  },
  {
    "name": "Require(21) node_modules/egg-view/config/config.local.js",
    "start": 1648523680941,
    "end": 1648523680941,
    "duration": 0,
    "pid": 23036,
    "index": 25
  },
  {
    "name": "Require(22) node_modules/egg/config/config.local.js",
    "start": 1648523680942,
    "end": 1648523680942,
    "duration": 0,
    "pid": 23036,
    "index": 26
  },
  {
    "name": "Require(23) config/config.local.js",
    "start": 1648523680942,
    "end": 1648523680942,
    "duration": 0,
    "pid": 23036,
    "index": 27
  },
  {
    "name": "Load extend/application.js",
    "start": 1648523680943,
    "end": 1648523681009,
    "duration": 66,
    "pid": 23036,
    "index": 28
  },
  {
    "name": "Require(24) node_modules/egg-session/app/extend/application.js",
    "start": 1648523680944,
    "end": 1648523680944,
    "duration": 0,
    "pid": 23036,
    "index": 29
  },
  {
    "name": "Require(25) node_modules/egg-security/app/extend/application.js",
    "start": 1648523680945,
    "end": 1648523680945,
    "duration": 0,
    "pid": 23036,
    "index": 30
  },
  {
    "name": "Require(26) node_modules/egg-jsonp/app/extend/application.js",
    "start": 1648523680946,
    "end": 1648523680947,
    "duration": 1,
    "pid": 23036,
    "index": 31
  },
  {
    "name": "Require(27) node_modules/egg-logrotator/app/extend/application.js",
    "start": 1648523680949,
    "end": 1648523680951,
    "duration": 2,
    "pid": 23036,
    "index": 32
  },
  {
    "name": "Require(28) node_modules/egg-view/app/extend/application.js",
    "start": 1648523680951,
    "end": 1648523680953,
    "duration": 2,
    "pid": 23036,
    "index": 33
  },
  {
    "name": "Require(29) app/extend/application.js",
    "start": 1648523680954,
    "end": 1648523681005,
    "duration": 51,
    "pid": 23036,
    "index": 34
  },
  {
    "name": "Load extend/request.js",
    "start": 1648523681009,
    "end": 1648523681017,
    "duration": 8,
    "pid": 23036,
    "index": 35
  },
  {
    "name": "Require(30) node_modules/egg/app/extend/request.js",
    "start": 1648523681012,
    "end": 1648523681013,
    "duration": 1,
    "pid": 23036,
    "index": 36
  },
  {
    "name": "Load extend/response.js",
    "start": 1648523681017,
    "end": 1648523681023,
    "duration": 6,
    "pid": 23036,
    "index": 37
  },
  {
    "name": "Require(31) node_modules/egg/app/extend/response.js",
    "start": 1648523681019,
    "end": 1648523681020,
    "duration": 1,
    "pid": 23036,
    "index": 38
  },
  {
    "name": "Load extend/context.js",
    "start": 1648523681023,
    "end": 1648523681093,
    "duration": 70,
    "pid": 23036,
    "index": 39
  },
  {
    "name": "Require(32) node_modules/egg-security/app/extend/context.js",
    "start": 1648523681023,
    "end": 1648523681031,
    "duration": 8,
    "pid": 23036,
    "index": 40
  },
  {
    "name": "Require(33) node_modules/egg-jsonp/app/extend/context.js",
    "start": 1648523681031,
    "end": 1648523681032,
    "duration": 1,
    "pid": 23036,
    "index": 41
  },
  {
    "name": "Require(34) node_modules/egg-i18n/app/extend/context.js",
    "start": 1648523681033,
    "end": 1648523681033,
    "duration": 0,
    "pid": 23036,
    "index": 42
  },
  {
    "name": "Require(35) node_modules/egg-multipart/app/extend/context.js",
    "start": 1648523681033,
    "end": 1648523681086,
    "duration": 53,
    "pid": 23036,
    "index": 43
  },
  {
    "name": "Require(36) node_modules/egg-view/app/extend/context.js",
    "start": 1648523681086,
    "end": 1648523681087,
    "duration": 1,
    "pid": 23036,
    "index": 44
  },
  {
    "name": "Require(37) node_modules/egg-mongoose/app/extend/context.js",
    "start": 1648523681088,
    "end": 1648523681088,
    "duration": 0,
    "pid": 23036,
    "index": 45
  },
  {
    "name": "Require(38) node_modules/egg-validate/app/extend/context.js",
    "start": 1648523681089,
    "end": 1648523681089,
    "duration": 0,
    "pid": 23036,
    "index": 46
  },
  {
    "name": "Require(39) node_modules/egg/app/extend/context.js",
    "start": 1648523681089,
    "end": 1648523681090,
    "duration": 1,
    "pid": 23036,
    "index": 47
  },
  {
    "name": "Load extend/helper.js",
    "start": 1648523681093,
    "end": 1648523681109,
    "duration": 16,
    "pid": 23036,
    "index": 48
  },
  {
    "name": "Require(40) node_modules/egg-security/app/extend/helper.js",
    "start": 1648523681093,
    "end": 1648523681104,
    "duration": 11,
    "pid": 23036,
    "index": 49
  },
  {
    "name": "Require(41) node_modules/egg/app/extend/helper.js",
    "start": 1648523681106,
    "end": 1648523681106,
    "duration": 0,
    "pid": 23036,
    "index": 50
  },
  {
    "name": "Require(42) app/extend/helper.js",
    "start": 1648523681106,
    "end": 1648523681107,
    "duration": 1,
    "pid": 23036,
    "index": 51
  },
  {
    "name": "Load app.js",
    "start": 1648523681109,
    "end": 1648523681144,
    "duration": 35,
    "pid": 23036,
    "index": 52
  },
  {
    "name": "Require(43) node_modules/egg-session/app.js",
    "start": 1648523681109,
    "end": 1648523681109,
    "duration": 0,
    "pid": 23036,
    "index": 53
  },
  {
    "name": "Require(44) node_modules/egg-security/app.js",
    "start": 1648523681110,
    "end": 1648523681111,
    "duration": 1,
    "pid": 23036,
    "index": 54
  },
  {
    "name": "Require(45) node_modules/egg-onerror/app.js",
    "start": 1648523681111,
    "end": 1648523681117,
    "duration": 6,
    "pid": 23036,
    "index": 55
  },
  {
    "name": "Require(46) node_modules/egg-i18n/app.js",
    "start": 1648523681117,
    "end": 1648523681131,
    "duration": 14,
    "pid": 23036,
    "index": 56
  },
  {
    "name": "Require(47) node_modules/egg-watcher/app.js",
    "start": 1648523681131,
    "end": 1648523681134,
    "duration": 3,
    "pid": 23036,
    "index": 57
  },
  {
    "name": "Require(48) node_modules/egg-schedule/app.js",
    "start": 1648523681135,
    "end": 1648523681136,
    "duration": 1,
    "pid": 23036,
    "index": 58
  },
  {
    "name": "Require(49) node_modules/egg-multipart/app.js",
    "start": 1648523681137,
    "end": 1648523681137,
    "duration": 0,
    "pid": 23036,
    "index": 59
  },
  {
    "name": "Require(50) node_modules/egg-development/app.js",
    "start": 1648523681138,
    "end": 1648523681138,
    "duration": 0,
    "pid": 23036,
    "index": 60
  },
  {
    "name": "Require(51) node_modules/egg-logrotator/app.js",
    "start": 1648523681138,
    "end": 1648523681139,
    "duration": 1,
    "pid": 23036,
    "index": 61
  },
  {
    "name": "Require(52) node_modules/egg-static/app.js",
    "start": 1648523681139,
    "end": 1648523681139,
    "duration": 0,
    "pid": 23036,
    "index": 62
  },
  {
    "name": "Require(53) node_modules/egg-mongoose/app.js",
    "start": 1648523681140,
    "end": 1648523681140,
    "duration": 0,
    "pid": 23036,
    "index": 63
  },
  {
    "name": "Require(54) node_modules/egg-validate/app.js",
    "start": 1648523681141,
    "end": 1648523681142,
    "duration": 1,
    "pid": 23036,
    "index": 64
  },
  {
    "name": "Require(55) node_modules/egg-cors/app.js",
    "start": 1648523681143,
    "end": 1648523681143,
    "duration": 0,
    "pid": 23036,
    "index": 65
  },
  {
    "name": "Before Start in node_modules/egg-watcher/lib/init.js:15:14",
    "start": 1648523681156,
    "end": 1648523681809,
    "duration": 653,
    "pid": 23036,
    "index": 66
  },
  {
    "name": "Before Start in node_modules/egg-mongoose/lib/mongoose.js:104:7",
    "start": 1648523681576,
    "end": 1648523681807,
    "duration": 231,
    "pid": 23036,
    "index": 67
  },
  {
    "name": "Before Start in node_modules/egg-mongoose/lib/mongoose.js:52:9",
    "start": 1648523681576,
    "end": 1648523681783,
    "duration": 207,
    "pid": 23036,
    "index": 68
  },
  {
    "name": "Load Service",
    "start": 1648523681576,
    "end": 1648523681616,
    "duration": 40,
    "pid": 23036,
    "index": 69
  },
  {
    "name": "Load \"service\" to Context",
    "start": 1648523681576,
    "end": 1648523681616,
    "duration": 40,
    "pid": 23036,
    "index": 70
  },
  {
    "name": "Load Middleware",
    "start": 1648523681617,
    "end": 1648523681734,
    "duration": 117,
    "pid": 23036,
    "index": 71
  },
  {
    "name": "Load \"middlewares\" to Application",
    "start": 1648523681617,
    "end": 1648523681721,
    "duration": 104,
    "pid": 23036,
    "index": 72
  },
  {
    "name": "Load Controller",
    "start": 1648523681735,
    "end": 1648523681739,
    "duration": 4,
    "pid": 23036,
    "index": 73
  },
  {
    "name": "Load \"controller\" to Application",
    "start": 1648523681735,
    "end": 1648523681739,
    "duration": 4,
    "pid": 23036,
    "index": 74
  },
  {
    "name": "Load Router",
    "start": 1648523681739,
    "end": 1648523681742,
    "duration": 3,
    "pid": 23036,
    "index": 75
  },
  {
    "name": "Require(56) app/router.js",
    "start": 1648523681739,
    "end": 1648523681739,
    "duration": 0,
    "pid": 23036,
    "index": 76
  },
  {
    "name": "Before Start in node_modules/egg-core/lib/egg.js:303:10",
    "start": 1648523681740,
    "end": 1648523681783,
    "duration": 43,
    "pid": 23036,
    "index": 77
  },
  {
    "name": "Load \"model\" to Application",
    "start": 1648523681755,
    "end": 1648523681782,
    "duration": 27,
    "pid": 23036,
    "index": 78
  }
]