[
  {
    "name": "Process Start",
    "start": 1648545592567,
    "end": 1648545593284,
    "duration": 717,
    "pid": 13120,
    "index": 0
  },
  {
    "name": "Application Start",
    "start": 1648545593287,
    "end": 1648545593953,
    "duration": 666,
    "pid": 13120,
    "index": 1
  },
  {
    "name": "Load Plugin",
    "start": 1648545593296,
    "end": 1648545593322,
    "duration": 26,
    "pid": 13120,
    "index": 2
  },
  {
    "name": "Load Config",
    "start": 1648545593322,
    "end": 1648545593383,
    "duration": 61,
    "pid": 13120,
    "index": 3
  },
  {
    "name": "Require(0) config/config.default.js",
    "start": 1648545593323,
    "end": 1648545593323,
    "duration": 0,
    "pid": 13120,
    "index": 4
  },
  {
    "name": "Require(1) config/config.local.js",
    "start": 1648545593324,
    "end": 1648545593325,
    "duration": 1,
    "pid": 13120,
    "index": 5
  },
  {
    "name": "Require(2) node_modules/egg-session/config/config.default.js",
    "start": 1648545593326,
    "end": 1648545593327,
    "duration": 1,
    "pid": 13120,
    "index": 6
  },
  {
    "name": "Require(3) node_modules/egg-security/config/config.default.js",
    "start": 1648545593327,
    "end": 1648545593328,
    "duration": 1,
    "pid": 13120,
    "index": 7
  },
  {
    "name": "Require(4) node_modules/egg-jsonp/config/config.default.js",
    "start": 1648545593330,
    "end": 1648545593332,
    "duration": 2,
    "pid": 13120,
    "index": 8
  },
  {
    "name": "Require(5) node_modules/egg-onerror/config/config.default.js",
    "start": 1648545593333,
    "end": 1648545593334,
    "duration": 1,
    "pid": 13120,
    "index": 9
  },
  {
    "name": "Require(6) node_modules/egg-i18n/config/config.default.js",
    "start": 1648545593335,
    "end": 1648545593336,
    "duration": 1,
    "pid": 13120,
    "index": 10
  },
  {
    "name": "Require(7) node_modules/egg-watcher/config/config.default.js",
    "start": 1648545593339,
    "end": 1648545593340,
    "duration": 1,
    "pid": 13120,
    "index": 11
  },
  {
    "name": "Require(8) node_modules/egg-schedule/config/config.default.js",
    "start": 1648545593341,
    "end": 1648545593341,
    "duration": 0,
    "pid": 13120,
    "index": 12
  },
  {
    "name": "Require(9) node_modules/egg-multipart/config/config.default.js",
    "start": 1648545593342,
    "end": 1648545593344,
    "duration": 2,
    "pid": 13120,
    "index": 13
  },
  {
    "name": "Require(10) node_modules/egg-development/config/config.default.js",
    "start": 1648545593346,
    "end": 1648545593348,
    "duration": 2,
    "pid": 13120,
    "index": 14
  },
  {
    "name": "Require(11) node_modules/egg-logrotator/config/config.default.js",
    "start": 1648545593349,
    "end": 1648545593350,
    "duration": 1,
    "pid": 13120,
    "index": 15
  },
  {
    "name": "Require(12) node_modules/egg-static/config/config.default.js",
    "start": 1648545593351,
    "end": 1648545593353,
    "duration": 2,
    "pid": 13120,
    "index": 16
  },
  {
    "name": "Require(13) node_modules/egg-view/config/config.default.js",
    "start": 1648545593354,
    "end": 1648545593355,
    "duration": 1,
    "pid": 13120,
    "index": 17
  },
  {
    "name": "Require(14) node_modules/egg-mongoose/config/config.default.js",
    "start": 1648545593357,
    "end": 1648545593358,
    "duration": 1,
    "pid": 13120,
    "index": 18
  },
  {
    "name": "Require(15) node_modules/egg-validate/config/config.default.js",
    "start": 1648545593359,
    "end": 1648545593360,
    "duration": 1,
    "pid": 13120,
    "index": 19
  },
  {
    "name": "Require(16) node_modules/egg-cors/config/config.default.js",
    "start": 1648545593361,
    "end": 1648545593362,
    "duration": 1,
    "pid": 13120,
    "index": 20
  },
  {
    "name": "Require(17) node_modules/egg/config/config.default.js",
    "start": 1648545593363,
    "end": 1648545593364,
    "duration": 1,
    "pid": 13120,
    "index": 21
  },
  {
    "name": "Require(18) config/config.default.js",
    "start": 1648545593365,
    "end": 1648545593365,
    "duration": 0,
    "pid": 13120,
    "index": 22
  },
  {
    "name": "Require(19) node_modules/egg-security/config/config.local.js",
    "start": 1648545593367,
    "end": 1648545593372,
    "duration": 5,
    "pid": 13120,
    "index": 23
  },
  {
    "name": "Require(20) node_modules/egg-watcher/config/config.local.js",
    "start": 1648545593375,
    "end": 1648545593375,
    "duration": 0,
    "pid": 13120,
    "index": 24
  },
  {
    "name": "Require(21) node_modules/egg-view/config/config.local.js",
    "start": 1648545593379,
    "end": 1648545593380,
    "duration": 1,
    "pid": 13120,
    "index": 25
  },
  {
    "name": "Require(22) node_modules/egg/config/config.local.js",
    "start": 1648545593382,
    "end": 1648545593382,
    "duration": 0,
    "pid": 13120,
    "index": 26
  },
  {
    "name": "Require(23) config/config.local.js",
    "start": 1648545593382,
    "end": 1648545593382,
    "duration": 0,
    "pid": 13120,
    "index": 27
  },
  {
    "name": "Load extend/application.js",
    "start": 1648545593384,
    "end": 1648545593431,
    "duration": 47,
    "pid": 13120,
    "index": 28
  },
  {
    "name": "Require(24) node_modules/egg-session/app/extend/application.js",
    "start": 1648545593385,
    "end": 1648545593386,
    "duration": 1,
    "pid": 13120,
    "index": 29
  },
  {
    "name": "Require(25) node_modules/egg-security/app/extend/application.js",
    "start": 1648545593387,
    "end": 1648545593388,
    "duration": 1,
    "pid": 13120,
    "index": 30
  },
  {
    "name": "Require(26) node_modules/egg-jsonp/app/extend/application.js",
    "start": 1648545593389,
    "end": 1648545593390,
    "duration": 1,
    "pid": 13120,
    "index": 31
  },
  {
    "name": "Require(27) node_modules/egg-logrotator/app/extend/application.js",
    "start": 1648545593391,
    "end": 1648545593392,
    "duration": 1,
    "pid": 13120,
    "index": 32
  },
  {
    "name": "Require(28) node_modules/egg-view/app/extend/application.js",
    "start": 1648545593392,
    "end": 1648545593393,
    "duration": 1,
    "pid": 13120,
    "index": 33
  },
  {
    "name": "Require(29) app/extend/application.js",
    "start": 1648545593394,
    "end": 1648545593429,
    "duration": 35,
    "pid": 13120,
    "index": 34
  },
  {
    "name": "Load extend/request.js",
    "start": 1648545593431,
    "end": 1648545593434,
    "duration": 3,
    "pid": 13120,
    "index": 35
  },
  {
    "name": "Require(30) node_modules/egg/app/extend/request.js",
    "start": 1648545593432,
    "end": 1648545593433,
    "duration": 1,
    "pid": 13120,
    "index": 36
  },
  {
    "name": "Load extend/response.js",
    "start": 1648545593434,
    "end": 1648545593439,
    "duration": 5,
    "pid": 13120,
    "index": 37
  },
  {
    "name": "Require(31) node_modules/egg/app/extend/response.js",
    "start": 1648545593436,
    "end": 1648545593437,
    "duration": 1,
    "pid": 13120,
    "index": 38
  },
  {
    "name": "Load extend/context.js",
    "start": 1648545593439,
    "end": 1648545593479,
    "duration": 40,
    "pid": 13120,
    "index": 39
  },
  {
    "name": "Require(32) node_modules/egg-security/app/extend/context.js",
    "start": 1648545593439,
    "end": 1648545593444,
    "duration": 5,
    "pid": 13120,
    "index": 40
  },
  {
    "name": "Require(33) node_modules/egg-jsonp/app/extend/context.js",
    "start": 1648545593444,
    "end": 1648545593445,
    "duration": 1,
    "pid": 13120,
    "index": 41
  },
  {
    "name": "Require(34) node_modules/egg-i18n/app/extend/context.js",
    "start": 1648545593445,
    "end": 1648545593445,
    "duration": 0,
    "pid": 13120,
    "index": 42
  },
  {
    "name": "Require(35) node_modules/egg-multipart/app/extend/context.js",
    "start": 1648545593446,
    "end": 1648545593475,
    "duration": 29,
    "pid": 13120,
    "index": 43
  },
  {
    "name": "Require(36) node_modules/egg-view/app/extend/context.js",
    "start": 1648545593475,
    "end": 1648545593476,
    "duration": 1,
    "pid": 13120,
    "index": 44
  },
  {
    "name": "Require(37) node_modules/egg-mongoose/app/extend/context.js",
    "start": 1648545593476,
    "end": 1648545593476,
    "duration": 0,
    "pid": 13120,
    "index": 45
  },
  {
    "name": "Require(38) node_modules/egg-validate/app/extend/context.js",
    "start": 1648545593477,
    "end": 1648545593477,
    "duration": 0,
    "pid": 13120,
    "index": 46
  },
  {
    "name": "Require(39) node_modules/egg/app/extend/context.js",
    "start": 1648545593477,
    "end": 1648545593478,
    "duration": 1,
    "pid": 13120,
    "index": 47
  },
  {
    "name": "Load extend/helper.js",
    "start": 1648545593479,
    "end": 1648545593491,
    "duration": 12,
    "pid": 13120,
    "index": 48
  },
  {
    "name": "Require(40) node_modules/egg-security/app/extend/helper.js",
    "start": 1648545593479,
    "end": 1648545593488,
    "duration": 9,
    "pid": 13120,
    "index": 49
  },
  {
    "name": "Require(41) node_modules/egg/app/extend/helper.js",
    "start": 1648545593489,
    "end": 1648545593490,
    "duration": 1,
    "pid": 13120,
    "index": 50
  },
  {
    "name": "Require(42) app/extend/helper.js",
    "start": 1648545593490,
    "end": 1648545593490,
    "duration": 0,
    "pid": 13120,
    "index": 51
  },
  {
    "name": "Load app.js",
    "start": 1648545593492,
    "end": 1648545593516,
    "duration": 24,
    "pid": 13120,
    "index": 52
  },
  {
    "name": "Require(43) node_modules/egg-session/app.js",
    "start": 1648545593492,
    "end": 1648545593492,
    "duration": 0,
    "pid": 13120,
    "index": 53
  },
  {
    "name": "Require(44) node_modules/egg-security/app.js",
    "start": 1648545593492,
    "end": 1648545593493,
    "duration": 1,
    "pid": 13120,
    "index": 54
  },
  {
    "name": "Require(45) node_modules/egg-onerror/app.js",
    "start": 1648545593493,
    "end": 1648545593497,
    "duration": 4,
    "pid": 13120,
    "index": 55
  },
  {
    "name": "Require(46) node_modules/egg-i18n/app.js",
    "start": 1648545593497,
    "end": 1648545593509,
    "duration": 12,
    "pid": 13120,
    "index": 56
  },
  {
    "name": "Require(47) node_modules/egg-watcher/app.js",
    "start": 1648545593509,
    "end": 1648545593510,
    "duration": 1,
    "pid": 13120,
    "index": 57
  },
  {
    "name": "Require(48) node_modules/egg-schedule/app.js",
    "start": 1648545593511,
    "end": 1648545593512,
    "duration": 1,
    "pid": 13120,
    "index": 58
  },
  {
    "name": "Require(49) node_modules/egg-multipart/app.js",
    "start": 1648545593512,
    "end": 1648545593512,
    "duration": 0,
    "pid": 13120,
    "index": 59
  },
  {
    "name": "Require(50) node_modules/egg-development/app.js",
    "start": 1648545593512,
    "end": 1648545593512,
    "duration": 0,
    "pid": 13120,
    "index": 60
  },
  {
    "name": "Require(51) node_modules/egg-logrotator/app.js",
    "start": 1648545593513,
    "end": 1648545593513,
    "duration": 0,
    "pid": 13120,
    "index": 61
  },
  {
    "name": "Require(52) node_modules/egg-static/app.js",
    "start": 1648545593513,
    "end": 1648545593513,
    "duration": 0,
    "pid": 13120,
    "index": 62
  },
  {
    "name": "Require(53) node_modules/egg-mongoose/app.js",
    "start": 1648545593513,
    "end": 1648545593514,
    "duration": 1,
    "pid": 13120,
    "index": 63
  },
  {
    "name": "Require(54) node_modules/egg-validate/app.js",
    "start": 1648545593514,
    "end": 1648545593515,
    "duration": 1,
    "pid": 13120,
    "index": 64
  },
  {
    "name": "Require(55) node_modules/egg-cors/app.js",
    "start": 1648545593515,
    "end": 1648545593515,
    "duration": 0,
    "pid": 13120,
    "index": 65
  },
  {
    "name": "Before Start in node_modules/egg-watcher/lib/init.js:15:14",
    "start": 1648545593524,
    "end": 1648545593953,
    "duration": 429,
    "pid": 13120,
    "index": 66
  },
  {
    "name": "Before Start in node_modules/egg-mongoose/lib/mongoose.js:104:7",
    "start": 1648545593778,
    "end": 1648545593951,
    "duration": 173,
    "pid": 13120,
    "index": 67
  },
  {
    "name": "Before Start in node_modules/egg-mongoose/lib/mongoose.js:52:9",
    "start": 1648545593778,
    "end": 1648545593939,
    "duration": 161,
    "pid": 13120,
    "index": 68
  },
  {
    "name": "Load Service",
    "start": 1648545593778,
    "end": 1648545593798,
    "duration": 20,
    "pid": 13120,
    "index": 69
  },
  {
    "name": "Load \"service\" to Context",
    "start": 1648545593778,
    "end": 1648545593798,
    "duration": 20,
    "pid": 13120,
    "index": 70
  },
  {
    "name": "Load Middleware",
    "start": 1648545593798,
    "end": 1648545593893,
    "duration": 95,
    "pid": 13120,
    "index": 71
  },
  {
    "name": "Load \"middlewares\" to Application",
    "start": 1648545593799,
    "end": 1648545593881,
    "duration": 82,
    "pid": 13120,
    "index": 72
  },
  {
    "name": "Load Controller",
    "start": 1648545593893,
    "end": 1648545593900,
    "duration": 7,
    "pid": 13120,
    "index": 73
  },
  {
    "name": "Load \"controller\" to Application",
    "start": 1648545593893,
    "end": 1648545593900,
    "duration": 7,
    "pid": 13120,
    "index": 74
  },
  {
    "name": "Load Router",
    "start": 1648545593900,
    "end": 1648545593905,
    "duration": 5,
    "pid": 13120,
    "index": 75
  },
  {
    "name": "Require(56) app/router.js",
    "start": 1648545593900,
    "end": 1648545593901,
    "duration": 1,
    "pid": 13120,
    "index": 76
  },
  {
    "name": "Before Start in node_modules/egg-core/lib/egg.js:303:10",
    "start": 1648545593901,
    "end": 1648545593939,
    "duration": 38,
    "pid": 13120,
    "index": 77
  },
  {
    "name": "Load \"model\" to Application",
    "start": 1648545593915,
    "end": 1648545593938,
    "duration": 23,
    "pid": 13120,
    "index": 78
  }
]