[
  {
    "name": "Process Start",
    "start": 1648536956231,
    "end": 1648536956963,
    "duration": 732,
    "pid": 34264,
    "index": 0
  },
  {
    "name": "Application Start",
    "start": 1648536956964,
    "end": 1648536957517,
    "duration": 553,
    "pid": 34264,
    "index": 1
  },
  {
    "name": "Load Plugin",
    "start": 1648536956966,
    "end": 1648536956978,
    "duration": 12,
    "pid": 34264,
    "index": 2
  },
  {
    "name": "Load Config",
    "start": 1648536956978,
    "end": 1648536956997,
    "duration": 19,
    "pid": 34264,
    "index": 3
  },
  {
    "name": "Require(0) config/config.default.js",
    "start": 1648536956979,
    "end": 1648536956979,
    "duration": 0,
    "pid": 34264,
    "index": 4
  },
  {
    "name": "Require(1) config/config.local.js",
    "start": 1648536956980,
    "end": 1648536956980,
    "duration": 0,
    "pid": 34264,
    "index": 5
  },
  {
    "name": "Require(2) node_modules/egg-session/config/config.default.js",
    "start": 1648536956980,
    "end": 1648536956981,
    "duration": 1,
    "pid": 34264,
    "index": 6
  },
  {
    "name": "Require(3) node_modules/egg-security/config/config.default.js",
    "start": 1648536956981,
    "end": 1648536956981,
    "duration": 0,
    "pid": 34264,
    "index": 7
  },
  {
    "name": "Require(4) node_modules/egg-jsonp/config/config.default.js",
    "start": 1648536956982,
    "end": 1648536956982,
    "duration": 0,
    "pid": 34264,
    "index": 8
  },
  {
    "name": "Require(5) node_modules/egg-onerror/config/config.default.js",
    "start": 1648536956982,
    "end": 1648536956983,
    "duration": 1,
    "pid": 34264,
    "index": 9
  },
  {
    "name": "Require(6) node_modules/egg-i18n/config/config.default.js",
    "start": 1648536956983,
    "end": 1648536956983,
    "duration": 0,
    "pid": 34264,
    "index": 10
  },
  {
    "name": "Require(7) node_modules/egg-watcher/config/config.default.js",
    "start": 1648536956984,
    "end": 1648536956984,
    "duration": 0,
    "pid": 34264,
    "index": 11
  },
  {
    "name": "Require(8) node_modules/egg-schedule/config/config.default.js",
    "start": 1648536956984,
    "end": 1648536956984,
    "duration": 0,
    "pid": 34264,
    "index": 12
  },
  {
    "name": "Require(9) node_modules/egg-multipart/config/config.default.js",
    "start": 1648536956985,
    "end": 1648536956985,
    "duration": 0,
    "pid": 34264,
    "index": 13
  },
  {
    "name": "Require(10) node_modules/egg-development/config/config.default.js",
    "start": 1648536956985,
    "end": 1648536956986,
    "duration": 1,
    "pid": 34264,
    "index": 14
  },
  {
    "name": "Require(11) node_modules/egg-logrotator/config/config.default.js",
    "start": 1648536956986,
    "end": 1648536956986,
    "duration": 0,
    "pid": 34264,
    "index": 15
  },
  {
    "name": "Require(12) node_modules/egg-static/config/config.default.js",
    "start": 1648536956986,
    "end": 1648536956987,
    "duration": 1,
    "pid": 34264,
    "index": 16
  },
  {
    "name": "Require(13) node_modules/egg-view/config/config.default.js",
    "start": 1648536956987,
    "end": 1648536956987,
    "duration": 0,
    "pid": 34264,
    "index": 17
  },
  {
    "name": "Require(14) node_modules/egg-mongoose/config/config.default.js",
    "start": 1648536956988,
    "end": 1648536956988,
    "duration": 0,
    "pid": 34264,
    "index": 18
  },
  {
    "name": "Require(15) node_modules/egg-validate/config/config.default.js",
    "start": 1648536956988,
    "end": 1648536956989,
    "duration": 1,
    "pid": 34264,
    "index": 19
  },
  {
    "name": "Require(16) node_modules/egg-cors/config/config.default.js",
    "start": 1648536956989,
    "end": 1648536956989,
    "duration": 0,
    "pid": 34264,
    "index": 20
  },
  {
    "name": "Require(17) node_modules/egg/config/config.default.js",
    "start": 1648536956989,
    "end": 1648536956990,
    "duration": 1,
    "pid": 34264,
    "index": 21
  },
  {
    "name": "Require(18) config/config.default.js",
    "start": 1648536956991,
    "end": 1648536956991,
    "duration": 0,
    "pid": 34264,
    "index": 22
  },
  {
    "name": "Require(19) node_modules/egg-security/config/config.local.js",
    "start": 1648536956991,
    "end": 1648536956992,
    "duration": 1,
    "pid": 34264,
    "index": 23
  },
  {
    "name": "Require(20) node_modules/egg-watcher/config/config.local.js",
    "start": 1648536956993,
    "end": 1648536956993,
    "duration": 0,
    "pid": 34264,
    "index": 24
  },
  {
    "name": "Require(21) node_modules/egg-view/config/config.local.js",
    "start": 1648536956994,
    "end": 1648536956994,
    "duration": 0,
    "pid": 34264,
    "index": 25
  },
  {
    "name": "Require(22) node_modules/egg/config/config.local.js",
    "start": 1648536956996,
    "end": 1648536956997,
    "duration": 1,
    "pid": 34264,
    "index": 26
  },
  {
    "name": "Require(23) config/config.local.js",
    "start": 1648536956997,
    "end": 1648536956997,
    "duration": 0,
    "pid": 34264,
    "index": 27
  },
  {
    "name": "Load extend/application.js",
    "start": 1648536956998,
    "end": 1648536957036,
    "duration": 38,
    "pid": 34264,
    "index": 28
  },
  {
    "name": "Require(24) node_modules/egg-session/app/extend/application.js",
    "start": 1648536956998,
    "end": 1648536956998,
    "duration": 0,
    "pid": 34264,
    "index": 29
  },
  {
    "name": "Require(25) node_modules/egg-security/app/extend/application.js",
    "start": 1648536956998,
    "end": 1648536956999,
    "duration": 1,
    "pid": 34264,
    "index": 30
  },
  {
    "name": "Require(26) node_modules/egg-jsonp/app/extend/application.js",
    "start": 1648536956999,
    "end": 1648536957000,
    "duration": 1,
    "pid": 34264,
    "index": 31
  },
  {
    "name": "Require(27) node_modules/egg-logrotator/app/extend/application.js",
    "start": 1648536957001,
    "end": 1648536957001,
    "duration": 0,
    "pid": 34264,
    "index": 32
  },
  {
    "name": "Require(28) node_modules/egg-view/app/extend/application.js",
    "start": 1648536957002,
    "end": 1648536957003,
    "duration": 1,
    "pid": 34264,
    "index": 33
  },
  {
    "name": "Require(29) app/extend/application.js",
    "start": 1648536957003,
    "end": 1648536957034,
    "duration": 31,
    "pid": 34264,
    "index": 34
  },
  {
    "name": "Load extend/request.js",
    "start": 1648536957036,
    "end": 1648536957039,
    "duration": 3,
    "pid": 34264,
    "index": 35
  },
  {
    "name": "Require(30) node_modules/egg/app/extend/request.js",
    "start": 1648536957037,
    "end": 1648536957038,
    "duration": 1,
    "pid": 34264,
    "index": 36
  },
  {
    "name": "Load extend/response.js",
    "start": 1648536957039,
    "end": 1648536957043,
    "duration": 4,
    "pid": 34264,
    "index": 37
  },
  {
    "name": "Require(31) node_modules/egg/app/extend/response.js",
    "start": 1648536957041,
    "end": 1648536957042,
    "duration": 1,
    "pid": 34264,
    "index": 38
  },
  {
    "name": "Load extend/context.js",
    "start": 1648536957043,
    "end": 1648536957082,
    "duration": 39,
    "pid": 34264,
    "index": 39
  },
  {
    "name": "Require(32) node_modules/egg-security/app/extend/context.js",
    "start": 1648536957044,
    "end": 1648536957048,
    "duration": 4,
    "pid": 34264,
    "index": 40
  },
  {
    "name": "Require(33) node_modules/egg-jsonp/app/extend/context.js",
    "start": 1648536957048,
    "end": 1648536957049,
    "duration": 1,
    "pid": 34264,
    "index": 41
  },
  {
    "name": "Require(34) node_modules/egg-i18n/app/extend/context.js",
    "start": 1648536957049,
    "end": 1648536957050,
    "duration": 1,
    "pid": 34264,
    "index": 42
  },
  {
    "name": "Require(35) node_modules/egg-multipart/app/extend/context.js",
    "start": 1648536957050,
    "end": 1648536957078,
    "duration": 28,
    "pid": 34264,
    "index": 43
  },
  {
    "name": "Require(36) node_modules/egg-view/app/extend/context.js",
    "start": 1648536957079,
    "end": 1648536957079,
    "duration": 0,
    "pid": 34264,
    "index": 44
  },
  {
    "name": "Require(37) node_modules/egg-mongoose/app/extend/context.js",
    "start": 1648536957079,
    "end": 1648536957080,
    "duration": 1,
    "pid": 34264,
    "index": 45
  },
  {
    "name": "Require(38) node_modules/egg-validate/app/extend/context.js",
    "start": 1648536957080,
    "end": 1648536957080,
    "duration": 0,
    "pid": 34264,
    "index": 46
  },
  {
    "name": "Require(39) node_modules/egg/app/extend/context.js",
    "start": 1648536957080,
    "end": 1648536957081,
    "duration": 1,
    "pid": 34264,
    "index": 47
  },
  {
    "name": "Load extend/helper.js",
    "start": 1648536957082,
    "end": 1648536957095,
    "duration": 13,
    "pid": 34264,
    "index": 48
  },
  {
    "name": "Require(40) node_modules/egg-security/app/extend/helper.js",
    "start": 1648536957082,
    "end": 1648536957091,
    "duration": 9,
    "pid": 34264,
    "index": 49
  },
  {
    "name": "Require(41) node_modules/egg/app/extend/helper.js",
    "start": 1648536957093,
    "end": 1648536957093,
    "duration": 0,
    "pid": 34264,
    "index": 50
  },
  {
    "name": "Require(42) app/extend/helper.js",
    "start": 1648536957093,
    "end": 1648536957093,
    "duration": 0,
    "pid": 34264,
    "index": 51
  },
  {
    "name": "Load app.js",
    "start": 1648536957095,
    "end": 1648536957117,
    "duration": 22,
    "pid": 34264,
    "index": 52
  },
  {
    "name": "Require(43) node_modules/egg-session/app.js",
    "start": 1648536957095,
    "end": 1648536957095,
    "duration": 0,
    "pid": 34264,
    "index": 53
  },
  {
    "name": "Require(44) node_modules/egg-security/app.js",
    "start": 1648536957095,
    "end": 1648536957096,
    "duration": 1,
    "pid": 34264,
    "index": 54
  },
  {
    "name": "Require(45) node_modules/egg-onerror/app.js",
    "start": 1648536957096,
    "end": 1648536957100,
    "duration": 4,
    "pid": 34264,
    "index": 55
  },
  {
    "name": "Require(46) node_modules/egg-i18n/app.js",
    "start": 1648536957100,
    "end": 1648536957110,
    "duration": 10,
    "pid": 34264,
    "index": 56
  },
  {
    "name": "Require(47) node_modules/egg-watcher/app.js",
    "start": 1648536957111,
    "end": 1648536957112,
    "duration": 1,
    "pid": 34264,
    "index": 57
  },
  {
    "name": "Require(48) node_modules/egg-schedule/app.js",
    "start": 1648536957112,
    "end": 1648536957113,
    "duration": 1,
    "pid": 34264,
    "index": 58
  },
  {
    "name": "Require(49) node_modules/egg-multipart/app.js",
    "start": 1648536957113,
    "end": 1648536957114,
    "duration": 1,
    "pid": 34264,
    "index": 59
  },
  {
    "name": "Require(50) node_modules/egg-development/app.js",
    "start": 1648536957114,
    "end": 1648536957114,
    "duration": 0,
    "pid": 34264,
    "index": 60
  },
  {
    "name": "Require(51) node_modules/egg-logrotator/app.js",
    "start": 1648536957114,
    "end": 1648536957114,
    "duration": 0,
    "pid": 34264,
    "index": 61
  },
  {
    "name": "Require(52) node_modules/egg-static/app.js",
    "start": 1648536957114,
    "end": 1648536957114,
    "duration": 0,
    "pid": 34264,
    "index": 62
  },
  {
    "name": "Require(53) node_modules/egg-mongoose/app.js",
    "start": 1648536957115,
    "end": 1648536957115,
    "duration": 0,
    "pid": 34264,
    "index": 63
  },
  {
    "name": "Require(54) node_modules/egg-validate/app.js",
    "start": 1648536957115,
    "end": 1648536957116,
    "duration": 1,
    "pid": 34264,
    "index": 64
  },
  {
    "name": "Require(55) node_modules/egg-cors/app.js",
    "start": 1648536957117,
    "end": 1648536957117,
    "duration": 0,
    "pid": 34264,
    "index": 65
  },
  {
    "name": "Before Start in node_modules/egg-watcher/lib/init.js:15:14",
    "start": 1648536957124,
    "end": 1648536957516,
    "duration": 392,
    "pid": 34264,
    "index": 66
  },
  {
    "name": "Before Start in node_modules/egg-mongoose/lib/mongoose.js:104:7",
    "start": 1648536957394,
    "end": 1648536957515,
    "duration": 121,
    "pid": 34264,
    "index": 67
  },
  {
    "name": "Before Start in node_modules/egg-mongoose/lib/mongoose.js:52:9",
    "start": 1648536957394,
    "end": 1648536957503,
    "duration": 109,
    "pid": 34264,
    "index": 68
  },
  {
    "name": "Load Service",
    "start": 1648536957394,
    "end": 1648536957414,
    "duration": 20,
    "pid": 34264,
    "index": 69
  },
  {
    "name": "Load \"service\" to Context",
    "start": 1648536957394,
    "end": 1648536957414,
    "duration": 20,
    "pid": 34264,
    "index": 70
  },
  {
    "name": "Load Middleware",
    "start": 1648536957415,
    "end": 1648536957480,
    "duration": 65,
    "pid": 34264,
    "index": 71
  },
  {
    "name": "Load \"middlewares\" to Application",
    "start": 1648536957415,
    "end": 1648536957474,
    "duration": 59,
    "pid": 34264,
    "index": 72
  },
  {
    "name": "Load Controller",
    "start": 1648536957480,
    "end": 1648536957483,
    "duration": 3,
    "pid": 34264,
    "index": 73
  },
  {
    "name": "Load \"controller\" to Application",
    "start": 1648536957480,
    "end": 1648536957483,
    "duration": 3,
    "pid": 34264,
    "index": 74
  },
  {
    "name": "Load Router",
    "start": 1648536957483,
    "end": 1648536957485,
    "duration": 2,
    "pid": 34264,
    "index": 75
  },
  {
    "name": "Require(56) app/router.js",
    "start": 1648536957483,
    "end": 1648536957483,
    "duration": 0,
    "pid": 34264,
    "index": 76
  },
  {
    "name": "Before Start in node_modules/egg-core/lib/egg.js:303:10",
    "start": 1648536957483,
    "end": 1648536957504,
    "duration": 21,
    "pid": 34264,
    "index": 77
  },
  {
    "name": "Load \"model\" to Application",
    "start": 1648536957490,
    "end": 1648536957503,
    "duration": 13,
    "pid": 34264,
    "index": 78
  }
]