[
  {
    "name": "Process Start",
    "start": 1648457361346,
    "end": 1648457362066,
    "duration": 720,
    "pid": 42068,
    "index": 0
  },
  {
    "name": "Application Start",
    "start": 1648457362067,
    "end": 1648457362582,
    "duration": 515,
    "pid": 42068,
    "index": 1
  },
  {
    "name": "Load Plugin",
    "start": 1648457362069,
    "end": 1648457362079,
    "duration": 10,
    "pid": 42068,
    "index": 2
  },
  {
    "name": "Load Config",
    "start": 1648457362079,
    "end": 1648457362094,
    "duration": 15,
    "pid": 42068,
    "index": 3
  },
  {
    "name": "Require(0) config/config.default.js",
    "start": 1648457362080,
    "end": 1648457362080,
    "duration": 0,
    "pid": 42068,
    "index": 4
  },
  {
    "name": "Require(1) node_modules/egg-session/config/config.default.js",
    "start": 1648457362081,
    "end": 1648457362081,
    "duration": 0,
    "pid": 42068,
    "index": 5
  },
  {
    "name": "Require(2) node_modules/egg-security/config/config.default.js",
    "start": 1648457362081,
    "end": 1648457362082,
    "duration": 1,
    "pid": 42068,
    "index": 6
  },
  {
    "name": "Require(3) node_modules/egg-jsonp/config/config.default.js",
    "start": 1648457362082,
    "end": 1648457362083,
    "duration": 1,
    "pid": 42068,
    "index": 7
  },
  {
    "name": "Require(4) node_modules/egg-onerror/config/config.default.js",
    "start": 1648457362083,
    "end": 1648457362083,
    "duration": 0,
    "pid": 42068,
    "index": 8
  },
  {
    "name": "Require(5) node_modules/egg-i18n/config/config.default.js",
    "start": 1648457362083,
    "end": 1648457362084,
    "duration": 1,
    "pid": 42068,
    "index": 9
  },
  {
    "name": "Require(6) node_modules/egg-watcher/config/config.default.js",
    "start": 1648457362084,
    "end": 1648457362084,
    "duration": 0,
    "pid": 42068,
    "index": 10
  },
  {
    "name": "Require(7) node_modules/egg-schedule/config/config.default.js",
    "start": 1648457362084,
    "end": 1648457362085,
    "duration": 1,
    "pid": 42068,
    "index": 11
  },
  {
    "name": "Require(8) node_modules/egg-multipart/config/config.default.js",
    "start": 1648457362085,
    "end": 1648457362085,
    "duration": 0,
    "pid": 42068,
    "index": 12
  },
  {
    "name": "Require(9) node_modules/egg-development/config/config.default.js",
    "start": 1648457362086,
    "end": 1648457362086,
    "duration": 0,
    "pid": 42068,
    "index": 13
  },
  {
    "name": "Require(10) node_modules/egg-logrotator/config/config.default.js",
    "start": 1648457362086,
    "end": 1648457362087,
    "duration": 1,
    "pid": 42068,
    "index": 14
  },
  {
    "name": "Require(11) node_modules/egg-static/config/config.default.js",
    "start": 1648457362087,
    "end": 1648457362087,
    "duration": 0,
    "pid": 42068,
    "index": 15
  },
  {
    "name": "Require(12) node_modules/egg-view/config/config.default.js",
    "start": 1648457362087,
    "end": 1648457362088,
    "duration": 1,
    "pid": 42068,
    "index": 16
  },
  {
    "name": "Require(13) node_modules/egg-mongoose/config/config.default.js",
    "start": 1648457362088,
    "end": 1648457362088,
    "duration": 0,
    "pid": 42068,
    "index": 17
  },
  {
    "name": "Require(14) node_modules/egg-validate/config/config.default.js",
    "start": 1648457362088,
    "end": 1648457362089,
    "duration": 1,
    "pid": 42068,
    "index": 18
  },
  {
    "name": "Require(15) node_modules/egg-cors/config/config.default.js",
    "start": 1648457362089,
    "end": 1648457362089,
    "duration": 0,
    "pid": 42068,
    "index": 19
  },
  {
    "name": "Require(16) node_modules/egg/config/config.default.js",
    "start": 1648457362089,
    "end": 1648457362090,
    "duration": 1,
    "pid": 42068,
    "index": 20
  },
  {
    "name": "Require(17) config/config.default.js",
    "start": 1648457362090,
    "end": 1648457362090,
    "duration": 0,
    "pid": 42068,
    "index": 21
  },
  {
    "name": "Require(18) node_modules/egg-security/config/config.local.js",
    "start": 1648457362091,
    "end": 1648457362091,
    "duration": 0,
    "pid": 42068,
    "index": 22
  },
  {
    "name": "Require(19) node_modules/egg-watcher/config/config.local.js",
    "start": 1648457362092,
    "end": 1648457362092,
    "duration": 0,
    "pid": 42068,
    "index": 23
  },
  {
    "name": "Require(20) node_modules/egg-view/config/config.local.js",
    "start": 1648457362093,
    "end": 1648457362093,
    "duration": 0,
    "pid": 42068,
    "index": 24
  },
  {
    "name": "Require(21) node_modules/egg/config/config.local.js",
    "start": 1648457362094,
    "end": 1648457362094,
    "duration": 0,
    "pid": 42068,
    "index": 25
  },
  {
    "name": "Load extend/application.js",
    "start": 1648457362095,
    "end": 1648457362131,
    "duration": 36,
    "pid": 42068,
    "index": 26
  },
  {
    "name": "Require(22) node_modules/egg-session/app/extend/application.js",
    "start": 1648457362095,
    "end": 1648457362095,
    "duration": 0,
    "pid": 42068,
    "index": 27
  },
  {
    "name": "Require(23) node_modules/egg-security/app/extend/application.js",
    "start": 1648457362096,
    "end": 1648457362096,
    "duration": 0,
    "pid": 42068,
    "index": 28
  },
  {
    "name": "Require(24) node_modules/egg-jsonp/app/extend/application.js",
    "start": 1648457362096,
    "end": 1648457362097,
    "duration": 1,
    "pid": 42068,
    "index": 29
  },
  {
    "name": "Require(25) node_modules/egg-logrotator/app/extend/application.js",
    "start": 1648457362098,
    "end": 1648457362099,
    "duration": 1,
    "pid": 42068,
    "index": 30
  },
  {
    "name": "Require(26) node_modules/egg-view/app/extend/application.js",
    "start": 1648457362099,
    "end": 1648457362100,
    "duration": 1,
    "pid": 42068,
    "index": 31
  },
  {
    "name": "Require(27) app/extend/application.js",
    "start": 1648457362100,
    "end": 1648457362129,
    "duration": 29,
    "pid": 42068,
    "index": 32
  },
  {
    "name": "Load extend/request.js",
    "start": 1648457362131,
    "end": 1648457362134,
    "duration": 3,
    "pid": 42068,
    "index": 33
  },
  {
    "name": "Require(28) node_modules/egg/app/extend/request.js",
    "start": 1648457362132,
    "end": 1648457362133,
    "duration": 1,
    "pid": 42068,
    "index": 34
  },
  {
    "name": "Load extend/response.js",
    "start": 1648457362134,
    "end": 1648457362138,
    "duration": 4,
    "pid": 42068,
    "index": 35
  },
  {
    "name": "Require(29) node_modules/egg/app/extend/response.js",
    "start": 1648457362136,
    "end": 1648457362136,
    "duration": 0,
    "pid": 42068,
    "index": 36
  },
  {
    "name": "Load extend/context.js",
    "start": 1648457362138,
    "end": 1648457362175,
    "duration": 37,
    "pid": 42068,
    "index": 37
  },
  {
    "name": "Require(30) node_modules/egg-security/app/extend/context.js",
    "start": 1648457362138,
    "end": 1648457362143,
    "duration": 5,
    "pid": 42068,
    "index": 38
  },
  {
    "name": "Require(31) node_modules/egg-jsonp/app/extend/context.js",
    "start": 1648457362143,
    "end": 1648457362143,
    "duration": 0,
    "pid": 42068,
    "index": 39
  },
  {
    "name": "Require(32) node_modules/egg-i18n/app/extend/context.js",
    "start": 1648457362144,
    "end": 1648457362144,
    "duration": 0,
    "pid": 42068,
    "index": 40
  },
  {
    "name": "Require(33) node_modules/egg-multipart/app/extend/context.js",
    "start": 1648457362144,
    "end": 1648457362171,
    "duration": 27,
    "pid": 42068,
    "index": 41
  },
  {
    "name": "Require(34) node_modules/egg-view/app/extend/context.js",
    "start": 1648457362172,
    "end": 1648457362172,
    "duration": 0,
    "pid": 42068,
    "index": 42
  },
  {
    "name": "Require(35) node_modules/egg-mongoose/app/extend/context.js",
    "start": 1648457362172,
    "end": 1648457362173,
    "duration": 1,
    "pid": 42068,
    "index": 43
  },
  {
    "name": "Require(36) node_modules/egg-validate/app/extend/context.js",
    "start": 1648457362173,
    "end": 1648457362173,
    "duration": 0,
    "pid": 42068,
    "index": 44
  },
  {
    "name": "Require(37) node_modules/egg/app/extend/context.js",
    "start": 1648457362173,
    "end": 1648457362174,
    "duration": 1,
    "pid": 42068,
    "index": 45
  },
  {
    "name": "Load extend/helper.js",
    "start": 1648457362175,
    "end": 1648457362187,
    "duration": 12,
    "pid": 42068,
    "index": 46
  },
  {
    "name": "Require(38) node_modules/egg-security/app/extend/helper.js",
    "start": 1648457362176,
    "end": 1648457362183,
    "duration": 7,
    "pid": 42068,
    "index": 47
  },
  {
    "name": "Require(39) node_modules/egg/app/extend/helper.js",
    "start": 1648457362185,
    "end": 1648457362185,
    "duration": 0,
    "pid": 42068,
    "index": 48
  },
  {
    "name": "Require(40) app/extend/helper.js",
    "start": 1648457362185,
    "end": 1648457362185,
    "duration": 0,
    "pid": 42068,
    "index": 49
  },
  {
    "name": "Load app.js",
    "start": 1648457362187,
    "end": 1648457362208,
    "duration": 21,
    "pid": 42068,
    "index": 50
  },
  {
    "name": "Require(41) node_modules/egg-session/app.js",
    "start": 1648457362187,
    "end": 1648457362187,
    "duration": 0,
    "pid": 42068,
    "index": 51
  },
  {
    "name": "Require(42) node_modules/egg-security/app.js",
    "start": 1648457362187,
    "end": 1648457362188,
    "duration": 1,
    "pid": 42068,
    "index": 52
  },
  {
    "name": "Require(43) node_modules/egg-onerror/app.js",
    "start": 1648457362188,
    "end": 1648457362192,
    "duration": 4,
    "pid": 42068,
    "index": 53
  },
  {
    "name": "Require(44) node_modules/egg-i18n/app.js",
    "start": 1648457362192,
    "end": 1648457362202,
    "duration": 10,
    "pid": 42068,
    "index": 54
  },
  {
    "name": "Require(45) node_modules/egg-watcher/app.js",
    "start": 1648457362202,
    "end": 1648457362203,
    "duration": 1,
    "pid": 42068,
    "index": 55
  },
  {
    "name": "Require(46) node_modules/egg-schedule/app.js",
    "start": 1648457362204,
    "end": 1648457362204,
    "duration": 0,
    "pid": 42068,
    "index": 56
  },
  {
    "name": "Require(47) node_modules/egg-multipart/app.js",
    "start": 1648457362204,
    "end": 1648457362205,
    "duration": 1,
    "pid": 42068,
    "index": 57
  },
  {
    "name": "Require(48) node_modules/egg-development/app.js",
    "start": 1648457362205,
    "end": 1648457362205,
    "duration": 0,
    "pid": 42068,
    "index": 58
  },
  {
    "name": "Require(49) node_modules/egg-logrotator/app.js",
    "start": 1648457362205,
    "end": 1648457362205,
    "duration": 0,
    "pid": 42068,
    "index": 59
  },
  {
    "name": "Require(50) node_modules/egg-static/app.js",
    "start": 1648457362206,
    "end": 1648457362206,
    "duration": 0,
    "pid": 42068,
    "index": 60
  },
  {
    "name": "Require(51) node_modules/egg-mongoose/app.js",
    "start": 1648457362206,
    "end": 1648457362206,
    "duration": 0,
    "pid": 42068,
    "index": 61
  },
  {
    "name": "Require(52) node_modules/egg-validate/app.js",
    "start": 1648457362206,
    "end": 1648457362207,
    "duration": 1,
    "pid": 42068,
    "index": 62
  },
  {
    "name": "Require(53) node_modules/egg-cors/app.js",
    "start": 1648457362208,
    "end": 1648457362208,
    "duration": 0,
    "pid": 42068,
    "index": 63
  },
  {
    "name": "Before Start in node_modules/egg-watcher/lib/init.js:15:14",
    "start": 1648457362215,
    "end": 1648457362581,
    "duration": 366,
    "pid": 42068,
    "index": 64
  },
  {
    "name": "Before Start in node_modules/egg-mongoose/lib/mongoose.js:104:7",
    "start": 1648457362457,
    "end": 1648457362580,
    "duration": 123,
    "pid": 42068,
    "index": 65
  },
  {
    "name": "Before Start in node_modules/egg-mongoose/lib/mongoose.js:52:9",
    "start": 1648457362457,
    "end": 1648457362570,
    "duration": 113,
    "pid": 42068,
    "index": 66
  },
  {
    "name": "Load Service",
    "start": 1648457362457,
    "end": 1648457362481,
    "duration": 24,
    "pid": 42068,
    "index": 67
  },
  {
    "name": "Load \"service\" to Context",
    "start": 1648457362457,
    "end": 1648457362481,
    "duration": 24,
    "pid": 42068,
    "index": 68
  },
  {
    "name": "Load Middleware",
    "start": 1648457362481,
    "end": 1648457362546,
    "duration": 65,
    "pid": 42068,
    "index": 69
  },
  {
    "name": "Load \"middlewares\" to Application",
    "start": 1648457362481,
    "end": 1648457362538,
    "duration": 57,
    "pid": 42068,
    "index": 70
  },
  {
    "name": "Load Controller",
    "start": 1648457362546,
    "end": 1648457362548,
    "duration": 2,
    "pid": 42068,
    "index": 71
  },
  {
    "name": "Load \"controller\" to Application",
    "start": 1648457362546,
    "end": 1648457362548,
    "duration": 2,
    "pid": 42068,
    "index": 72
  },
  {
    "name": "Load Router",
    "start": 1648457362548,
    "end": 1648457362550,
    "duration": 2,
    "pid": 42068,
    "index": 73
  },
  {
    "name": "Require(54) app/router.js",
    "start": 1648457362548,
    "end": 1648457362548,
    "duration": 0,
    "pid": 42068,
    "index": 74
  },
  {
    "name": "Before Start in node_modules/egg-core/lib/egg.js:303:10",
    "start": 1648457362548,
    "end": 1648457362570,
    "duration": 22,
    "pid": 42068,
    "index": 75
  },
  {
    "name": "Load \"model\" to Application",
    "start": 1648457362556,
    "end": 1648457362569,
    "duration": 13,
    "pid": 42068,
    "index": 76
  }
]