[
  {
    "name": "Process Start",
    "start": 1648460940747,
    "end": 1648460941558,
    "duration": 811,
    "pid": 19764,
    "index": 0
  },
  {
    "name": "Application Start",
    "start": 1648460941559,
    "end": 1648460942216,
    "duration": 657,
    "pid": 19764,
    "index": 1
  },
  {
    "name": "Load Plugin",
    "start": 1648460941563,
    "end": 1648460941575,
    "duration": 12,
    "pid": 19764,
    "index": 2
  },
  {
    "name": "Load Config",
    "start": 1648460941575,
    "end": 1648460941594,
    "duration": 19,
    "pid": 19764,
    "index": 3
  },
  {
    "name": "Require(0) config/config.default.js",
    "start": 1648460941575,
    "end": 1648460941576,
    "duration": 1,
    "pid": 19764,
    "index": 4
  },
  {
    "name": "Require(1) config/config.local.js",
    "start": 1648460941577,
    "end": 1648460941578,
    "duration": 1,
    "pid": 19764,
    "index": 5
  },
  {
    "name": "Require(2) node_modules/egg-session/config/config.default.js",
    "start": 1648460941579,
    "end": 1648460941579,
    "duration": 0,
    "pid": 19764,
    "index": 6
  },
  {
    "name": "Require(3) node_modules/egg-security/config/config.default.js",
    "start": 1648460941579,
    "end": 1648460941579,
    "duration": 0,
    "pid": 19764,
    "index": 7
  },
  {
    "name": "Require(4) node_modules/egg-jsonp/config/config.default.js",
    "start": 1648460941580,
    "end": 1648460941580,
    "duration": 0,
    "pid": 19764,
    "index": 8
  },
  {
    "name": "Require(5) node_modules/egg-onerror/config/config.default.js",
    "start": 1648460941581,
    "end": 1648460941581,
    "duration": 0,
    "pid": 19764,
    "index": 9
  },
  {
    "name": "Require(6) node_modules/egg-i18n/config/config.default.js",
    "start": 1648460941581,
    "end": 1648460941581,
    "duration": 0,
    "pid": 19764,
    "index": 10
  },
  {
    "name": "Require(7) node_modules/egg-watcher/config/config.default.js",
    "start": 1648460941582,
    "end": 1648460941582,
    "duration": 0,
    "pid": 19764,
    "index": 11
  },
  {
    "name": "Require(8) node_modules/egg-schedule/config/config.default.js",
    "start": 1648460941582,
    "end": 1648460941583,
    "duration": 1,
    "pid": 19764,
    "index": 12
  },
  {
    "name": "Require(9) node_modules/egg-multipart/config/config.default.js",
    "start": 1648460941583,
    "end": 1648460941583,
    "duration": 0,
    "pid": 19764,
    "index": 13
  },
  {
    "name": "Require(10) node_modules/egg-development/config/config.default.js",
    "start": 1648460941583,
    "end": 1648460941584,
    "duration": 1,
    "pid": 19764,
    "index": 14
  },
  {
    "name": "Require(11) node_modules/egg-logrotator/config/config.default.js",
    "start": 1648460941584,
    "end": 1648460941584,
    "duration": 0,
    "pid": 19764,
    "index": 15
  },
  {
    "name": "Require(12) node_modules/egg-static/config/config.default.js",
    "start": 1648460941585,
    "end": 1648460941585,
    "duration": 0,
    "pid": 19764,
    "index": 16
  },
  {
    "name": "Require(13) node_modules/egg-view/config/config.default.js",
    "start": 1648460941585,
    "end": 1648460941585,
    "duration": 0,
    "pid": 19764,
    "index": 17
  },
  {
    "name": "Require(14) node_modules/egg-mongoose/config/config.default.js",
    "start": 1648460941586,
    "end": 1648460941586,
    "duration": 0,
    "pid": 19764,
    "index": 18
  },
  {
    "name": "Require(15) node_modules/egg-validate/config/config.default.js",
    "start": 1648460941586,
    "end": 1648460941586,
    "duration": 0,
    "pid": 19764,
    "index": 19
  },
  {
    "name": "Require(16) node_modules/egg-cors/config/config.default.js",
    "start": 1648460941587,
    "end": 1648460941587,
    "duration": 0,
    "pid": 19764,
    "index": 20
  },
  {
    "name": "Require(17) node_modules/egg/config/config.default.js",
    "start": 1648460941587,
    "end": 1648460941587,
    "duration": 0,
    "pid": 19764,
    "index": 21
  },
  {
    "name": "Require(18) config/config.default.js",
    "start": 1648460941588,
    "end": 1648460941588,
    "duration": 0,
    "pid": 19764,
    "index": 22
  },
  {
    "name": "Require(19) node_modules/egg-security/config/config.local.js",
    "start": 1648460941589,
    "end": 1648460941590,
    "duration": 1,
    "pid": 19764,
    "index": 23
  },
  {
    "name": "Require(20) node_modules/egg-watcher/config/config.local.js",
    "start": 1648460941591,
    "end": 1648460941591,
    "duration": 0,
    "pid": 19764,
    "index": 24
  },
  {
    "name": "Require(21) node_modules/egg-view/config/config.local.js",
    "start": 1648460941592,
    "end": 1648460941592,
    "duration": 0,
    "pid": 19764,
    "index": 25
  },
  {
    "name": "Require(22) node_modules/egg/config/config.local.js",
    "start": 1648460941593,
    "end": 1648460941593,
    "duration": 0,
    "pid": 19764,
    "index": 26
  },
  {
    "name": "Require(23) config/config.local.js",
    "start": 1648460941594,
    "end": 1648460941594,
    "duration": 0,
    "pid": 19764,
    "index": 27
  },
  {
    "name": "Load extend/application.js",
    "start": 1648460941595,
    "end": 1648460941639,
    "duration": 44,
    "pid": 19764,
    "index": 28
  },
  {
    "name": "Require(24) node_modules/egg-session/app/extend/application.js",
    "start": 1648460941596,
    "end": 1648460941597,
    "duration": 1,
    "pid": 19764,
    "index": 29
  },
  {
    "name": "Require(25) node_modules/egg-security/app/extend/application.js",
    "start": 1648460941597,
    "end": 1648460941597,
    "duration": 0,
    "pid": 19764,
    "index": 30
  },
  {
    "name": "Require(26) node_modules/egg-jsonp/app/extend/application.js",
    "start": 1648460941598,
    "end": 1648460941598,
    "duration": 0,
    "pid": 19764,
    "index": 31
  },
  {
    "name": "Require(27) node_modules/egg-logrotator/app/extend/application.js",
    "start": 1648460941599,
    "end": 1648460941600,
    "duration": 1,
    "pid": 19764,
    "index": 32
  },
  {
    "name": "Require(28) node_modules/egg-view/app/extend/application.js",
    "start": 1648460941601,
    "end": 1648460941601,
    "duration": 0,
    "pid": 19764,
    "index": 33
  },
  {
    "name": "Require(29) app/extend/application.js",
    "start": 1648460941602,
    "end": 1648460941638,
    "duration": 36,
    "pid": 19764,
    "index": 34
  },
  {
    "name": "Load extend/request.js",
    "start": 1648460941639,
    "end": 1648460941646,
    "duration": 7,
    "pid": 19764,
    "index": 35
  },
  {
    "name": "Require(30) node_modules/egg/app/extend/request.js",
    "start": 1648460941642,
    "end": 1648460941643,
    "duration": 1,
    "pid": 19764,
    "index": 36
  },
  {
    "name": "Load extend/response.js",
    "start": 1648460941646,
    "end": 1648460941651,
    "duration": 5,
    "pid": 19764,
    "index": 37
  },
  {
    "name": "Require(31) node_modules/egg/app/extend/response.js",
    "start": 1648460941648,
    "end": 1648460941649,
    "duration": 1,
    "pid": 19764,
    "index": 38
  },
  {
    "name": "Load extend/context.js",
    "start": 1648460941651,
    "end": 1648460941701,
    "duration": 50,
    "pid": 19764,
    "index": 39
  },
  {
    "name": "Require(32) node_modules/egg-security/app/extend/context.js",
    "start": 1648460941652,
    "end": 1648460941657,
    "duration": 5,
    "pid": 19764,
    "index": 40
  },
  {
    "name": "Require(33) node_modules/egg-jsonp/app/extend/context.js",
    "start": 1648460941658,
    "end": 1648460941659,
    "duration": 1,
    "pid": 19764,
    "index": 41
  },
  {
    "name": "Require(34) node_modules/egg-i18n/app/extend/context.js",
    "start": 1648460941659,
    "end": 1648460941660,
    "duration": 1,
    "pid": 19764,
    "index": 42
  },
  {
    "name": "Require(35) node_modules/egg-multipart/app/extend/context.js",
    "start": 1648460941661,
    "end": 1648460941696,
    "duration": 35,
    "pid": 19764,
    "index": 43
  },
  {
    "name": "Require(36) node_modules/egg-view/app/extend/context.js",
    "start": 1648460941697,
    "end": 1648460941697,
    "duration": 0,
    "pid": 19764,
    "index": 44
  },
  {
    "name": "Require(37) node_modules/egg-mongoose/app/extend/context.js",
    "start": 1648460941698,
    "end": 1648460941698,
    "duration": 0,
    "pid": 19764,
    "index": 45
  },
  {
    "name": "Require(38) node_modules/egg-validate/app/extend/context.js",
    "start": 1648460941698,
    "end": 1648460941699,
    "duration": 1,
    "pid": 19764,
    "index": 46
  },
  {
    "name": "Require(39) node_modules/egg/app/extend/context.js",
    "start": 1648460941699,
    "end": 1648460941699,
    "duration": 0,
    "pid": 19764,
    "index": 47
  },
  {
    "name": "Load extend/helper.js",
    "start": 1648460941702,
    "end": 1648460941716,
    "duration": 14,
    "pid": 19764,
    "index": 48
  },
  {
    "name": "Require(40) node_modules/egg-security/app/extend/helper.js",
    "start": 1648460941702,
    "end": 1648460941712,
    "duration": 10,
    "pid": 19764,
    "index": 49
  },
  {
    "name": "Require(41) node_modules/egg/app/extend/helper.js",
    "start": 1648460941713,
    "end": 1648460941714,
    "duration": 1,
    "pid": 19764,
    "index": 50
  },
  {
    "name": "Require(42) app/extend/helper.js",
    "start": 1648460941714,
    "end": 1648460941714,
    "duration": 0,
    "pid": 19764,
    "index": 51
  },
  {
    "name": "Load app.js",
    "start": 1648460941716,
    "end": 1648460941740,
    "duration": 24,
    "pid": 19764,
    "index": 52
  },
  {
    "name": "Require(43) node_modules/egg-session/app.js",
    "start": 1648460941716,
    "end": 1648460941716,
    "duration": 0,
    "pid": 19764,
    "index": 53
  },
  {
    "name": "Require(44) node_modules/egg-security/app.js",
    "start": 1648460941717,
    "end": 1648460941717,
    "duration": 0,
    "pid": 19764,
    "index": 54
  },
  {
    "name": "Require(45) node_modules/egg-onerror/app.js",
    "start": 1648460941718,
    "end": 1648460941722,
    "duration": 4,
    "pid": 19764,
    "index": 55
  },
  {
    "name": "Require(46) node_modules/egg-i18n/app.js",
    "start": 1648460941723,
    "end": 1648460941733,
    "duration": 10,
    "pid": 19764,
    "index": 56
  },
  {
    "name": "Require(47) node_modules/egg-watcher/app.js",
    "start": 1648460941733,
    "end": 1648460941735,
    "duration": 2,
    "pid": 19764,
    "index": 57
  },
  {
    "name": "Require(48) node_modules/egg-schedule/app.js",
    "start": 1648460941735,
    "end": 1648460941736,
    "duration": 1,
    "pid": 19764,
    "index": 58
  },
  {
    "name": "Require(49) node_modules/egg-multipart/app.js",
    "start": 1648460941736,
    "end": 1648460941736,
    "duration": 0,
    "pid": 19764,
    "index": 59
  },
  {
    "name": "Require(50) node_modules/egg-development/app.js",
    "start": 1648460941737,
    "end": 1648460941737,
    "duration": 0,
    "pid": 19764,
    "index": 60
  },
  {
    "name": "Require(51) node_modules/egg-logrotator/app.js",
    "start": 1648460941737,
    "end": 1648460941737,
    "duration": 0,
    "pid": 19764,
    "index": 61
  },
  {
    "name": "Require(52) node_modules/egg-static/app.js",
    "start": 1648460941737,
    "end": 1648460941737,
    "duration": 0,
    "pid": 19764,
    "index": 62
  },
  {
    "name": "Require(53) node_modules/egg-mongoose/app.js",
    "start": 1648460941738,
    "end": 1648460941738,
    "duration": 0,
    "pid": 19764,
    "index": 63
  },
  {
    "name": "Require(54) node_modules/egg-validate/app.js",
    "start": 1648460941738,
    "end": 1648460941739,
    "duration": 1,
    "pid": 19764,
    "index": 64
  },
  {
    "name": "Require(55) node_modules/egg-cors/app.js",
    "start": 1648460941739,
    "end": 1648460941739,
    "duration": 0,
    "pid": 19764,
    "index": 65
  },
  {
    "name": "Before Start in node_modules/egg-watcher/lib/init.js:15:14",
    "start": 1648460941747,
    "end": 1648460942216,
    "duration": 469,
    "pid": 19764,
    "index": 66
  },
  {
    "name": "Before Start in node_modules/egg-mongoose/lib/mongoose.js:104:7",
    "start": 1648460942042,
    "end": 1648460942214,
    "duration": 172,
    "pid": 19764,
    "index": 67
  },
  {
    "name": "Before Start in node_modules/egg-mongoose/lib/mongoose.js:52:9",
    "start": 1648460942042,
    "end": 1648460942204,
    "duration": 162,
    "pid": 19764,
    "index": 68
  },
  {
    "name": "Load Service",
    "start": 1648460942043,
    "end": 1648460942081,
    "duration": 38,
    "pid": 19764,
    "index": 69
  },
  {
    "name": "Load \"service\" to Context",
    "start": 1648460942043,
    "end": 1648460942081,
    "duration": 38,
    "pid": 19764,
    "index": 70
  },
  {
    "name": "Load Middleware",
    "start": 1648460942081,
    "end": 1648460942180,
    "duration": 99,
    "pid": 19764,
    "index": 71
  },
  {
    "name": "Load \"middlewares\" to Application",
    "start": 1648460942082,
    "end": 1648460942173,
    "duration": 91,
    "pid": 19764,
    "index": 72
  },
  {
    "name": "Load Controller",
    "start": 1648460942180,
    "end": 1648460942182,
    "duration": 2,
    "pid": 19764,
    "index": 73
  },
  {
    "name": "Load \"controller\" to Application",
    "start": 1648460942180,
    "end": 1648460942182,
    "duration": 2,
    "pid": 19764,
    "index": 74
  },
  {
    "name": "Load Router",
    "start": 1648460942182,
    "end": 1648460942185,
    "duration": 3,
    "pid": 19764,
    "index": 75
  },
  {
    "name": "Require(56) app/router.js",
    "start": 1648460942182,
    "end": 1648460942182,
    "duration": 0,
    "pid": 19764,
    "index": 76
  },
  {
    "name": "Before Start in node_modules/egg-core/lib/egg.js:303:10",
    "start": 1648460942184,
    "end": 1648460942204,
    "duration": 20,
    "pid": 19764,
    "index": 77
  },
  {
    "name": "Load \"model\" to Application",
    "start": 1648460942191,
    "end": 1648460942203,
    "duration": 12,
    "pid": 19764,
    "index": 78
  }
]