[
  {
    "name": "Process Start",
    "start": 1648548439592,
    "end": 1648548440250,
    "duration": 658,
    "pid": 43792,
    "index": 0
  },
  {
    "name": "Application Start",
    "start": 1648548440250,
    "end": 1648548440857,
    "duration": 607,
    "pid": 43792,
    "index": 1
  },
  {
    "name": "Load Plugin",
    "start": 1648548440253,
    "end": 1648548440263,
    "duration": 10,
    "pid": 43792,
    "index": 2
  },
  {
    "name": "Load Config",
    "start": 1648548440263,
    "end": 1648548440280,
    "duration": 17,
    "pid": 43792,
    "index": 3
  },
  {
    "name": "Require(0) config/config.default.js",
    "start": 1648548440264,
    "end": 1648548440264,
    "duration": 0,
    "pid": 43792,
    "index": 4
  },
  {
    "name": "Require(1) config/config.local.js",
    "start": 1648548440265,
    "end": 1648548440265,
    "duration": 0,
    "pid": 43792,
    "index": 5
  },
  {
    "name": "Require(2) node_modules/egg-session/config/config.default.js",
    "start": 1648548440265,
    "end": 1648548440266,
    "duration": 1,
    "pid": 43792,
    "index": 6
  },
  {
    "name": "Require(3) node_modules/egg-security/config/config.default.js",
    "start": 1648548440266,
    "end": 1648548440266,
    "duration": 0,
    "pid": 43792,
    "index": 7
  },
  {
    "name": "Require(4) node_modules/egg-jsonp/config/config.default.js",
    "start": 1648548440267,
    "end": 1648548440267,
    "duration": 0,
    "pid": 43792,
    "index": 8
  },
  {
    "name": "Require(5) node_modules/egg-onerror/config/config.default.js",
    "start": 1648548440267,
    "end": 1648548440267,
    "duration": 0,
    "pid": 43792,
    "index": 9
  },
  {
    "name": "Require(6) node_modules/egg-i18n/config/config.default.js",
    "start": 1648548440268,
    "end": 1648548440268,
    "duration": 0,
    "pid": 43792,
    "index": 10
  },
  {
    "name": "Require(7) node_modules/egg-watcher/config/config.default.js",
    "start": 1648548440268,
    "end": 1648548440269,
    "duration": 1,
    "pid": 43792,
    "index": 11
  },
  {
    "name": "Require(8) node_modules/egg-schedule/config/config.default.js",
    "start": 1648548440269,
    "end": 1648548440269,
    "duration": 0,
    "pid": 43792,
    "index": 12
  },
  {
    "name": "Require(9) node_modules/egg-multipart/config/config.default.js",
    "start": 1648548440269,
    "end": 1648548440270,
    "duration": 1,
    "pid": 43792,
    "index": 13
  },
  {
    "name": "Require(10) node_modules/egg-development/config/config.default.js",
    "start": 1648548440270,
    "end": 1648548440270,
    "duration": 0,
    "pid": 43792,
    "index": 14
  },
  {
    "name": "Require(11) node_modules/egg-logrotator/config/config.default.js",
    "start": 1648548440271,
    "end": 1648548440271,
    "duration": 0,
    "pid": 43792,
    "index": 15
  },
  {
    "name": "Require(12) node_modules/egg-static/config/config.default.js",
    "start": 1648548440271,
    "end": 1648548440271,
    "duration": 0,
    "pid": 43792,
    "index": 16
  },
  {
    "name": "Require(13) node_modules/egg-view/config/config.default.js",
    "start": 1648548440272,
    "end": 1648548440272,
    "duration": 0,
    "pid": 43792,
    "index": 17
  },
  {
    "name": "Require(14) node_modules/egg-mongoose/config/config.default.js",
    "start": 1648548440272,
    "end": 1648548440273,
    "duration": 1,
    "pid": 43792,
    "index": 18
  },
  {
    "name": "Require(15) node_modules/egg-validate/config/config.default.js",
    "start": 1648548440273,
    "end": 1648548440273,
    "duration": 0,
    "pid": 43792,
    "index": 19
  },
  {
    "name": "Require(16) node_modules/egg-cors/config/config.default.js",
    "start": 1648548440273,
    "end": 1648548440273,
    "duration": 0,
    "pid": 43792,
    "index": 20
  },
  {
    "name": "Require(17) node_modules/egg/config/config.default.js",
    "start": 1648548440274,
    "end": 1648548440274,
    "duration": 0,
    "pid": 43792,
    "index": 21
  },
  {
    "name": "Require(18) config/config.default.js",
    "start": 1648548440275,
    "end": 1648548440275,
    "duration": 0,
    "pid": 43792,
    "index": 22
  },
  {
    "name": "Require(19) node_modules/egg-security/config/config.local.js",
    "start": 1648548440277,
    "end": 1648548440278,
    "duration": 1,
    "pid": 43792,
    "index": 23
  },
  {
    "name": "Require(20) node_modules/egg-watcher/config/config.local.js",
    "start": 1648548440279,
    "end": 1648548440279,
    "duration": 0,
    "pid": 43792,
    "index": 24
  },
  {
    "name": "Require(21) node_modules/egg-view/config/config.local.js",
    "start": 1648548440279,
    "end": 1648548440279,
    "duration": 0,
    "pid": 43792,
    "index": 25
  },
  {
    "name": "Require(22) node_modules/egg/config/config.local.js",
    "start": 1648548440280,
    "end": 1648548440280,
    "duration": 0,
    "pid": 43792,
    "index": 26
  },
  {
    "name": "Require(23) config/config.local.js",
    "start": 1648548440280,
    "end": 1648548440280,
    "duration": 0,
    "pid": 43792,
    "index": 27
  },
  {
    "name": "Load extend/application.js",
    "start": 1648548440281,
    "end": 1648548440315,
    "duration": 34,
    "pid": 43792,
    "index": 28
  },
  {
    "name": "Require(24) node_modules/egg-session/app/extend/application.js",
    "start": 1648548440281,
    "end": 1648548440281,
    "duration": 0,
    "pid": 43792,
    "index": 29
  },
  {
    "name": "Require(25) node_modules/egg-security/app/extend/application.js",
    "start": 1648548440282,
    "end": 1648548440282,
    "duration": 0,
    "pid": 43792,
    "index": 30
  },
  {
    "name": "Require(26) node_modules/egg-jsonp/app/extend/application.js",
    "start": 1648548440283,
    "end": 1648548440283,
    "duration": 0,
    "pid": 43792,
    "index": 31
  },
  {
    "name": "Require(27) node_modules/egg-logrotator/app/extend/application.js",
    "start": 1648548440284,
    "end": 1648548440285,
    "duration": 1,
    "pid": 43792,
    "index": 32
  },
  {
    "name": "Require(28) node_modules/egg-view/app/extend/application.js",
    "start": 1648548440285,
    "end": 1648548440286,
    "duration": 1,
    "pid": 43792,
    "index": 33
  },
  {
    "name": "Require(29) app/extend/application.js",
    "start": 1648548440286,
    "end": 1648548440314,
    "duration": 28,
    "pid": 43792,
    "index": 34
  },
  {
    "name": "Load extend/request.js",
    "start": 1648548440315,
    "end": 1648548440319,
    "duration": 4,
    "pid": 43792,
    "index": 35
  },
  {
    "name": "Require(30) node_modules/egg/app/extend/request.js",
    "start": 1648548440317,
    "end": 1648548440318,
    "duration": 1,
    "pid": 43792,
    "index": 36
  },
  {
    "name": "Load extend/response.js",
    "start": 1648548440319,
    "end": 1648548440323,
    "duration": 4,
    "pid": 43792,
    "index": 37
  },
  {
    "name": "Require(31) node_modules/egg/app/extend/response.js",
    "start": 1648548440321,
    "end": 1648548440321,
    "duration": 0,
    "pid": 43792,
    "index": 38
  },
  {
    "name": "Load extend/context.js",
    "start": 1648548440323,
    "end": 1648548440361,
    "duration": 38,
    "pid": 43792,
    "index": 39
  },
  {
    "name": "Require(32) node_modules/egg-security/app/extend/context.js",
    "start": 1648548440323,
    "end": 1648548440327,
    "duration": 4,
    "pid": 43792,
    "index": 40
  },
  {
    "name": "Require(33) node_modules/egg-jsonp/app/extend/context.js",
    "start": 1648548440328,
    "end": 1648548440328,
    "duration": 0,
    "pid": 43792,
    "index": 41
  },
  {
    "name": "Require(34) node_modules/egg-i18n/app/extend/context.js",
    "start": 1648548440328,
    "end": 1648548440329,
    "duration": 1,
    "pid": 43792,
    "index": 42
  },
  {
    "name": "Require(35) node_modules/egg-multipart/app/extend/context.js",
    "start": 1648548440329,
    "end": 1648548440357,
    "duration": 28,
    "pid": 43792,
    "index": 43
  },
  {
    "name": "Require(36) node_modules/egg-view/app/extend/context.js",
    "start": 1648548440357,
    "end": 1648548440358,
    "duration": 1,
    "pid": 43792,
    "index": 44
  },
  {
    "name": "Require(37) node_modules/egg-mongoose/app/extend/context.js",
    "start": 1648548440358,
    "end": 1648548440358,
    "duration": 0,
    "pid": 43792,
    "index": 45
  },
  {
    "name": "Require(38) node_modules/egg-validate/app/extend/context.js",
    "start": 1648548440358,
    "end": 1648548440358,
    "duration": 0,
    "pid": 43792,
    "index": 46
  },
  {
    "name": "Require(39) node_modules/egg/app/extend/context.js",
    "start": 1648548440359,
    "end": 1648548440359,
    "duration": 0,
    "pid": 43792,
    "index": 47
  },
  {
    "name": "Load extend/helper.js",
    "start": 1648548440361,
    "end": 1648548440373,
    "duration": 12,
    "pid": 43792,
    "index": 48
  },
  {
    "name": "Require(40) node_modules/egg-security/app/extend/helper.js",
    "start": 1648548440361,
    "end": 1648548440370,
    "duration": 9,
    "pid": 43792,
    "index": 49
  },
  {
    "name": "Require(41) node_modules/egg/app/extend/helper.js",
    "start": 1648548440371,
    "end": 1648548440371,
    "duration": 0,
    "pid": 43792,
    "index": 50
  },
  {
    "name": "Require(42) app/extend/helper.js",
    "start": 1648548440372,
    "end": 1648548440372,
    "duration": 0,
    "pid": 43792,
    "index": 51
  },
  {
    "name": "Load app.js",
    "start": 1648548440373,
    "end": 1648548440395,
    "duration": 22,
    "pid": 43792,
    "index": 52
  },
  {
    "name": "Require(43) node_modules/egg-session/app.js",
    "start": 1648548440373,
    "end": 1648548440374,
    "duration": 1,
    "pid": 43792,
    "index": 53
  },
  {
    "name": "Require(44) node_modules/egg-security/app.js",
    "start": 1648548440374,
    "end": 1648548440374,
    "duration": 0,
    "pid": 43792,
    "index": 54
  },
  {
    "name": "Require(45) node_modules/egg-onerror/app.js",
    "start": 1648548440375,
    "end": 1648548440379,
    "duration": 4,
    "pid": 43792,
    "index": 55
  },
  {
    "name": "Require(46) node_modules/egg-i18n/app.js",
    "start": 1648548440379,
    "end": 1648548440388,
    "duration": 9,
    "pid": 43792,
    "index": 56
  },
  {
    "name": "Require(47) node_modules/egg-watcher/app.js",
    "start": 1648548440388,
    "end": 1648548440390,
    "duration": 2,
    "pid": 43792,
    "index": 57
  },
  {
    "name": "Require(48) node_modules/egg-schedule/app.js",
    "start": 1648548440390,
    "end": 1648548440391,
    "duration": 1,
    "pid": 43792,
    "index": 58
  },
  {
    "name": "Require(49) node_modules/egg-multipart/app.js",
    "start": 1648548440391,
    "end": 1648548440391,
    "duration": 0,
    "pid": 43792,
    "index": 59
  },
  {
    "name": "Require(50) node_modules/egg-development/app.js",
    "start": 1648548440392,
    "end": 1648548440392,
    "duration": 0,
    "pid": 43792,
    "index": 60
  },
  {
    "name": "Require(51) node_modules/egg-logrotator/app.js",
    "start": 1648548440392,
    "end": 1648548440392,
    "duration": 0,
    "pid": 43792,
    "index": 61
  },
  {
    "name": "Require(52) node_modules/egg-static/app.js",
    "start": 1648548440392,
    "end": 1648548440392,
    "duration": 0,
    "pid": 43792,
    "index": 62
  },
  {
    "name": "Require(53) node_modules/egg-mongoose/app.js",
    "start": 1648548440393,
    "end": 1648548440393,
    "duration": 0,
    "pid": 43792,
    "index": 63
  },
  {
    "name": "Require(54) node_modules/egg-validate/app.js",
    "start": 1648548440393,
    "end": 1648548440394,
    "duration": 1,
    "pid": 43792,
    "index": 64
  },
  {
    "name": "Require(55) node_modules/egg-cors/app.js",
    "start": 1648548440394,
    "end": 1648548440394,
    "duration": 0,
    "pid": 43792,
    "index": 65
  },
  {
    "name": "Before Start in node_modules/egg-watcher/lib/init.js:15:14",
    "start": 1648548440401,
    "end": 1648548440856,
    "duration": 455,
    "pid": 43792,
    "index": 66
  },
  {
    "name": "Before Start in node_modules/egg-mongoose/lib/mongoose.js:104:7",
    "start": 1648548440645,
    "end": 1648548440855,
    "duration": 210,
    "pid": 43792,
    "index": 67
  },
  {
    "name": "Before Start in node_modules/egg-mongoose/lib/mongoose.js:52:9",
    "start": 1648548440645,
    "end": 1648548440839,
    "duration": 194,
    "pid": 43792,
    "index": 68
  },
  {
    "name": "Load Service",
    "start": 1648548440645,
    "end": 1648548440664,
    "duration": 19,
    "pid": 43792,
    "index": 69
  },
  {
    "name": "Load \"service\" to Context",
    "start": 1648548440645,
    "end": 1648548440664,
    "duration": 19,
    "pid": 43792,
    "index": 70
  },
  {
    "name": "Load Middleware",
    "start": 1648548440664,
    "end": 1648548440800,
    "duration": 136,
    "pid": 43792,
    "index": 71
  },
  {
    "name": "Load \"middlewares\" to Application",
    "start": 1648548440664,
    "end": 1648548440786,
    "duration": 122,
    "pid": 43792,
    "index": 72
  },
  {
    "name": "Load Controller",
    "start": 1648548440800,
    "end": 1648548440804,
    "duration": 4,
    "pid": 43792,
    "index": 73
  },
  {
    "name": "Load \"controller\" to Application",
    "start": 1648548440800,
    "end": 1648548440804,
    "duration": 4,
    "pid": 43792,
    "index": 74
  },
  {
    "name": "Load Router",
    "start": 1648548440804,
    "end": 1648548440807,
    "duration": 3,
    "pid": 43792,
    "index": 75
  },
  {
    "name": "Require(56) app/router.js",
    "start": 1648548440804,
    "end": 1648548440804,
    "duration": 0,
    "pid": 43792,
    "index": 76
  },
  {
    "name": "Before Start in node_modules/egg-core/lib/egg.js:303:10",
    "start": 1648548440805,
    "end": 1648548440839,
    "duration": 34,
    "pid": 43792,
    "index": 77
  },
  {
    "name": "Load \"model\" to Application",
    "start": 1648548440816,
    "end": 1648548440838,
    "duration": 22,
    "pid": 43792,
    "index": 78
  }
]