[
  {
    "name": "Process Start",
    "start": 1648457373322,
    "end": 1648457374035,
    "duration": 713,
    "pid": 39560,
    "index": 0
  },
  {
    "name": "Application Start",
    "start": 1648457374036,
    "end": 1648457374635,
    "duration": 599,
    "pid": 39560,
    "index": 1
  },
  {
    "name": "Load Plugin",
    "start": 1648457374038,
    "end": 1648457374048,
    "duration": 10,
    "pid": 39560,
    "index": 2
  },
  {
    "name": "Load Config",
    "start": 1648457374048,
    "end": 1648457374062,
    "duration": 14,
    "pid": 39560,
    "index": 3
  },
  {
    "name": "Require(0) config/config.default.js",
    "start": 1648457374048,
    "end": 1648457374048,
    "duration": 0,
    "pid": 39560,
    "index": 4
  },
  {
    "name": "Require(1) node_modules/egg-session/config/config.default.js",
    "start": 1648457374049,
    "end": 1648457374049,
    "duration": 0,
    "pid": 39560,
    "index": 5
  },
  {
    "name": "Require(2) node_modules/egg-security/config/config.default.js",
    "start": 1648457374050,
    "end": 1648457374050,
    "duration": 0,
    "pid": 39560,
    "index": 6
  },
  {
    "name": "Require(3) node_modules/egg-jsonp/config/config.default.js",
    "start": 1648457374051,
    "end": 1648457374051,
    "duration": 0,
    "pid": 39560,
    "index": 7
  },
  {
    "name": "Require(4) node_modules/egg-onerror/config/config.default.js",
    "start": 1648457374051,
    "end": 1648457374051,
    "duration": 0,
    "pid": 39560,
    "index": 8
  },
  {
    "name": "Require(5) node_modules/egg-i18n/config/config.default.js",
    "start": 1648457374052,
    "end": 1648457374052,
    "duration": 0,
    "pid": 39560,
    "index": 9
  },
  {
    "name": "Require(6) node_modules/egg-watcher/config/config.default.js",
    "start": 1648457374052,
    "end": 1648457374052,
    "duration": 0,
    "pid": 39560,
    "index": 10
  },
  {
    "name": "Require(7) node_modules/egg-schedule/config/config.default.js",
    "start": 1648457374053,
    "end": 1648457374053,
    "duration": 0,
    "pid": 39560,
    "index": 11
  },
  {
    "name": "Require(8) node_modules/egg-multipart/config/config.default.js",
    "start": 1648457374053,
    "end": 1648457374053,
    "duration": 0,
    "pid": 39560,
    "index": 12
  },
  {
    "name": "Require(9) node_modules/egg-development/config/config.default.js",
    "start": 1648457374054,
    "end": 1648457374054,
    "duration": 0,
    "pid": 39560,
    "index": 13
  },
  {
    "name": "Require(10) node_modules/egg-logrotator/config/config.default.js",
    "start": 1648457374054,
    "end": 1648457374054,
    "duration": 0,
    "pid": 39560,
    "index": 14
  },
  {
    "name": "Require(11) node_modules/egg-static/config/config.default.js",
    "start": 1648457374055,
    "end": 1648457374055,
    "duration": 0,
    "pid": 39560,
    "index": 15
  },
  {
    "name": "Require(12) node_modules/egg-view/config/config.default.js",
    "start": 1648457374055,
    "end": 1648457374055,
    "duration": 0,
    "pid": 39560,
    "index": 16
  },
  {
    "name": "Require(13) node_modules/egg-mongoose/config/config.default.js",
    "start": 1648457374056,
    "end": 1648457374056,
    "duration": 0,
    "pid": 39560,
    "index": 17
  },
  {
    "name": "Require(14) node_modules/egg-validate/config/config.default.js",
    "start": 1648457374056,
    "end": 1648457374056,
    "duration": 0,
    "pid": 39560,
    "index": 18
  },
  {
    "name": "Require(15) node_modules/egg-cors/config/config.default.js",
    "start": 1648457374057,
    "end": 1648457374057,
    "duration": 0,
    "pid": 39560,
    "index": 19
  },
  {
    "name": "Require(16) node_modules/egg/config/config.default.js",
    "start": 1648457374057,
    "end": 1648457374057,
    "duration": 0,
    "pid": 39560,
    "index": 20
  },
  {
    "name": "Require(17) config/config.default.js",
    "start": 1648457374058,
    "end": 1648457374058,
    "duration": 0,
    "pid": 39560,
    "index": 21
  },
  {
    "name": "Require(18) node_modules/egg-security/config/config.local.js",
    "start": 1648457374058,
    "end": 1648457374059,
    "duration": 1,
    "pid": 39560,
    "index": 22
  },
  {
    "name": "Require(19) node_modules/egg-watcher/config/config.local.js",
    "start": 1648457374060,
    "end": 1648457374060,
    "duration": 0,
    "pid": 39560,
    "index": 23
  },
  {
    "name": "Require(20) node_modules/egg-view/config/config.local.js",
    "start": 1648457374061,
    "end": 1648457374061,
    "duration": 0,
    "pid": 39560,
    "index": 24
  },
  {
    "name": "Require(21) node_modules/egg/config/config.local.js",
    "start": 1648457374062,
    "end": 1648457374062,
    "duration": 0,
    "pid": 39560,
    "index": 25
  },
  {
    "name": "Load extend/application.js",
    "start": 1648457374063,
    "end": 1648457374098,
    "duration": 35,
    "pid": 39560,
    "index": 26
  },
  {
    "name": "Require(22) node_modules/egg-session/app/extend/application.js",
    "start": 1648457374063,
    "end": 1648457374063,
    "duration": 0,
    "pid": 39560,
    "index": 27
  },
  {
    "name": "Require(23) node_modules/egg-security/app/extend/application.js",
    "start": 1648457374063,
    "end": 1648457374064,
    "duration": 1,
    "pid": 39560,
    "index": 28
  },
  {
    "name": "Require(24) node_modules/egg-jsonp/app/extend/application.js",
    "start": 1648457374064,
    "end": 1648457374065,
    "duration": 1,
    "pid": 39560,
    "index": 29
  },
  {
    "name": "Require(25) node_modules/egg-logrotator/app/extend/application.js",
    "start": 1648457374066,
    "end": 1648457374066,
    "duration": 0,
    "pid": 39560,
    "index": 30
  },
  {
    "name": "Require(26) node_modules/egg-view/app/extend/application.js",
    "start": 1648457374067,
    "end": 1648457374067,
    "duration": 0,
    "pid": 39560,
    "index": 31
  },
  {
    "name": "Require(27) app/extend/application.js",
    "start": 1648457374068,
    "end": 1648457374097,
    "duration": 29,
    "pid": 39560,
    "index": 32
  },
  {
    "name": "Load extend/request.js",
    "start": 1648457374098,
    "end": 1648457374102,
    "duration": 4,
    "pid": 39560,
    "index": 33
  },
  {
    "name": "Require(28) node_modules/egg/app/extend/request.js",
    "start": 1648457374100,
    "end": 1648457374100,
    "duration": 0,
    "pid": 39560,
    "index": 34
  },
  {
    "name": "Load extend/response.js",
    "start": 1648457374102,
    "end": 1648457374105,
    "duration": 3,
    "pid": 39560,
    "index": 35
  },
  {
    "name": "Require(29) node_modules/egg/app/extend/response.js",
    "start": 1648457374103,
    "end": 1648457374104,
    "duration": 1,
    "pid": 39560,
    "index": 36
  },
  {
    "name": "Load extend/context.js",
    "start": 1648457374105,
    "end": 1648457374144,
    "duration": 39,
    "pid": 39560,
    "index": 37
  },
  {
    "name": "Require(30) node_modules/egg-security/app/extend/context.js",
    "start": 1648457374105,
    "end": 1648457374111,
    "duration": 6,
    "pid": 39560,
    "index": 38
  },
  {
    "name": "Require(31) node_modules/egg-jsonp/app/extend/context.js",
    "start": 1648457374111,
    "end": 1648457374112,
    "duration": 1,
    "pid": 39560,
    "index": 39
  },
  {
    "name": "Require(32) node_modules/egg-i18n/app/extend/context.js",
    "start": 1648457374112,
    "end": 1648457374112,
    "duration": 0,
    "pid": 39560,
    "index": 40
  },
  {
    "name": "Require(33) node_modules/egg-multipart/app/extend/context.js",
    "start": 1648457374113,
    "end": 1648457374140,
    "duration": 27,
    "pid": 39560,
    "index": 41
  },
  {
    "name": "Require(34) node_modules/egg-view/app/extend/context.js",
    "start": 1648457374140,
    "end": 1648457374141,
    "duration": 1,
    "pid": 39560,
    "index": 42
  },
  {
    "name": "Require(35) node_modules/egg-mongoose/app/extend/context.js",
    "start": 1648457374141,
    "end": 1648457374141,
    "duration": 0,
    "pid": 39560,
    "index": 43
  },
  {
    "name": "Require(36) node_modules/egg-validate/app/extend/context.js",
    "start": 1648457374141,
    "end": 1648457374142,
    "duration": 1,
    "pid": 39560,
    "index": 44
  },
  {
    "name": "Require(37) node_modules/egg/app/extend/context.js",
    "start": 1648457374142,
    "end": 1648457374142,
    "duration": 0,
    "pid": 39560,
    "index": 45
  },
  {
    "name": "Load extend/helper.js",
    "start": 1648457374144,
    "end": 1648457374155,
    "duration": 11,
    "pid": 39560,
    "index": 46
  },
  {
    "name": "Require(38) node_modules/egg-security/app/extend/helper.js",
    "start": 1648457374144,
    "end": 1648457374152,
    "duration": 8,
    "pid": 39560,
    "index": 47
  },
  {
    "name": "Require(39) node_modules/egg/app/extend/helper.js",
    "start": 1648457374153,
    "end": 1648457374153,
    "duration": 0,
    "pid": 39560,
    "index": 48
  },
  {
    "name": "Require(40) app/extend/helper.js",
    "start": 1648457374154,
    "end": 1648457374154,
    "duration": 0,
    "pid": 39560,
    "index": 49
  },
  {
    "name": "Load app.js",
    "start": 1648457374155,
    "end": 1648457374177,
    "duration": 22,
    "pid": 39560,
    "index": 50
  },
  {
    "name": "Require(41) node_modules/egg-session/app.js",
    "start": 1648457374156,
    "end": 1648457374156,
    "duration": 0,
    "pid": 39560,
    "index": 51
  },
  {
    "name": "Require(42) node_modules/egg-security/app.js",
    "start": 1648457374156,
    "end": 1648457374157,
    "duration": 1,
    "pid": 39560,
    "index": 52
  },
  {
    "name": "Require(43) node_modules/egg-onerror/app.js",
    "start": 1648457374157,
    "end": 1648457374161,
    "duration": 4,
    "pid": 39560,
    "index": 53
  },
  {
    "name": "Require(44) node_modules/egg-i18n/app.js",
    "start": 1648457374161,
    "end": 1648457374170,
    "duration": 9,
    "pid": 39560,
    "index": 54
  },
  {
    "name": "Require(45) node_modules/egg-watcher/app.js",
    "start": 1648457374170,
    "end": 1648457374172,
    "duration": 2,
    "pid": 39560,
    "index": 55
  },
  {
    "name": "Require(46) node_modules/egg-schedule/app.js",
    "start": 1648457374172,
    "end": 1648457374173,
    "duration": 1,
    "pid": 39560,
    "index": 56
  },
  {
    "name": "Require(47) node_modules/egg-multipart/app.js",
    "start": 1648457374173,
    "end": 1648457374173,
    "duration": 0,
    "pid": 39560,
    "index": 57
  },
  {
    "name": "Require(48) node_modules/egg-development/app.js",
    "start": 1648457374174,
    "end": 1648457374174,
    "duration": 0,
    "pid": 39560,
    "index": 58
  },
  {
    "name": "Require(49) node_modules/egg-logrotator/app.js",
    "start": 1648457374174,
    "end": 1648457374174,
    "duration": 0,
    "pid": 39560,
    "index": 59
  },
  {
    "name": "Require(50) node_modules/egg-static/app.js",
    "start": 1648457374174,
    "end": 1648457374174,
    "duration": 0,
    "pid": 39560,
    "index": 60
  },
  {
    "name": "Require(51) node_modules/egg-mongoose/app.js",
    "start": 1648457374175,
    "end": 1648457374175,
    "duration": 0,
    "pid": 39560,
    "index": 61
  },
  {
    "name": "Require(52) node_modules/egg-validate/app.js",
    "start": 1648457374175,
    "end": 1648457374176,
    "duration": 1,
    "pid": 39560,
    "index": 62
  },
  {
    "name": "Require(53) node_modules/egg-cors/app.js",
    "start": 1648457374176,
    "end": 1648457374177,
    "duration": 1,
    "pid": 39560,
    "index": 63
  },
  {
    "name": "Before Start in node_modules/egg-watcher/lib/init.js:15:14",
    "start": 1648457374183,
    "end": 1648457374635,
    "duration": 452,
    "pid": 39560,
    "index": 64
  },
  {
    "name": "Before Start in node_modules/egg-mongoose/lib/mongoose.js:104:7",
    "start": 1648457374430,
    "end": 1648457374634,
    "duration": 204,
    "pid": 39560,
    "index": 65
  },
  {
    "name": "Before Start in node_modules/egg-mongoose/lib/mongoose.js:52:9",
    "start": 1648457374430,
    "end": 1648457374624,
    "duration": 194,
    "pid": 39560,
    "index": 66
  },
  {
    "name": "Load Service",
    "start": 1648457374430,
    "end": 1648457374450,
    "duration": 20,
    "pid": 39560,
    "index": 67
  },
  {
    "name": "Load \"service\" to Context",
    "start": 1648457374431,
    "end": 1648457374450,
    "duration": 19,
    "pid": 39560,
    "index": 68
  },
  {
    "name": "Load Middleware",
    "start": 1648457374450,
    "end": 1648457374571,
    "duration": 121,
    "pid": 39560,
    "index": 69
  },
  {
    "name": "Load \"middlewares\" to Application",
    "start": 1648457374450,
    "end": 1648457374551,
    "duration": 101,
    "pid": 39560,
    "index": 70
  },
  {
    "name": "Load Controller",
    "start": 1648457374571,
    "end": 1648457374579,
    "duration": 8,
    "pid": 39560,
    "index": 71
  },
  {
    "name": "Load \"controller\" to Application",
    "start": 1648457374571,
    "end": 1648457374579,
    "duration": 8,
    "pid": 39560,
    "index": 72
  },
  {
    "name": "Load Router",
    "start": 1648457374579,
    "end": 1648457374591,
    "duration": 12,
    "pid": 39560,
    "index": 73
  },
  {
    "name": "Require(54) app/router.js",
    "start": 1648457374584,
    "end": 1648457374585,
    "duration": 1,
    "pid": 39560,
    "index": 74
  },
  {
    "name": "Before Start in node_modules/egg-core/lib/egg.js:303:10",
    "start": 1648457374586,
    "end": 1648457374624,
    "duration": 38,
    "pid": 39560,
    "index": 75
  },
  {
    "name": "Load \"model\" to Application",
    "start": 1648457374601,
    "end": 1648457374623,
    "duration": 22,
    "pid": 39560,
    "index": 76
  }
]