[
  {
    "name": "Process Start",
    "start": 1648462462135,
    "end": 1648462462812,
    "duration": 677,
    "pid": 39688,
    "index": 0
  },
  {
    "name": "Application Start",
    "start": 1648462462812,
    "end": 1648462463343,
    "duration": 531,
    "pid": 39688,
    "index": 1
  },
  {
    "name": "Load Plugin",
    "start": 1648462462815,
    "end": 1648462462825,
    "duration": 10,
    "pid": 39688,
    "index": 2
  },
  {
    "name": "Load Config",
    "start": 1648462462825,
    "end": 1648462462844,
    "duration": 19,
    "pid": 39688,
    "index": 3
  },
  {
    "name": "Require(0) config/config.default.js",
    "start": 1648462462826,
    "end": 1648462462826,
    "duration": 0,
    "pid": 39688,
    "index": 4
  },
  {
    "name": "Require(1) config/config.local.js",
    "start": 1648462462826,
    "end": 1648462462827,
    "duration": 1,
    "pid": 39688,
    "index": 5
  },
  {
    "name": "Require(2) node_modules/egg-session/config/config.default.js",
    "start": 1648462462827,
    "end": 1648462462827,
    "duration": 0,
    "pid": 39688,
    "index": 6
  },
  {
    "name": "Require(3) node_modules/egg-security/config/config.default.js",
    "start": 1648462462828,
    "end": 1648462462828,
    "duration": 0,
    "pid": 39688,
    "index": 7
  },
  {
    "name": "Require(4) node_modules/egg-jsonp/config/config.default.js",
    "start": 1648462462828,
    "end": 1648462462829,
    "duration": 1,
    "pid": 39688,
    "index": 8
  },
  {
    "name": "Require(5) node_modules/egg-onerror/config/config.default.js",
    "start": 1648462462829,
    "end": 1648462462829,
    "duration": 0,
    "pid": 39688,
    "index": 9
  },
  {
    "name": "Require(6) node_modules/egg-i18n/config/config.default.js",
    "start": 1648462462829,
    "end": 1648462462830,
    "duration": 1,
    "pid": 39688,
    "index": 10
  },
  {
    "name": "Require(7) node_modules/egg-watcher/config/config.default.js",
    "start": 1648462462830,
    "end": 1648462462830,
    "duration": 0,
    "pid": 39688,
    "index": 11
  },
  {
    "name": "Require(8) node_modules/egg-schedule/config/config.default.js",
    "start": 1648462462831,
    "end": 1648462462831,
    "duration": 0,
    "pid": 39688,
    "index": 12
  },
  {
    "name": "Require(9) node_modules/egg-multipart/config/config.default.js",
    "start": 1648462462831,
    "end": 1648462462831,
    "duration": 0,
    "pid": 39688,
    "index": 13
  },
  {
    "name": "Require(10) node_modules/egg-development/config/config.default.js",
    "start": 1648462462832,
    "end": 1648462462832,
    "duration": 0,
    "pid": 39688,
    "index": 14
  },
  {
    "name": "Require(11) node_modules/egg-logrotator/config/config.default.js",
    "start": 1648462462832,
    "end": 1648462462832,
    "duration": 0,
    "pid": 39688,
    "index": 15
  },
  {
    "name": "Require(12) node_modules/egg-static/config/config.default.js",
    "start": 1648462462833,
    "end": 1648462462833,
    "duration": 0,
    "pid": 39688,
    "index": 16
  },
  {
    "name": "Require(13) node_modules/egg-view/config/config.default.js",
    "start": 1648462462833,
    "end": 1648462462833,
    "duration": 0,
    "pid": 39688,
    "index": 17
  },
  {
    "name": "Require(14) node_modules/egg-mongoose/config/config.default.js",
    "start": 1648462462834,
    "end": 1648462462834,
    "duration": 0,
    "pid": 39688,
    "index": 18
  },
  {
    "name": "Require(15) node_modules/egg-validate/config/config.default.js",
    "start": 1648462462834,
    "end": 1648462462834,
    "duration": 0,
    "pid": 39688,
    "index": 19
  },
  {
    "name": "Require(16) node_modules/egg-cors/config/config.default.js",
    "start": 1648462462835,
    "end": 1648462462835,
    "duration": 0,
    "pid": 39688,
    "index": 20
  },
  {
    "name": "Require(17) node_modules/egg/config/config.default.js",
    "start": 1648462462835,
    "end": 1648462462835,
    "duration": 0,
    "pid": 39688,
    "index": 21
  },
  {
    "name": "Require(18) config/config.default.js",
    "start": 1648462462836,
    "end": 1648462462836,
    "duration": 0,
    "pid": 39688,
    "index": 22
  },
  {
    "name": "Require(19) node_modules/egg-security/config/config.local.js",
    "start": 1648462462836,
    "end": 1648462462838,
    "duration": 2,
    "pid": 39688,
    "index": 23
  },
  {
    "name": "Require(20) node_modules/egg-watcher/config/config.local.js",
    "start": 1648462462838,
    "end": 1648462462839,
    "duration": 1,
    "pid": 39688,
    "index": 24
  },
  {
    "name": "Require(21) node_modules/egg-view/config/config.local.js",
    "start": 1648462462840,
    "end": 1648462462840,
    "duration": 0,
    "pid": 39688,
    "index": 25
  },
  {
    "name": "Require(22) node_modules/egg/config/config.local.js",
    "start": 1648462462843,
    "end": 1648462462844,
    "duration": 1,
    "pid": 39688,
    "index": 26
  },
  {
    "name": "Require(23) config/config.local.js",
    "start": 1648462462844,
    "end": 1648462462844,
    "duration": 0,
    "pid": 39688,
    "index": 27
  },
  {
    "name": "Load extend/application.js",
    "start": 1648462462845,
    "end": 1648462462880,
    "duration": 35,
    "pid": 39688,
    "index": 28
  },
  {
    "name": "Require(24) node_modules/egg-session/app/extend/application.js",
    "start": 1648462462845,
    "end": 1648462462845,
    "duration": 0,
    "pid": 39688,
    "index": 29
  },
  {
    "name": "Require(25) node_modules/egg-security/app/extend/application.js",
    "start": 1648462462845,
    "end": 1648462462846,
    "duration": 1,
    "pid": 39688,
    "index": 30
  },
  {
    "name": "Require(26) node_modules/egg-jsonp/app/extend/application.js",
    "start": 1648462462846,
    "end": 1648462462847,
    "duration": 1,
    "pid": 39688,
    "index": 31
  },
  {
    "name": "Require(27) node_modules/egg-logrotator/app/extend/application.js",
    "start": 1648462462848,
    "end": 1648462462849,
    "duration": 1,
    "pid": 39688,
    "index": 32
  },
  {
    "name": "Require(28) node_modules/egg-view/app/extend/application.js",
    "start": 1648462462849,
    "end": 1648462462850,
    "duration": 1,
    "pid": 39688,
    "index": 33
  },
  {
    "name": "Require(29) app/extend/application.js",
    "start": 1648462462850,
    "end": 1648462462879,
    "duration": 29,
    "pid": 39688,
    "index": 34
  },
  {
    "name": "Load extend/request.js",
    "start": 1648462462880,
    "end": 1648462462883,
    "duration": 3,
    "pid": 39688,
    "index": 35
  },
  {
    "name": "Require(30) node_modules/egg/app/extend/request.js",
    "start": 1648462462882,
    "end": 1648462462882,
    "duration": 0,
    "pid": 39688,
    "index": 36
  },
  {
    "name": "Load extend/response.js",
    "start": 1648462462883,
    "end": 1648462462887,
    "duration": 4,
    "pid": 39688,
    "index": 37
  },
  {
    "name": "Require(31) node_modules/egg/app/extend/response.js",
    "start": 1648462462885,
    "end": 1648462462885,
    "duration": 0,
    "pid": 39688,
    "index": 38
  },
  {
    "name": "Load extend/context.js",
    "start": 1648462462887,
    "end": 1648462462925,
    "duration": 38,
    "pid": 39688,
    "index": 39
  },
  {
    "name": "Require(32) node_modules/egg-security/app/extend/context.js",
    "start": 1648462462887,
    "end": 1648462462891,
    "duration": 4,
    "pid": 39688,
    "index": 40
  },
  {
    "name": "Require(33) node_modules/egg-jsonp/app/extend/context.js",
    "start": 1648462462892,
    "end": 1648462462892,
    "duration": 0,
    "pid": 39688,
    "index": 41
  },
  {
    "name": "Require(34) node_modules/egg-i18n/app/extend/context.js",
    "start": 1648462462893,
    "end": 1648462462893,
    "duration": 0,
    "pid": 39688,
    "index": 42
  },
  {
    "name": "Require(35) node_modules/egg-multipart/app/extend/context.js",
    "start": 1648462462893,
    "end": 1648462462921,
    "duration": 28,
    "pid": 39688,
    "index": 43
  },
  {
    "name": "Require(36) node_modules/egg-view/app/extend/context.js",
    "start": 1648462462921,
    "end": 1648462462922,
    "duration": 1,
    "pid": 39688,
    "index": 44
  },
  {
    "name": "Require(37) node_modules/egg-mongoose/app/extend/context.js",
    "start": 1648462462922,
    "end": 1648462462922,
    "duration": 0,
    "pid": 39688,
    "index": 45
  },
  {
    "name": "Require(38) node_modules/egg-validate/app/extend/context.js",
    "start": 1648462462922,
    "end": 1648462462922,
    "duration": 0,
    "pid": 39688,
    "index": 46
  },
  {
    "name": "Require(39) node_modules/egg/app/extend/context.js",
    "start": 1648462462923,
    "end": 1648462462923,
    "duration": 0,
    "pid": 39688,
    "index": 47
  },
  {
    "name": "Load extend/helper.js",
    "start": 1648462462925,
    "end": 1648462462937,
    "duration": 12,
    "pid": 39688,
    "index": 48
  },
  {
    "name": "Require(40) node_modules/egg-security/app/extend/helper.js",
    "start": 1648462462925,
    "end": 1648462462933,
    "duration": 8,
    "pid": 39688,
    "index": 49
  },
  {
    "name": "Require(41) node_modules/egg/app/extend/helper.js",
    "start": 1648462462935,
    "end": 1648462462935,
    "duration": 0,
    "pid": 39688,
    "index": 50
  },
  {
    "name": "Require(42) app/extend/helper.js",
    "start": 1648462462935,
    "end": 1648462462935,
    "duration": 0,
    "pid": 39688,
    "index": 51
  },
  {
    "name": "Load app.js",
    "start": 1648462462937,
    "end": 1648462462959,
    "duration": 22,
    "pid": 39688,
    "index": 52
  },
  {
    "name": "Require(43) node_modules/egg-session/app.js",
    "start": 1648462462937,
    "end": 1648462462937,
    "duration": 0,
    "pid": 39688,
    "index": 53
  },
  {
    "name": "Require(44) node_modules/egg-security/app.js",
    "start": 1648462462937,
    "end": 1648462462938,
    "duration": 1,
    "pid": 39688,
    "index": 54
  },
  {
    "name": "Require(45) node_modules/egg-onerror/app.js",
    "start": 1648462462938,
    "end": 1648462462942,
    "duration": 4,
    "pid": 39688,
    "index": 55
  },
  {
    "name": "Require(46) node_modules/egg-i18n/app.js",
    "start": 1648462462942,
    "end": 1648462462953,
    "duration": 11,
    "pid": 39688,
    "index": 56
  },
  {
    "name": "Require(47) node_modules/egg-watcher/app.js",
    "start": 1648462462953,
    "end": 1648462462954,
    "duration": 1,
    "pid": 39688,
    "index": 57
  },
  {
    "name": "Require(48) node_modules/egg-schedule/app.js",
    "start": 1648462462955,
    "end": 1648462462955,
    "duration": 0,
    "pid": 39688,
    "index": 58
  },
  {
    "name": "Require(49) node_modules/egg-multipart/app.js",
    "start": 1648462462956,
    "end": 1648462462956,
    "duration": 0,
    "pid": 39688,
    "index": 59
  },
  {
    "name": "Require(50) node_modules/egg-development/app.js",
    "start": 1648462462956,
    "end": 1648462462956,
    "duration": 0,
    "pid": 39688,
    "index": 60
  },
  {
    "name": "Require(51) node_modules/egg-logrotator/app.js",
    "start": 1648462462956,
    "end": 1648462462957,
    "duration": 1,
    "pid": 39688,
    "index": 61
  },
  {
    "name": "Require(52) node_modules/egg-static/app.js",
    "start": 1648462462957,
    "end": 1648462462957,
    "duration": 0,
    "pid": 39688,
    "index": 62
  },
  {
    "name": "Require(53) node_modules/egg-mongoose/app.js",
    "start": 1648462462957,
    "end": 1648462462957,
    "duration": 0,
    "pid": 39688,
    "index": 63
  },
  {
    "name": "Require(54) node_modules/egg-validate/app.js",
    "start": 1648462462957,
    "end": 1648462462958,
    "duration": 1,
    "pid": 39688,
    "index": 64
  },
  {
    "name": "Require(55) node_modules/egg-cors/app.js",
    "start": 1648462462958,
    "end": 1648462462959,
    "duration": 1,
    "pid": 39688,
    "index": 65
  },
  {
    "name": "Before Start in node_modules/egg-watcher/lib/init.js:15:14",
    "start": 1648462462966,
    "end": 1648462463342,
    "duration": 376,
    "pid": 39688,
    "index": 66
  },
  {
    "name": "Before Start in node_modules/egg-mongoose/lib/mongoose.js:104:7",
    "start": 1648462463223,
    "end": 1648462463341,
    "duration": 118,
    "pid": 39688,
    "index": 67
  },
  {
    "name": "Before Start in node_modules/egg-mongoose/lib/mongoose.js:52:9",
    "start": 1648462463223,
    "end": 1648462463331,
    "duration": 108,
    "pid": 39688,
    "index": 68
  },
  {
    "name": "Load Service",
    "start": 1648462463223,
    "end": 1648462463242,
    "duration": 19,
    "pid": 39688,
    "index": 69
  },
  {
    "name": "Load \"service\" to Context",
    "start": 1648462463223,
    "end": 1648462463242,
    "duration": 19,
    "pid": 39688,
    "index": 70
  },
  {
    "name": "Load Middleware",
    "start": 1648462463242,
    "end": 1648462463309,
    "duration": 67,
    "pid": 39688,
    "index": 71
  },
  {
    "name": "Load \"middlewares\" to Application",
    "start": 1648462463243,
    "end": 1648462463303,
    "duration": 60,
    "pid": 39688,
    "index": 72
  },
  {
    "name": "Load Controller",
    "start": 1648462463309,
    "end": 1648462463311,
    "duration": 2,
    "pid": 39688,
    "index": 73
  },
  {
    "name": "Load \"controller\" to Application",
    "start": 1648462463309,
    "end": 1648462463311,
    "duration": 2,
    "pid": 39688,
    "index": 74
  },
  {
    "name": "Load Router",
    "start": 1648462463311,
    "end": 1648462463313,
    "duration": 2,
    "pid": 39688,
    "index": 75
  },
  {
    "name": "Require(56) app/router.js",
    "start": 1648462463312,
    "end": 1648462463312,
    "duration": 0,
    "pid": 39688,
    "index": 76
  },
  {
    "name": "Before Start in node_modules/egg-core/lib/egg.js:303:10",
    "start": 1648462463312,
    "end": 1648462463331,
    "duration": 19,
    "pid": 39688,
    "index": 77
  },
  {
    "name": "Load \"model\" to Application",
    "start": 1648462463319,
    "end": 1648462463330,
    "duration": 11,
    "pid": 39688,
    "index": 78
  }
]