[
  {
    "name": "Process Start",
    "start": 1648524537371,
    "end": 1648524538307,
    "duration": 936,
    "pid": 25032,
    "index": 0
  },
  {
    "name": "Application Start",
    "start": 1648524538307,
    "end": 1648524539063,
    "duration": 756,
    "pid": 25032,
    "index": 1
  },
  {
    "name": "Load Plugin",
    "start": 1648524538311,
    "end": 1648524538328,
    "duration": 17,
    "pid": 25032,
    "index": 2
  },
  {
    "name": "Load Config",
    "start": 1648524538328,
    "end": 1648524538354,
    "duration": 26,
    "pid": 25032,
    "index": 3
  },
  {
    "name": "Require(0) config/config.default.js",
    "start": 1648524538329,
    "end": 1648524538329,
    "duration": 0,
    "pid": 25032,
    "index": 4
  },
  {
    "name": "Require(1) config/config.local.js",
    "start": 1648524538330,
    "end": 1648524538331,
    "duration": 1,
    "pid": 25032,
    "index": 5
  },
  {
    "name": "Require(2) node_modules/egg-session/config/config.default.js",
    "start": 1648524538331,
    "end": 1648524538332,
    "duration": 1,
    "pid": 25032,
    "index": 6
  },
  {
    "name": "Require(3) node_modules/egg-security/config/config.default.js",
    "start": 1648524538332,
    "end": 1648524538332,
    "duration": 0,
    "pid": 25032,
    "index": 7
  },
  {
    "name": "Require(4) node_modules/egg-jsonp/config/config.default.js",
    "start": 1648524538333,
    "end": 1648524538333,
    "duration": 0,
    "pid": 25032,
    "index": 8
  },
  {
    "name": "Require(5) node_modules/egg-onerror/config/config.default.js",
    "start": 1648524538334,
    "end": 1648524538334,
    "duration": 0,
    "pid": 25032,
    "index": 9
  },
  {
    "name": "Require(6) node_modules/egg-i18n/config/config.default.js",
    "start": 1648524538334,
    "end": 1648524538335,
    "duration": 1,
    "pid": 25032,
    "index": 10
  },
  {
    "name": "Require(7) node_modules/egg-watcher/config/config.default.js",
    "start": 1648524538335,
    "end": 1648524538336,
    "duration": 1,
    "pid": 25032,
    "index": 11
  },
  {
    "name": "Require(8) node_modules/egg-schedule/config/config.default.js",
    "start": 1648524538336,
    "end": 1648524538336,
    "duration": 0,
    "pid": 25032,
    "index": 12
  },
  {
    "name": "Require(9) node_modules/egg-multipart/config/config.default.js",
    "start": 1648524538337,
    "end": 1648524538337,
    "duration": 0,
    "pid": 25032,
    "index": 13
  },
  {
    "name": "Require(10) node_modules/egg-development/config/config.default.js",
    "start": 1648524538338,
    "end": 1648524538338,
    "duration": 0,
    "pid": 25032,
    "index": 14
  },
  {
    "name": "Require(11) node_modules/egg-logrotator/config/config.default.js",
    "start": 1648524538338,
    "end": 1648524538338,
    "duration": 0,
    "pid": 25032,
    "index": 15
  },
  {
    "name": "Require(12) node_modules/egg-static/config/config.default.js",
    "start": 1648524538339,
    "end": 1648524538339,
    "duration": 0,
    "pid": 25032,
    "index": 16
  },
  {
    "name": "Require(13) node_modules/egg-view/config/config.default.js",
    "start": 1648524538339,
    "end": 1648524538340,
    "duration": 1,
    "pid": 25032,
    "index": 17
  },
  {
    "name": "Require(14) node_modules/egg-mongoose/config/config.default.js",
    "start": 1648524538340,
    "end": 1648524538340,
    "duration": 0,
    "pid": 25032,
    "index": 18
  },
  {
    "name": "Require(15) node_modules/egg-validate/config/config.default.js",
    "start": 1648524538341,
    "end": 1648524538341,
    "duration": 0,
    "pid": 25032,
    "index": 19
  },
  {
    "name": "Require(16) node_modules/egg-cors/config/config.default.js",
    "start": 1648524538341,
    "end": 1648524538342,
    "duration": 1,
    "pid": 25032,
    "index": 20
  },
  {
    "name": "Require(17) node_modules/egg/config/config.default.js",
    "start": 1648524538342,
    "end": 1648524538343,
    "duration": 1,
    "pid": 25032,
    "index": 21
  },
  {
    "name": "Require(18) config/config.default.js",
    "start": 1648524538344,
    "end": 1648524538344,
    "duration": 0,
    "pid": 25032,
    "index": 22
  },
  {
    "name": "Require(19) node_modules/egg-security/config/config.local.js",
    "start": 1648524538344,
    "end": 1648524538346,
    "duration": 2,
    "pid": 25032,
    "index": 23
  },
  {
    "name": "Require(20) node_modules/egg-watcher/config/config.local.js",
    "start": 1648524538347,
    "end": 1648524538347,
    "duration": 0,
    "pid": 25032,
    "index": 24
  },
  {
    "name": "Require(21) node_modules/egg-view/config/config.local.js",
    "start": 1648524538348,
    "end": 1648524538349,
    "duration": 1,
    "pid": 25032,
    "index": 25
  },
  {
    "name": "Require(22) node_modules/egg/config/config.local.js",
    "start": 1648524538353,
    "end": 1648524538354,
    "duration": 1,
    "pid": 25032,
    "index": 26
  },
  {
    "name": "Require(23) config/config.local.js",
    "start": 1648524538354,
    "end": 1648524538354,
    "duration": 0,
    "pid": 25032,
    "index": 27
  },
  {
    "name": "Load extend/application.js",
    "start": 1648524538355,
    "end": 1648524538401,
    "duration": 46,
    "pid": 25032,
    "index": 28
  },
  {
    "name": "Require(24) node_modules/egg-session/app/extend/application.js",
    "start": 1648524538355,
    "end": 1648524538355,
    "duration": 0,
    "pid": 25032,
    "index": 29
  },
  {
    "name": "Require(25) node_modules/egg-security/app/extend/application.js",
    "start": 1648524538356,
    "end": 1648524538357,
    "duration": 1,
    "pid": 25032,
    "index": 30
  },
  {
    "name": "Require(26) node_modules/egg-jsonp/app/extend/application.js",
    "start": 1648524538357,
    "end": 1648524538358,
    "duration": 1,
    "pid": 25032,
    "index": 31
  },
  {
    "name": "Require(27) node_modules/egg-logrotator/app/extend/application.js",
    "start": 1648524538360,
    "end": 1648524538361,
    "duration": 1,
    "pid": 25032,
    "index": 32
  },
  {
    "name": "Require(28) node_modules/egg-view/app/extend/application.js",
    "start": 1648524538361,
    "end": 1648524538362,
    "duration": 1,
    "pid": 25032,
    "index": 33
  },
  {
    "name": "Require(29) app/extend/application.js",
    "start": 1648524538363,
    "end": 1648524538399,
    "duration": 36,
    "pid": 25032,
    "index": 34
  },
  {
    "name": "Load extend/request.js",
    "start": 1648524538401,
    "end": 1648524538406,
    "duration": 5,
    "pid": 25032,
    "index": 35
  },
  {
    "name": "Require(30) node_modules/egg/app/extend/request.js",
    "start": 1648524538403,
    "end": 1648524538404,
    "duration": 1,
    "pid": 25032,
    "index": 36
  },
  {
    "name": "Load extend/response.js",
    "start": 1648524538406,
    "end": 1648524538412,
    "duration": 6,
    "pid": 25032,
    "index": 37
  },
  {
    "name": "Require(31) node_modules/egg/app/extend/response.js",
    "start": 1648524538409,
    "end": 1648524538410,
    "duration": 1,
    "pid": 25032,
    "index": 38
  },
  {
    "name": "Load extend/context.js",
    "start": 1648524538413,
    "end": 1648524538472,
    "duration": 59,
    "pid": 25032,
    "index": 39
  },
  {
    "name": "Require(32) node_modules/egg-security/app/extend/context.js",
    "start": 1648524538413,
    "end": 1648524538422,
    "duration": 9,
    "pid": 25032,
    "index": 40
  },
  {
    "name": "Require(33) node_modules/egg-jsonp/app/extend/context.js",
    "start": 1648524538422,
    "end": 1648524538423,
    "duration": 1,
    "pid": 25032,
    "index": 41
  },
  {
    "name": "Require(34) node_modules/egg-i18n/app/extend/context.js",
    "start": 1648524538424,
    "end": 1648524538424,
    "duration": 0,
    "pid": 25032,
    "index": 42
  },
  {
    "name": "Require(35) node_modules/egg-multipart/app/extend/context.js",
    "start": 1648524538425,
    "end": 1648524538467,
    "duration": 42,
    "pid": 25032,
    "index": 43
  },
  {
    "name": "Require(36) node_modules/egg-view/app/extend/context.js",
    "start": 1648524538467,
    "end": 1648524538468,
    "duration": 1,
    "pid": 25032,
    "index": 44
  },
  {
    "name": "Require(37) node_modules/egg-mongoose/app/extend/context.js",
    "start": 1648524538468,
    "end": 1648524538469,
    "duration": 1,
    "pid": 25032,
    "index": 45
  },
  {
    "name": "Require(38) node_modules/egg-validate/app/extend/context.js",
    "start": 1648524538469,
    "end": 1648524538469,
    "duration": 0,
    "pid": 25032,
    "index": 46
  },
  {
    "name": "Require(39) node_modules/egg/app/extend/context.js",
    "start": 1648524538469,
    "end": 1648524538470,
    "duration": 1,
    "pid": 25032,
    "index": 47
  },
  {
    "name": "Load extend/helper.js",
    "start": 1648524538472,
    "end": 1648524538487,
    "duration": 15,
    "pid": 25032,
    "index": 48
  },
  {
    "name": "Require(40) node_modules/egg-security/app/extend/helper.js",
    "start": 1648524538472,
    "end": 1648524538483,
    "duration": 11,
    "pid": 25032,
    "index": 49
  },
  {
    "name": "Require(41) node_modules/egg/app/extend/helper.js",
    "start": 1648524538485,
    "end": 1648524538485,
    "duration": 0,
    "pid": 25032,
    "index": 50
  },
  {
    "name": "Require(42) app/extend/helper.js",
    "start": 1648524538485,
    "end": 1648524538486,
    "duration": 1,
    "pid": 25032,
    "index": 51
  },
  {
    "name": "Load app.js",
    "start": 1648524538488,
    "end": 1648524538521,
    "duration": 33,
    "pid": 25032,
    "index": 52
  },
  {
    "name": "Require(43) node_modules/egg-session/app.js",
    "start": 1648524538488,
    "end": 1648524538488,
    "duration": 0,
    "pid": 25032,
    "index": 53
  },
  {
    "name": "Require(44) node_modules/egg-security/app.js",
    "start": 1648524538488,
    "end": 1648524538489,
    "duration": 1,
    "pid": 25032,
    "index": 54
  },
  {
    "name": "Require(45) node_modules/egg-onerror/app.js",
    "start": 1648524538490,
    "end": 1648524538494,
    "duration": 4,
    "pid": 25032,
    "index": 55
  },
  {
    "name": "Require(46) node_modules/egg-i18n/app.js",
    "start": 1648524538495,
    "end": 1648524538509,
    "duration": 14,
    "pid": 25032,
    "index": 56
  },
  {
    "name": "Require(47) node_modules/egg-watcher/app.js",
    "start": 1648524538509,
    "end": 1648524538512,
    "duration": 3,
    "pid": 25032,
    "index": 57
  },
  {
    "name": "Require(48) node_modules/egg-schedule/app.js",
    "start": 1648524538512,
    "end": 1648524538513,
    "duration": 1,
    "pid": 25032,
    "index": 58
  },
  {
    "name": "Require(49) node_modules/egg-multipart/app.js",
    "start": 1648524538514,
    "end": 1648524538514,
    "duration": 0,
    "pid": 25032,
    "index": 59
  },
  {
    "name": "Require(50) node_modules/egg-development/app.js",
    "start": 1648524538515,
    "end": 1648524538515,
    "duration": 0,
    "pid": 25032,
    "index": 60
  },
  {
    "name": "Require(51) node_modules/egg-logrotator/app.js",
    "start": 1648524538515,
    "end": 1648524538516,
    "duration": 1,
    "pid": 25032,
    "index": 61
  },
  {
    "name": "Require(52) node_modules/egg-static/app.js",
    "start": 1648524538516,
    "end": 1648524538516,
    "duration": 0,
    "pid": 25032,
    "index": 62
  },
  {
    "name": "Require(53) node_modules/egg-mongoose/app.js",
    "start": 1648524538517,
    "end": 1648524538517,
    "duration": 0,
    "pid": 25032,
    "index": 63
  },
  {
    "name": "Require(54) node_modules/egg-validate/app.js",
    "start": 1648524538518,
    "end": 1648524538519,
    "duration": 1,
    "pid": 25032,
    "index": 64
  },
  {
    "name": "Require(55) node_modules/egg-cors/app.js",
    "start": 1648524538520,
    "end": 1648524538520,
    "duration": 0,
    "pid": 25032,
    "index": 65
  },
  {
    "name": "Before Start in node_modules/egg-watcher/lib/init.js:15:14",
    "start": 1648524538533,
    "end": 1648524539062,
    "duration": 529,
    "pid": 25032,
    "index": 66
  },
  {
    "name": "Before Start in node_modules/egg-mongoose/lib/mongoose.js:104:7",
    "start": 1648524538905,
    "end": 1648524539060,
    "duration": 155,
    "pid": 25032,
    "index": 67
  },
  {
    "name": "Before Start in node_modules/egg-mongoose/lib/mongoose.js:52:9",
    "start": 1648524538905,
    "end": 1648524539047,
    "duration": 142,
    "pid": 25032,
    "index": 68
  },
  {
    "name": "Load Service",
    "start": 1648524538905,
    "end": 1648524538932,
    "duration": 27,
    "pid": 25032,
    "index": 69
  },
  {
    "name": "Load \"service\" to Context",
    "start": 1648524538905,
    "end": 1648524538932,
    "duration": 27,
    "pid": 25032,
    "index": 70
  },
  {
    "name": "Load Middleware",
    "start": 1648524538933,
    "end": 1648524539019,
    "duration": 86,
    "pid": 25032,
    "index": 71
  },
  {
    "name": "Load \"middlewares\" to Application",
    "start": 1648524538933,
    "end": 1648524539010,
    "duration": 77,
    "pid": 25032,
    "index": 72
  },
  {
    "name": "Load Controller",
    "start": 1648524539019,
    "end": 1648524539022,
    "duration": 3,
    "pid": 25032,
    "index": 73
  },
  {
    "name": "Load \"controller\" to Application",
    "start": 1648524539019,
    "end": 1648524539022,
    "duration": 3,
    "pid": 25032,
    "index": 74
  },
  {
    "name": "Load Router",
    "start": 1648524539022,
    "end": 1648524539024,
    "duration": 2,
    "pid": 25032,
    "index": 75
  },
  {
    "name": "Require(56) app/router.js",
    "start": 1648524539022,
    "end": 1648524539022,
    "duration": 0,
    "pid": 25032,
    "index": 76
  },
  {
    "name": "Before Start in node_modules/egg-core/lib/egg.js:303:10",
    "start": 1648524539023,
    "end": 1648524539047,
    "duration": 24,
    "pid": 25032,
    "index": 77
  },
  {
    "name": "Load \"model\" to Application",
    "start": 1648524539031,
    "end": 1648524539047,
    "duration": 16,
    "pid": 25032,
    "index": 78
  }
]