[
  {
    "name": "Process Start",
    "start": 1648457248247,
    "end": 1648457249044,
    "duration": 797,
    "pid": 42464,
    "index": 0
  },
  {
    "name": "Application Start",
    "start": 1648457249045,
    "end": 1648457249577,
    "duration": 532,
    "pid": 42464,
    "index": 1
  },
  {
    "name": "Load Plugin",
    "start": 1648457249048,
    "end": 1648457249059,
    "duration": 11,
    "pid": 42464,
    "index": 2
  },
  {
    "name": "Load Config",
    "start": 1648457249059,
    "end": 1648457249073,
    "duration": 14,
    "pid": 42464,
    "index": 3
  },
  {
    "name": "Require(0) config/config.default.js",
    "start": 1648457249060,
    "end": 1648457249060,
    "duration": 0,
    "pid": 42464,
    "index": 4
  },
  {
    "name": "Require(1) node_modules/egg-session/config/config.default.js",
    "start": 1648457249061,
    "end": 1648457249061,
    "duration": 0,
    "pid": 42464,
    "index": 5
  },
  {
    "name": "Require(2) node_modules/egg-security/config/config.default.js",
    "start": 1648457249061,
    "end": 1648457249061,
    "duration": 0,
    "pid": 42464,
    "index": 6
  },
  {
    "name": "Require(3) node_modules/egg-jsonp/config/config.default.js",
    "start": 1648457249062,
    "end": 1648457249062,
    "duration": 0,
    "pid": 42464,
    "index": 7
  },
  {
    "name": "Require(4) node_modules/egg-onerror/config/config.default.js",
    "start": 1648457249062,
    "end": 1648457249063,
    "duration": 1,
    "pid": 42464,
    "index": 8
  },
  {
    "name": "Require(5) node_modules/egg-i18n/config/config.default.js",
    "start": 1648457249063,
    "end": 1648457249063,
    "duration": 0,
    "pid": 42464,
    "index": 9
  },
  {
    "name": "Require(6) node_modules/egg-watcher/config/config.default.js",
    "start": 1648457249064,
    "end": 1648457249064,
    "duration": 0,
    "pid": 42464,
    "index": 10
  },
  {
    "name": "Require(7) node_modules/egg-schedule/config/config.default.js",
    "start": 1648457249064,
    "end": 1648457249064,
    "duration": 0,
    "pid": 42464,
    "index": 11
  },
  {
    "name": "Require(8) node_modules/egg-multipart/config/config.default.js",
    "start": 1648457249065,
    "end": 1648457249065,
    "duration": 0,
    "pid": 42464,
    "index": 12
  },
  {
    "name": "Require(9) node_modules/egg-development/config/config.default.js",
    "start": 1648457249065,
    "end": 1648457249066,
    "duration": 1,
    "pid": 42464,
    "index": 13
  },
  {
    "name": "Require(10) node_modules/egg-logrotator/config/config.default.js",
    "start": 1648457249066,
    "end": 1648457249066,
    "duration": 0,
    "pid": 42464,
    "index": 14
  },
  {
    "name": "Require(11) node_modules/egg-static/config/config.default.js",
    "start": 1648457249066,
    "end": 1648457249067,
    "duration": 1,
    "pid": 42464,
    "index": 15
  },
  {
    "name": "Require(12) node_modules/egg-view/config/config.default.js",
    "start": 1648457249067,
    "end": 1648457249067,
    "duration": 0,
    "pid": 42464,
    "index": 16
  },
  {
    "name": "Require(13) node_modules/egg-mongoose/config/config.default.js",
    "start": 1648457249067,
    "end": 1648457249068,
    "duration": 1,
    "pid": 42464,
    "index": 17
  },
  {
    "name": "Require(14) node_modules/egg-validate/config/config.default.js",
    "start": 1648457249068,
    "end": 1648457249068,
    "duration": 0,
    "pid": 42464,
    "index": 18
  },
  {
    "name": "Require(15) node_modules/egg-cors/config/config.default.js",
    "start": 1648457249068,
    "end": 1648457249069,
    "duration": 1,
    "pid": 42464,
    "index": 19
  },
  {
    "name": "Require(16) node_modules/egg/config/config.default.js",
    "start": 1648457249069,
    "end": 1648457249069,
    "duration": 0,
    "pid": 42464,
    "index": 20
  },
  {
    "name": "Require(17) config/config.default.js",
    "start": 1648457249070,
    "end": 1648457249070,
    "duration": 0,
    "pid": 42464,
    "index": 21
  },
  {
    "name": "Require(18) node_modules/egg-security/config/config.local.js",
    "start": 1648457249070,
    "end": 1648457249070,
    "duration": 0,
    "pid": 42464,
    "index": 22
  },
  {
    "name": "Require(19) node_modules/egg-watcher/config/config.local.js",
    "start": 1648457249072,
    "end": 1648457249072,
    "duration": 0,
    "pid": 42464,
    "index": 23
  },
  {
    "name": "Require(20) node_modules/egg-view/config/config.local.js",
    "start": 1648457249072,
    "end": 1648457249073,
    "duration": 1,
    "pid": 42464,
    "index": 24
  },
  {
    "name": "Require(21) node_modules/egg/config/config.local.js",
    "start": 1648457249073,
    "end": 1648457249073,
    "duration": 0,
    "pid": 42464,
    "index": 25
  },
  {
    "name": "Load extend/application.js",
    "start": 1648457249074,
    "end": 1648457249111,
    "duration": 37,
    "pid": 42464,
    "index": 26
  },
  {
    "name": "Require(22) node_modules/egg-session/app/extend/application.js",
    "start": 1648457249074,
    "end": 1648457249075,
    "duration": 1,
    "pid": 42464,
    "index": 27
  },
  {
    "name": "Require(23) node_modules/egg-security/app/extend/application.js",
    "start": 1648457249075,
    "end": 1648457249075,
    "duration": 0,
    "pid": 42464,
    "index": 28
  },
  {
    "name": "Require(24) node_modules/egg-jsonp/app/extend/application.js",
    "start": 1648457249076,
    "end": 1648457249076,
    "duration": 0,
    "pid": 42464,
    "index": 29
  },
  {
    "name": "Require(25) node_modules/egg-logrotator/app/extend/application.js",
    "start": 1648457249077,
    "end": 1648457249078,
    "duration": 1,
    "pid": 42464,
    "index": 30
  },
  {
    "name": "Require(26) node_modules/egg-view/app/extend/application.js",
    "start": 1648457249078,
    "end": 1648457249079,
    "duration": 1,
    "pid": 42464,
    "index": 31
  },
  {
    "name": "Require(27) app/extend/application.js",
    "start": 1648457249080,
    "end": 1648457249109,
    "duration": 29,
    "pid": 42464,
    "index": 32
  },
  {
    "name": "Load extend/request.js",
    "start": 1648457249111,
    "end": 1648457249115,
    "duration": 4,
    "pid": 42464,
    "index": 33
  },
  {
    "name": "Require(28) node_modules/egg/app/extend/request.js",
    "start": 1648457249112,
    "end": 1648457249113,
    "duration": 1,
    "pid": 42464,
    "index": 34
  },
  {
    "name": "Load extend/response.js",
    "start": 1648457249115,
    "end": 1648457249119,
    "duration": 4,
    "pid": 42464,
    "index": 35
  },
  {
    "name": "Require(29) node_modules/egg/app/extend/response.js",
    "start": 1648457249116,
    "end": 1648457249117,
    "duration": 1,
    "pid": 42464,
    "index": 36
  },
  {
    "name": "Load extend/context.js",
    "start": 1648457249119,
    "end": 1648457249156,
    "duration": 37,
    "pid": 42464,
    "index": 37
  },
  {
    "name": "Require(30) node_modules/egg-security/app/extend/context.js",
    "start": 1648457249119,
    "end": 1648457249123,
    "duration": 4,
    "pid": 42464,
    "index": 38
  },
  {
    "name": "Require(31) node_modules/egg-jsonp/app/extend/context.js",
    "start": 1648457249123,
    "end": 1648457249124,
    "duration": 1,
    "pid": 42464,
    "index": 39
  },
  {
    "name": "Require(32) node_modules/egg-i18n/app/extend/context.js",
    "start": 1648457249124,
    "end": 1648457249124,
    "duration": 0,
    "pid": 42464,
    "index": 40
  },
  {
    "name": "Require(33) node_modules/egg-multipart/app/extend/context.js",
    "start": 1648457249125,
    "end": 1648457249152,
    "duration": 27,
    "pid": 42464,
    "index": 41
  },
  {
    "name": "Require(34) node_modules/egg-view/app/extend/context.js",
    "start": 1648457249152,
    "end": 1648457249153,
    "duration": 1,
    "pid": 42464,
    "index": 42
  },
  {
    "name": "Require(35) node_modules/egg-mongoose/app/extend/context.js",
    "start": 1648457249153,
    "end": 1648457249153,
    "duration": 0,
    "pid": 42464,
    "index": 43
  },
  {
    "name": "Require(36) node_modules/egg-validate/app/extend/context.js",
    "start": 1648457249154,
    "end": 1648457249154,
    "duration": 0,
    "pid": 42464,
    "index": 44
  },
  {
    "name": "Require(37) node_modules/egg/app/extend/context.js",
    "start": 1648457249154,
    "end": 1648457249154,
    "duration": 0,
    "pid": 42464,
    "index": 45
  },
  {
    "name": "Load extend/helper.js",
    "start": 1648457249156,
    "end": 1648457249168,
    "duration": 12,
    "pid": 42464,
    "index": 46
  },
  {
    "name": "Require(38) node_modules/egg-security/app/extend/helper.js",
    "start": 1648457249156,
    "end": 1648457249165,
    "duration": 9,
    "pid": 42464,
    "index": 47
  },
  {
    "name": "Require(39) node_modules/egg/app/extend/helper.js",
    "start": 1648457249166,
    "end": 1648457249166,
    "duration": 0,
    "pid": 42464,
    "index": 48
  },
  {
    "name": "Require(40) app/extend/helper.js",
    "start": 1648457249166,
    "end": 1648457249167,
    "duration": 1,
    "pid": 42464,
    "index": 49
  },
  {
    "name": "Load app.js",
    "start": 1648457249168,
    "end": 1648457249190,
    "duration": 22,
    "pid": 42464,
    "index": 50
  },
  {
    "name": "Require(41) node_modules/egg-session/app.js",
    "start": 1648457249168,
    "end": 1648457249168,
    "duration": 0,
    "pid": 42464,
    "index": 51
  },
  {
    "name": "Require(42) node_modules/egg-security/app.js",
    "start": 1648457249169,
    "end": 1648457249169,
    "duration": 0,
    "pid": 42464,
    "index": 52
  },
  {
    "name": "Require(43) node_modules/egg-onerror/app.js",
    "start": 1648457249170,
    "end": 1648457249174,
    "duration": 4,
    "pid": 42464,
    "index": 53
  },
  {
    "name": "Require(44) node_modules/egg-i18n/app.js",
    "start": 1648457249174,
    "end": 1648457249183,
    "duration": 9,
    "pid": 42464,
    "index": 54
  },
  {
    "name": "Require(45) node_modules/egg-watcher/app.js",
    "start": 1648457249183,
    "end": 1648457249185,
    "duration": 2,
    "pid": 42464,
    "index": 55
  },
  {
    "name": "Require(46) node_modules/egg-schedule/app.js",
    "start": 1648457249185,
    "end": 1648457249186,
    "duration": 1,
    "pid": 42464,
    "index": 56
  },
  {
    "name": "Require(47) node_modules/egg-multipart/app.js",
    "start": 1648457249186,
    "end": 1648457249186,
    "duration": 0,
    "pid": 42464,
    "index": 57
  },
  {
    "name": "Require(48) node_modules/egg-development/app.js",
    "start": 1648457249186,
    "end": 1648457249186,
    "duration": 0,
    "pid": 42464,
    "index": 58
  },
  {
    "name": "Require(49) node_modules/egg-logrotator/app.js",
    "start": 1648457249187,
    "end": 1648457249187,
    "duration": 0,
    "pid": 42464,
    "index": 59
  },
  {
    "name": "Require(50) node_modules/egg-static/app.js",
    "start": 1648457249187,
    "end": 1648457249187,
    "duration": 0,
    "pid": 42464,
    "index": 60
  },
  {
    "name": "Require(51) node_modules/egg-mongoose/app.js",
    "start": 1648457249187,
    "end": 1648457249188,
    "duration": 1,
    "pid": 42464,
    "index": 61
  },
  {
    "name": "Require(52) node_modules/egg-validate/app.js",
    "start": 1648457249188,
    "end": 1648457249189,
    "duration": 1,
    "pid": 42464,
    "index": 62
  },
  {
    "name": "Require(53) node_modules/egg-cors/app.js",
    "start": 1648457249189,
    "end": 1648457249189,
    "duration": 0,
    "pid": 42464,
    "index": 63
  },
  {
    "name": "Before Start in node_modules/egg-watcher/lib/init.js:15:14",
    "start": 1648457249196,
    "end": 1648457249577,
    "duration": 381,
    "pid": 42464,
    "index": 64
  },
  {
    "name": "Before Start in node_modules/egg-mongoose/lib/mongoose.js:104:7",
    "start": 1648457249454,
    "end": 1648457249576,
    "duration": 122,
    "pid": 42464,
    "index": 65
  },
  {
    "name": "Before Start in node_modules/egg-mongoose/lib/mongoose.js:52:9",
    "start": 1648457249454,
    "end": 1648457249565,
    "duration": 111,
    "pid": 42464,
    "index": 66
  },
  {
    "name": "Load Service",
    "start": 1648457249455,
    "end": 1648457249475,
    "duration": 20,
    "pid": 42464,
    "index": 67
  },
  {
    "name": "Load \"service\" to Context",
    "start": 1648457249455,
    "end": 1648457249475,
    "duration": 20,
    "pid": 42464,
    "index": 68
  },
  {
    "name": "Load Middleware",
    "start": 1648457249475,
    "end": 1648457249540,
    "duration": 65,
    "pid": 42464,
    "index": 69
  },
  {
    "name": "Load \"middlewares\" to Application",
    "start": 1648457249475,
    "end": 1648457249533,
    "duration": 58,
    "pid": 42464,
    "index": 70
  },
  {
    "name": "Load Controller",
    "start": 1648457249540,
    "end": 1648457249543,
    "duration": 3,
    "pid": 42464,
    "index": 71
  },
  {
    "name": "Load \"controller\" to Application",
    "start": 1648457249540,
    "end": 1648457249543,
    "duration": 3,
    "pid": 42464,
    "index": 72
  },
  {
    "name": "Load Router",
    "start": 1648457249543,
    "end": 1648457249545,
    "duration": 2,
    "pid": 42464,
    "index": 73
  },
  {
    "name": "Require(54) app/router.js",
    "start": 1648457249543,
    "end": 1648457249544,
    "duration": 1,
    "pid": 42464,
    "index": 74
  },
  {
    "name": "Before Start in node_modules/egg-core/lib/egg.js:303:10",
    "start": 1648457249544,
    "end": 1648457249565,
    "duration": 21,
    "pid": 42464,
    "index": 75
  },
  {
    "name": "Load \"model\" to Application",
    "start": 1648457249552,
    "end": 1648457249564,
    "duration": 12,
    "pid": 42464,
    "index": 76
  }
]