[
  {
    "name": "Process Start",
    "start": 1648460198489,
    "end": 1648460199193,
    "duration": 704,
    "pid": 18596,
    "index": 0
  },
  {
    "name": "Application Start",
    "start": 1648460199193,
    "end": 1648460199741,
    "duration": 548,
    "pid": 18596,
    "index": 1
  },
  {
    "name": "Load Plugin",
    "start": 1648460199196,
    "end": 1648460199207,
    "duration": 11,
    "pid": 18596,
    "index": 2
  },
  {
    "name": "Load Config",
    "start": 1648460199207,
    "end": 1648460199224,
    "duration": 17,
    "pid": 18596,
    "index": 3
  },
  {
    "name": "Require(0) config/config.default.js",
    "start": 1648460199208,
    "end": 1648460199208,
    "duration": 0,
    "pid": 18596,
    "index": 4
  },
  {
    "name": "Require(1) config/config.local.js",
    "start": 1648460199209,
    "end": 1648460199209,
    "duration": 0,
    "pid": 18596,
    "index": 5
  },
  {
    "name": "Require(2) node_modules/egg-session/config/config.default.js",
    "start": 1648460199209,
    "end": 1648460199210,
    "duration": 1,
    "pid": 18596,
    "index": 6
  },
  {
    "name": "Require(3) node_modules/egg-security/config/config.default.js",
    "start": 1648460199210,
    "end": 1648460199210,
    "duration": 0,
    "pid": 18596,
    "index": 7
  },
  {
    "name": "Require(4) node_modules/egg-jsonp/config/config.default.js",
    "start": 1648460199211,
    "end": 1648460199211,
    "duration": 0,
    "pid": 18596,
    "index": 8
  },
  {
    "name": "Require(5) node_modules/egg-onerror/config/config.default.js",
    "start": 1648460199211,
    "end": 1648460199212,
    "duration": 1,
    "pid": 18596,
    "index": 9
  },
  {
    "name": "Require(6) node_modules/egg-i18n/config/config.default.js",
    "start": 1648460199212,
    "end": 1648460199212,
    "duration": 0,
    "pid": 18596,
    "index": 10
  },
  {
    "name": "Require(7) node_modules/egg-watcher/config/config.default.js",
    "start": 1648460199213,
    "end": 1648460199213,
    "duration": 0,
    "pid": 18596,
    "index": 11
  },
  {
    "name": "Require(8) node_modules/egg-schedule/config/config.default.js",
    "start": 1648460199213,
    "end": 1648460199214,
    "duration": 1,
    "pid": 18596,
    "index": 12
  },
  {
    "name": "Require(9) node_modules/egg-multipart/config/config.default.js",
    "start": 1648460199214,
    "end": 1648460199215,
    "duration": 1,
    "pid": 18596,
    "index": 13
  },
  {
    "name": "Require(10) node_modules/egg-development/config/config.default.js",
    "start": 1648460199215,
    "end": 1648460199215,
    "duration": 0,
    "pid": 18596,
    "index": 14
  },
  {
    "name": "Require(11) node_modules/egg-logrotator/config/config.default.js",
    "start": 1648460199215,
    "end": 1648460199216,
    "duration": 1,
    "pid": 18596,
    "index": 15
  },
  {
    "name": "Require(12) node_modules/egg-static/config/config.default.js",
    "start": 1648460199216,
    "end": 1648460199216,
    "duration": 0,
    "pid": 18596,
    "index": 16
  },
  {
    "name": "Require(13) node_modules/egg-view/config/config.default.js",
    "start": 1648460199217,
    "end": 1648460199217,
    "duration": 0,
    "pid": 18596,
    "index": 17
  },
  {
    "name": "Require(14) node_modules/egg-mongoose/config/config.default.js",
    "start": 1648460199217,
    "end": 1648460199218,
    "duration": 1,
    "pid": 18596,
    "index": 18
  },
  {
    "name": "Require(15) node_modules/egg-validate/config/config.default.js",
    "start": 1648460199218,
    "end": 1648460199218,
    "duration": 0,
    "pid": 18596,
    "index": 19
  },
  {
    "name": "Require(16) node_modules/egg-cors/config/config.default.js",
    "start": 1648460199218,
    "end": 1648460199219,
    "duration": 1,
    "pid": 18596,
    "index": 20
  },
  {
    "name": "Require(17) node_modules/egg/config/config.default.js",
    "start": 1648460199219,
    "end": 1648460199219,
    "duration": 0,
    "pid": 18596,
    "index": 21
  },
  {
    "name": "Require(18) config/config.default.js",
    "start": 1648460199220,
    "end": 1648460199220,
    "duration": 0,
    "pid": 18596,
    "index": 22
  },
  {
    "name": "Require(19) node_modules/egg-security/config/config.local.js",
    "start": 1648460199220,
    "end": 1648460199222,
    "duration": 2,
    "pid": 18596,
    "index": 23
  },
  {
    "name": "Require(20) node_modules/egg-watcher/config/config.local.js",
    "start": 1648460199222,
    "end": 1648460199222,
    "duration": 0,
    "pid": 18596,
    "index": 24
  },
  {
    "name": "Require(21) node_modules/egg-view/config/config.local.js",
    "start": 1648460199223,
    "end": 1648460199223,
    "duration": 0,
    "pid": 18596,
    "index": 25
  },
  {
    "name": "Require(22) node_modules/egg/config/config.local.js",
    "start": 1648460199224,
    "end": 1648460199224,
    "duration": 0,
    "pid": 18596,
    "index": 26
  },
  {
    "name": "Require(23) config/config.local.js",
    "start": 1648460199224,
    "end": 1648460199224,
    "duration": 0,
    "pid": 18596,
    "index": 27
  },
  {
    "name": "Load extend/application.js",
    "start": 1648460199225,
    "end": 1648460199265,
    "duration": 40,
    "pid": 18596,
    "index": 28
  },
  {
    "name": "Require(24) node_modules/egg-session/app/extend/application.js",
    "start": 1648460199225,
    "end": 1648460199225,
    "duration": 0,
    "pid": 18596,
    "index": 29
  },
  {
    "name": "Require(25) node_modules/egg-security/app/extend/application.js",
    "start": 1648460199226,
    "end": 1648460199226,
    "duration": 0,
    "pid": 18596,
    "index": 30
  },
  {
    "name": "Require(26) node_modules/egg-jsonp/app/extend/application.js",
    "start": 1648460199227,
    "end": 1648460199227,
    "duration": 0,
    "pid": 18596,
    "index": 31
  },
  {
    "name": "Require(27) node_modules/egg-logrotator/app/extend/application.js",
    "start": 1648460199228,
    "end": 1648460199229,
    "duration": 1,
    "pid": 18596,
    "index": 32
  },
  {
    "name": "Require(28) node_modules/egg-view/app/extend/application.js",
    "start": 1648460199229,
    "end": 1648460199231,
    "duration": 2,
    "pid": 18596,
    "index": 33
  },
  {
    "name": "Require(29) app/extend/application.js",
    "start": 1648460199232,
    "end": 1648460199264,
    "duration": 32,
    "pid": 18596,
    "index": 34
  },
  {
    "name": "Load extend/request.js",
    "start": 1648460199265,
    "end": 1648460199269,
    "duration": 4,
    "pid": 18596,
    "index": 35
  },
  {
    "name": "Require(30) node_modules/egg/app/extend/request.js",
    "start": 1648460199267,
    "end": 1648460199267,
    "duration": 0,
    "pid": 18596,
    "index": 36
  },
  {
    "name": "Load extend/response.js",
    "start": 1648460199269,
    "end": 1648460199272,
    "duration": 3,
    "pid": 18596,
    "index": 37
  },
  {
    "name": "Require(31) node_modules/egg/app/extend/response.js",
    "start": 1648460199270,
    "end": 1648460199271,
    "duration": 1,
    "pid": 18596,
    "index": 38
  },
  {
    "name": "Load extend/context.js",
    "start": 1648460199272,
    "end": 1648460199311,
    "duration": 39,
    "pid": 18596,
    "index": 39
  },
  {
    "name": "Require(32) node_modules/egg-security/app/extend/context.js",
    "start": 1648460199272,
    "end": 1648460199277,
    "duration": 5,
    "pid": 18596,
    "index": 40
  },
  {
    "name": "Require(33) node_modules/egg-jsonp/app/extend/context.js",
    "start": 1648460199277,
    "end": 1648460199278,
    "duration": 1,
    "pid": 18596,
    "index": 41
  },
  {
    "name": "Require(34) node_modules/egg-i18n/app/extend/context.js",
    "start": 1648460199278,
    "end": 1648460199278,
    "duration": 0,
    "pid": 18596,
    "index": 42
  },
  {
    "name": "Require(35) node_modules/egg-multipart/app/extend/context.js",
    "start": 1648460199278,
    "end": 1648460199307,
    "duration": 29,
    "pid": 18596,
    "index": 43
  },
  {
    "name": "Require(36) node_modules/egg-view/app/extend/context.js",
    "start": 1648460199307,
    "end": 1648460199308,
    "duration": 1,
    "pid": 18596,
    "index": 44
  },
  {
    "name": "Require(37) node_modules/egg-mongoose/app/extend/context.js",
    "start": 1648460199308,
    "end": 1648460199308,
    "duration": 0,
    "pid": 18596,
    "index": 45
  },
  {
    "name": "Require(38) node_modules/egg-validate/app/extend/context.js",
    "start": 1648460199308,
    "end": 1648460199309,
    "duration": 1,
    "pid": 18596,
    "index": 46
  },
  {
    "name": "Require(39) node_modules/egg/app/extend/context.js",
    "start": 1648460199309,
    "end": 1648460199309,
    "duration": 0,
    "pid": 18596,
    "index": 47
  },
  {
    "name": "Load extend/helper.js",
    "start": 1648460199311,
    "end": 1648460199323,
    "duration": 12,
    "pid": 18596,
    "index": 48
  },
  {
    "name": "Require(40) node_modules/egg-security/app/extend/helper.js",
    "start": 1648460199311,
    "end": 1648460199319,
    "duration": 8,
    "pid": 18596,
    "index": 49
  },
  {
    "name": "Require(41) node_modules/egg/app/extend/helper.js",
    "start": 1648460199321,
    "end": 1648460199321,
    "duration": 0,
    "pid": 18596,
    "index": 50
  },
  {
    "name": "Require(42) app/extend/helper.js",
    "start": 1648460199321,
    "end": 1648460199321,
    "duration": 0,
    "pid": 18596,
    "index": 51
  },
  {
    "name": "Load app.js",
    "start": 1648460199323,
    "end": 1648460199345,
    "duration": 22,
    "pid": 18596,
    "index": 52
  },
  {
    "name": "Require(43) node_modules/egg-session/app.js",
    "start": 1648460199323,
    "end": 1648460199323,
    "duration": 0,
    "pid": 18596,
    "index": 53
  },
  {
    "name": "Require(44) node_modules/egg-security/app.js",
    "start": 1648460199323,
    "end": 1648460199324,
    "duration": 1,
    "pid": 18596,
    "index": 54
  },
  {
    "name": "Require(45) node_modules/egg-onerror/app.js",
    "start": 1648460199325,
    "end": 1648460199328,
    "duration": 3,
    "pid": 18596,
    "index": 55
  },
  {
    "name": "Require(46) node_modules/egg-i18n/app.js",
    "start": 1648460199329,
    "end": 1648460199338,
    "duration": 9,
    "pid": 18596,
    "index": 56
  },
  {
    "name": "Require(47) node_modules/egg-watcher/app.js",
    "start": 1648460199338,
    "end": 1648460199340,
    "duration": 2,
    "pid": 18596,
    "index": 57
  },
  {
    "name": "Require(48) node_modules/egg-schedule/app.js",
    "start": 1648460199340,
    "end": 1648460199341,
    "duration": 1,
    "pid": 18596,
    "index": 58
  },
  {
    "name": "Require(49) node_modules/egg-multipart/app.js",
    "start": 1648460199341,
    "end": 1648460199342,
    "duration": 1,
    "pid": 18596,
    "index": 59
  },
  {
    "name": "Require(50) node_modules/egg-development/app.js",
    "start": 1648460199342,
    "end": 1648460199342,
    "duration": 0,
    "pid": 18596,
    "index": 60
  },
  {
    "name": "Require(51) node_modules/egg-logrotator/app.js",
    "start": 1648460199342,
    "end": 1648460199342,
    "duration": 0,
    "pid": 18596,
    "index": 61
  },
  {
    "name": "Require(52) node_modules/egg-static/app.js",
    "start": 1648460199342,
    "end": 1648460199343,
    "duration": 1,
    "pid": 18596,
    "index": 62
  },
  {
    "name": "Require(53) node_modules/egg-mongoose/app.js",
    "start": 1648460199343,
    "end": 1648460199343,
    "duration": 0,
    "pid": 18596,
    "index": 63
  },
  {
    "name": "Require(54) node_modules/egg-validate/app.js",
    "start": 1648460199343,
    "end": 1648460199344,
    "duration": 1,
    "pid": 18596,
    "index": 64
  },
  {
    "name": "Require(55) node_modules/egg-cors/app.js",
    "start": 1648460199344,
    "end": 1648460199344,
    "duration": 0,
    "pid": 18596,
    "index": 65
  },
  {
    "name": "Before Start in node_modules/egg-watcher/lib/init.js:15:14",
    "start": 1648460199352,
    "end": 1648460199740,
    "duration": 388,
    "pid": 18596,
    "index": 66
  },
  {
    "name": "Before Start in node_modules/egg-mongoose/lib/mongoose.js:104:7",
    "start": 1648460199620,
    "end": 1648460199739,
    "duration": 119,
    "pid": 18596,
    "index": 67
  },
  {
    "name": "Before Start in node_modules/egg-mongoose/lib/mongoose.js:52:9",
    "start": 1648460199620,
    "end": 1648460199728,
    "duration": 108,
    "pid": 18596,
    "index": 68
  },
  {
    "name": "Load Service",
    "start": 1648460199620,
    "end": 1648460199640,
    "duration": 20,
    "pid": 18596,
    "index": 69
  },
  {
    "name": "Load \"service\" to Context",
    "start": 1648460199620,
    "end": 1648460199640,
    "duration": 20,
    "pid": 18596,
    "index": 70
  },
  {
    "name": "Load Middleware",
    "start": 1648460199640,
    "end": 1648460199704,
    "duration": 64,
    "pid": 18596,
    "index": 71
  },
  {
    "name": "Load \"middlewares\" to Application",
    "start": 1648460199640,
    "end": 1648460199698,
    "duration": 58,
    "pid": 18596,
    "index": 72
  },
  {
    "name": "Load Controller",
    "start": 1648460199704,
    "end": 1648460199708,
    "duration": 4,
    "pid": 18596,
    "index": 73
  },
  {
    "name": "Load \"controller\" to Application",
    "start": 1648460199704,
    "end": 1648460199708,
    "duration": 4,
    "pid": 18596,
    "index": 74
  },
  {
    "name": "Load Router",
    "start": 1648460199708,
    "end": 1648460199710,
    "duration": 2,
    "pid": 18596,
    "index": 75
  },
  {
    "name": "Require(56) app/router.js",
    "start": 1648460199708,
    "end": 1648460199708,
    "duration": 0,
    "pid": 18596,
    "index": 76
  },
  {
    "name": "Before Start in node_modules/egg-core/lib/egg.js:303:10",
    "start": 1648460199709,
    "end": 1648460199728,
    "duration": 19,
    "pid": 18596,
    "index": 77
  },
  {
    "name": "Load \"model\" to Application",
    "start": 1648460199716,
    "end": 1648460199728,
    "duration": 12,
    "pid": 18596,
    "index": 78
  }
]