[
  {
    "name": "Process Start",
    "start": 1648462532715,
    "end": 1648462533377,
    "duration": 662,
    "pid": 35568,
    "index": 0
  },
  {
    "name": "Application Start",
    "start": 1648462533377,
    "end": 1648462533877,
    "duration": 500,
    "pid": 35568,
    "index": 1
  },
  {
    "name": "Load Plugin",
    "start": 1648462533380,
    "end": 1648462533390,
    "duration": 10,
    "pid": 35568,
    "index": 2
  },
  {
    "name": "Load Config",
    "start": 1648462533391,
    "end": 1648462533408,
    "duration": 17,
    "pid": 35568,
    "index": 3
  },
  {
    "name": "Require(0) config/config.default.js",
    "start": 1648462533391,
    "end": 1648462533391,
    "duration": 0,
    "pid": 35568,
    "index": 4
  },
  {
    "name": "Require(1) config/config.local.js",
    "start": 1648462533392,
    "end": 1648462533392,
    "duration": 0,
    "pid": 35568,
    "index": 5
  },
  {
    "name": "Require(2) node_modules/egg-session/config/config.default.js",
    "start": 1648462533393,
    "end": 1648462533393,
    "duration": 0,
    "pid": 35568,
    "index": 6
  },
  {
    "name": "Require(3) node_modules/egg-security/config/config.default.js",
    "start": 1648462533393,
    "end": 1648462533394,
    "duration": 1,
    "pid": 35568,
    "index": 7
  },
  {
    "name": "Require(4) node_modules/egg-jsonp/config/config.default.js",
    "start": 1648462533394,
    "end": 1648462533394,
    "duration": 0,
    "pid": 35568,
    "index": 8
  },
  {
    "name": "Require(5) node_modules/egg-onerror/config/config.default.js",
    "start": 1648462533395,
    "end": 1648462533395,
    "duration": 0,
    "pid": 35568,
    "index": 9
  },
  {
    "name": "Require(6) node_modules/egg-i18n/config/config.default.js",
    "start": 1648462533395,
    "end": 1648462533395,
    "duration": 0,
    "pid": 35568,
    "index": 10
  },
  {
    "name": "Require(7) node_modules/egg-watcher/config/config.default.js",
    "start": 1648462533396,
    "end": 1648462533396,
    "duration": 0,
    "pid": 35568,
    "index": 11
  },
  {
    "name": "Require(8) node_modules/egg-schedule/config/config.default.js",
    "start": 1648462533396,
    "end": 1648462533397,
    "duration": 1,
    "pid": 35568,
    "index": 12
  },
  {
    "name": "Require(9) node_modules/egg-multipart/config/config.default.js",
    "start": 1648462533397,
    "end": 1648462533397,
    "duration": 0,
    "pid": 35568,
    "index": 13
  },
  {
    "name": "Require(10) node_modules/egg-development/config/config.default.js",
    "start": 1648462533397,
    "end": 1648462533398,
    "duration": 1,
    "pid": 35568,
    "index": 14
  },
  {
    "name": "Require(11) node_modules/egg-logrotator/config/config.default.js",
    "start": 1648462533398,
    "end": 1648462533398,
    "duration": 0,
    "pid": 35568,
    "index": 15
  },
  {
    "name": "Require(12) node_modules/egg-static/config/config.default.js",
    "start": 1648462533398,
    "end": 1648462533399,
    "duration": 1,
    "pid": 35568,
    "index": 16
  },
  {
    "name": "Require(13) node_modules/egg-view/config/config.default.js",
    "start": 1648462533399,
    "end": 1648462533399,
    "duration": 0,
    "pid": 35568,
    "index": 17
  },
  {
    "name": "Require(14) node_modules/egg-mongoose/config/config.default.js",
    "start": 1648462533400,
    "end": 1648462533400,
    "duration": 0,
    "pid": 35568,
    "index": 18
  },
  {
    "name": "Require(15) node_modules/egg-validate/config/config.default.js",
    "start": 1648462533400,
    "end": 1648462533400,
    "duration": 0,
    "pid": 35568,
    "index": 19
  },
  {
    "name": "Require(16) node_modules/egg-cors/config/config.default.js",
    "start": 1648462533400,
    "end": 1648462533401,
    "duration": 1,
    "pid": 35568,
    "index": 20
  },
  {
    "name": "Require(17) node_modules/egg/config/config.default.js",
    "start": 1648462533401,
    "end": 1648462533401,
    "duration": 0,
    "pid": 35568,
    "index": 21
  },
  {
    "name": "Require(18) config/config.default.js",
    "start": 1648462533402,
    "end": 1648462533402,
    "duration": 0,
    "pid": 35568,
    "index": 22
  },
  {
    "name": "Require(19) node_modules/egg-security/config/config.local.js",
    "start": 1648462533402,
    "end": 1648462533403,
    "duration": 1,
    "pid": 35568,
    "index": 23
  },
  {
    "name": "Require(20) node_modules/egg-watcher/config/config.local.js",
    "start": 1648462533406,
    "end": 1648462533406,
    "duration": 0,
    "pid": 35568,
    "index": 24
  },
  {
    "name": "Require(21) node_modules/egg-view/config/config.local.js",
    "start": 1648462533407,
    "end": 1648462533407,
    "duration": 0,
    "pid": 35568,
    "index": 25
  },
  {
    "name": "Require(22) node_modules/egg/config/config.local.js",
    "start": 1648462533407,
    "end": 1648462533407,
    "duration": 0,
    "pid": 35568,
    "index": 26
  },
  {
    "name": "Require(23) config/config.local.js",
    "start": 1648462533407,
    "end": 1648462533408,
    "duration": 1,
    "pid": 35568,
    "index": 27
  },
  {
    "name": "Load extend/application.js",
    "start": 1648462533408,
    "end": 1648462533444,
    "duration": 36,
    "pid": 35568,
    "index": 28
  },
  {
    "name": "Require(24) node_modules/egg-session/app/extend/application.js",
    "start": 1648462533409,
    "end": 1648462533409,
    "duration": 0,
    "pid": 35568,
    "index": 29
  },
  {
    "name": "Require(25) node_modules/egg-security/app/extend/application.js",
    "start": 1648462533409,
    "end": 1648462533410,
    "duration": 1,
    "pid": 35568,
    "index": 30
  },
  {
    "name": "Require(26) node_modules/egg-jsonp/app/extend/application.js",
    "start": 1648462533410,
    "end": 1648462533411,
    "duration": 1,
    "pid": 35568,
    "index": 31
  },
  {
    "name": "Require(27) node_modules/egg-logrotator/app/extend/application.js",
    "start": 1648462533412,
    "end": 1648462533412,
    "duration": 0,
    "pid": 35568,
    "index": 32
  },
  {
    "name": "Require(28) node_modules/egg-view/app/extend/application.js",
    "start": 1648462533413,
    "end": 1648462533414,
    "duration": 1,
    "pid": 35568,
    "index": 33
  },
  {
    "name": "Require(29) app/extend/application.js",
    "start": 1648462533414,
    "end": 1648462533442,
    "duration": 28,
    "pid": 35568,
    "index": 34
  },
  {
    "name": "Load extend/request.js",
    "start": 1648462533444,
    "end": 1648462533447,
    "duration": 3,
    "pid": 35568,
    "index": 35
  },
  {
    "name": "Require(30) node_modules/egg/app/extend/request.js",
    "start": 1648462533445,
    "end": 1648462533446,
    "duration": 1,
    "pid": 35568,
    "index": 36
  },
  {
    "name": "Load extend/response.js",
    "start": 1648462533447,
    "end": 1648462533450,
    "duration": 3,
    "pid": 35568,
    "index": 37
  },
  {
    "name": "Require(31) node_modules/egg/app/extend/response.js",
    "start": 1648462533448,
    "end": 1648462533449,
    "duration": 1,
    "pid": 35568,
    "index": 38
  },
  {
    "name": "Load extend/context.js",
    "start": 1648462533451,
    "end": 1648462533487,
    "duration": 36,
    "pid": 35568,
    "index": 39
  },
  {
    "name": "Require(32) node_modules/egg-security/app/extend/context.js",
    "start": 1648462533451,
    "end": 1648462533455,
    "duration": 4,
    "pid": 35568,
    "index": 40
  },
  {
    "name": "Require(33) node_modules/egg-jsonp/app/extend/context.js",
    "start": 1648462533455,
    "end": 1648462533456,
    "duration": 1,
    "pid": 35568,
    "index": 41
  },
  {
    "name": "Require(34) node_modules/egg-i18n/app/extend/context.js",
    "start": 1648462533456,
    "end": 1648462533457,
    "duration": 1,
    "pid": 35568,
    "index": 42
  },
  {
    "name": "Require(35) node_modules/egg-multipart/app/extend/context.js",
    "start": 1648462533457,
    "end": 1648462533483,
    "duration": 26,
    "pid": 35568,
    "index": 43
  },
  {
    "name": "Require(36) node_modules/egg-view/app/extend/context.js",
    "start": 1648462533484,
    "end": 1648462533484,
    "duration": 0,
    "pid": 35568,
    "index": 44
  },
  {
    "name": "Require(37) node_modules/egg-mongoose/app/extend/context.js",
    "start": 1648462533484,
    "end": 1648462533484,
    "duration": 0,
    "pid": 35568,
    "index": 45
  },
  {
    "name": "Require(38) node_modules/egg-validate/app/extend/context.js",
    "start": 1648462533485,
    "end": 1648462533485,
    "duration": 0,
    "pid": 35568,
    "index": 46
  },
  {
    "name": "Require(39) node_modules/egg/app/extend/context.js",
    "start": 1648462533485,
    "end": 1648462533485,
    "duration": 0,
    "pid": 35568,
    "index": 47
  },
  {
    "name": "Load extend/helper.js",
    "start": 1648462533487,
    "end": 1648462533498,
    "duration": 11,
    "pid": 35568,
    "index": 48
  },
  {
    "name": "Require(40) node_modules/egg-security/app/extend/helper.js",
    "start": 1648462533487,
    "end": 1648462533495,
    "duration": 8,
    "pid": 35568,
    "index": 49
  },
  {
    "name": "Require(41) node_modules/egg/app/extend/helper.js",
    "start": 1648462533496,
    "end": 1648462533497,
    "duration": 1,
    "pid": 35568,
    "index": 50
  },
  {
    "name": "Require(42) app/extend/helper.js",
    "start": 1648462533497,
    "end": 1648462533497,
    "duration": 0,
    "pid": 35568,
    "index": 51
  },
  {
    "name": "Load app.js",
    "start": 1648462533498,
    "end": 1648462533519,
    "duration": 21,
    "pid": 35568,
    "index": 52
  },
  {
    "name": "Require(43) node_modules/egg-session/app.js",
    "start": 1648462533499,
    "end": 1648462533499,
    "duration": 0,
    "pid": 35568,
    "index": 53
  },
  {
    "name": "Require(44) node_modules/egg-security/app.js",
    "start": 1648462533499,
    "end": 1648462533500,
    "duration": 1,
    "pid": 35568,
    "index": 54
  },
  {
    "name": "Require(45) node_modules/egg-onerror/app.js",
    "start": 1648462533500,
    "end": 1648462533504,
    "duration": 4,
    "pid": 35568,
    "index": 55
  },
  {
    "name": "Require(46) node_modules/egg-i18n/app.js",
    "start": 1648462533504,
    "end": 1648462533513,
    "duration": 9,
    "pid": 35568,
    "index": 56
  },
  {
    "name": "Require(47) node_modules/egg-watcher/app.js",
    "start": 1648462533513,
    "end": 1648462533515,
    "duration": 2,
    "pid": 35568,
    "index": 57
  },
  {
    "name": "Require(48) node_modules/egg-schedule/app.js",
    "start": 1648462533515,
    "end": 1648462533516,
    "duration": 1,
    "pid": 35568,
    "index": 58
  },
  {
    "name": "Require(49) node_modules/egg-multipart/app.js",
    "start": 1648462533516,
    "end": 1648462533516,
    "duration": 0,
    "pid": 35568,
    "index": 59
  },
  {
    "name": "Require(50) node_modules/egg-development/app.js",
    "start": 1648462533516,
    "end": 1648462533516,
    "duration": 0,
    "pid": 35568,
    "index": 60
  },
  {
    "name": "Require(51) node_modules/egg-logrotator/app.js",
    "start": 1648462533517,
    "end": 1648462533517,
    "duration": 0,
    "pid": 35568,
    "index": 61
  },
  {
    "name": "Require(52) node_modules/egg-static/app.js",
    "start": 1648462533517,
    "end": 1648462533517,
    "duration": 0,
    "pid": 35568,
    "index": 62
  },
  {
    "name": "Require(53) node_modules/egg-mongoose/app.js",
    "start": 1648462533517,
    "end": 1648462533518,
    "duration": 1,
    "pid": 35568,
    "index": 63
  },
  {
    "name": "Require(54) node_modules/egg-validate/app.js",
    "start": 1648462533518,
    "end": 1648462533519,
    "duration": 1,
    "pid": 35568,
    "index": 64
  },
  {
    "name": "Require(55) node_modules/egg-cors/app.js",
    "start": 1648462533519,
    "end": 1648462533519,
    "duration": 0,
    "pid": 35568,
    "index": 65
  },
  {
    "name": "Before Start in node_modules/egg-watcher/lib/init.js:15:14",
    "start": 1648462533526,
    "end": 1648462533877,
    "duration": 351,
    "pid": 35568,
    "index": 66
  },
  {
    "name": "Before Start in node_modules/egg-mongoose/lib/mongoose.js:104:7",
    "start": 1648462533762,
    "end": 1648462533876,
    "duration": 114,
    "pid": 35568,
    "index": 67
  },
  {
    "name": "Before Start in node_modules/egg-mongoose/lib/mongoose.js:52:9",
    "start": 1648462533762,
    "end": 1648462533865,
    "duration": 103,
    "pid": 35568,
    "index": 68
  },
  {
    "name": "Load Service",
    "start": 1648462533762,
    "end": 1648462533781,
    "duration": 19,
    "pid": 35568,
    "index": 69
  },
  {
    "name": "Load \"service\" to Context",
    "start": 1648462533762,
    "end": 1648462533781,
    "duration": 19,
    "pid": 35568,
    "index": 70
  },
  {
    "name": "Load Middleware",
    "start": 1648462533781,
    "end": 1648462533843,
    "duration": 62,
    "pid": 35568,
    "index": 71
  },
  {
    "name": "Load \"middlewares\" to Application",
    "start": 1648462533782,
    "end": 1648462533837,
    "duration": 55,
    "pid": 35568,
    "index": 72
  },
  {
    "name": "Load Controller",
    "start": 1648462533844,
    "end": 1648462533846,
    "duration": 2,
    "pid": 35568,
    "index": 73
  },
  {
    "name": "Load \"controller\" to Application",
    "start": 1648462533844,
    "end": 1648462533846,
    "duration": 2,
    "pid": 35568,
    "index": 74
  },
  {
    "name": "Load Router",
    "start": 1648462533846,
    "end": 1648462533847,
    "duration": 1,
    "pid": 35568,
    "index": 75
  },
  {
    "name": "Require(56) app/router.js",
    "start": 1648462533846,
    "end": 1648462533846,
    "duration": 0,
    "pid": 35568,
    "index": 76
  },
  {
    "name": "Before Start in node_modules/egg-core/lib/egg.js:303:10",
    "start": 1648462533846,
    "end": 1648462533865,
    "duration": 19,
    "pid": 35568,
    "index": 77
  },
  {
    "name": "Load \"model\" to Application",
    "start": 1648462533853,
    "end": 1648462533865,
    "duration": 12,
    "pid": 35568,
    "index": 78
  }
]