[
  {
    "name": "Process Start",
    "start": 1648546262005,
    "end": 1648546262673,
    "duration": 668,
    "pid": 23880,
    "index": 0
  },
  {
    "name": "Application Start",
    "start": 1648546262674,
    "end": 1648546263235,
    "duration": 561,
    "pid": 23880,
    "index": 1
  },
  {
    "name": "Load Plugin",
    "start": 1648546262676,
    "end": 1648546262687,
    "duration": 11,
    "pid": 23880,
    "index": 2
  },
  {
    "name": "Load Config",
    "start": 1648546262687,
    "end": 1648546262703,
    "duration": 16,
    "pid": 23880,
    "index": 3
  },
  {
    "name": "Require(0) config/config.default.js",
    "start": 1648546262687,
    "end": 1648546262687,
    "duration": 0,
    "pid": 23880,
    "index": 4
  },
  {
    "name": "Require(1) config/config.local.js",
    "start": 1648546262688,
    "end": 1648546262688,
    "duration": 0,
    "pid": 23880,
    "index": 5
  },
  {
    "name": "Require(2) node_modules/egg-session/config/config.default.js",
    "start": 1648546262689,
    "end": 1648546262689,
    "duration": 0,
    "pid": 23880,
    "index": 6
  },
  {
    "name": "Require(3) node_modules/egg-security/config/config.default.js",
    "start": 1648546262689,
    "end": 1648546262689,
    "duration": 0,
    "pid": 23880,
    "index": 7
  },
  {
    "name": "Require(4) node_modules/egg-jsonp/config/config.default.js",
    "start": 1648546262690,
    "end": 1648546262690,
    "duration": 0,
    "pid": 23880,
    "index": 8
  },
  {
    "name": "Require(5) node_modules/egg-onerror/config/config.default.js",
    "start": 1648546262691,
    "end": 1648546262691,
    "duration": 0,
    "pid": 23880,
    "index": 9
  },
  {
    "name": "Require(6) node_modules/egg-i18n/config/config.default.js",
    "start": 1648546262691,
    "end": 1648546262691,
    "duration": 0,
    "pid": 23880,
    "index": 10
  },
  {
    "name": "Require(7) node_modules/egg-watcher/config/config.default.js",
    "start": 1648546262692,
    "end": 1648546262692,
    "duration": 0,
    "pid": 23880,
    "index": 11
  },
  {
    "name": "Require(8) node_modules/egg-schedule/config/config.default.js",
    "start": 1648546262692,
    "end": 1648546262692,
    "duration": 0,
    "pid": 23880,
    "index": 12
  },
  {
    "name": "Require(9) node_modules/egg-multipart/config/config.default.js",
    "start": 1648546262693,
    "end": 1648546262693,
    "duration": 0,
    "pid": 23880,
    "index": 13
  },
  {
    "name": "Require(10) node_modules/egg-development/config/config.default.js",
    "start": 1648546262693,
    "end": 1648546262694,
    "duration": 1,
    "pid": 23880,
    "index": 14
  },
  {
    "name": "Require(11) node_modules/egg-logrotator/config/config.default.js",
    "start": 1648546262694,
    "end": 1648546262694,
    "duration": 0,
    "pid": 23880,
    "index": 15
  },
  {
    "name": "Require(12) node_modules/egg-static/config/config.default.js",
    "start": 1648546262694,
    "end": 1648546262695,
    "duration": 1,
    "pid": 23880,
    "index": 16
  },
  {
    "name": "Require(13) node_modules/egg-view/config/config.default.js",
    "start": 1648546262695,
    "end": 1648546262695,
    "duration": 0,
    "pid": 23880,
    "index": 17
  },
  {
    "name": "Require(14) node_modules/egg-mongoose/config/config.default.js",
    "start": 1648546262695,
    "end": 1648546262696,
    "duration": 1,
    "pid": 23880,
    "index": 18
  },
  {
    "name": "Require(15) node_modules/egg-validate/config/config.default.js",
    "start": 1648546262696,
    "end": 1648546262696,
    "duration": 0,
    "pid": 23880,
    "index": 19
  },
  {
    "name": "Require(16) node_modules/egg-cors/config/config.default.js",
    "start": 1648546262696,
    "end": 1648546262697,
    "duration": 1,
    "pid": 23880,
    "index": 20
  },
  {
    "name": "Require(17) node_modules/egg/config/config.default.js",
    "start": 1648546262697,
    "end": 1648546262697,
    "duration": 0,
    "pid": 23880,
    "index": 21
  },
  {
    "name": "Require(18) config/config.default.js",
    "start": 1648546262698,
    "end": 1648546262698,
    "duration": 0,
    "pid": 23880,
    "index": 22
  },
  {
    "name": "Require(19) node_modules/egg-security/config/config.local.js",
    "start": 1648546262700,
    "end": 1648546262701,
    "duration": 1,
    "pid": 23880,
    "index": 23
  },
  {
    "name": "Require(20) node_modules/egg-watcher/config/config.local.js",
    "start": 1648546262701,
    "end": 1648546262702,
    "duration": 1,
    "pid": 23880,
    "index": 24
  },
  {
    "name": "Require(21) node_modules/egg-view/config/config.local.js",
    "start": 1648546262702,
    "end": 1648546262702,
    "duration": 0,
    "pid": 23880,
    "index": 25
  },
  {
    "name": "Require(22) node_modules/egg/config/config.local.js",
    "start": 1648546262703,
    "end": 1648546262703,
    "duration": 0,
    "pid": 23880,
    "index": 26
  },
  {
    "name": "Require(23) config/config.local.js",
    "start": 1648546262703,
    "end": 1648546262703,
    "duration": 0,
    "pid": 23880,
    "index": 27
  },
  {
    "name": "Load extend/application.js",
    "start": 1648546262704,
    "end": 1648546262738,
    "duration": 34,
    "pid": 23880,
    "index": 28
  },
  {
    "name": "Require(24) node_modules/egg-session/app/extend/application.js",
    "start": 1648546262704,
    "end": 1648546262704,
    "duration": 0,
    "pid": 23880,
    "index": 29
  },
  {
    "name": "Require(25) node_modules/egg-security/app/extend/application.js",
    "start": 1648546262705,
    "end": 1648546262705,
    "duration": 0,
    "pid": 23880,
    "index": 30
  },
  {
    "name": "Require(26) node_modules/egg-jsonp/app/extend/application.js",
    "start": 1648546262706,
    "end": 1648546262706,
    "duration": 0,
    "pid": 23880,
    "index": 31
  },
  {
    "name": "Require(27) node_modules/egg-logrotator/app/extend/application.js",
    "start": 1648546262707,
    "end": 1648546262708,
    "duration": 1,
    "pid": 23880,
    "index": 32
  },
  {
    "name": "Require(28) node_modules/egg-view/app/extend/application.js",
    "start": 1648546262708,
    "end": 1648546262709,
    "duration": 1,
    "pid": 23880,
    "index": 33
  },
  {
    "name": "Require(29) app/extend/application.js",
    "start": 1648546262709,
    "end": 1648546262736,
    "duration": 27,
    "pid": 23880,
    "index": 34
  },
  {
    "name": "Load extend/request.js",
    "start": 1648546262738,
    "end": 1648546262741,
    "duration": 3,
    "pid": 23880,
    "index": 35
  },
  {
    "name": "Require(30) node_modules/egg/app/extend/request.js",
    "start": 1648546262739,
    "end": 1648546262739,
    "duration": 0,
    "pid": 23880,
    "index": 36
  },
  {
    "name": "Load extend/response.js",
    "start": 1648546262741,
    "end": 1648546262744,
    "duration": 3,
    "pid": 23880,
    "index": 37
  },
  {
    "name": "Require(31) node_modules/egg/app/extend/response.js",
    "start": 1648546262742,
    "end": 1648546262743,
    "duration": 1,
    "pid": 23880,
    "index": 38
  },
  {
    "name": "Load extend/context.js",
    "start": 1648546262744,
    "end": 1648546262783,
    "duration": 39,
    "pid": 23880,
    "index": 39
  },
  {
    "name": "Require(32) node_modules/egg-security/app/extend/context.js",
    "start": 1648546262745,
    "end": 1648546262749,
    "duration": 4,
    "pid": 23880,
    "index": 40
  },
  {
    "name": "Require(33) node_modules/egg-jsonp/app/extend/context.js",
    "start": 1648546262749,
    "end": 1648546262750,
    "duration": 1,
    "pid": 23880,
    "index": 41
  },
  {
    "name": "Require(34) node_modules/egg-i18n/app/extend/context.js",
    "start": 1648546262750,
    "end": 1648546262750,
    "duration": 0,
    "pid": 23880,
    "index": 42
  },
  {
    "name": "Require(35) node_modules/egg-multipart/app/extend/context.js",
    "start": 1648546262751,
    "end": 1648546262779,
    "duration": 28,
    "pid": 23880,
    "index": 43
  },
  {
    "name": "Require(36) node_modules/egg-view/app/extend/context.js",
    "start": 1648546262779,
    "end": 1648546262780,
    "duration": 1,
    "pid": 23880,
    "index": 44
  },
  {
    "name": "Require(37) node_modules/egg-mongoose/app/extend/context.js",
    "start": 1648546262780,
    "end": 1648546262780,
    "duration": 0,
    "pid": 23880,
    "index": 45
  },
  {
    "name": "Require(38) node_modules/egg-validate/app/extend/context.js",
    "start": 1648546262780,
    "end": 1648546262780,
    "duration": 0,
    "pid": 23880,
    "index": 46
  },
  {
    "name": "Require(39) node_modules/egg/app/extend/context.js",
    "start": 1648546262781,
    "end": 1648546262781,
    "duration": 0,
    "pid": 23880,
    "index": 47
  },
  {
    "name": "Load extend/helper.js",
    "start": 1648546262783,
    "end": 1648546262807,
    "duration": 24,
    "pid": 23880,
    "index": 48
  },
  {
    "name": "Require(40) node_modules/egg-security/app/extend/helper.js",
    "start": 1648546262783,
    "end": 1648546262799,
    "duration": 16,
    "pid": 23880,
    "index": 49
  },
  {
    "name": "Require(41) node_modules/egg/app/extend/helper.js",
    "start": 1648546262802,
    "end": 1648546262802,
    "duration": 0,
    "pid": 23880,
    "index": 50
  },
  {
    "name": "Require(42) app/extend/helper.js",
    "start": 1648546262803,
    "end": 1648546262803,
    "duration": 0,
    "pid": 23880,
    "index": 51
  },
  {
    "name": "Load app.js",
    "start": 1648546262807,
    "end": 1648546262838,
    "duration": 31,
    "pid": 23880,
    "index": 52
  },
  {
    "name": "Require(43) node_modules/egg-session/app.js",
    "start": 1648546262808,
    "end": 1648546262808,
    "duration": 0,
    "pid": 23880,
    "index": 53
  },
  {
    "name": "Require(44) node_modules/egg-security/app.js",
    "start": 1648546262809,
    "end": 1648546262810,
    "duration": 1,
    "pid": 23880,
    "index": 54
  },
  {
    "name": "Require(45) node_modules/egg-onerror/app.js",
    "start": 1648546262811,
    "end": 1648546262819,
    "duration": 8,
    "pid": 23880,
    "index": 55
  },
  {
    "name": "Require(46) node_modules/egg-i18n/app.js",
    "start": 1648546262820,
    "end": 1648546262831,
    "duration": 11,
    "pid": 23880,
    "index": 56
  },
  {
    "name": "Require(47) node_modules/egg-watcher/app.js",
    "start": 1648546262831,
    "end": 1648546262833,
    "duration": 2,
    "pid": 23880,
    "index": 57
  },
  {
    "name": "Require(48) node_modules/egg-schedule/app.js",
    "start": 1648546262833,
    "end": 1648546262834,
    "duration": 1,
    "pid": 23880,
    "index": 58
  },
  {
    "name": "Require(49) node_modules/egg-multipart/app.js",
    "start": 1648546262834,
    "end": 1648546262834,
    "duration": 0,
    "pid": 23880,
    "index": 59
  },
  {
    "name": "Require(50) node_modules/egg-development/app.js",
    "start": 1648546262834,
    "end": 1648546262835,
    "duration": 1,
    "pid": 23880,
    "index": 60
  },
  {
    "name": "Require(51) node_modules/egg-logrotator/app.js",
    "start": 1648546262835,
    "end": 1648546262835,
    "duration": 0,
    "pid": 23880,
    "index": 61
  },
  {
    "name": "Require(52) node_modules/egg-static/app.js",
    "start": 1648546262835,
    "end": 1648546262835,
    "duration": 0,
    "pid": 23880,
    "index": 62
  },
  {
    "name": "Require(53) node_modules/egg-mongoose/app.js",
    "start": 1648546262836,
    "end": 1648546262836,
    "duration": 0,
    "pid": 23880,
    "index": 63
  },
  {
    "name": "Require(54) node_modules/egg-validate/app.js",
    "start": 1648546262836,
    "end": 1648546262837,
    "duration": 1,
    "pid": 23880,
    "index": 64
  },
  {
    "name": "Require(55) node_modules/egg-cors/app.js",
    "start": 1648546262837,
    "end": 1648546262837,
    "duration": 0,
    "pid": 23880,
    "index": 65
  },
  {
    "name": "Before Start in node_modules/egg-watcher/lib/init.js:15:14",
    "start": 1648546262845,
    "end": 1648546263235,
    "duration": 390,
    "pid": 23880,
    "index": 66
  },
  {
    "name": "Before Start in node_modules/egg-mongoose/lib/mongoose.js:104:7",
    "start": 1648546263099,
    "end": 1648546263234,
    "duration": 135,
    "pid": 23880,
    "index": 67
  },
  {
    "name": "Before Start in node_modules/egg-mongoose/lib/mongoose.js:52:9",
    "start": 1648546263099,
    "end": 1648546263223,
    "duration": 124,
    "pid": 23880,
    "index": 68
  },
  {
    "name": "Load Service",
    "start": 1648546263100,
    "end": 1648546263118,
    "duration": 18,
    "pid": 23880,
    "index": 69
  },
  {
    "name": "Load \"service\" to Context",
    "start": 1648546263100,
    "end": 1648546263118,
    "duration": 18,
    "pid": 23880,
    "index": 70
  },
  {
    "name": "Load Middleware",
    "start": 1648546263119,
    "end": 1648546263202,
    "duration": 83,
    "pid": 23880,
    "index": 71
  },
  {
    "name": "Load \"middlewares\" to Application",
    "start": 1648546263119,
    "end": 1648546263196,
    "duration": 77,
    "pid": 23880,
    "index": 72
  },
  {
    "name": "Load Controller",
    "start": 1648546263202,
    "end": 1648546263204,
    "duration": 2,
    "pid": 23880,
    "index": 73
  },
  {
    "name": "Load \"controller\" to Application",
    "start": 1648546263202,
    "end": 1648546263204,
    "duration": 2,
    "pid": 23880,
    "index": 74
  },
  {
    "name": "Load Router",
    "start": 1648546263204,
    "end": 1648546263206,
    "duration": 2,
    "pid": 23880,
    "index": 75
  },
  {
    "name": "Require(56) app/router.js",
    "start": 1648546263205,
    "end": 1648546263205,
    "duration": 0,
    "pid": 23880,
    "index": 76
  },
  {
    "name": "Before Start in node_modules/egg-core/lib/egg.js:303:10",
    "start": 1648546263205,
    "end": 1648546263223,
    "duration": 18,
    "pid": 23880,
    "index": 77
  },
  {
    "name": "Load \"model\" to Application",
    "start": 1648546263211,
    "end": 1648546263223,
    "duration": 12,
    "pid": 23880,
    "index": 78
  }
]