[
  {
    "name": "Process Start",
    "start": 1648523479560,
    "end": 1648523480293,
    "duration": 733,
    "pid": 39692,
    "index": 0
  },
  {
    "name": "Application Start",
    "start": 1648523480293,
    "end": 1648523481274,
    "duration": 981,
    "pid": 39692,
    "index": 1
  },
  {
    "name": "Load Plugin",
    "start": 1648523480296,
    "end": 1648523480308,
    "duration": 12,
    "pid": 39692,
    "index": 2
  },
  {
    "name": "Load Config",
    "start": 1648523480308,
    "end": 1648523480325,
    "duration": 17,
    "pid": 39692,
    "index": 3
  },
  {
    "name": "Require(0) config/config.default.js",
    "start": 1648523480308,
    "end": 1648523480308,
    "duration": 0,
    "pid": 39692,
    "index": 4
  },
  {
    "name": "Require(1) config/config.local.js",
    "start": 1648523480309,
    "end": 1648523480310,
    "duration": 1,
    "pid": 39692,
    "index": 5
  },
  {
    "name": "Require(2) node_modules/egg-session/config/config.default.js",
    "start": 1648523480310,
    "end": 1648523480310,
    "duration": 0,
    "pid": 39692,
    "index": 6
  },
  {
    "name": "Require(3) node_modules/egg-security/config/config.default.js",
    "start": 1648523480310,
    "end": 1648523480311,
    "duration": 1,
    "pid": 39692,
    "index": 7
  },
  {
    "name": "Require(4) node_modules/egg-jsonp/config/config.default.js",
    "start": 1648523480312,
    "end": 1648523480312,
    "duration": 0,
    "pid": 39692,
    "index": 8
  },
  {
    "name": "Require(5) node_modules/egg-onerror/config/config.default.js",
    "start": 1648523480312,
    "end": 1648523480312,
    "duration": 0,
    "pid": 39692,
    "index": 9
  },
  {
    "name": "Require(6) node_modules/egg-i18n/config/config.default.js",
    "start": 1648523480313,
    "end": 1648523480313,
    "duration": 0,
    "pid": 39692,
    "index": 10
  },
  {
    "name": "Require(7) node_modules/egg-watcher/config/config.default.js",
    "start": 1648523480313,
    "end": 1648523480314,
    "duration": 1,
    "pid": 39692,
    "index": 11
  },
  {
    "name": "Require(8) node_modules/egg-schedule/config/config.default.js",
    "start": 1648523480314,
    "end": 1648523480314,
    "duration": 0,
    "pid": 39692,
    "index": 12
  },
  {
    "name": "Require(9) node_modules/egg-multipart/config/config.default.js",
    "start": 1648523480314,
    "end": 1648523480315,
    "duration": 1,
    "pid": 39692,
    "index": 13
  },
  {
    "name": "Require(10) node_modules/egg-development/config/config.default.js",
    "start": 1648523480315,
    "end": 1648523480315,
    "duration": 0,
    "pid": 39692,
    "index": 14
  },
  {
    "name": "Require(11) node_modules/egg-logrotator/config/config.default.js",
    "start": 1648523480316,
    "end": 1648523480316,
    "duration": 0,
    "pid": 39692,
    "index": 15
  },
  {
    "name": "Require(12) node_modules/egg-static/config/config.default.js",
    "start": 1648523480316,
    "end": 1648523480316,
    "duration": 0,
    "pid": 39692,
    "index": 16
  },
  {
    "name": "Require(13) node_modules/egg-view/config/config.default.js",
    "start": 1648523480317,
    "end": 1648523480317,
    "duration": 0,
    "pid": 39692,
    "index": 17
  },
  {
    "name": "Require(14) node_modules/egg-mongoose/config/config.default.js",
    "start": 1648523480317,
    "end": 1648523480317,
    "duration": 0,
    "pid": 39692,
    "index": 18
  },
  {
    "name": "Require(15) node_modules/egg-validate/config/config.default.js",
    "start": 1648523480318,
    "end": 1648523480318,
    "duration": 0,
    "pid": 39692,
    "index": 19
  },
  {
    "name": "Require(16) node_modules/egg-cors/config/config.default.js",
    "start": 1648523480318,
    "end": 1648523480318,
    "duration": 0,
    "pid": 39692,
    "index": 20
  },
  {
    "name": "Require(17) node_modules/egg/config/config.default.js",
    "start": 1648523480319,
    "end": 1648523480319,
    "duration": 0,
    "pid": 39692,
    "index": 21
  },
  {
    "name": "Require(18) config/config.default.js",
    "start": 1648523480320,
    "end": 1648523480320,
    "duration": 0,
    "pid": 39692,
    "index": 22
  },
  {
    "name": "Require(19) node_modules/egg-security/config/config.local.js",
    "start": 1648523480321,
    "end": 1648523480322,
    "duration": 1,
    "pid": 39692,
    "index": 23
  },
  {
    "name": "Require(20) node_modules/egg-watcher/config/config.local.js",
    "start": 1648523480323,
    "end": 1648523480323,
    "duration": 0,
    "pid": 39692,
    "index": 24
  },
  {
    "name": "Require(21) node_modules/egg-view/config/config.local.js",
    "start": 1648523480324,
    "end": 1648523480324,
    "duration": 0,
    "pid": 39692,
    "index": 25
  },
  {
    "name": "Require(22) node_modules/egg/config/config.local.js",
    "start": 1648523480324,
    "end": 1648523480324,
    "duration": 0,
    "pid": 39692,
    "index": 26
  },
  {
    "name": "Require(23) config/config.local.js",
    "start": 1648523480324,
    "end": 1648523480324,
    "duration": 0,
    "pid": 39692,
    "index": 27
  },
  {
    "name": "Load extend/application.js",
    "start": 1648523480326,
    "end": 1648523480412,
    "duration": 86,
    "pid": 39692,
    "index": 28
  },
  {
    "name": "Require(24) node_modules/egg-session/app/extend/application.js",
    "start": 1648523480327,
    "end": 1648523480327,
    "duration": 0,
    "pid": 39692,
    "index": 29
  },
  {
    "name": "Require(25) node_modules/egg-security/app/extend/application.js",
    "start": 1648523480328,
    "end": 1648523480330,
    "duration": 2,
    "pid": 39692,
    "index": 30
  },
  {
    "name": "Require(26) node_modules/egg-jsonp/app/extend/application.js",
    "start": 1648523480331,
    "end": 1648523480333,
    "duration": 2,
    "pid": 39692,
    "index": 31
  },
  {
    "name": "Require(27) node_modules/egg-logrotator/app/extend/application.js",
    "start": 1648523480335,
    "end": 1648523480337,
    "duration": 2,
    "pid": 39692,
    "index": 32
  },
  {
    "name": "Require(28) node_modules/egg-view/app/extend/application.js",
    "start": 1648523480337,
    "end": 1648523480339,
    "duration": 2,
    "pid": 39692,
    "index": 33
  },
  {
    "name": "Require(29) app/extend/application.js",
    "start": 1648523480340,
    "end": 1648523480410,
    "duration": 70,
    "pid": 39692,
    "index": 34
  },
  {
    "name": "Load extend/request.js",
    "start": 1648523480412,
    "end": 1648523480417,
    "duration": 5,
    "pid": 39692,
    "index": 35
  },
  {
    "name": "Require(30) node_modules/egg/app/extend/request.js",
    "start": 1648523480414,
    "end": 1648523480415,
    "duration": 1,
    "pid": 39692,
    "index": 36
  },
  {
    "name": "Load extend/response.js",
    "start": 1648523480417,
    "end": 1648523480423,
    "duration": 6,
    "pid": 39692,
    "index": 37
  },
  {
    "name": "Require(31) node_modules/egg/app/extend/response.js",
    "start": 1648523480419,
    "end": 1648523480421,
    "duration": 2,
    "pid": 39692,
    "index": 38
  },
  {
    "name": "Load extend/context.js",
    "start": 1648523480423,
    "end": 1648523480503,
    "duration": 80,
    "pid": 39692,
    "index": 39
  },
  {
    "name": "Require(32) node_modules/egg-security/app/extend/context.js",
    "start": 1648523480423,
    "end": 1648523480435,
    "duration": 12,
    "pid": 39692,
    "index": 40
  },
  {
    "name": "Require(33) node_modules/egg-jsonp/app/extend/context.js",
    "start": 1648523480436,
    "end": 1648523480438,
    "duration": 2,
    "pid": 39692,
    "index": 41
  },
  {
    "name": "Require(34) node_modules/egg-i18n/app/extend/context.js",
    "start": 1648523480439,
    "end": 1648523480439,
    "duration": 0,
    "pid": 39692,
    "index": 42
  },
  {
    "name": "Require(35) node_modules/egg-multipart/app/extend/context.js",
    "start": 1648523480439,
    "end": 1648523480496,
    "duration": 57,
    "pid": 39692,
    "index": 43
  },
  {
    "name": "Require(36) node_modules/egg-view/app/extend/context.js",
    "start": 1648523480497,
    "end": 1648523480499,
    "duration": 2,
    "pid": 39692,
    "index": 44
  },
  {
    "name": "Require(37) node_modules/egg-mongoose/app/extend/context.js",
    "start": 1648523480499,
    "end": 1648523480499,
    "duration": 0,
    "pid": 39692,
    "index": 45
  },
  {
    "name": "Require(38) node_modules/egg-validate/app/extend/context.js",
    "start": 1648523480500,
    "end": 1648523480500,
    "duration": 0,
    "pid": 39692,
    "index": 46
  },
  {
    "name": "Require(39) node_modules/egg/app/extend/context.js",
    "start": 1648523480500,
    "end": 1648523480501,
    "duration": 1,
    "pid": 39692,
    "index": 47
  },
  {
    "name": "Load extend/helper.js",
    "start": 1648523480503,
    "end": 1648523480527,
    "duration": 24,
    "pid": 39692,
    "index": 48
  },
  {
    "name": "Require(40) node_modules/egg-security/app/extend/helper.js",
    "start": 1648523480503,
    "end": 1648523480523,
    "duration": 20,
    "pid": 39692,
    "index": 49
  },
  {
    "name": "Require(41) node_modules/egg/app/extend/helper.js",
    "start": 1648523480524,
    "end": 1648523480525,
    "duration": 1,
    "pid": 39692,
    "index": 50
  },
  {
    "name": "Require(42) app/extend/helper.js",
    "start": 1648523480525,
    "end": 1648523480525,
    "duration": 0,
    "pid": 39692,
    "index": 51
  },
  {
    "name": "Load app.js",
    "start": 1648523480527,
    "end": 1648523480578,
    "duration": 51,
    "pid": 39692,
    "index": 52
  },
  {
    "name": "Require(43) node_modules/egg-session/app.js",
    "start": 1648523480527,
    "end": 1648523480528,
    "duration": 1,
    "pid": 39692,
    "index": 53
  },
  {
    "name": "Require(44) node_modules/egg-security/app.js",
    "start": 1648523480528,
    "end": 1648523480530,
    "duration": 2,
    "pid": 39692,
    "index": 54
  },
  {
    "name": "Require(45) node_modules/egg-onerror/app.js",
    "start": 1648523480530,
    "end": 1648523480543,
    "duration": 13,
    "pid": 39692,
    "index": 55
  },
  {
    "name": "Require(46) node_modules/egg-i18n/app.js",
    "start": 1648523480543,
    "end": 1648523480564,
    "duration": 21,
    "pid": 39692,
    "index": 56
  },
  {
    "name": "Require(47) node_modules/egg-watcher/app.js",
    "start": 1648523480565,
    "end": 1648523480568,
    "duration": 3,
    "pid": 39692,
    "index": 57
  },
  {
    "name": "Require(48) node_modules/egg-schedule/app.js",
    "start": 1648523480568,
    "end": 1648523480571,
    "duration": 3,
    "pid": 39692,
    "index": 58
  },
  {
    "name": "Require(49) node_modules/egg-multipart/app.js",
    "start": 1648523480571,
    "end": 1648523480572,
    "duration": 1,
    "pid": 39692,
    "index": 59
  },
  {
    "name": "Require(50) node_modules/egg-development/app.js",
    "start": 1648523480572,
    "end": 1648523480572,
    "duration": 0,
    "pid": 39692,
    "index": 60
  },
  {
    "name": "Require(51) node_modules/egg-logrotator/app.js",
    "start": 1648523480572,
    "end": 1648523480573,
    "duration": 1,
    "pid": 39692,
    "index": 61
  },
  {
    "name": "Require(52) node_modules/egg-static/app.js",
    "start": 1648523480573,
    "end": 1648523480573,
    "duration": 0,
    "pid": 39692,
    "index": 62
  },
  {
    "name": "Require(53) node_modules/egg-mongoose/app.js",
    "start": 1648523480574,
    "end": 1648523480574,
    "duration": 0,
    "pid": 39692,
    "index": 63
  },
  {
    "name": "Require(54) node_modules/egg-validate/app.js",
    "start": 1648523480574,
    "end": 1648523480577,
    "duration": 3,
    "pid": 39692,
    "index": 64
  },
  {
    "name": "Require(55) node_modules/egg-cors/app.js",
    "start": 1648523480577,
    "end": 1648523480578,
    "duration": 1,
    "pid": 39692,
    "index": 65
  },
  {
    "name": "Before Start in node_modules/egg-watcher/lib/init.js:15:14",
    "start": 1648523480586,
    "end": 1648523481274,
    "duration": 688,
    "pid": 39692,
    "index": 66
  },
  {
    "name": "Before Start in node_modules/egg-mongoose/lib/mongoose.js:104:7",
    "start": 1648523481055,
    "end": 1648523481273,
    "duration": 218,
    "pid": 39692,
    "index": 67
  },
  {
    "name": "Before Start in node_modules/egg-mongoose/lib/mongoose.js:52:9",
    "start": 1648523481055,
    "end": 1648523481261,
    "duration": 206,
    "pid": 39692,
    "index": 68
  },
  {
    "name": "Load Service",
    "start": 1648523481055,
    "end": 1648523481100,
    "duration": 45,
    "pid": 39692,
    "index": 69
  },
  {
    "name": "Load \"service\" to Context",
    "start": 1648523481055,
    "end": 1648523481100,
    "duration": 45,
    "pid": 39692,
    "index": 70
  },
  {
    "name": "Load Middleware",
    "start": 1648523481100,
    "end": 1648523481228,
    "duration": 128,
    "pid": 39692,
    "index": 71
  },
  {
    "name": "Load \"middlewares\" to Application",
    "start": 1648523481100,
    "end": 1648523481219,
    "duration": 119,
    "pid": 39692,
    "index": 72
  },
  {
    "name": "Load Controller",
    "start": 1648523481228,
    "end": 1648523481235,
    "duration": 7,
    "pid": 39692,
    "index": 73
  },
  {
    "name": "Load \"controller\" to Application",
    "start": 1648523481228,
    "end": 1648523481235,
    "duration": 7,
    "pid": 39692,
    "index": 74
  },
  {
    "name": "Load Router",
    "start": 1648523481235,
    "end": 1648523481237,
    "duration": 2,
    "pid": 39692,
    "index": 75
  },
  {
    "name": "Require(56) app/router.js",
    "start": 1648523481235,
    "end": 1648523481236,
    "duration": 1,
    "pid": 39692,
    "index": 76
  },
  {
    "name": "Before Start in node_modules/egg-core/lib/egg.js:303:10",
    "start": 1648523481236,
    "end": 1648523481261,
    "duration": 25,
    "pid": 39692,
    "index": 77
  },
  {
    "name": "Load \"model\" to Application",
    "start": 1648523481245,
    "end": 1648523481260,
    "duration": 15,
    "pid": 39692,
    "index": 78
  }
]