[
  {
    "name": "Process Start",
    "start": 1648546806906,
    "end": 1648546807533,
    "duration": 627,
    "pid": 45948,
    "index": 0
  },
  {
    "name": "Application Start",
    "start": 1648546807534,
    "end": 1648546808069,
    "duration": 535,
    "pid": 45948,
    "index": 1
  },
  {
    "name": "Load Plugin",
    "start": 1648546807536,
    "end": 1648546807546,
    "duration": 10,
    "pid": 45948,
    "index": 2
  },
  {
    "name": "Load Config",
    "start": 1648546807546,
    "end": 1648546807562,
    "duration": 16,
    "pid": 45948,
    "index": 3
  },
  {
    "name": "Require(0) config/config.default.js",
    "start": 1648546807546,
    "end": 1648546807547,
    "duration": 1,
    "pid": 45948,
    "index": 4
  },
  {
    "name": "Require(1) config/config.local.js",
    "start": 1648546807547,
    "end": 1648546807548,
    "duration": 1,
    "pid": 45948,
    "index": 5
  },
  {
    "name": "Require(2) node_modules/egg-session/config/config.default.js",
    "start": 1648546807548,
    "end": 1648546807548,
    "duration": 0,
    "pid": 45948,
    "index": 6
  },
  {
    "name": "Require(3) node_modules/egg-security/config/config.default.js",
    "start": 1648546807548,
    "end": 1648546807549,
    "duration": 1,
    "pid": 45948,
    "index": 7
  },
  {
    "name": "Require(4) node_modules/egg-jsonp/config/config.default.js",
    "start": 1648546807549,
    "end": 1648546807550,
    "duration": 1,
    "pid": 45948,
    "index": 8
  },
  {
    "name": "Require(5) node_modules/egg-onerror/config/config.default.js",
    "start": 1648546807550,
    "end": 1648546807550,
    "duration": 0,
    "pid": 45948,
    "index": 9
  },
  {
    "name": "Require(6) node_modules/egg-i18n/config/config.default.js",
    "start": 1648546807550,
    "end": 1648546807550,
    "duration": 0,
    "pid": 45948,
    "index": 10
  },
  {
    "name": "Require(7) node_modules/egg-watcher/config/config.default.js",
    "start": 1648546807551,
    "end": 1648546807551,
    "duration": 0,
    "pid": 45948,
    "index": 11
  },
  {
    "name": "Require(8) node_modules/egg-schedule/config/config.default.js",
    "start": 1648546807551,
    "end": 1648546807552,
    "duration": 1,
    "pid": 45948,
    "index": 12
  },
  {
    "name": "Require(9) node_modules/egg-multipart/config/config.default.js",
    "start": 1648546807552,
    "end": 1648546807552,
    "duration": 0,
    "pid": 45948,
    "index": 13
  },
  {
    "name": "Require(10) node_modules/egg-development/config/config.default.js",
    "start": 1648546807552,
    "end": 1648546807553,
    "duration": 1,
    "pid": 45948,
    "index": 14
  },
  {
    "name": "Require(11) node_modules/egg-logrotator/config/config.default.js",
    "start": 1648546807553,
    "end": 1648546807553,
    "duration": 0,
    "pid": 45948,
    "index": 15
  },
  {
    "name": "Require(12) node_modules/egg-static/config/config.default.js",
    "start": 1648546807553,
    "end": 1648546807554,
    "duration": 1,
    "pid": 45948,
    "index": 16
  },
  {
    "name": "Require(13) node_modules/egg-view/config/config.default.js",
    "start": 1648546807554,
    "end": 1648546807554,
    "duration": 0,
    "pid": 45948,
    "index": 17
  },
  {
    "name": "Require(14) node_modules/egg-mongoose/config/config.default.js",
    "start": 1648546807555,
    "end": 1648546807555,
    "duration": 0,
    "pid": 45948,
    "index": 18
  },
  {
    "name": "Require(15) node_modules/egg-validate/config/config.default.js",
    "start": 1648546807555,
    "end": 1648546807555,
    "duration": 0,
    "pid": 45948,
    "index": 19
  },
  {
    "name": "Require(16) node_modules/egg-cors/config/config.default.js",
    "start": 1648546807555,
    "end": 1648546807556,
    "duration": 1,
    "pid": 45948,
    "index": 20
  },
  {
    "name": "Require(17) node_modules/egg/config/config.default.js",
    "start": 1648546807556,
    "end": 1648546807556,
    "duration": 0,
    "pid": 45948,
    "index": 21
  },
  {
    "name": "Require(18) config/config.default.js",
    "start": 1648546807557,
    "end": 1648546807557,
    "duration": 0,
    "pid": 45948,
    "index": 22
  },
  {
    "name": "Require(19) node_modules/egg-security/config/config.local.js",
    "start": 1648546807557,
    "end": 1648546807558,
    "duration": 1,
    "pid": 45948,
    "index": 23
  },
  {
    "name": "Require(20) node_modules/egg-watcher/config/config.local.js",
    "start": 1648546807559,
    "end": 1648546807559,
    "duration": 0,
    "pid": 45948,
    "index": 24
  },
  {
    "name": "Require(21) node_modules/egg-view/config/config.local.js",
    "start": 1648546807560,
    "end": 1648546807560,
    "duration": 0,
    "pid": 45948,
    "index": 25
  },
  {
    "name": "Require(22) node_modules/egg/config/config.local.js",
    "start": 1648546807562,
    "end": 1648546807562,
    "duration": 0,
    "pid": 45948,
    "index": 26
  },
  {
    "name": "Require(23) config/config.local.js",
    "start": 1648546807562,
    "end": 1648546807562,
    "duration": 0,
    "pid": 45948,
    "index": 27
  },
  {
    "name": "Load extend/application.js",
    "start": 1648546807563,
    "end": 1648546807595,
    "duration": 32,
    "pid": 45948,
    "index": 28
  },
  {
    "name": "Require(24) node_modules/egg-session/app/extend/application.js",
    "start": 1648546807563,
    "end": 1648546807564,
    "duration": 1,
    "pid": 45948,
    "index": 29
  },
  {
    "name": "Require(25) node_modules/egg-security/app/extend/application.js",
    "start": 1648546807564,
    "end": 1648546807564,
    "duration": 0,
    "pid": 45948,
    "index": 30
  },
  {
    "name": "Require(26) node_modules/egg-jsonp/app/extend/application.js",
    "start": 1648546807565,
    "end": 1648546807565,
    "duration": 0,
    "pid": 45948,
    "index": 31
  },
  {
    "name": "Require(27) node_modules/egg-logrotator/app/extend/application.js",
    "start": 1648546807566,
    "end": 1648546807567,
    "duration": 1,
    "pid": 45948,
    "index": 32
  },
  {
    "name": "Require(28) node_modules/egg-view/app/extend/application.js",
    "start": 1648546807567,
    "end": 1648546807568,
    "duration": 1,
    "pid": 45948,
    "index": 33
  },
  {
    "name": "Require(29) app/extend/application.js",
    "start": 1648546807568,
    "end": 1648546807594,
    "duration": 26,
    "pid": 45948,
    "index": 34
  },
  {
    "name": "Load extend/request.js",
    "start": 1648546807595,
    "end": 1648546807599,
    "duration": 4,
    "pid": 45948,
    "index": 35
  },
  {
    "name": "Require(30) node_modules/egg/app/extend/request.js",
    "start": 1648546807597,
    "end": 1648546807597,
    "duration": 0,
    "pid": 45948,
    "index": 36
  },
  {
    "name": "Load extend/response.js",
    "start": 1648546807599,
    "end": 1648546807602,
    "duration": 3,
    "pid": 45948,
    "index": 37
  },
  {
    "name": "Require(31) node_modules/egg/app/extend/response.js",
    "start": 1648546807600,
    "end": 1648546807601,
    "duration": 1,
    "pid": 45948,
    "index": 38
  },
  {
    "name": "Load extend/context.js",
    "start": 1648546807602,
    "end": 1648546807639,
    "duration": 37,
    "pid": 45948,
    "index": 39
  },
  {
    "name": "Require(32) node_modules/egg-security/app/extend/context.js",
    "start": 1648546807602,
    "end": 1648546807607,
    "duration": 5,
    "pid": 45948,
    "index": 40
  },
  {
    "name": "Require(33) node_modules/egg-jsonp/app/extend/context.js",
    "start": 1648546807607,
    "end": 1648546807608,
    "duration": 1,
    "pid": 45948,
    "index": 41
  },
  {
    "name": "Require(34) node_modules/egg-i18n/app/extend/context.js",
    "start": 1648546807608,
    "end": 1648546807608,
    "duration": 0,
    "pid": 45948,
    "index": 42
  },
  {
    "name": "Require(35) node_modules/egg-multipart/app/extend/context.js",
    "start": 1648546807608,
    "end": 1648546807635,
    "duration": 27,
    "pid": 45948,
    "index": 43
  },
  {
    "name": "Require(36) node_modules/egg-view/app/extend/context.js",
    "start": 1648546807636,
    "end": 1648546807636,
    "duration": 0,
    "pid": 45948,
    "index": 44
  },
  {
    "name": "Require(37) node_modules/egg-mongoose/app/extend/context.js",
    "start": 1648546807637,
    "end": 1648546807637,
    "duration": 0,
    "pid": 45948,
    "index": 45
  },
  {
    "name": "Require(38) node_modules/egg-validate/app/extend/context.js",
    "start": 1648546807637,
    "end": 1648546807637,
    "duration": 0,
    "pid": 45948,
    "index": 46
  },
  {
    "name": "Require(39) node_modules/egg/app/extend/context.js",
    "start": 1648546807638,
    "end": 1648546807638,
    "duration": 0,
    "pid": 45948,
    "index": 47
  },
  {
    "name": "Load extend/helper.js",
    "start": 1648546807640,
    "end": 1648546807651,
    "duration": 11,
    "pid": 45948,
    "index": 48
  },
  {
    "name": "Require(40) node_modules/egg-security/app/extend/helper.js",
    "start": 1648546807640,
    "end": 1648546807648,
    "duration": 8,
    "pid": 45948,
    "index": 49
  },
  {
    "name": "Require(41) node_modules/egg/app/extend/helper.js",
    "start": 1648546807649,
    "end": 1648546807649,
    "duration": 0,
    "pid": 45948,
    "index": 50
  },
  {
    "name": "Require(42) app/extend/helper.js",
    "start": 1648546807650,
    "end": 1648546807650,
    "duration": 0,
    "pid": 45948,
    "index": 51
  },
  {
    "name": "Load app.js",
    "start": 1648546807651,
    "end": 1648546807672,
    "duration": 21,
    "pid": 45948,
    "index": 52
  },
  {
    "name": "Require(43) node_modules/egg-session/app.js",
    "start": 1648546807651,
    "end": 1648546807652,
    "duration": 1,
    "pid": 45948,
    "index": 53
  },
  {
    "name": "Require(44) node_modules/egg-security/app.js",
    "start": 1648546807652,
    "end": 1648546807653,
    "duration": 1,
    "pid": 45948,
    "index": 54
  },
  {
    "name": "Require(45) node_modules/egg-onerror/app.js",
    "start": 1648546807653,
    "end": 1648546807657,
    "duration": 4,
    "pid": 45948,
    "index": 55
  },
  {
    "name": "Require(46) node_modules/egg-i18n/app.js",
    "start": 1648546807657,
    "end": 1648546807666,
    "duration": 9,
    "pid": 45948,
    "index": 56
  },
  {
    "name": "Require(47) node_modules/egg-watcher/app.js",
    "start": 1648546807666,
    "end": 1648546807667,
    "duration": 1,
    "pid": 45948,
    "index": 57
  },
  {
    "name": "Require(48) node_modules/egg-schedule/app.js",
    "start": 1648546807668,
    "end": 1648546807668,
    "duration": 0,
    "pid": 45948,
    "index": 58
  },
  {
    "name": "Require(49) node_modules/egg-multipart/app.js",
    "start": 1648546807669,
    "end": 1648546807669,
    "duration": 0,
    "pid": 45948,
    "index": 59
  },
  {
    "name": "Require(50) node_modules/egg-development/app.js",
    "start": 1648546807669,
    "end": 1648546807669,
    "duration": 0,
    "pid": 45948,
    "index": 60
  },
  {
    "name": "Require(51) node_modules/egg-logrotator/app.js",
    "start": 1648546807669,
    "end": 1648546807669,
    "duration": 0,
    "pid": 45948,
    "index": 61
  },
  {
    "name": "Require(52) node_modules/egg-static/app.js",
    "start": 1648546807670,
    "end": 1648546807670,
    "duration": 0,
    "pid": 45948,
    "index": 62
  },
  {
    "name": "Require(53) node_modules/egg-mongoose/app.js",
    "start": 1648546807670,
    "end": 1648546807670,
    "duration": 0,
    "pid": 45948,
    "index": 63
  },
  {
    "name": "Require(54) node_modules/egg-validate/app.js",
    "start": 1648546807670,
    "end": 1648546807671,
    "duration": 1,
    "pid": 45948,
    "index": 64
  },
  {
    "name": "Require(55) node_modules/egg-cors/app.js",
    "start": 1648546807671,
    "end": 1648546807672,
    "duration": 1,
    "pid": 45948,
    "index": 65
  },
  {
    "name": "Before Start in node_modules/egg-watcher/lib/init.js:15:14",
    "start": 1648546807678,
    "end": 1648546808069,
    "duration": 391,
    "pid": 45948,
    "index": 66
  },
  {
    "name": "Before Start in node_modules/egg-mongoose/lib/mongoose.js:104:7",
    "start": 1648546807940,
    "end": 1648546808067,
    "duration": 127,
    "pid": 45948,
    "index": 67
  },
  {
    "name": "Before Start in node_modules/egg-mongoose/lib/mongoose.js:52:9",
    "start": 1648546807940,
    "end": 1648546808056,
    "duration": 116,
    "pid": 45948,
    "index": 68
  },
  {
    "name": "Load Service",
    "start": 1648546807940,
    "end": 1648546807962,
    "duration": 22,
    "pid": 45948,
    "index": 69
  },
  {
    "name": "Load \"service\" to Context",
    "start": 1648546807940,
    "end": 1648546807962,
    "duration": 22,
    "pid": 45948,
    "index": 70
  },
  {
    "name": "Load Middleware",
    "start": 1648546807962,
    "end": 1648546808033,
    "duration": 71,
    "pid": 45948,
    "index": 71
  },
  {
    "name": "Load \"middlewares\" to Application",
    "start": 1648546807962,
    "end": 1648546808027,
    "duration": 65,
    "pid": 45948,
    "index": 72
  },
  {
    "name": "Load Controller",
    "start": 1648546808033,
    "end": 1648546808036,
    "duration": 3,
    "pid": 45948,
    "index": 73
  },
  {
    "name": "Load \"controller\" to Application",
    "start": 1648546808033,
    "end": 1648546808036,
    "duration": 3,
    "pid": 45948,
    "index": 74
  },
  {
    "name": "Load Router",
    "start": 1648546808036,
    "end": 1648546808038,
    "duration": 2,
    "pid": 45948,
    "index": 75
  },
  {
    "name": "Require(56) app/router.js",
    "start": 1648546808036,
    "end": 1648546808036,
    "duration": 0,
    "pid": 45948,
    "index": 76
  },
  {
    "name": "Before Start in node_modules/egg-core/lib/egg.js:303:10",
    "start": 1648546808036,
    "end": 1648546808056,
    "duration": 20,
    "pid": 45948,
    "index": 77
  },
  {
    "name": "Load \"model\" to Application",
    "start": 1648546808043,
    "end": 1648546808056,
    "duration": 13,
    "pid": 45948,
    "index": 78
  }
]