{
  "keys": "C:\\Users\\lihuawei\\Desktop\\youtubeclone-backend\\config\\config.default.js",
  "middleware": "C:\\Users\\lihuawei\\Desktop\\youtubeclone-backend\\config\\config.default.js",
  "mongoose": {
    "client": {
      "url": "C:\\Users\\lihuawei\\Desktop\\youtubeclone-backend\\config\\config.default.js",
      "options": {
        "useUnifiedTopology": "C:\\Users\\lihuawei\\Desktop\\youtubeclone-backend\\config\\config.default.js"
      },
      "plugins": "C:\\Users\\lihuawei\\Desktop\\youtubeclone-backend\\config\\config.default.js"
    },
    "url": "C:\\Users\\lihuawei\\Desktop\\youtubeclone-backend\\node_modules\\egg-mongoose\\config\\config.default.js",
    "options": "C:\\Users\\lihuawei\\Desktop\\youtubeclone-backend\\node_modules\\egg-mongoose\\config\\config.default.js",
    "plugins": "C:\\Users\\lihuawei\\Desktop\\youtubeclone-backend\\node_modules\\egg-mongoose\\config\\config.default.js",
    "loadModel": "C:\\Users\\lihuawei\\Desktop\\youtubeclone-backend\\node_modules\\egg-mongoose\\config\\config.default.js",
    "app": "C:\\Users\\lihuawei\\Desktop\\youtubeclone-backend\\node_modules\\egg-mongoose\\config\\config.default.js",
    "agent": "C:\\Users\\lihuawei\\Desktop\\youtubeclone-backend\\node_modules\\egg-mongoose\\config\\config.default.js"
  },
  "security": {
    "csrf": {
      "enable": "C:\\Users\\lihuawei\\Desktop\\youtubeclone-backend\\config\\config.default.js",
      "type": "C:\\Users\\lihuawei\\Desktop\\youtubeclone-backend\\node_modules\\egg-security\\config\\config.default.js",
      "ignoreJSON": "C:\\Users\\lihuawei\\Desktop\\youtubeclone-backend\\node_modules\\egg-security\\config\\config.default.js",
      "useSession": "C:\\Users\\lihuawei\\Desktop\\youtubeclone-backend\\node_modules\\egg-security\\config\\config.default.js",
      "cookieName": "C:\\Users\\lihuawei\\Desktop\\youtubeclone-backend\\node_modules\\egg-security\\config\\config.default.js",
      "sessionName": "C:\\Users\\lihuawei\\Desktop\\youtubeclone-backend\\node_modules\\egg-security\\config\\config.default.js",
      "headerName": "C:\\Users\\lihuawei\\Desktop\\youtubeclone-backend\\node_modules\\egg-security\\config\\config.default.js",
      "bodyName": "C:\\Users\\lihuawei\\Desktop\\youtubeclone-backend\\node_modules\\egg-security\\config\\config.default.js",
      "queryName": "C:\\Users\\lihuawei\\Desktop\\youtubeclone-backend\\node_modules\\egg-security\\config\\config.default.js",
      "refererWhiteList": "C:\\Users\\lihuawei\\Desktop\\youtubeclone-backend\\node_modules\\egg-security\\config\\config.default.js"
    },
    "domainWhiteList": "C:\\Users\\lihuawei\\Desktop\\youtubeclone-backend\\node_modules\\egg-security\\config\\config.default.js",
    "protocolWhiteList": "C:\\Users\\lihuawei\\Desktop\\youtubeclone-backend\\node_modules\\egg-security\\config\\config.default.js",
    "defaultMiddleware": "C:\\Users\\lihuawei\\Desktop\\youtubeclone-backend\\node_modules\\egg-security\\config\\config.default.js",
    "xframe": {
      "enable": "C:\\Users\\lihuawei\\Desktop\\youtubeclone-backend\\node_modules\\egg-security\\config\\config.default.js",
      "value": "C:\\Users\\lihuawei\\Desktop\\youtubeclone-backend\\node_modules\\egg-security\\config\\config.default.js"
    },
    "hsts": {
      "enable": "C:\\Users\\lihuawei\\Desktop\\youtubeclone-backend\\node_modules\\egg-security\\config\\config.local.js",
      "maxAge": "C:\\Users\\lihuawei\\Desktop\\youtubeclone-backend\\node_modules\\egg-security\\config\\config.default.js",
      "includeSubdomains": "C:\\Users\\lihuawei\\Desktop\\youtubeclone-backend\\node_modules\\egg-security\\config\\config.default.js"
    },
    "dta": {
      "enable": "C:\\Users\\lihuawei\\Desktop\\youtubeclone-backend\\node_modules\\egg-security\\config\\config.default.js"
    },
    "methodnoallow": {
      "enable": "C:\\Users\\lihuawei\\Desktop\\youtubeclone-backend\\node_modules\\egg-security\\config\\config.default.js"
    },
    "noopen": {
      "enable": "C:\\Users\\lihuawei\\Desktop\\youtubeclone-backend\\node_modules\\egg-security\\config\\config.default.js"
    },
    "nosniff": {
      "enable": "C:\\Users\\lihuawei\\Desktop\\youtubeclone-backend\\node_modules\\egg-security\\config\\config.default.js"
    },
    "referrerPolicy": {
      "enable": "C:\\Users\\lihuawei\\Desktop\\youtubeclone-backend\\node_modules\\egg-security\\config\\config.default.js",
      "value": "C:\\Users\\lihuawei\\Desktop\\youtubeclone-backend\\node_modules\\egg-security\\config\\config.default.js"
    },
    "xssProtection": {
      "enable": "C:\\Users\\lihuawei\\Desktop\\youtubeclone-backend\\node_modules\\egg-security\\config\\config.default.js",
      "value": "C:\\Users\\lihuawei\\Desktop\\youtubeclone-backend\\node_modules\\egg-security\\config\\config.default.js"
    },
    "csp": {
      "enable": "C:\\Users\\lihuawei\\Desktop\\youtubeclone-backend\\node_modules\\egg-security\\config\\config.default.js",
      "policy": "C:\\Users\\lihuawei\\Desktop\\youtubeclone-backend\\node_modules\\egg-security\\config\\config.default.js"
    },
    "ssrf": {
      "ipBlackList": "C:\\Users\\lihuawei\\Desktop\\youtubeclone-backend\\node_modules\\egg-security\\config\\config.default.js",
      "ipExceptionList": "C:\\Users\\lihuawei\\Desktop\\youtubeclone-backend\\node_modules\\egg-security\\config\\config.default.js",
      "checkAddress": "C:\\Users\\lihuawei\\Desktop\\youtubeclone-backend\\node_modules\\egg-security\\config\\config.default.js"
    }
  },
  "jwt": {
    "secret": "C:\\Users\\lihuawei\\Desktop\\youtubeclone-backend\\config\\config.default.js",
    "expiresIn": "C:\\Users\\lihuawei\\Desktop\\youtubeclone-backend\\config\\config.default.js"
  },
  "cors": {
    "origin": "C:\\Users\\lihuawei\\Desktop\\youtubeclone-backend\\config\\config.default.js"
  },
  "vod": {
    "accessKeyId": "C:\\Users\\lihuawei\\Desktop\\youtubeclone-backend\\config\\config.local.js",
    "accessKeySecret": "C:\\Users\\lihuawei\\Desktop\\youtubeclone-backend\\config\\config.local.js"
  },
  "session": {
    "maxAge": "C:\\Users\\lihuawei\\Desktop\\youtubeclone-backend\\node_modules\\egg-session\\config\\config.default.js",
    "key": "C:\\Users\\lihuawei\\Desktop\\youtubeclone-backend\\node_modules\\egg-session\\config\\config.default.js",
    "httpOnly": "C:\\Users\\lihuawei\\Desktop\\youtubeclone-backend\\node_modules\\egg-session\\config\\config.default.js",
    "encrypt": "C:\\Users\\lihuawei\\Desktop\\youtubeclone-backend\\node_modules\\egg-session\\config\\config.default.js",
    "logValue": "C:\\Users\\lihuawei\\Desktop\\youtubeclone-backend\\node_modules\\egg-session\\config\\config.default.js"
  },
  "helper": {
    "shtml": "C:\\Users\\lihuawei\\Desktop\\youtubeclone-backend\\node_modules\\egg-security\\config\\config.default.js"
  },
  "jsonp": {
    "limit": "C:\\Users\\lihuawei\\Desktop\\youtubeclone-backend\\node_modules\\egg-jsonp\\config\\config.default.js",
    "callback": "C:\\Users\\lihuawei\\Desktop\\youtubeclone-backend\\node_modules\\egg-jsonp\\config\\config.default.js",
    "csrf": "C:\\Users\\lihuawei\\Desktop\\youtubeclone-backend\\node_modules\\egg-jsonp\\config\\config.default.js"
  },
  "onerror": {
    "errorPageUrl": "C:\\Users\\lihuawei\\Desktop\\youtubeclone-backend\\node_modules\\egg-onerror\\config\\config.default.js",
    "appErrorFilter": "C:\\Users\\lihuawei\\Desktop\\youtubeclone-backend\\node_modules\\egg-onerror\\config\\config.default.js",
    "templatePath": "C:\\Users\\lihuawei\\Desktop\\youtubeclone-backend\\node_modules\\egg-onerror\\config\\config.default.js"
  },
  "i18n": {
    "defaultLocale": "C:\\Users\\lihuawei\\Desktop\\youtubeclone-backend\\node_modules\\egg-i18n\\config\\config.default.js",
    "dirs": "C:\\Users\\lihuawei\\Desktop\\youtubeclone-backend\\node_modules\\egg-i18n\\config\\config.default.js",
    "queryField": "C:\\Users\\lihuawei\\Desktop\\youtubeclone-backend\\node_modules\\egg-i18n\\config\\config.default.js",
    "cookieField": "C:\\Users\\lihuawei\\Desktop\\youtubeclone-backend\\node_modules\\egg-i18n\\config\\config.default.js",
    "cookieDomain": "C:\\Users\\lihuawei\\Desktop\\youtubeclone-backend\\node_modules\\egg-i18n\\config\\config.default.js",
    "cookieMaxAge": "C:\\Users\\lihuawei\\Desktop\\youtubeclone-backend\\node_modules\\egg-i18n\\config\\config.default.js"
  },
  "watcher": {
    "type": "C:\\Users\\lihuawei\\Desktop\\youtubeclone-backend\\node_modules\\egg-watcher\\config\\config.local.js",
    "eventSources": {
      "default": "C:\\Users\\lihuawei\\Desktop\\youtubeclone-backend\\node_modules\\egg-watcher\\config\\config.default.js",
      "development": "C:\\Users\\lihuawei\\Desktop\\youtubeclone-backend\\node_modules\\egg-watcher\\config\\config.default.js"
    }
  },
  "customLogger": {
    "scheduleLogger": {
      "consoleLevel": "C:\\Users\\lihuawei\\Desktop\\youtubeclone-backend\\node_modules\\egg-schedule\\config\\config.default.js",
      "file": "C:\\Users\\lihuawei\\Desktop\\youtubeclone-backend\\node_modules\\egg-schedule\\config\\config.default.js"
    }
  },
  "schedule": {
    "directory": "C:\\Users\\lihuawei\\Desktop\\youtubeclone-backend\\node_modules\\egg-schedule\\config\\config.default.js"
  },
  "multipart": {
    "mode": "C:\\Users\\lihuawei\\Desktop\\youtubeclone-backend\\node_modules\\egg-multipart\\config\\config.default.js",
    "autoFields": "C:\\Users\\lihuawei\\Desktop\\youtubeclone-backend\\node_modules\\egg-multipart\\config\\config.default.js",
    "defaultCharset": "C:\\Users\\lihuawei\\Desktop\\youtubeclone-backend\\node_modules\\egg-multipart\\config\\config.default.js",
    "fieldNameSize": "C:\\Users\\lihuawei\\Desktop\\youtubeclone-backend\\node_modules\\egg-multipart\\config\\config.default.js",
    "fieldSize": "C:\\Users\\lihuawei\\Desktop\\youtubeclone-backend\\node_modules\\egg-multipart\\config\\config.default.js",
    "fields": "C:\\Users\\lihuawei\\Desktop\\youtubeclone-backend\\node_modules\\egg-multipart\\config\\config.default.js",
    "fileSize": "C:\\Users\\lihuawei\\Desktop\\youtubeclone-backend\\node_modules\\egg-multipart\\config\\config.default.js",
    "files": "C:\\Users\\lihuawei\\Desktop\\youtubeclone-backend\\node_modules\\egg-multipart\\config\\config.default.js",
    "fileExtensions": "C:\\Users\\lihuawei\\Desktop\\youtubeclone-backend\\node_modules\\egg-multipart\\config\\config.default.js",
    "whitelist": "C:\\Users\\lihuawei\\Desktop\\youtubeclone-backend\\node_modules\\egg-multipart\\config\\config.default.js",
    "allowArrayField": "C:\\Users\\lihuawei\\Desktop\\youtubeclone-backend\\node_modules\\egg-multipart\\config\\config.default.js",
    "tmpdir": "C:\\Users\\lihuawei\\Desktop\\youtubeclone-backend\\node_modules\\egg-multipart\\config\\config.default.js",
    "cleanSchedule": {
      "cron": "C:\\Users\\lihuawei\\Desktop\\youtubeclone-backend\\node_modules\\egg-multipart\\config\\config.default.js",
      "disable": "C:\\Users\\lihuawei\\Desktop\\youtubeclone-backend\\node_modules\\egg-multipart\\config\\config.default.js"
    }
  },
  "development": {
    "watchDirs": "C:\\Users\\lihuawei\\Desktop\\youtubeclone-backend\\node_modules\\egg-development\\config\\config.default.js",
    "ignoreDirs": "C:\\Users\\lihuawei\\Desktop\\youtubeclone-backend\\node_modules\\egg-development\\config\\config.default.js",
    "fastReady": "C:\\Users\\lihuawei\\Desktop\\youtubeclone-backend\\node_modules\\egg-development\\config\\config.default.js",
    "reloadOnDebug": "C:\\Users\\lihuawei\\Desktop\\youtubeclone-backend\\node_modules\\egg-development\\config\\config.default.js",
    "overrideDefault": "C:\\Users\\lihuawei\\Desktop\\youtubeclone-backend\\node_modules\\egg-development\\config\\config.default.js",
    "overrideIgnore": "C:\\Users\\lihuawei\\Desktop\\youtubeclone-backend\\node_modules\\egg-development\\config\\config.default.js"
  },
  "logrotator": {
    "filesRotateByHour": "C:\\Users\\lihuawei\\Desktop\\youtubeclone-backend\\node_modules\\egg-logrotator\\config\\config.default.js",
    "hourDelimiter": "C:\\Users\\lihuawei\\Desktop\\youtubeclone-backend\\node_modules\\egg-logrotator\\config\\config.default.js",
    "filesRotateBySize": "C:\\Users\\lihuawei\\Desktop\\youtubeclone-backend\\node_modules\\egg-logrotator\\config\\config.default.js",
    "maxFileSize": "C:\\Users\\lihuawei\\Desktop\\youtubeclone-backend\\node_modules\\egg-logrotator\\config\\config.default.js",
    "maxFiles": "C:\\Users\\lihuawei\\Desktop\\youtubeclone-backend\\node_modules\\egg-logrotator\\config\\config.default.js",
    "rotateDuration": "C:\\Users\\lihuawei\\Desktop\\youtubeclone-backend\\node_modules\\egg-logrotator\\config\\config.default.js",
    "maxDays": "C:\\Users\\lihuawei\\Desktop\\youtubeclone-backend\\node_modules\\egg-logrotator\\config\\config.default.js"
  },
  "static": {
    "prefix": "C:\\Users\\lihuawei\\Desktop\\youtubeclone-backend\\node_modules\\egg-static\\config\\config.default.js",
    "dir": "C:\\Users\\lihuawei\\Desktop\\youtubeclone-backend\\node_modules\\egg-static\\config\\config.default.js",
    "dynamic": "C:\\Users\\lihuawei\\Desktop\\youtubeclone-backend\\node_modules\\egg-static\\config\\config.default.js",
    "preload": "C:\\Users\\lihuawei\\Desktop\\youtubeclone-backend\\node_modules\\egg-static\\config\\config.default.js",
    "buffer": "C:\\Users\\lihuawei\\Desktop\\youtubeclone-backend\\node_modules\\egg-static\\config\\config.default.js",
    "maxFiles": "C:\\Users\\lihuawei\\Desktop\\youtubeclone-backend\\node_modules\\egg-static\\config\\config.default.js"
  },
  "view": {
    "root": "C:\\Users\\lihuawei\\Desktop\\youtubeclone-backend\\node_modules\\egg-view\\config\\config.default.js",
    "cache": "C:\\Users\\lihuawei\\Desktop\\youtubeclone-backend\\node_modules\\egg-view\\config\\config.local.js",
    "defaultExtension": "C:\\Users\\lihuawei\\Desktop\\youtubeclone-backend\\node_modules\\egg-view\\config\\config.default.js",
    "defaultViewEngine": "C:\\Users\\lihuawei\\Desktop\\youtubeclone-backend\\node_modules\\egg-view\\config\\config.default.js",
    "mapping": "C:\\Users\\lihuawei\\Desktop\\youtubeclone-backend\\node_modules\\egg-view\\config\\config.default.js"
  },
  "validate": "C:\\Users\\lihuawei\\Desktop\\youtubeclone-backend\\node_modules\\egg-validate\\config\\config.default.js",
  "env": "C:\\Users\\lihuawei\\Desktop\\youtubeclone-backend\\node_modules\\egg\\config\\config.default.js",
  "name": "C:\\Users\\lihuawei\\Desktop\\youtubeclone-backend\\node_modules\\egg\\config\\config.default.js",
  "cookies": "C:\\Users\\lihuawei\\Desktop\\youtubeclone-backend\\node_modules\\egg\\config\\config.default.js",
  "proxy": "C:\\Users\\lihuawei\\Desktop\\youtubeclone-backend\\node_modules\\egg\\config\\config.default.js",
  "maxIpsCount": "C:\\Users\\lihuawei\\Desktop\\youtubeclone-backend\\node_modules\\egg\\config\\config.default.js",
  "maxProxyCount": "C:\\Users\\lihuawei\\Desktop\\youtubeclone-backend\\node_modules\\egg\\config\\config.default.js",
  "protocolHeaders": "C:\\Users\\lihuawei\\Desktop\\youtubeclone-backend\\node_modules\\egg\\config\\config.default.js",
  "ipHeaders": "C:\\Users\\lihuawei\\Desktop\\youtubeclone-backend\\node_modules\\egg\\config\\config.default.js",
  "hostHeaders": "C:\\Users\\lihuawei\\Desktop\\youtubeclone-backend\\node_modules\\egg\\config\\config.default.js",
  "pkg": {
    "name": "C:\\Users\\lihuawei\\Desktop\\youtubeclone-backend\\node_modules\\egg\\config\\config.default.js",
    "version": "C:\\Users\\lihuawei\\Desktop\\youtubeclone-backend\\node_modules\\egg\\config\\config.default.js",
    "description": "C:\\Users\\lihuawei\\Desktop\\youtubeclone-backend\\node_modules\\egg\\config\\config.default.js",
    "private": "C:\\Users\\lihuawei\\Desktop\\youtubeclone-backend\\node_modules\\egg\\config\\config.default.js",
    "egg": {
      "declarations": "C:\\Users\\lihuawei\\Desktop\\youtubeclone-backend\\node_modules\\egg\\config\\config.default.js"
    },
    "dependencies": {
      "@alicloud/pop-core": "C:\\Users\\lihuawei\\Desktop\\youtubeclone-backend\\node_modules\\egg\\config\\config.default.js",
      "egg": "C:\\Users\\lihuawei\\Desktop\\youtubeclone-backend\\node_modules\\egg\\config\\config.default.js",
      "egg-cors": "C:\\Users\\lihuawei\\Desktop\\youtubeclone-backend\\node_modules\\egg\\config\\config.default.js",
      "egg-mongoose": "C:\\Users\\lihuawei\\Desktop\\youtubeclone-backend\\node_modules\\egg\\config\\config.default.js",
      "egg-scripts": "C:\\Users\\lihuawei\\Desktop\\youtubeclone-backend\\node_modules\\egg\\config\\config.default.js",
      "egg-validate": "C:\\Users\\lihuawei\\Desktop\\youtubeclone-backend\\node_modules\\egg\\config\\config.default.js",
      "jsonwebtoken": "C:\\Users\\lihuawei\\Desktop\\youtubeclone-backend\\node_modules\\egg\\config\\config.default.js"
    },
    "devDependencies": {
      "autod": "C:\\Users\\lihuawei\\Desktop\\youtubeclone-backend\\node_modules\\egg\\config\\config.default.js",
      "autod-egg": "C:\\Users\\lihuawei\\Desktop\\youtubeclone-backend\\node_modules\\egg\\config\\config.default.js",
      "egg-bin": "C:\\Users\\lihuawei\\Desktop\\youtubeclone-backend\\node_modules\\egg\\config\\config.default.js",
      "egg-ci": "C:\\Users\\lihuawei\\Desktop\\youtubeclone-backend\\node_modules\\egg\\config\\config.default.js",
      "egg-mock": "C:\\Users\\lihuawei\\Desktop\\youtubeclone-backend\\node_modules\\egg\\config\\config.default.js",
      "eslint": "C:\\Users\\lihuawei\\Desktop\\youtubeclone-backend\\node_modules\\egg\\config\\config.default.js",
      "eslint-config-egg": "C:\\Users\\lihuawei\\Desktop\\youtubeclone-backend\\node_modules\\egg\\config\\config.default.js"
    },
    "engines": {
      "node": "C:\\Users\\lihuawei\\Desktop\\youtubeclone-backend\\node_modules\\egg\\config\\config.default.js"
    },
    "scripts": {
      "start": "C:\\Users\\lihuawei\\Desktop\\youtubeclone-backend\\node_modules\\egg\\config\\config.default.js",
      "stop": "C:\\Users\\lihuawei\\Desktop\\youtubeclone-backend\\node_modules\\egg\\config\\config.default.js",
      "dev": "C:\\Users\\lihuawei\\Desktop\\youtubeclone-backend\\node_modules\\egg\\config\\config.default.js",
      "debug": "C:\\Users\\lihuawei\\Desktop\\youtubeclone-backend\\node_modules\\egg\\config\\config.default.js",
      "test": "C:\\Users\\lihuawei\\Desktop\\youtubeclone-backend\\node_modules\\egg\\config\\config.default.js",
      "test-local": "C:\\Users\\lihuawei\\Desktop\\youtubeclone-backend\\node_modules\\egg\\config\\config.default.js",
      "cov": "C:\\Users\\lihuawei\\Desktop\\youtubeclone-backend\\node_modules\\egg\\config\\config.default.js",
      "lint": "C:\\Users\\lihuawei\\Desktop\\youtubeclone-backend\\node_modules\\egg\\config\\config.default.js",
      "ci": "C:\\Users\\lihuawei\\Desktop\\youtubeclone-backend\\node_modules\\egg\\config\\config.default.js",
      "autod": "C:\\Users\\lihuawei\\Desktop\\youtubeclone-backend\\node_modules\\egg\\config\\config.default.js"
    },
    "ci": {
      "version": "C:\\Users\\lihuawei\\Desktop\\youtubeclone-backend\\node_modules\\egg\\config\\config.default.js"
    },
    "repository": {
      "type": "C:\\Users\\lihuawei\\Desktop\\youtubeclone-backend\\node_modules\\egg\\config\\config.default.js",
      "url": "C:\\Users\\lihuawei\\Desktop\\youtubeclone-backend\\node_modules\\egg\\config\\config.default.js"
    },
    "author": "C:\\Users\\lihuawei\\Desktop\\youtubeclone-backend\\node_modules\\egg\\config\\config.default.js",
    "license": "C:\\Users\\lihuawei\\Desktop\\youtubeclone-backend\\node_modules\\egg\\config\\config.default.js"
  },
  "baseDir": "C:\\Users\\lihuawei\\Desktop\\youtubeclone-backend\\node_modules\\egg\\config\\config.default.js",
  "HOME": "C:\\Users\\lihuawei\\Desktop\\youtubeclone-backend\\node_modules\\egg\\config\\config.default.js",
  "rundir": "C:\\Users\\lihuawei\\Desktop\\youtubeclone-backend\\node_modules\\egg\\config\\config.default.js",
  "dump": {
    "ignore": "C:\\Users\\lihuawei\\Desktop\\youtubeclone-backend\\node_modules\\egg\\config\\config.default.js"
  },
  "confusedConfigurations": {
    "bodyparser": "C:\\Users\\lihuawei\\Desktop\\youtubeclone-backend\\node_modules\\egg\\config\\config.default.js",
    "notFound": "C:\\Users\\lihuawei\\Desktop\\youtubeclone-backend\\node_modules\\egg\\config\\config.default.js",
    "sitefile": "C:\\Users\\lihuawei\\Desktop\\youtubeclone-backend\\node_modules\\egg\\config\\config.default.js",
    "middlewares": "C:\\Users\\lihuawei\\Desktop\\youtubeclone-backend\\node_modules\\egg\\config\\config.default.js",
    "httpClient": "C:\\Users\\lihuawei\\Desktop\\youtubeclone-backend\\node_modules\\egg\\config\\config.default.js"
  },
  "notfound": {
    "pageUrl": "C:\\Users\\lihuawei\\Desktop\\youtubeclone-backend\\node_modules\\egg\\config\\config.default.js"
  },
  "siteFile": {
    "/favicon.ico": "C:\\Users\\lihuawei\\Desktop\\youtubeclone-backend\\node_modules\\egg\\config\\config.default.js",
    "cacheControl": "C:\\Users\\lihuawei\\Desktop\\youtubeclone-backend\\node_modules\\egg\\config\\config.default.js"
  },
  "bodyParser": {
    "enable": "C:\\Users\\lihuawei\\Desktop\\youtubeclone-backend\\node_modules\\egg\\config\\config.default.js",
    "encoding": "C:\\Users\\lihuawei\\Desktop\\youtubeclone-backend\\node_modules\\egg\\config\\config.default.js",
    "formLimit": "C:\\Users\\lihuawei\\Desktop\\youtubeclone-backend\\node_modules\\egg\\config\\config.default.js",
    "jsonLimit": "C:\\Users\\lihuawei\\Desktop\\youtubeclone-backend\\node_modules\\egg\\config\\config.default.js",
    "textLimit": "C:\\Users\\lihuawei\\Desktop\\youtubeclone-backend\\node_modules\\egg\\config\\config.default.js",
    "strict": "C:\\Users\\lihuawei\\Desktop\\youtubeclone-backend\\node_modules\\egg\\config\\config.default.js",
    "queryString": {
      "arrayLimit": "C:\\Users\\lihuawei\\Desktop\\youtubeclone-backend\\node_modules\\egg\\config\\config.default.js",
      "depth": "C:\\Users\\lihuawei\\Desktop\\youtubeclone-backend\\node_modules\\egg\\config\\config.default.js",
      "parameterLimit": "C:\\Users\\lihuawei\\Desktop\\youtubeclone-backend\\node_modules\\egg\\config\\config.default.js"
    },
    "onerror": "C:\\Users\\lihuawei\\Desktop\\youtubeclone-backend\\node_modules\\egg\\config\\config.default.js"
  },
  "logger": {
    "dir": "C:\\Users\\lihuawei\\Desktop\\youtubeclone-backend\\node_modules\\egg\\config\\config.default.js",
    "encoding": "C:\\Users\\lihuawei\\Desktop\\youtubeclone-backend\\node_modules\\egg\\config\\config.default.js",
    "env": "C:\\Users\\lihuawei\\Desktop\\youtubeclone-backend\\node_modules\\egg\\config\\config.default.js",
    "level": "C:\\Users\\lihuawei\\Desktop\\youtubeclone-backend\\node_modules\\egg\\config\\config.default.js",
    "consoleLevel": "C:\\Users\\lihuawei\\Desktop\\youtubeclone-backend\\node_modules\\egg\\config\\config.default.js",
    "disableConsoleAfterReady": "C:\\Users\\lihuawei\\Desktop\\youtubeclone-backend\\node_modules\\egg\\config\\config.default.js",
    "outputJSON": "C:\\Users\\lihuawei\\Desktop\\youtubeclone-backend\\node_modules\\egg\\config\\config.default.js",
    "buffer": "C:\\Users\\lihuawei\\Desktop\\youtubeclone-backend\\node_modules\\egg\\config\\config.default.js",
    "appLogName": "C:\\Users\\lihuawei\\Desktop\\youtubeclone-backend\\node_modules\\egg\\config\\config.default.js",
    "coreLogName": "C:\\Users\\lihuawei\\Desktop\\youtubeclone-backend\\node_modules\\egg\\config\\config.default.js",
    "agentLogName": "C:\\Users\\lihuawei\\Desktop\\youtubeclone-backend\\node_modules\\egg\\config\\config.default.js",
    "errorLogName": "C:\\Users\\lihuawei\\Desktop\\youtubeclone-backend\\node_modules\\egg\\config\\config.default.js",
    "coreLogger": {
      "consoleLevel": "C:\\Users\\lihuawei\\Desktop\\youtubeclone-backend\\node_modules\\egg\\config\\config.local.js"
    },
    "allowDebugAtProd": "C:\\Users\\lihuawei\\Desktop\\youtubeclone-backend\\node_modules\\egg\\config\\config.default.js",
    "enablePerformanceTimer": "C:\\Users\\lihuawei\\Desktop\\youtubeclone-backend\\node_modules\\egg\\config\\config.default.js"
  },
  "httpclient": {
    "enableDNSCache": "C:\\Users\\lihuawei\\Desktop\\youtubeclone-backend\\node_modules\\egg\\config\\config.default.js",
    "dnsCacheLookupInterval": "C:\\Users\\lihuawei\\Desktop\\youtubeclone-backend\\node_modules\\egg\\config\\config.default.js",
    "dnsCacheMaxLength": "C:\\Users\\lihuawei\\Desktop\\youtubeclone-backend\\node_modules\\egg\\config\\config.default.js",
    "request": {
      "timeout": "C:\\Users\\lihuawei\\Desktop\\youtubeclone-backend\\node_modules\\egg\\config\\config.default.js"
    },
    "httpAgent": {
      "keepAlive": "C:\\Users\\lihuawei\\Desktop\\youtubeclone-backend\\node_modules\\egg\\config\\config.default.js",
      "freeSocketTimeout": "C:\\Users\\lihuawei\\Desktop\\youtubeclone-backend\\node_modules\\egg\\config\\config.default.js",
      "maxSockets": "C:\\Users\\lihuawei\\Desktop\\youtubeclone-backend\\node_modules\\egg\\config\\config.default.js",
      "maxFreeSockets": "C:\\Users\\lihuawei\\Desktop\\youtubeclone-backend\\node_modules\\egg\\config\\config.default.js"
    },
    "httpsAgent": {
      "keepAlive": "C:\\Users\\lihuawei\\Desktop\\youtubeclone-backend\\node_modules\\egg\\config\\config.default.js",
      "freeSocketTimeout": "C:\\Users\\lihuawei\\Desktop\\youtubeclone-backend\\node_modules\\egg\\config\\config.default.js",
      "maxSockets": "C:\\Users\\lihuawei\\Desktop\\youtubeclone-backend\\node_modules\\egg\\config\\config.default.js",
      "maxFreeSockets": "C:\\Users\\lihuawei\\Desktop\\youtubeclone-backend\\node_modules\\egg\\config\\config.default.js"
    }
  },
  "meta": {
    "enable": "C:\\Users\\lihuawei\\Desktop\\youtubeclone-backend\\node_modules\\egg\\config\\config.default.js",
    "logging": "C:\\Users\\lihuawei\\Desktop\\youtubeclone-backend\\node_modules\\egg\\config\\config.default.js"
  },
  "coreMiddleware": "C:\\Users\\lihuawei\\Desktop\\youtubeclone-backend\\node_modules\\egg\\config\\config.default.js",
  "workerStartTimeout": "C:\\Users\\lihuawei\\Desktop\\youtubeclone-backend\\node_modules\\egg\\config\\config.default.js",
  "serverTimeout": "C:\\Users\\lihuawei\\Desktop\\youtubeclone-backend\\node_modules\\egg\\config\\config.default.js",
  "cluster": {
    "listen": {
      "path": "C:\\Users\\lihuawei\\Desktop\\youtubeclone-backend\\node_modules\\egg\\config\\config.default.js",
      "port": "C:\\Users\\lihuawei\\Desktop\\youtubeclone-backend\\node_modules\\egg\\config\\config.default.js",
      "hostname": "C:\\Users\\lihuawei\\Desktop\\youtubeclone-backend\\node_modules\\egg\\config\\config.default.js"
    }
  },
  "clusterClient": {
    "maxWaitTime": "C:\\Users\\lihuawei\\Desktop\\youtubeclone-backend\\node_modules\\egg\\config\\config.default.js",
    "responseTimeout": "C:\\Users\\lihuawei\\Desktop\\youtubeclone-backend\\node_modules\\egg\\config\\config.default.js"
  },
  "onClientError": "C:\\Users\\lihuawei\\Desktop\\youtubeclone-backend\\node_modules\\egg\\config\\config.default.js"
}