[
  {
    "name": "Process Start",
    "start": 1648461284742,
    "end": 1648461285370,
    "duration": 628,
    "pid": 36304,
    "index": 0
  },
  {
    "name": "Application Start",
    "start": 1648461285370,
    "end": 1648461285921,
    "duration": 551,
    "pid": 36304,
    "index": 1
  },
  {
    "name": "Load Plugin",
    "start": 1648461285373,
    "end": 1648461285383,
    "duration": 10,
    "pid": 36304,
    "index": 2
  },
  {
    "name": "Load Config",
    "start": 1648461285383,
    "end": 1648461285399,
    "duration": 16,
    "pid": 36304,
    "index": 3
  },
  {
    "name": "Require(0) config/config.default.js",
    "start": 1648461285383,
    "end": 1648461285383,
    "duration": 0,
    "pid": 36304,
    "index": 4
  },
  {
    "name": "Require(1) config/config.local.js",
    "start": 1648461285384,
    "end": 1648461285384,
    "duration": 0,
    "pid": 36304,
    "index": 5
  },
  {
    "name": "Require(2) node_modules/egg-session/config/config.default.js",
    "start": 1648461285385,
    "end": 1648461285385,
    "duration": 0,
    "pid": 36304,
    "index": 6
  },
  {
    "name": "Require(3) node_modules/egg-security/config/config.default.js",
    "start": 1648461285385,
    "end": 1648461285386,
    "duration": 1,
    "pid": 36304,
    "index": 7
  },
  {
    "name": "Require(4) node_modules/egg-jsonp/config/config.default.js",
    "start": 1648461285386,
    "end": 1648461285386,
    "duration": 0,
    "pid": 36304,
    "index": 8
  },
  {
    "name": "Require(5) node_modules/egg-onerror/config/config.default.js",
    "start": 1648461285387,
    "end": 1648461285387,
    "duration": 0,
    "pid": 36304,
    "index": 9
  },
  {
    "name": "Require(6) node_modules/egg-i18n/config/config.default.js",
    "start": 1648461285387,
    "end": 1648461285387,
    "duration": 0,
    "pid": 36304,
    "index": 10
  },
  {
    "name": "Require(7) node_modules/egg-watcher/config/config.default.js",
    "start": 1648461285388,
    "end": 1648461285388,
    "duration": 0,
    "pid": 36304,
    "index": 11
  },
  {
    "name": "Require(8) node_modules/egg-schedule/config/config.default.js",
    "start": 1648461285388,
    "end": 1648461285388,
    "duration": 0,
    "pid": 36304,
    "index": 12
  },
  {
    "name": "Require(9) node_modules/egg-multipart/config/config.default.js",
    "start": 1648461285389,
    "end": 1648461285389,
    "duration": 0,
    "pid": 36304,
    "index": 13
  },
  {
    "name": "Require(10) node_modules/egg-development/config/config.default.js",
    "start": 1648461285389,
    "end": 1648461285390,
    "duration": 1,
    "pid": 36304,
    "index": 14
  },
  {
    "name": "Require(11) node_modules/egg-logrotator/config/config.default.js",
    "start": 1648461285390,
    "end": 1648461285390,
    "duration": 0,
    "pid": 36304,
    "index": 15
  },
  {
    "name": "Require(12) node_modules/egg-static/config/config.default.js",
    "start": 1648461285390,
    "end": 1648461285391,
    "duration": 1,
    "pid": 36304,
    "index": 16
  },
  {
    "name": "Require(13) node_modules/egg-view/config/config.default.js",
    "start": 1648461285391,
    "end": 1648461285391,
    "duration": 0,
    "pid": 36304,
    "index": 17
  },
  {
    "name": "Require(14) node_modules/egg-mongoose/config/config.default.js",
    "start": 1648461285391,
    "end": 1648461285392,
    "duration": 1,
    "pid": 36304,
    "index": 18
  },
  {
    "name": "Require(15) node_modules/egg-validate/config/config.default.js",
    "start": 1648461285392,
    "end": 1648461285392,
    "duration": 0,
    "pid": 36304,
    "index": 19
  },
  {
    "name": "Require(16) node_modules/egg-cors/config/config.default.js",
    "start": 1648461285392,
    "end": 1648461285393,
    "duration": 1,
    "pid": 36304,
    "index": 20
  },
  {
    "name": "Require(17) node_modules/egg/config/config.default.js",
    "start": 1648461285393,
    "end": 1648461285393,
    "duration": 0,
    "pid": 36304,
    "index": 21
  },
  {
    "name": "Require(18) config/config.default.js",
    "start": 1648461285394,
    "end": 1648461285394,
    "duration": 0,
    "pid": 36304,
    "index": 22
  },
  {
    "name": "Require(19) node_modules/egg-security/config/config.local.js",
    "start": 1648461285396,
    "end": 1648461285397,
    "duration": 1,
    "pid": 36304,
    "index": 23
  },
  {
    "name": "Require(20) node_modules/egg-watcher/config/config.local.js",
    "start": 1648461285397,
    "end": 1648461285397,
    "duration": 0,
    "pid": 36304,
    "index": 24
  },
  {
    "name": "Require(21) node_modules/egg-view/config/config.local.js",
    "start": 1648461285398,
    "end": 1648461285398,
    "duration": 0,
    "pid": 36304,
    "index": 25
  },
  {
    "name": "Require(22) node_modules/egg/config/config.local.js",
    "start": 1648461285399,
    "end": 1648461285399,
    "duration": 0,
    "pid": 36304,
    "index": 26
  },
  {
    "name": "Require(23) config/config.local.js",
    "start": 1648461285399,
    "end": 1648461285399,
    "duration": 0,
    "pid": 36304,
    "index": 27
  },
  {
    "name": "Load extend/application.js",
    "start": 1648461285400,
    "end": 1648461285433,
    "duration": 33,
    "pid": 36304,
    "index": 28
  },
  {
    "name": "Require(24) node_modules/egg-session/app/extend/application.js",
    "start": 1648461285400,
    "end": 1648461285401,
    "duration": 1,
    "pid": 36304,
    "index": 29
  },
  {
    "name": "Require(25) node_modules/egg-security/app/extend/application.js",
    "start": 1648461285401,
    "end": 1648461285401,
    "duration": 0,
    "pid": 36304,
    "index": 30
  },
  {
    "name": "Require(26) node_modules/egg-jsonp/app/extend/application.js",
    "start": 1648461285402,
    "end": 1648461285402,
    "duration": 0,
    "pid": 36304,
    "index": 31
  },
  {
    "name": "Require(27) node_modules/egg-logrotator/app/extend/application.js",
    "start": 1648461285403,
    "end": 1648461285404,
    "duration": 1,
    "pid": 36304,
    "index": 32
  },
  {
    "name": "Require(28) node_modules/egg-view/app/extend/application.js",
    "start": 1648461285404,
    "end": 1648461285405,
    "duration": 1,
    "pid": 36304,
    "index": 33
  },
  {
    "name": "Require(29) app/extend/application.js",
    "start": 1648461285405,
    "end": 1648461285431,
    "duration": 26,
    "pid": 36304,
    "index": 34
  },
  {
    "name": "Load extend/request.js",
    "start": 1648461285433,
    "end": 1648461285436,
    "duration": 3,
    "pid": 36304,
    "index": 35
  },
  {
    "name": "Require(30) node_modules/egg/app/extend/request.js",
    "start": 1648461285434,
    "end": 1648461285435,
    "duration": 1,
    "pid": 36304,
    "index": 36
  },
  {
    "name": "Load extend/response.js",
    "start": 1648461285436,
    "end": 1648461285439,
    "duration": 3,
    "pid": 36304,
    "index": 37
  },
  {
    "name": "Require(31) node_modules/egg/app/extend/response.js",
    "start": 1648461285437,
    "end": 1648461285438,
    "duration": 1,
    "pid": 36304,
    "index": 38
  },
  {
    "name": "Load extend/context.js",
    "start": 1648461285439,
    "end": 1648461285476,
    "duration": 37,
    "pid": 36304,
    "index": 39
  },
  {
    "name": "Require(32) node_modules/egg-security/app/extend/context.js",
    "start": 1648461285439,
    "end": 1648461285444,
    "duration": 5,
    "pid": 36304,
    "index": 40
  },
  {
    "name": "Require(33) node_modules/egg-jsonp/app/extend/context.js",
    "start": 1648461285444,
    "end": 1648461285444,
    "duration": 0,
    "pid": 36304,
    "index": 41
  },
  {
    "name": "Require(34) node_modules/egg-i18n/app/extend/context.js",
    "start": 1648461285445,
    "end": 1648461285445,
    "duration": 0,
    "pid": 36304,
    "index": 42
  },
  {
    "name": "Require(35) node_modules/egg-multipart/app/extend/context.js",
    "start": 1648461285445,
    "end": 1648461285472,
    "duration": 27,
    "pid": 36304,
    "index": 43
  },
  {
    "name": "Require(36) node_modules/egg-view/app/extend/context.js",
    "start": 1648461285472,
    "end": 1648461285473,
    "duration": 1,
    "pid": 36304,
    "index": 44
  },
  {
    "name": "Require(37) node_modules/egg-mongoose/app/extend/context.js",
    "start": 1648461285473,
    "end": 1648461285473,
    "duration": 0,
    "pid": 36304,
    "index": 45
  },
  {
    "name": "Require(38) node_modules/egg-validate/app/extend/context.js",
    "start": 1648461285473,
    "end": 1648461285473,
    "duration": 0,
    "pid": 36304,
    "index": 46
  },
  {
    "name": "Require(39) node_modules/egg/app/extend/context.js",
    "start": 1648461285474,
    "end": 1648461285474,
    "duration": 0,
    "pid": 36304,
    "index": 47
  },
  {
    "name": "Load extend/helper.js",
    "start": 1648461285476,
    "end": 1648461285488,
    "duration": 12,
    "pid": 36304,
    "index": 48
  },
  {
    "name": "Require(40) node_modules/egg-security/app/extend/helper.js",
    "start": 1648461285476,
    "end": 1648461285484,
    "duration": 8,
    "pid": 36304,
    "index": 49
  },
  {
    "name": "Require(41) node_modules/egg/app/extend/helper.js",
    "start": 1648461285486,
    "end": 1648461285486,
    "duration": 0,
    "pid": 36304,
    "index": 50
  },
  {
    "name": "Require(42) app/extend/helper.js",
    "start": 1648461285486,
    "end": 1648461285487,
    "duration": 1,
    "pid": 36304,
    "index": 51
  },
  {
    "name": "Load app.js",
    "start": 1648461285488,
    "end": 1648461285510,
    "duration": 22,
    "pid": 36304,
    "index": 52
  },
  {
    "name": "Require(43) node_modules/egg-session/app.js",
    "start": 1648461285489,
    "end": 1648461285489,
    "duration": 0,
    "pid": 36304,
    "index": 53
  },
  {
    "name": "Require(44) node_modules/egg-security/app.js",
    "start": 1648461285489,
    "end": 1648461285490,
    "duration": 1,
    "pid": 36304,
    "index": 54
  },
  {
    "name": "Require(45) node_modules/egg-onerror/app.js",
    "start": 1648461285490,
    "end": 1648461285494,
    "duration": 4,
    "pid": 36304,
    "index": 55
  },
  {
    "name": "Require(46) node_modules/egg-i18n/app.js",
    "start": 1648461285494,
    "end": 1648461285503,
    "duration": 9,
    "pid": 36304,
    "index": 56
  },
  {
    "name": "Require(47) node_modules/egg-watcher/app.js",
    "start": 1648461285503,
    "end": 1648461285505,
    "duration": 2,
    "pid": 36304,
    "index": 57
  },
  {
    "name": "Require(48) node_modules/egg-schedule/app.js",
    "start": 1648461285505,
    "end": 1648461285506,
    "duration": 1,
    "pid": 36304,
    "index": 58
  },
  {
    "name": "Require(49) node_modules/egg-multipart/app.js",
    "start": 1648461285506,
    "end": 1648461285506,
    "duration": 0,
    "pid": 36304,
    "index": 59
  },
  {
    "name": "Require(50) node_modules/egg-development/app.js",
    "start": 1648461285506,
    "end": 1648461285507,
    "duration": 1,
    "pid": 36304,
    "index": 60
  },
  {
    "name": "Require(51) node_modules/egg-logrotator/app.js",
    "start": 1648461285507,
    "end": 1648461285507,
    "duration": 0,
    "pid": 36304,
    "index": 61
  },
  {
    "name": "Require(52) node_modules/egg-static/app.js",
    "start": 1648461285507,
    "end": 1648461285507,
    "duration": 0,
    "pid": 36304,
    "index": 62
  },
  {
    "name": "Require(53) node_modules/egg-mongoose/app.js",
    "start": 1648461285507,
    "end": 1648461285508,
    "duration": 1,
    "pid": 36304,
    "index": 63
  },
  {
    "name": "Require(54) node_modules/egg-validate/app.js",
    "start": 1648461285508,
    "end": 1648461285509,
    "duration": 1,
    "pid": 36304,
    "index": 64
  },
  {
    "name": "Require(55) node_modules/egg-cors/app.js",
    "start": 1648461285509,
    "end": 1648461285509,
    "duration": 0,
    "pid": 36304,
    "index": 65
  },
  {
    "name": "Before Start in node_modules/egg-watcher/lib/init.js:15:14",
    "start": 1648461285516,
    "end": 1648461285920,
    "duration": 404,
    "pid": 36304,
    "index": 66
  },
  {
    "name": "Before Start in node_modules/egg-mongoose/lib/mongoose.js:104:7",
    "start": 1648461285797,
    "end": 1648461285919,
    "duration": 122,
    "pid": 36304,
    "index": 67
  },
  {
    "name": "Before Start in node_modules/egg-mongoose/lib/mongoose.js:52:9",
    "start": 1648461285797,
    "end": 1648461285909,
    "duration": 112,
    "pid": 36304,
    "index": 68
  },
  {
    "name": "Load Service",
    "start": 1648461285797,
    "end": 1648461285823,
    "duration": 26,
    "pid": 36304,
    "index": 69
  },
  {
    "name": "Load \"service\" to Context",
    "start": 1648461285797,
    "end": 1648461285823,
    "duration": 26,
    "pid": 36304,
    "index": 70
  },
  {
    "name": "Load Middleware",
    "start": 1648461285823,
    "end": 1648461285888,
    "duration": 65,
    "pid": 36304,
    "index": 71
  },
  {
    "name": "Load \"middlewares\" to Application",
    "start": 1648461285823,
    "end": 1648461285881,
    "duration": 58,
    "pid": 36304,
    "index": 72
  },
  {
    "name": "Load Controller",
    "start": 1648461285888,
    "end": 1648461285889,
    "duration": 1,
    "pid": 36304,
    "index": 73
  },
  {
    "name": "Load \"controller\" to Application",
    "start": 1648461285888,
    "end": 1648461285889,
    "duration": 1,
    "pid": 36304,
    "index": 74
  },
  {
    "name": "Load Router",
    "start": 1648461285889,
    "end": 1648461285891,
    "duration": 2,
    "pid": 36304,
    "index": 75
  },
  {
    "name": "Require(56) app/router.js",
    "start": 1648461285890,
    "end": 1648461285890,
    "duration": 0,
    "pid": 36304,
    "index": 76
  },
  {
    "name": "Before Start in node_modules/egg-core/lib/egg.js:303:10",
    "start": 1648461285890,
    "end": 1648461285909,
    "duration": 19,
    "pid": 36304,
    "index": 77
  },
  {
    "name": "Load \"model\" to Application",
    "start": 1648461285897,
    "end": 1648461285908,
    "duration": 11,
    "pid": 36304,
    "index": 78
  }
]