[
  {
    "name": "Process Start",
    "start": 1648462501845,
    "end": 1648462502471,
    "duration": 626,
    "pid": 37628,
    "index": 0
  },
  {
    "name": "Application Start",
    "start": 1648462502471,
    "end": 1648462503001,
    "duration": 530,
    "pid": 37628,
    "index": 1
  },
  {
    "name": "Load Plugin",
    "start": 1648462502474,
    "end": 1648462502484,
    "duration": 10,
    "pid": 37628,
    "index": 2
  },
  {
    "name": "Load Config",
    "start": 1648462502484,
    "end": 1648462502500,
    "duration": 16,
    "pid": 37628,
    "index": 3
  },
  {
    "name": "Require(0) config/config.default.js",
    "start": 1648462502484,
    "end": 1648462502485,
    "duration": 1,
    "pid": 37628,
    "index": 4
  },
  {
    "name": "Require(1) config/config.local.js",
    "start": 1648462502485,
    "end": 1648462502486,
    "duration": 1,
    "pid": 37628,
    "index": 5
  },
  {
    "name": "Require(2) node_modules/egg-session/config/config.default.js",
    "start": 1648462502486,
    "end": 1648462502486,
    "duration": 0,
    "pid": 37628,
    "index": 6
  },
  {
    "name": "Require(3) node_modules/egg-security/config/config.default.js",
    "start": 1648462502486,
    "end": 1648462502487,
    "duration": 1,
    "pid": 37628,
    "index": 7
  },
  {
    "name": "Require(4) node_modules/egg-jsonp/config/config.default.js",
    "start": 1648462502487,
    "end": 1648462502488,
    "duration": 1,
    "pid": 37628,
    "index": 8
  },
  {
    "name": "Require(5) node_modules/egg-onerror/config/config.default.js",
    "start": 1648462502488,
    "end": 1648462502488,
    "duration": 0,
    "pid": 37628,
    "index": 9
  },
  {
    "name": "Require(6) node_modules/egg-i18n/config/config.default.js",
    "start": 1648462502488,
    "end": 1648462502488,
    "duration": 0,
    "pid": 37628,
    "index": 10
  },
  {
    "name": "Require(7) node_modules/egg-watcher/config/config.default.js",
    "start": 1648462502489,
    "end": 1648462502489,
    "duration": 0,
    "pid": 37628,
    "index": 11
  },
  {
    "name": "Require(8) node_modules/egg-schedule/config/config.default.js",
    "start": 1648462502489,
    "end": 1648462502490,
    "duration": 1,
    "pid": 37628,
    "index": 12
  },
  {
    "name": "Require(9) node_modules/egg-multipart/config/config.default.js",
    "start": 1648462502490,
    "end": 1648462502490,
    "duration": 0,
    "pid": 37628,
    "index": 13
  },
  {
    "name": "Require(10) node_modules/egg-development/config/config.default.js",
    "start": 1648462502491,
    "end": 1648462502491,
    "duration": 0,
    "pid": 37628,
    "index": 14
  },
  {
    "name": "Require(11) node_modules/egg-logrotator/config/config.default.js",
    "start": 1648462502491,
    "end": 1648462502491,
    "duration": 0,
    "pid": 37628,
    "index": 15
  },
  {
    "name": "Require(12) node_modules/egg-static/config/config.default.js",
    "start": 1648462502492,
    "end": 1648462502492,
    "duration": 0,
    "pid": 37628,
    "index": 16
  },
  {
    "name": "Require(13) node_modules/egg-view/config/config.default.js",
    "start": 1648462502492,
    "end": 1648462502492,
    "duration": 0,
    "pid": 37628,
    "index": 17
  },
  {
    "name": "Require(14) node_modules/egg-mongoose/config/config.default.js",
    "start": 1648462502493,
    "end": 1648462502493,
    "duration": 0,
    "pid": 37628,
    "index": 18
  },
  {
    "name": "Require(15) node_modules/egg-validate/config/config.default.js",
    "start": 1648462502493,
    "end": 1648462502493,
    "duration": 0,
    "pid": 37628,
    "index": 19
  },
  {
    "name": "Require(16) node_modules/egg-cors/config/config.default.js",
    "start": 1648462502493,
    "end": 1648462502494,
    "duration": 1,
    "pid": 37628,
    "index": 20
  },
  {
    "name": "Require(17) node_modules/egg/config/config.default.js",
    "start": 1648462502494,
    "end": 1648462502494,
    "duration": 0,
    "pid": 37628,
    "index": 21
  },
  {
    "name": "Require(18) config/config.default.js",
    "start": 1648462502495,
    "end": 1648462502495,
    "duration": 0,
    "pid": 37628,
    "index": 22
  },
  {
    "name": "Require(19) node_modules/egg-security/config/config.local.js",
    "start": 1648462502495,
    "end": 1648462502496,
    "duration": 1,
    "pid": 37628,
    "index": 23
  },
  {
    "name": "Require(20) node_modules/egg-watcher/config/config.local.js",
    "start": 1648462502497,
    "end": 1648462502497,
    "duration": 0,
    "pid": 37628,
    "index": 24
  },
  {
    "name": "Require(21) node_modules/egg-view/config/config.local.js",
    "start": 1648462502499,
    "end": 1648462502499,
    "duration": 0,
    "pid": 37628,
    "index": 25
  },
  {
    "name": "Require(22) node_modules/egg/config/config.local.js",
    "start": 1648462502500,
    "end": 1648462502500,
    "duration": 0,
    "pid": 37628,
    "index": 26
  },
  {
    "name": "Require(23) config/config.local.js",
    "start": 1648462502500,
    "end": 1648462502500,
    "duration": 0,
    "pid": 37628,
    "index": 27
  },
  {
    "name": "Load extend/application.js",
    "start": 1648462502501,
    "end": 1648462502534,
    "duration": 33,
    "pid": 37628,
    "index": 28
  },
  {
    "name": "Require(24) node_modules/egg-session/app/extend/application.js",
    "start": 1648462502501,
    "end": 1648462502501,
    "duration": 0,
    "pid": 37628,
    "index": 29
  },
  {
    "name": "Require(25) node_modules/egg-security/app/extend/application.js",
    "start": 1648462502502,
    "end": 1648462502502,
    "duration": 0,
    "pid": 37628,
    "index": 30
  },
  {
    "name": "Require(26) node_modules/egg-jsonp/app/extend/application.js",
    "start": 1648462502502,
    "end": 1648462502503,
    "duration": 1,
    "pid": 37628,
    "index": 31
  },
  {
    "name": "Require(27) node_modules/egg-logrotator/app/extend/application.js",
    "start": 1648462502504,
    "end": 1648462502504,
    "duration": 0,
    "pid": 37628,
    "index": 32
  },
  {
    "name": "Require(28) node_modules/egg-view/app/extend/application.js",
    "start": 1648462502505,
    "end": 1648462502505,
    "duration": 0,
    "pid": 37628,
    "index": 33
  },
  {
    "name": "Require(29) app/extend/application.js",
    "start": 1648462502506,
    "end": 1648462502533,
    "duration": 27,
    "pid": 37628,
    "index": 34
  },
  {
    "name": "Load extend/request.js",
    "start": 1648462502534,
    "end": 1648462502537,
    "duration": 3,
    "pid": 37628,
    "index": 35
  },
  {
    "name": "Require(30) node_modules/egg/app/extend/request.js",
    "start": 1648462502535,
    "end": 1648462502536,
    "duration": 1,
    "pid": 37628,
    "index": 36
  },
  {
    "name": "Load extend/response.js",
    "start": 1648462502537,
    "end": 1648462502541,
    "duration": 4,
    "pid": 37628,
    "index": 37
  },
  {
    "name": "Require(31) node_modules/egg/app/extend/response.js",
    "start": 1648462502538,
    "end": 1648462502539,
    "duration": 1,
    "pid": 37628,
    "index": 38
  },
  {
    "name": "Load extend/context.js",
    "start": 1648462502541,
    "end": 1648462502577,
    "duration": 36,
    "pid": 37628,
    "index": 39
  },
  {
    "name": "Require(32) node_modules/egg-security/app/extend/context.js",
    "start": 1648462502541,
    "end": 1648462502545,
    "duration": 4,
    "pid": 37628,
    "index": 40
  },
  {
    "name": "Require(33) node_modules/egg-jsonp/app/extend/context.js",
    "start": 1648462502545,
    "end": 1648462502546,
    "duration": 1,
    "pid": 37628,
    "index": 41
  },
  {
    "name": "Require(34) node_modules/egg-i18n/app/extend/context.js",
    "start": 1648462502546,
    "end": 1648462502546,
    "duration": 0,
    "pid": 37628,
    "index": 42
  },
  {
    "name": "Require(35) node_modules/egg-multipart/app/extend/context.js",
    "start": 1648462502547,
    "end": 1648462502574,
    "duration": 27,
    "pid": 37628,
    "index": 43
  },
  {
    "name": "Require(36) node_modules/egg-view/app/extend/context.js",
    "start": 1648462502574,
    "end": 1648462502575,
    "duration": 1,
    "pid": 37628,
    "index": 44
  },
  {
    "name": "Require(37) node_modules/egg-mongoose/app/extend/context.js",
    "start": 1648462502575,
    "end": 1648462502575,
    "duration": 0,
    "pid": 37628,
    "index": 45
  },
  {
    "name": "Require(38) node_modules/egg-validate/app/extend/context.js",
    "start": 1648462502575,
    "end": 1648462502575,
    "duration": 0,
    "pid": 37628,
    "index": 46
  },
  {
    "name": "Require(39) node_modules/egg/app/extend/context.js",
    "start": 1648462502576,
    "end": 1648462502576,
    "duration": 0,
    "pid": 37628,
    "index": 47
  },
  {
    "name": "Load extend/helper.js",
    "start": 1648462502577,
    "end": 1648462502589,
    "duration": 12,
    "pid": 37628,
    "index": 48
  },
  {
    "name": "Require(40) node_modules/egg-security/app/extend/helper.js",
    "start": 1648462502578,
    "end": 1648462502586,
    "duration": 8,
    "pid": 37628,
    "index": 49
  },
  {
    "name": "Require(41) node_modules/egg/app/extend/helper.js",
    "start": 1648462502587,
    "end": 1648462502587,
    "duration": 0,
    "pid": 37628,
    "index": 50
  },
  {
    "name": "Require(42) app/extend/helper.js",
    "start": 1648462502587,
    "end": 1648462502588,
    "duration": 1,
    "pid": 37628,
    "index": 51
  },
  {
    "name": "Load app.js",
    "start": 1648462502589,
    "end": 1648462502611,
    "duration": 22,
    "pid": 37628,
    "index": 52
  },
  {
    "name": "Require(43) node_modules/egg-session/app.js",
    "start": 1648462502590,
    "end": 1648462502590,
    "duration": 0,
    "pid": 37628,
    "index": 53
  },
  {
    "name": "Require(44) node_modules/egg-security/app.js",
    "start": 1648462502590,
    "end": 1648462502591,
    "duration": 1,
    "pid": 37628,
    "index": 54
  },
  {
    "name": "Require(45) node_modules/egg-onerror/app.js",
    "start": 1648462502591,
    "end": 1648462502595,
    "duration": 4,
    "pid": 37628,
    "index": 55
  },
  {
    "name": "Require(46) node_modules/egg-i18n/app.js",
    "start": 1648462502595,
    "end": 1648462502604,
    "duration": 9,
    "pid": 37628,
    "index": 56
  },
  {
    "name": "Require(47) node_modules/egg-watcher/app.js",
    "start": 1648462502604,
    "end": 1648462502606,
    "duration": 2,
    "pid": 37628,
    "index": 57
  },
  {
    "name": "Require(48) node_modules/egg-schedule/app.js",
    "start": 1648462502607,
    "end": 1648462502607,
    "duration": 0,
    "pid": 37628,
    "index": 58
  },
  {
    "name": "Require(49) node_modules/egg-multipart/app.js",
    "start": 1648462502608,
    "end": 1648462502608,
    "duration": 0,
    "pid": 37628,
    "index": 59
  },
  {
    "name": "Require(50) node_modules/egg-development/app.js",
    "start": 1648462502608,
    "end": 1648462502608,
    "duration": 0,
    "pid": 37628,
    "index": 60
  },
  {
    "name": "Require(51) node_modules/egg-logrotator/app.js",
    "start": 1648462502608,
    "end": 1648462502608,
    "duration": 0,
    "pid": 37628,
    "index": 61
  },
  {
    "name": "Require(52) node_modules/egg-static/app.js",
    "start": 1648462502609,
    "end": 1648462502609,
    "duration": 0,
    "pid": 37628,
    "index": 62
  },
  {
    "name": "Require(53) node_modules/egg-mongoose/app.js",
    "start": 1648462502609,
    "end": 1648462502609,
    "duration": 0,
    "pid": 37628,
    "index": 63
  },
  {
    "name": "Require(54) node_modules/egg-validate/app.js",
    "start": 1648462502609,
    "end": 1648462502610,
    "duration": 1,
    "pid": 37628,
    "index": 64
  },
  {
    "name": "Require(55) node_modules/egg-cors/app.js",
    "start": 1648462502611,
    "end": 1648462502611,
    "duration": 0,
    "pid": 37628,
    "index": 65
  },
  {
    "name": "Before Start in node_modules/egg-watcher/lib/init.js:15:14",
    "start": 1648462502618,
    "end": 1648462503000,
    "duration": 382,
    "pid": 37628,
    "index": 66
  },
  {
    "name": "Before Start in node_modules/egg-mongoose/lib/mongoose.js:104:7",
    "start": 1648462502861,
    "end": 1648462502999,
    "duration": 138,
    "pid": 37628,
    "index": 67
  },
  {
    "name": "Before Start in node_modules/egg-mongoose/lib/mongoose.js:52:9",
    "start": 1648462502861,
    "end": 1648462502989,
    "duration": 128,
    "pid": 37628,
    "index": 68
  },
  {
    "name": "Load Service",
    "start": 1648462502861,
    "end": 1648462502891,
    "duration": 30,
    "pid": 37628,
    "index": 69
  },
  {
    "name": "Load \"service\" to Context",
    "start": 1648462502861,
    "end": 1648462502891,
    "duration": 30,
    "pid": 37628,
    "index": 70
  },
  {
    "name": "Load Middleware",
    "start": 1648462502892,
    "end": 1648462502967,
    "duration": 75,
    "pid": 37628,
    "index": 71
  },
  {
    "name": "Load \"middlewares\" to Application",
    "start": 1648462502892,
    "end": 1648462502960,
    "duration": 68,
    "pid": 37628,
    "index": 72
  },
  {
    "name": "Load Controller",
    "start": 1648462502967,
    "end": 1648462502969,
    "duration": 2,
    "pid": 37628,
    "index": 73
  },
  {
    "name": "Load \"controller\" to Application",
    "start": 1648462502967,
    "end": 1648462502969,
    "duration": 2,
    "pid": 37628,
    "index": 74
  },
  {
    "name": "Load Router",
    "start": 1648462502969,
    "end": 1648462502971,
    "duration": 2,
    "pid": 37628,
    "index": 75
  },
  {
    "name": "Require(56) app/router.js",
    "start": 1648462502969,
    "end": 1648462502970,
    "duration": 1,
    "pid": 37628,
    "index": 76
  },
  {
    "name": "Before Start in node_modules/egg-core/lib/egg.js:303:10",
    "start": 1648462502970,
    "end": 1648462502989,
    "duration": 19,
    "pid": 37628,
    "index": 77
  },
  {
    "name": "Load \"model\" to Application",
    "start": 1648462502977,
    "end": 1648462502988,
    "duration": 11,
    "pid": 37628,
    "index": 78
  }
]