[
  {
    "name": "Process Start",
    "start": 1648524603768,
    "end": 1648524604636,
    "duration": 868,
    "pid": 43208,
    "index": 0
  },
  {
    "name": "Application Start",
    "start": 1648524604637,
    "end": 1648524605505,
    "duration": 868,
    "pid": 43208,
    "index": 1
  },
  {
    "name": "Load Plugin",
    "start": 1648524604640,
    "end": 1648524604655,
    "duration": 15,
    "pid": 43208,
    "index": 2
  },
  {
    "name": "Load Config",
    "start": 1648524604655,
    "end": 1648524604682,
    "duration": 27,
    "pid": 43208,
    "index": 3
  },
  {
    "name": "Require(0) config/config.default.js",
    "start": 1648524604656,
    "end": 1648524604656,
    "duration": 0,
    "pid": 43208,
    "index": 4
  },
  {
    "name": "Require(1) config/config.local.js",
    "start": 1648524604657,
    "end": 1648524604658,
    "duration": 1,
    "pid": 43208,
    "index": 5
  },
  {
    "name": "Require(2) node_modules/egg-session/config/config.default.js",
    "start": 1648524604658,
    "end": 1648524604658,
    "duration": 0,
    "pid": 43208,
    "index": 6
  },
  {
    "name": "Require(3) node_modules/egg-security/config/config.default.js",
    "start": 1648524604659,
    "end": 1648524604659,
    "duration": 0,
    "pid": 43208,
    "index": 7
  },
  {
    "name": "Require(4) node_modules/egg-jsonp/config/config.default.js",
    "start": 1648524604660,
    "end": 1648524604661,
    "duration": 1,
    "pid": 43208,
    "index": 8
  },
  {
    "name": "Require(5) node_modules/egg-onerror/config/config.default.js",
    "start": 1648524604661,
    "end": 1648524604661,
    "duration": 0,
    "pid": 43208,
    "index": 9
  },
  {
    "name": "Require(6) node_modules/egg-i18n/config/config.default.js",
    "start": 1648524604661,
    "end": 1648524604662,
    "duration": 1,
    "pid": 43208,
    "index": 10
  },
  {
    "name": "Require(7) node_modules/egg-watcher/config/config.default.js",
    "start": 1648524604662,
    "end": 1648524604663,
    "duration": 1,
    "pid": 43208,
    "index": 11
  },
  {
    "name": "Require(8) node_modules/egg-schedule/config/config.default.js",
    "start": 1648524604663,
    "end": 1648524604663,
    "duration": 0,
    "pid": 43208,
    "index": 12
  },
  {
    "name": "Require(9) node_modules/egg-multipart/config/config.default.js",
    "start": 1648524604664,
    "end": 1648524604664,
    "duration": 0,
    "pid": 43208,
    "index": 13
  },
  {
    "name": "Require(10) node_modules/egg-development/config/config.default.js",
    "start": 1648524604664,
    "end": 1648524604665,
    "duration": 1,
    "pid": 43208,
    "index": 14
  },
  {
    "name": "Require(11) node_modules/egg-logrotator/config/config.default.js",
    "start": 1648524604665,
    "end": 1648524604665,
    "duration": 0,
    "pid": 43208,
    "index": 15
  },
  {
    "name": "Require(12) node_modules/egg-static/config/config.default.js",
    "start": 1648524604666,
    "end": 1648524604666,
    "duration": 0,
    "pid": 43208,
    "index": 16
  },
  {
    "name": "Require(13) node_modules/egg-view/config/config.default.js",
    "start": 1648524604666,
    "end": 1648524604667,
    "duration": 1,
    "pid": 43208,
    "index": 17
  },
  {
    "name": "Require(14) node_modules/egg-mongoose/config/config.default.js",
    "start": 1648524604667,
    "end": 1648524604667,
    "duration": 0,
    "pid": 43208,
    "index": 18
  },
  {
    "name": "Require(15) node_modules/egg-validate/config/config.default.js",
    "start": 1648524604668,
    "end": 1648524604668,
    "duration": 0,
    "pid": 43208,
    "index": 19
  },
  {
    "name": "Require(16) node_modules/egg-cors/config/config.default.js",
    "start": 1648524604668,
    "end": 1648524604669,
    "duration": 1,
    "pid": 43208,
    "index": 20
  },
  {
    "name": "Require(17) node_modules/egg/config/config.default.js",
    "start": 1648524604669,
    "end": 1648524604669,
    "duration": 0,
    "pid": 43208,
    "index": 21
  },
  {
    "name": "Require(18) config/config.default.js",
    "start": 1648524604671,
    "end": 1648524604671,
    "duration": 0,
    "pid": 43208,
    "index": 22
  },
  {
    "name": "Require(19) node_modules/egg-security/config/config.local.js",
    "start": 1648524604676,
    "end": 1648524604678,
    "duration": 2,
    "pid": 43208,
    "index": 23
  },
  {
    "name": "Require(20) node_modules/egg-watcher/config/config.local.js",
    "start": 1648524604679,
    "end": 1648524604680,
    "duration": 1,
    "pid": 43208,
    "index": 24
  },
  {
    "name": "Require(21) node_modules/egg-view/config/config.local.js",
    "start": 1648524604681,
    "end": 1648524604681,
    "duration": 0,
    "pid": 43208,
    "index": 25
  },
  {
    "name": "Require(22) node_modules/egg/config/config.local.js",
    "start": 1648524604682,
    "end": 1648524604682,
    "duration": 0,
    "pid": 43208,
    "index": 26
  },
  {
    "name": "Require(23) config/config.local.js",
    "start": 1648524604682,
    "end": 1648524604682,
    "duration": 0,
    "pid": 43208,
    "index": 27
  },
  {
    "name": "Load extend/application.js",
    "start": 1648524604683,
    "end": 1648524604735,
    "duration": 52,
    "pid": 43208,
    "index": 28
  },
  {
    "name": "Require(24) node_modules/egg-session/app/extend/application.js",
    "start": 1648524604683,
    "end": 1648524604684,
    "duration": 1,
    "pid": 43208,
    "index": 29
  },
  {
    "name": "Require(25) node_modules/egg-security/app/extend/application.js",
    "start": 1648524604684,
    "end": 1648524604685,
    "duration": 1,
    "pid": 43208,
    "index": 30
  },
  {
    "name": "Require(26) node_modules/egg-jsonp/app/extend/application.js",
    "start": 1648524604685,
    "end": 1648524604686,
    "duration": 1,
    "pid": 43208,
    "index": 31
  },
  {
    "name": "Require(27) node_modules/egg-logrotator/app/extend/application.js",
    "start": 1648524604687,
    "end": 1648524604688,
    "duration": 1,
    "pid": 43208,
    "index": 32
  },
  {
    "name": "Require(28) node_modules/egg-view/app/extend/application.js",
    "start": 1648524604688,
    "end": 1648524604689,
    "duration": 1,
    "pid": 43208,
    "index": 33
  },
  {
    "name": "Require(29) app/extend/application.js",
    "start": 1648524604690,
    "end": 1648524604733,
    "duration": 43,
    "pid": 43208,
    "index": 34
  },
  {
    "name": "Load extend/request.js",
    "start": 1648524604735,
    "end": 1648524604739,
    "duration": 4,
    "pid": 43208,
    "index": 35
  },
  {
    "name": "Require(30) node_modules/egg/app/extend/request.js",
    "start": 1648524604737,
    "end": 1648524604737,
    "duration": 0,
    "pid": 43208,
    "index": 36
  },
  {
    "name": "Load extend/response.js",
    "start": 1648524604739,
    "end": 1648524604744,
    "duration": 5,
    "pid": 43208,
    "index": 37
  },
  {
    "name": "Require(31) node_modules/egg/app/extend/response.js",
    "start": 1648524604741,
    "end": 1648524604742,
    "duration": 1,
    "pid": 43208,
    "index": 38
  },
  {
    "name": "Load extend/context.js",
    "start": 1648524604744,
    "end": 1648524604797,
    "duration": 53,
    "pid": 43208,
    "index": 39
  },
  {
    "name": "Require(32) node_modules/egg-security/app/extend/context.js",
    "start": 1648524604745,
    "end": 1648524604751,
    "duration": 6,
    "pid": 43208,
    "index": 40
  },
  {
    "name": "Require(33) node_modules/egg-jsonp/app/extend/context.js",
    "start": 1648524604751,
    "end": 1648524604752,
    "duration": 1,
    "pid": 43208,
    "index": 41
  },
  {
    "name": "Require(34) node_modules/egg-i18n/app/extend/context.js",
    "start": 1648524604752,
    "end": 1648524604752,
    "duration": 0,
    "pid": 43208,
    "index": 42
  },
  {
    "name": "Require(35) node_modules/egg-multipart/app/extend/context.js",
    "start": 1648524604753,
    "end": 1648524604789,
    "duration": 36,
    "pid": 43208,
    "index": 43
  },
  {
    "name": "Require(36) node_modules/egg-view/app/extend/context.js",
    "start": 1648524604790,
    "end": 1648524604791,
    "duration": 1,
    "pid": 43208,
    "index": 44
  },
  {
    "name": "Require(37) node_modules/egg-mongoose/app/extend/context.js",
    "start": 1648524604791,
    "end": 1648524604791,
    "duration": 0,
    "pid": 43208,
    "index": 45
  },
  {
    "name": "Require(38) node_modules/egg-validate/app/extend/context.js",
    "start": 1648524604792,
    "end": 1648524604792,
    "duration": 0,
    "pid": 43208,
    "index": 46
  },
  {
    "name": "Require(39) node_modules/egg/app/extend/context.js",
    "start": 1648524604792,
    "end": 1648524604793,
    "duration": 1,
    "pid": 43208,
    "index": 47
  },
  {
    "name": "Load extend/helper.js",
    "start": 1648524604797,
    "end": 1648524604815,
    "duration": 18,
    "pid": 43208,
    "index": 48
  },
  {
    "name": "Require(40) node_modules/egg-security/app/extend/helper.js",
    "start": 1648524604797,
    "end": 1648524604810,
    "duration": 13,
    "pid": 43208,
    "index": 49
  },
  {
    "name": "Require(41) node_modules/egg/app/extend/helper.js",
    "start": 1648524604812,
    "end": 1648524604812,
    "duration": 0,
    "pid": 43208,
    "index": 50
  },
  {
    "name": "Require(42) app/extend/helper.js",
    "start": 1648524604813,
    "end": 1648524604813,
    "duration": 0,
    "pid": 43208,
    "index": 51
  },
  {
    "name": "Load app.js",
    "start": 1648524604815,
    "end": 1648524604847,
    "duration": 32,
    "pid": 43208,
    "index": 52
  },
  {
    "name": "Require(43) node_modules/egg-session/app.js",
    "start": 1648524604816,
    "end": 1648524604816,
    "duration": 0,
    "pid": 43208,
    "index": 53
  },
  {
    "name": "Require(44) node_modules/egg-security/app.js",
    "start": 1648524604816,
    "end": 1648524604817,
    "duration": 1,
    "pid": 43208,
    "index": 54
  },
  {
    "name": "Require(45) node_modules/egg-onerror/app.js",
    "start": 1648524604818,
    "end": 1648524604824,
    "duration": 6,
    "pid": 43208,
    "index": 55
  },
  {
    "name": "Require(46) node_modules/egg-i18n/app.js",
    "start": 1648524604824,
    "end": 1648524604838,
    "duration": 14,
    "pid": 43208,
    "index": 56
  },
  {
    "name": "Require(47) node_modules/egg-watcher/app.js",
    "start": 1648524604839,
    "end": 1648524604841,
    "duration": 2,
    "pid": 43208,
    "index": 57
  },
  {
    "name": "Require(48) node_modules/egg-schedule/app.js",
    "start": 1648524604841,
    "end": 1648524604842,
    "duration": 1,
    "pid": 43208,
    "index": 58
  },
  {
    "name": "Require(49) node_modules/egg-multipart/app.js",
    "start": 1648524604842,
    "end": 1648524604843,
    "duration": 1,
    "pid": 43208,
    "index": 59
  },
  {
    "name": "Require(50) node_modules/egg-development/app.js",
    "start": 1648524604843,
    "end": 1648524604843,
    "duration": 0,
    "pid": 43208,
    "index": 60
  },
  {
    "name": "Require(51) node_modules/egg-logrotator/app.js",
    "start": 1648524604844,
    "end": 1648524604844,
    "duration": 0,
    "pid": 43208,
    "index": 61
  },
  {
    "name": "Require(52) node_modules/egg-static/app.js",
    "start": 1648524604844,
    "end": 1648524604844,
    "duration": 0,
    "pid": 43208,
    "index": 62
  },
  {
    "name": "Require(53) node_modules/egg-mongoose/app.js",
    "start": 1648524604845,
    "end": 1648524604845,
    "duration": 0,
    "pid": 43208,
    "index": 63
  },
  {
    "name": "Require(54) node_modules/egg-validate/app.js",
    "start": 1648524604845,
    "end": 1648524604846,
    "duration": 1,
    "pid": 43208,
    "index": 64
  },
  {
    "name": "Require(55) node_modules/egg-cors/app.js",
    "start": 1648524604847,
    "end": 1648524604847,
    "duration": 0,
    "pid": 43208,
    "index": 65
  },
  {
    "name": "Before Start in node_modules/egg-watcher/lib/init.js:15:14",
    "start": 1648524604855,
    "end": 1648524605504,
    "duration": 649,
    "pid": 43208,
    "index": 66
  },
  {
    "name": "Before Start in node_modules/egg-mongoose/lib/mongoose.js:104:7",
    "start": 1648524605335,
    "end": 1648524605502,
    "duration": 167,
    "pid": 43208,
    "index": 67
  },
  {
    "name": "Before Start in node_modules/egg-mongoose/lib/mongoose.js:52:9",
    "start": 1648524605335,
    "end": 1648524605485,
    "duration": 150,
    "pid": 43208,
    "index": 68
  },
  {
    "name": "Load Service",
    "start": 1648524605336,
    "end": 1648524605362,
    "duration": 26,
    "pid": 43208,
    "index": 69
  },
  {
    "name": "Load \"service\" to Context",
    "start": 1648524605336,
    "end": 1648524605362,
    "duration": 26,
    "pid": 43208,
    "index": 70
  },
  {
    "name": "Load Middleware",
    "start": 1648524605362,
    "end": 1648524605454,
    "duration": 92,
    "pid": 43208,
    "index": 71
  },
  {
    "name": "Load \"middlewares\" to Application",
    "start": 1648524605362,
    "end": 1648524605446,
    "duration": 84,
    "pid": 43208,
    "index": 72
  },
  {
    "name": "Load Controller",
    "start": 1648524605454,
    "end": 1648524605458,
    "duration": 4,
    "pid": 43208,
    "index": 73
  },
  {
    "name": "Load \"controller\" to Application",
    "start": 1648524605454,
    "end": 1648524605458,
    "duration": 4,
    "pid": 43208,
    "index": 74
  },
  {
    "name": "Load Router",
    "start": 1648524605458,
    "end": 1648524605461,
    "duration": 3,
    "pid": 43208,
    "index": 75
  },
  {
    "name": "Require(56) app/router.js",
    "start": 1648524605458,
    "end": 1648524605459,
    "duration": 1,
    "pid": 43208,
    "index": 76
  },
  {
    "name": "Before Start in node_modules/egg-core/lib/egg.js:303:10",
    "start": 1648524605459,
    "end": 1648524605485,
    "duration": 26,
    "pid": 43208,
    "index": 77
  },
  {
    "name": "Load \"model\" to Application",
    "start": 1648524605468,
    "end": 1648524605484,
    "duration": 16,
    "pid": 43208,
    "index": 78
  }
]