[
  {
    "name": "Process Start",
    "start": 1648525324324,
    "end": 1648525325388,
    "duration": 1064,
    "pid": 36176,
    "index": 0
  },
  {
    "name": "Application Start",
    "start": 1648525325388,
    "end": 1648525326241,
    "duration": 853,
    "pid": 36176,
    "index": 1
  },
  {
    "name": "Load Plugin",
    "start": 1648525325392,
    "end": 1648525325407,
    "duration": 15,
    "pid": 36176,
    "index": 2
  },
  {
    "name": "Load Config",
    "start": 1648525325407,
    "end": 1648525325429,
    "duration": 22,
    "pid": 36176,
    "index": 3
  },
  {
    "name": "Require(0) config/config.default.js",
    "start": 1648525325408,
    "end": 1648525325408,
    "duration": 0,
    "pid": 36176,
    "index": 4
  },
  {
    "name": "Require(1) config/config.local.js",
    "start": 1648525325409,
    "end": 1648525325410,
    "duration": 1,
    "pid": 36176,
    "index": 5
  },
  {
    "name": "Require(2) node_modules/egg-session/config/config.default.js",
    "start": 1648525325410,
    "end": 1648525325410,
    "duration": 0,
    "pid": 36176,
    "index": 6
  },
  {
    "name": "Require(3) node_modules/egg-security/config/config.default.js",
    "start": 1648525325411,
    "end": 1648525325411,
    "duration": 0,
    "pid": 36176,
    "index": 7
  },
  {
    "name": "Require(4) node_modules/egg-jsonp/config/config.default.js",
    "start": 1648525325412,
    "end": 1648525325412,
    "duration": 0,
    "pid": 36176,
    "index": 8
  },
  {
    "name": "Require(5) node_modules/egg-onerror/config/config.default.js",
    "start": 1648525325412,
    "end": 1648525325413,
    "duration": 1,
    "pid": 36176,
    "index": 9
  },
  {
    "name": "Require(6) node_modules/egg-i18n/config/config.default.js",
    "start": 1648525325413,
    "end": 1648525325413,
    "duration": 0,
    "pid": 36176,
    "index": 10
  },
  {
    "name": "Require(7) node_modules/egg-watcher/config/config.default.js",
    "start": 1648525325414,
    "end": 1648525325415,
    "duration": 1,
    "pid": 36176,
    "index": 11
  },
  {
    "name": "Require(8) node_modules/egg-schedule/config/config.default.js",
    "start": 1648525325415,
    "end": 1648525325415,
    "duration": 0,
    "pid": 36176,
    "index": 12
  },
  {
    "name": "Require(9) node_modules/egg-multipart/config/config.default.js",
    "start": 1648525325416,
    "end": 1648525325416,
    "duration": 0,
    "pid": 36176,
    "index": 13
  },
  {
    "name": "Require(10) node_modules/egg-development/config/config.default.js",
    "start": 1648525325417,
    "end": 1648525325417,
    "duration": 0,
    "pid": 36176,
    "index": 14
  },
  {
    "name": "Require(11) node_modules/egg-logrotator/config/config.default.js",
    "start": 1648525325418,
    "end": 1648525325418,
    "duration": 0,
    "pid": 36176,
    "index": 15
  },
  {
    "name": "Require(12) node_modules/egg-static/config/config.default.js",
    "start": 1648525325418,
    "end": 1648525325419,
    "duration": 1,
    "pid": 36176,
    "index": 16
  },
  {
    "name": "Require(13) node_modules/egg-view/config/config.default.js",
    "start": 1648525325419,
    "end": 1648525325419,
    "duration": 0,
    "pid": 36176,
    "index": 17
  },
  {
    "name": "Require(14) node_modules/egg-mongoose/config/config.default.js",
    "start": 1648525325420,
    "end": 1648525325420,
    "duration": 0,
    "pid": 36176,
    "index": 18
  },
  {
    "name": "Require(15) node_modules/egg-validate/config/config.default.js",
    "start": 1648525325420,
    "end": 1648525325421,
    "duration": 1,
    "pid": 36176,
    "index": 19
  },
  {
    "name": "Require(16) node_modules/egg-cors/config/config.default.js",
    "start": 1648525325421,
    "end": 1648525325421,
    "duration": 0,
    "pid": 36176,
    "index": 20
  },
  {
    "name": "Require(17) node_modules/egg/config/config.default.js",
    "start": 1648525325421,
    "end": 1648525325424,
    "duration": 3,
    "pid": 36176,
    "index": 21
  },
  {
    "name": "Require(18) config/config.default.js",
    "start": 1648525325425,
    "end": 1648525325425,
    "duration": 0,
    "pid": 36176,
    "index": 22
  },
  {
    "name": "Require(19) node_modules/egg-security/config/config.local.js",
    "start": 1648525325425,
    "end": 1648525325427,
    "duration": 2,
    "pid": 36176,
    "index": 23
  },
  {
    "name": "Require(20) node_modules/egg-watcher/config/config.local.js",
    "start": 1648525325427,
    "end": 1648525325428,
    "duration": 1,
    "pid": 36176,
    "index": 24
  },
  {
    "name": "Require(21) node_modules/egg-view/config/config.local.js",
    "start": 1648525325428,
    "end": 1648525325429,
    "duration": 1,
    "pid": 36176,
    "index": 25
  },
  {
    "name": "Require(22) node_modules/egg/config/config.local.js",
    "start": 1648525325429,
    "end": 1648525325429,
    "duration": 0,
    "pid": 36176,
    "index": 26
  },
  {
    "name": "Require(23) config/config.local.js",
    "start": 1648525325429,
    "end": 1648525325429,
    "duration": 0,
    "pid": 36176,
    "index": 27
  },
  {
    "name": "Load extend/application.js",
    "start": 1648525325431,
    "end": 1648525325478,
    "duration": 47,
    "pid": 36176,
    "index": 28
  },
  {
    "name": "Require(24) node_modules/egg-session/app/extend/application.js",
    "start": 1648525325432,
    "end": 1648525325433,
    "duration": 1,
    "pid": 36176,
    "index": 29
  },
  {
    "name": "Require(25) node_modules/egg-security/app/extend/application.js",
    "start": 1648525325433,
    "end": 1648525325434,
    "duration": 1,
    "pid": 36176,
    "index": 30
  },
  {
    "name": "Require(26) node_modules/egg-jsonp/app/extend/application.js",
    "start": 1648525325434,
    "end": 1648525325435,
    "duration": 1,
    "pid": 36176,
    "index": 31
  },
  {
    "name": "Require(27) node_modules/egg-logrotator/app/extend/application.js",
    "start": 1648525325436,
    "end": 1648525325437,
    "duration": 1,
    "pid": 36176,
    "index": 32
  },
  {
    "name": "Require(28) node_modules/egg-view/app/extend/application.js",
    "start": 1648525325438,
    "end": 1648525325439,
    "duration": 1,
    "pid": 36176,
    "index": 33
  },
  {
    "name": "Require(29) app/extend/application.js",
    "start": 1648525325440,
    "end": 1648525325476,
    "duration": 36,
    "pid": 36176,
    "index": 34
  },
  {
    "name": "Load extend/request.js",
    "start": 1648525325478,
    "end": 1648525325486,
    "duration": 8,
    "pid": 36176,
    "index": 35
  },
  {
    "name": "Require(30) node_modules/egg/app/extend/request.js",
    "start": 1648525325483,
    "end": 1648525325483,
    "duration": 0,
    "pid": 36176,
    "index": 36
  },
  {
    "name": "Load extend/response.js",
    "start": 1648525325486,
    "end": 1648525325490,
    "duration": 4,
    "pid": 36176,
    "index": 37
  },
  {
    "name": "Require(31) node_modules/egg/app/extend/response.js",
    "start": 1648525325487,
    "end": 1648525325488,
    "duration": 1,
    "pid": 36176,
    "index": 38
  },
  {
    "name": "Load extend/context.js",
    "start": 1648525325490,
    "end": 1648525325553,
    "duration": 63,
    "pid": 36176,
    "index": 39
  },
  {
    "name": "Require(32) node_modules/egg-security/app/extend/context.js",
    "start": 1648525325490,
    "end": 1648525325496,
    "duration": 6,
    "pid": 36176,
    "index": 40
  },
  {
    "name": "Require(33) node_modules/egg-jsonp/app/extend/context.js",
    "start": 1648525325496,
    "end": 1648525325497,
    "duration": 1,
    "pid": 36176,
    "index": 41
  },
  {
    "name": "Require(34) node_modules/egg-i18n/app/extend/context.js",
    "start": 1648525325498,
    "end": 1648525325498,
    "duration": 0,
    "pid": 36176,
    "index": 42
  },
  {
    "name": "Require(35) node_modules/egg-multipart/app/extend/context.js",
    "start": 1648525325498,
    "end": 1648525325545,
    "duration": 47,
    "pid": 36176,
    "index": 43
  },
  {
    "name": "Require(36) node_modules/egg-view/app/extend/context.js",
    "start": 1648525325546,
    "end": 1648525325548,
    "duration": 2,
    "pid": 36176,
    "index": 44
  },
  {
    "name": "Require(37) node_modules/egg-mongoose/app/extend/context.js",
    "start": 1648525325548,
    "end": 1648525325549,
    "duration": 1,
    "pid": 36176,
    "index": 45
  },
  {
    "name": "Require(38) node_modules/egg-validate/app/extend/context.js",
    "start": 1648525325549,
    "end": 1648525325550,
    "duration": 1,
    "pid": 36176,
    "index": 46
  },
  {
    "name": "Require(39) node_modules/egg/app/extend/context.js",
    "start": 1648525325550,
    "end": 1648525325551,
    "duration": 1,
    "pid": 36176,
    "index": 47
  },
  {
    "name": "Load extend/helper.js",
    "start": 1648525325554,
    "end": 1648525325575,
    "duration": 21,
    "pid": 36176,
    "index": 48
  },
  {
    "name": "Require(40) node_modules/egg-security/app/extend/helper.js",
    "start": 1648525325554,
    "end": 1648525325569,
    "duration": 15,
    "pid": 36176,
    "index": 49
  },
  {
    "name": "Require(41) node_modules/egg/app/extend/helper.js",
    "start": 1648525325572,
    "end": 1648525325572,
    "duration": 0,
    "pid": 36176,
    "index": 50
  },
  {
    "name": "Require(42) app/extend/helper.js",
    "start": 1648525325573,
    "end": 1648525325573,
    "duration": 0,
    "pid": 36176,
    "index": 51
  },
  {
    "name": "Load app.js",
    "start": 1648525325576,
    "end": 1648525325607,
    "duration": 31,
    "pid": 36176,
    "index": 52
  },
  {
    "name": "Require(43) node_modules/egg-session/app.js",
    "start": 1648525325576,
    "end": 1648525325576,
    "duration": 0,
    "pid": 36176,
    "index": 53
  },
  {
    "name": "Require(44) node_modules/egg-security/app.js",
    "start": 1648525325576,
    "end": 1648525325578,
    "duration": 2,
    "pid": 36176,
    "index": 54
  },
  {
    "name": "Require(45) node_modules/egg-onerror/app.js",
    "start": 1648525325578,
    "end": 1648525325586,
    "duration": 8,
    "pid": 36176,
    "index": 55
  },
  {
    "name": "Require(46) node_modules/egg-i18n/app.js",
    "start": 1648525325586,
    "end": 1648525325598,
    "duration": 12,
    "pid": 36176,
    "index": 56
  },
  {
    "name": "Require(47) node_modules/egg-watcher/app.js",
    "start": 1648525325598,
    "end": 1648525325600,
    "duration": 2,
    "pid": 36176,
    "index": 57
  },
  {
    "name": "Require(48) node_modules/egg-schedule/app.js",
    "start": 1648525325601,
    "end": 1648525325602,
    "duration": 1,
    "pid": 36176,
    "index": 58
  },
  {
    "name": "Require(49) node_modules/egg-multipart/app.js",
    "start": 1648525325602,
    "end": 1648525325602,
    "duration": 0,
    "pid": 36176,
    "index": 59
  },
  {
    "name": "Require(50) node_modules/egg-development/app.js",
    "start": 1648525325602,
    "end": 1648525325603,
    "duration": 1,
    "pid": 36176,
    "index": 60
  },
  {
    "name": "Require(51) node_modules/egg-logrotator/app.js",
    "start": 1648525325603,
    "end": 1648525325603,
    "duration": 0,
    "pid": 36176,
    "index": 61
  },
  {
    "name": "Require(52) node_modules/egg-static/app.js",
    "start": 1648525325603,
    "end": 1648525325603,
    "duration": 0,
    "pid": 36176,
    "index": 62
  },
  {
    "name": "Require(53) node_modules/egg-mongoose/app.js",
    "start": 1648525325604,
    "end": 1648525325604,
    "duration": 0,
    "pid": 36176,
    "index": 63
  },
  {
    "name": "Require(54) node_modules/egg-validate/app.js",
    "start": 1648525325604,
    "end": 1648525325606,
    "duration": 2,
    "pid": 36176,
    "index": 64
  },
  {
    "name": "Require(55) node_modules/egg-cors/app.js",
    "start": 1648525325606,
    "end": 1648525325606,
    "duration": 0,
    "pid": 36176,
    "index": 65
  },
  {
    "name": "Before Start in node_modules/egg-watcher/lib/init.js:15:14",
    "start": 1648525325615,
    "end": 1648525326241,
    "duration": 626,
    "pid": 36176,
    "index": 66
  },
  {
    "name": "Before Start in node_modules/egg-mongoose/lib/mongoose.js:104:7",
    "start": 1648525326023,
    "end": 1648525326239,
    "duration": 216,
    "pid": 36176,
    "index": 67
  },
  {
    "name": "Before Start in node_modules/egg-mongoose/lib/mongoose.js:52:9",
    "start": 1648525326023,
    "end": 1648525326213,
    "duration": 190,
    "pid": 36176,
    "index": 68
  },
  {
    "name": "Load Service",
    "start": 1648525326023,
    "end": 1648525326054,
    "duration": 31,
    "pid": 36176,
    "index": 69
  },
  {
    "name": "Load \"service\" to Context",
    "start": 1648525326023,
    "end": 1648525326054,
    "duration": 31,
    "pid": 36176,
    "index": 70
  },
  {
    "name": "Load Middleware",
    "start": 1648525326055,
    "end": 1648525326164,
    "duration": 109,
    "pid": 36176,
    "index": 71
  },
  {
    "name": "Load \"middlewares\" to Application",
    "start": 1648525326055,
    "end": 1648525326154,
    "duration": 99,
    "pid": 36176,
    "index": 72
  },
  {
    "name": "Load Controller",
    "start": 1648525326164,
    "end": 1648525326169,
    "duration": 5,
    "pid": 36176,
    "index": 73
  },
  {
    "name": "Load \"controller\" to Application",
    "start": 1648525326165,
    "end": 1648525326169,
    "duration": 4,
    "pid": 36176,
    "index": 74
  },
  {
    "name": "Load Router",
    "start": 1648525326169,
    "end": 1648525326173,
    "duration": 4,
    "pid": 36176,
    "index": 75
  },
  {
    "name": "Require(56) app/router.js",
    "start": 1648525326170,
    "end": 1648525326170,
    "duration": 0,
    "pid": 36176,
    "index": 76
  },
  {
    "name": "Before Start in node_modules/egg-core/lib/egg.js:303:10",
    "start": 1648525326171,
    "end": 1648525326213,
    "duration": 42,
    "pid": 36176,
    "index": 77
  },
  {
    "name": "Load \"model\" to Application",
    "start": 1648525326185,
    "end": 1648525326212,
    "duration": 27,
    "pid": 36176,
    "index": 78
  }
]