[
  {
    "name": "Process Start",
    "start": 1648460200389,
    "end": 1648460201061,
    "duration": 672,
    "pid": 42100,
    "index": 0
  },
  {
    "name": "Application Start",
    "start": 1648460201062,
    "end": 1648460201642,
    "duration": 580,
    "pid": 42100,
    "index": 1
  },
  {
    "name": "Load Plugin",
    "start": 1648460201064,
    "end": 1648460201075,
    "duration": 11,
    "pid": 42100,
    "index": 2
  },
  {
    "name": "Load Config",
    "start": 1648460201075,
    "end": 1648460201091,
    "duration": 16,
    "pid": 42100,
    "index": 3
  },
  {
    "name": "Require(0) config/config.default.js",
    "start": 1648460201075,
    "end": 1648460201075,
    "duration": 0,
    "pid": 42100,
    "index": 4
  },
  {
    "name": "Require(1) config/config.local.js",
    "start": 1648460201076,
    "end": 1648460201076,
    "duration": 0,
    "pid": 42100,
    "index": 5
  },
  {
    "name": "Require(2) node_modules/egg-session/config/config.default.js",
    "start": 1648460201076,
    "end": 1648460201077,
    "duration": 1,
    "pid": 42100,
    "index": 6
  },
  {
    "name": "Require(3) node_modules/egg-security/config/config.default.js",
    "start": 1648460201077,
    "end": 1648460201077,
    "duration": 0,
    "pid": 42100,
    "index": 7
  },
  {
    "name": "Require(4) node_modules/egg-jsonp/config/config.default.js",
    "start": 1648460201078,
    "end": 1648460201078,
    "duration": 0,
    "pid": 42100,
    "index": 8
  },
  {
    "name": "Require(5) node_modules/egg-onerror/config/config.default.js",
    "start": 1648460201078,
    "end": 1648460201078,
    "duration": 0,
    "pid": 42100,
    "index": 9
  },
  {
    "name": "Require(6) node_modules/egg-i18n/config/config.default.js",
    "start": 1648460201079,
    "end": 1648460201079,
    "duration": 0,
    "pid": 42100,
    "index": 10
  },
  {
    "name": "Require(7) node_modules/egg-watcher/config/config.default.js",
    "start": 1648460201079,
    "end": 1648460201080,
    "duration": 1,
    "pid": 42100,
    "index": 11
  },
  {
    "name": "Require(8) node_modules/egg-schedule/config/config.default.js",
    "start": 1648460201080,
    "end": 1648460201080,
    "duration": 0,
    "pid": 42100,
    "index": 12
  },
  {
    "name": "Require(9) node_modules/egg-multipart/config/config.default.js",
    "start": 1648460201081,
    "end": 1648460201081,
    "duration": 0,
    "pid": 42100,
    "index": 13
  },
  {
    "name": "Require(10) node_modules/egg-development/config/config.default.js",
    "start": 1648460201081,
    "end": 1648460201082,
    "duration": 1,
    "pid": 42100,
    "index": 14
  },
  {
    "name": "Require(11) node_modules/egg-logrotator/config/config.default.js",
    "start": 1648460201082,
    "end": 1648460201082,
    "duration": 0,
    "pid": 42100,
    "index": 15
  },
  {
    "name": "Require(12) node_modules/egg-static/config/config.default.js",
    "start": 1648460201082,
    "end": 1648460201083,
    "duration": 1,
    "pid": 42100,
    "index": 16
  },
  {
    "name": "Require(13) node_modules/egg-view/config/config.default.js",
    "start": 1648460201083,
    "end": 1648460201083,
    "duration": 0,
    "pid": 42100,
    "index": 17
  },
  {
    "name": "Require(14) node_modules/egg-mongoose/config/config.default.js",
    "start": 1648460201083,
    "end": 1648460201084,
    "duration": 1,
    "pid": 42100,
    "index": 18
  },
  {
    "name": "Require(15) node_modules/egg-validate/config/config.default.js",
    "start": 1648460201084,
    "end": 1648460201084,
    "duration": 0,
    "pid": 42100,
    "index": 19
  },
  {
    "name": "Require(16) node_modules/egg-cors/config/config.default.js",
    "start": 1648460201084,
    "end": 1648460201085,
    "duration": 1,
    "pid": 42100,
    "index": 20
  },
  {
    "name": "Require(17) node_modules/egg/config/config.default.js",
    "start": 1648460201085,
    "end": 1648460201085,
    "duration": 0,
    "pid": 42100,
    "index": 21
  },
  {
    "name": "Require(18) config/config.default.js",
    "start": 1648460201087,
    "end": 1648460201087,
    "duration": 0,
    "pid": 42100,
    "index": 22
  },
  {
    "name": "Require(19) node_modules/egg-security/config/config.local.js",
    "start": 1648460201088,
    "end": 1648460201089,
    "duration": 1,
    "pid": 42100,
    "index": 23
  },
  {
    "name": "Require(20) node_modules/egg-watcher/config/config.local.js",
    "start": 1648460201089,
    "end": 1648460201089,
    "duration": 0,
    "pid": 42100,
    "index": 24
  },
  {
    "name": "Require(21) node_modules/egg-view/config/config.local.js",
    "start": 1648460201090,
    "end": 1648460201090,
    "duration": 0,
    "pid": 42100,
    "index": 25
  },
  {
    "name": "Require(22) node_modules/egg/config/config.local.js",
    "start": 1648460201091,
    "end": 1648460201091,
    "duration": 0,
    "pid": 42100,
    "index": 26
  },
  {
    "name": "Require(23) config/config.local.js",
    "start": 1648460201091,
    "end": 1648460201091,
    "duration": 0,
    "pid": 42100,
    "index": 27
  },
  {
    "name": "Load extend/application.js",
    "start": 1648460201092,
    "end": 1648460201127,
    "duration": 35,
    "pid": 42100,
    "index": 28
  },
  {
    "name": "Require(24) node_modules/egg-session/app/extend/application.js",
    "start": 1648460201092,
    "end": 1648460201092,
    "duration": 0,
    "pid": 42100,
    "index": 29
  },
  {
    "name": "Require(25) node_modules/egg-security/app/extend/application.js",
    "start": 1648460201092,
    "end": 1648460201093,
    "duration": 1,
    "pid": 42100,
    "index": 30
  },
  {
    "name": "Require(26) node_modules/egg-jsonp/app/extend/application.js",
    "start": 1648460201093,
    "end": 1648460201094,
    "duration": 1,
    "pid": 42100,
    "index": 31
  },
  {
    "name": "Require(27) node_modules/egg-logrotator/app/extend/application.js",
    "start": 1648460201095,
    "end": 1648460201095,
    "duration": 0,
    "pid": 42100,
    "index": 32
  },
  {
    "name": "Require(28) node_modules/egg-view/app/extend/application.js",
    "start": 1648460201096,
    "end": 1648460201096,
    "duration": 0,
    "pid": 42100,
    "index": 33
  },
  {
    "name": "Require(29) app/extend/application.js",
    "start": 1648460201097,
    "end": 1648460201126,
    "duration": 29,
    "pid": 42100,
    "index": 34
  },
  {
    "name": "Load extend/request.js",
    "start": 1648460201127,
    "end": 1648460201130,
    "duration": 3,
    "pid": 42100,
    "index": 35
  },
  {
    "name": "Require(30) node_modules/egg/app/extend/request.js",
    "start": 1648460201128,
    "end": 1648460201129,
    "duration": 1,
    "pid": 42100,
    "index": 36
  },
  {
    "name": "Load extend/response.js",
    "start": 1648460201130,
    "end": 1648460201134,
    "duration": 4,
    "pid": 42100,
    "index": 37
  },
  {
    "name": "Require(31) node_modules/egg/app/extend/response.js",
    "start": 1648460201132,
    "end": 1648460201133,
    "duration": 1,
    "pid": 42100,
    "index": 38
  },
  {
    "name": "Load extend/context.js",
    "start": 1648460201134,
    "end": 1648460201174,
    "duration": 40,
    "pid": 42100,
    "index": 39
  },
  {
    "name": "Require(32) node_modules/egg-security/app/extend/context.js",
    "start": 1648460201134,
    "end": 1648460201139,
    "duration": 5,
    "pid": 42100,
    "index": 40
  },
  {
    "name": "Require(33) node_modules/egg-jsonp/app/extend/context.js",
    "start": 1648460201139,
    "end": 1648460201140,
    "duration": 1,
    "pid": 42100,
    "index": 41
  },
  {
    "name": "Require(34) node_modules/egg-i18n/app/extend/context.js",
    "start": 1648460201140,
    "end": 1648460201140,
    "duration": 0,
    "pid": 42100,
    "index": 42
  },
  {
    "name": "Require(35) node_modules/egg-multipart/app/extend/context.js",
    "start": 1648460201140,
    "end": 1648460201169,
    "duration": 29,
    "pid": 42100,
    "index": 43
  },
  {
    "name": "Require(36) node_modules/egg-view/app/extend/context.js",
    "start": 1648460201170,
    "end": 1648460201171,
    "duration": 1,
    "pid": 42100,
    "index": 44
  },
  {
    "name": "Require(37) node_modules/egg-mongoose/app/extend/context.js",
    "start": 1648460201171,
    "end": 1648460201171,
    "duration": 0,
    "pid": 42100,
    "index": 45
  },
  {
    "name": "Require(38) node_modules/egg-validate/app/extend/context.js",
    "start": 1648460201171,
    "end": 1648460201172,
    "duration": 1,
    "pid": 42100,
    "index": 46
  },
  {
    "name": "Require(39) node_modules/egg/app/extend/context.js",
    "start": 1648460201172,
    "end": 1648460201172,
    "duration": 0,
    "pid": 42100,
    "index": 47
  },
  {
    "name": "Load extend/helper.js",
    "start": 1648460201174,
    "end": 1648460201186,
    "duration": 12,
    "pid": 42100,
    "index": 48
  },
  {
    "name": "Require(40) node_modules/egg-security/app/extend/helper.js",
    "start": 1648460201174,
    "end": 1648460201182,
    "duration": 8,
    "pid": 42100,
    "index": 49
  },
  {
    "name": "Require(41) node_modules/egg/app/extend/helper.js",
    "start": 1648460201184,
    "end": 1648460201184,
    "duration": 0,
    "pid": 42100,
    "index": 50
  },
  {
    "name": "Require(42) app/extend/helper.js",
    "start": 1648460201184,
    "end": 1648460201184,
    "duration": 0,
    "pid": 42100,
    "index": 51
  },
  {
    "name": "Load app.js",
    "start": 1648460201186,
    "end": 1648460201208,
    "duration": 22,
    "pid": 42100,
    "index": 52
  },
  {
    "name": "Require(43) node_modules/egg-session/app.js",
    "start": 1648460201186,
    "end": 1648460201186,
    "duration": 0,
    "pid": 42100,
    "index": 53
  },
  {
    "name": "Require(44) node_modules/egg-security/app.js",
    "start": 1648460201186,
    "end": 1648460201187,
    "duration": 1,
    "pid": 42100,
    "index": 54
  },
  {
    "name": "Require(45) node_modules/egg-onerror/app.js",
    "start": 1648460201187,
    "end": 1648460201191,
    "duration": 4,
    "pid": 42100,
    "index": 55
  },
  {
    "name": "Require(46) node_modules/egg-i18n/app.js",
    "start": 1648460201191,
    "end": 1648460201201,
    "duration": 10,
    "pid": 42100,
    "index": 56
  },
  {
    "name": "Require(47) node_modules/egg-watcher/app.js",
    "start": 1648460201202,
    "end": 1648460201203,
    "duration": 1,
    "pid": 42100,
    "index": 57
  },
  {
    "name": "Require(48) node_modules/egg-schedule/app.js",
    "start": 1648460201204,
    "end": 1648460201204,
    "duration": 0,
    "pid": 42100,
    "index": 58
  },
  {
    "name": "Require(49) node_modules/egg-multipart/app.js",
    "start": 1648460201205,
    "end": 1648460201205,
    "duration": 0,
    "pid": 42100,
    "index": 59
  },
  {
    "name": "Require(50) node_modules/egg-development/app.js",
    "start": 1648460201205,
    "end": 1648460201205,
    "duration": 0,
    "pid": 42100,
    "index": 60
  },
  {
    "name": "Require(51) node_modules/egg-logrotator/app.js",
    "start": 1648460201205,
    "end": 1648460201205,
    "duration": 0,
    "pid": 42100,
    "index": 61
  },
  {
    "name": "Require(52) node_modules/egg-static/app.js",
    "start": 1648460201206,
    "end": 1648460201206,
    "duration": 0,
    "pid": 42100,
    "index": 62
  },
  {
    "name": "Require(53) node_modules/egg-mongoose/app.js",
    "start": 1648460201206,
    "end": 1648460201206,
    "duration": 0,
    "pid": 42100,
    "index": 63
  },
  {
    "name": "Require(54) node_modules/egg-validate/app.js",
    "start": 1648460201206,
    "end": 1648460201207,
    "duration": 1,
    "pid": 42100,
    "index": 64
  },
  {
    "name": "Require(55) node_modules/egg-cors/app.js",
    "start": 1648460201207,
    "end": 1648460201208,
    "duration": 1,
    "pid": 42100,
    "index": 65
  },
  {
    "name": "Before Start in node_modules/egg-watcher/lib/init.js:15:14",
    "start": 1648460201215,
    "end": 1648460201642,
    "duration": 427,
    "pid": 42100,
    "index": 66
  },
  {
    "name": "Before Start in node_modules/egg-mongoose/lib/mongoose.js:104:7",
    "start": 1648460201519,
    "end": 1648460201640,
    "duration": 121,
    "pid": 42100,
    "index": 67
  },
  {
    "name": "Before Start in node_modules/egg-mongoose/lib/mongoose.js:52:9",
    "start": 1648460201519,
    "end": 1648460201629,
    "duration": 110,
    "pid": 42100,
    "index": 68
  },
  {
    "name": "Load Service",
    "start": 1648460201519,
    "end": 1648460201539,
    "duration": 20,
    "pid": 42100,
    "index": 69
  },
  {
    "name": "Load \"service\" to Context",
    "start": 1648460201519,
    "end": 1648460201539,
    "duration": 20,
    "pid": 42100,
    "index": 70
  },
  {
    "name": "Load Middleware",
    "start": 1648460201539,
    "end": 1648460201605,
    "duration": 66,
    "pid": 42100,
    "index": 71
  },
  {
    "name": "Load \"middlewares\" to Application",
    "start": 1648460201540,
    "end": 1648460201597,
    "duration": 57,
    "pid": 42100,
    "index": 72
  },
  {
    "name": "Load Controller",
    "start": 1648460201605,
    "end": 1648460201607,
    "duration": 2,
    "pid": 42100,
    "index": 73
  },
  {
    "name": "Load \"controller\" to Application",
    "start": 1648460201605,
    "end": 1648460201607,
    "duration": 2,
    "pid": 42100,
    "index": 74
  },
  {
    "name": "Load Router",
    "start": 1648460201608,
    "end": 1648460201610,
    "duration": 2,
    "pid": 42100,
    "index": 75
  },
  {
    "name": "Require(56) app/router.js",
    "start": 1648460201608,
    "end": 1648460201608,
    "duration": 0,
    "pid": 42100,
    "index": 76
  },
  {
    "name": "Before Start in node_modules/egg-core/lib/egg.js:303:10",
    "start": 1648460201608,
    "end": 1648460201629,
    "duration": 21,
    "pid": 42100,
    "index": 77
  },
  {
    "name": "Load \"model\" to Application",
    "start": 1648460201615,
    "end": 1648460201628,
    "duration": 13,
    "pid": 42100,
    "index": 78
  }
]