[
  {
    "name": "Process Start",
    "start": 1648525385611,
    "end": 1648525386787,
    "duration": 1176,
    "pid": 30848,
    "index": 0
  },
  {
    "name": "Application Start",
    "start": 1648525386788,
    "end": 1648525387837,
    "duration": 1049,
    "pid": 30848,
    "index": 1
  },
  {
    "name": "Load Plugin",
    "start": 1648525386793,
    "end": 1648525386814,
    "duration": 21,
    "pid": 30848,
    "index": 2
  },
  {
    "name": "Load Config",
    "start": 1648525386814,
    "end": 1648525386850,
    "duration": 36,
    "pid": 30848,
    "index": 3
  },
  {
    "name": "Require(0) config/config.default.js",
    "start": 1648525386815,
    "end": 1648525386815,
    "duration": 0,
    "pid": 30848,
    "index": 4
  },
  {
    "name": "Require(1) config/config.local.js",
    "start": 1648525386816,
    "end": 1648525386818,
    "duration": 2,
    "pid": 30848,
    "index": 5
  },
  {
    "name": "Require(2) node_modules/egg-session/config/config.default.js",
    "start": 1648525386818,
    "end": 1648525386819,
    "duration": 1,
    "pid": 30848,
    "index": 6
  },
  {
    "name": "Require(3) node_modules/egg-security/config/config.default.js",
    "start": 1648525386819,
    "end": 1648525386820,
    "duration": 1,
    "pid": 30848,
    "index": 7
  },
  {
    "name": "Require(4) node_modules/egg-jsonp/config/config.default.js",
    "start": 1648525386821,
    "end": 1648525386822,
    "duration": 1,
    "pid": 30848,
    "index": 8
  },
  {
    "name": "Require(5) node_modules/egg-onerror/config/config.default.js",
    "start": 1648525386822,
    "end": 1648525386823,
    "duration": 1,
    "pid": 30848,
    "index": 9
  },
  {
    "name": "Require(6) node_modules/egg-i18n/config/config.default.js",
    "start": 1648525386823,
    "end": 1648525386824,
    "duration": 1,
    "pid": 30848,
    "index": 10
  },
  {
    "name": "Require(7) node_modules/egg-watcher/config/config.default.js",
    "start": 1648525386825,
    "end": 1648525386825,
    "duration": 0,
    "pid": 30848,
    "index": 11
  },
  {
    "name": "Require(8) node_modules/egg-schedule/config/config.default.js",
    "start": 1648525386826,
    "end": 1648525386826,
    "duration": 0,
    "pid": 30848,
    "index": 12
  },
  {
    "name": "Require(9) node_modules/egg-multipart/config/config.default.js",
    "start": 1648525386827,
    "end": 1648525386828,
    "duration": 1,
    "pid": 30848,
    "index": 13
  },
  {
    "name": "Require(10) node_modules/egg-development/config/config.default.js",
    "start": 1648525386828,
    "end": 1648525386829,
    "duration": 1,
    "pid": 30848,
    "index": 14
  },
  {
    "name": "Require(11) node_modules/egg-logrotator/config/config.default.js",
    "start": 1648525386829,
    "end": 1648525386830,
    "duration": 1,
    "pid": 30848,
    "index": 15
  },
  {
    "name": "Require(12) node_modules/egg-static/config/config.default.js",
    "start": 1648525386831,
    "end": 1648525386831,
    "duration": 0,
    "pid": 30848,
    "index": 16
  },
  {
    "name": "Require(13) node_modules/egg-view/config/config.default.js",
    "start": 1648525386832,
    "end": 1648525386832,
    "duration": 0,
    "pid": 30848,
    "index": 17
  },
  {
    "name": "Require(14) node_modules/egg-mongoose/config/config.default.js",
    "start": 1648525386833,
    "end": 1648525386833,
    "duration": 0,
    "pid": 30848,
    "index": 18
  },
  {
    "name": "Require(15) node_modules/egg-validate/config/config.default.js",
    "start": 1648525386834,
    "end": 1648525386835,
    "duration": 1,
    "pid": 30848,
    "index": 19
  },
  {
    "name": "Require(16) node_modules/egg-cors/config/config.default.js",
    "start": 1648525386836,
    "end": 1648525386836,
    "duration": 0,
    "pid": 30848,
    "index": 20
  },
  {
    "name": "Require(17) node_modules/egg/config/config.default.js",
    "start": 1648525386837,
    "end": 1648525386837,
    "duration": 0,
    "pid": 30848,
    "index": 21
  },
  {
    "name": "Require(18) config/config.default.js",
    "start": 1648525386839,
    "end": 1648525386839,
    "duration": 0,
    "pid": 30848,
    "index": 22
  },
  {
    "name": "Require(19) node_modules/egg-security/config/config.local.js",
    "start": 1648525386840,
    "end": 1648525386842,
    "duration": 2,
    "pid": 30848,
    "index": 23
  },
  {
    "name": "Require(20) node_modules/egg-watcher/config/config.local.js",
    "start": 1648525386846,
    "end": 1648525386846,
    "duration": 0,
    "pid": 30848,
    "index": 24
  },
  {
    "name": "Require(21) node_modules/egg-view/config/config.local.js",
    "start": 1648525386847,
    "end": 1648525386848,
    "duration": 1,
    "pid": 30848,
    "index": 25
  },
  {
    "name": "Require(22) node_modules/egg/config/config.local.js",
    "start": 1648525386849,
    "end": 1648525386850,
    "duration": 1,
    "pid": 30848,
    "index": 26
  },
  {
    "name": "Require(23) config/config.local.js",
    "start": 1648525386850,
    "end": 1648525386850,
    "duration": 0,
    "pid": 30848,
    "index": 27
  },
  {
    "name": "Load extend/application.js",
    "start": 1648525386851,
    "end": 1648525386944,
    "duration": 93,
    "pid": 30848,
    "index": 28
  },
  {
    "name": "Require(24) node_modules/egg-session/app/extend/application.js",
    "start": 1648525386853,
    "end": 1648525386853,
    "duration": 0,
    "pid": 30848,
    "index": 29
  },
  {
    "name": "Require(25) node_modules/egg-security/app/extend/application.js",
    "start": 1648525386854,
    "end": 1648525386854,
    "duration": 0,
    "pid": 30848,
    "index": 30
  },
  {
    "name": "Require(26) node_modules/egg-jsonp/app/extend/application.js",
    "start": 1648525386855,
    "end": 1648525386856,
    "duration": 1,
    "pid": 30848,
    "index": 31
  },
  {
    "name": "Require(27) node_modules/egg-logrotator/app/extend/application.js",
    "start": 1648525386857,
    "end": 1648525386858,
    "duration": 1,
    "pid": 30848,
    "index": 32
  },
  {
    "name": "Require(28) node_modules/egg-view/app/extend/application.js",
    "start": 1648525386858,
    "end": 1648525386860,
    "duration": 2,
    "pid": 30848,
    "index": 33
  },
  {
    "name": "Require(29) app/extend/application.js",
    "start": 1648525386861,
    "end": 1648525386941,
    "duration": 80,
    "pid": 30848,
    "index": 34
  },
  {
    "name": "Load extend/request.js",
    "start": 1648525386944,
    "end": 1648525386951,
    "duration": 7,
    "pid": 30848,
    "index": 35
  },
  {
    "name": "Require(30) node_modules/egg/app/extend/request.js",
    "start": 1648525386947,
    "end": 1648525386948,
    "duration": 1,
    "pid": 30848,
    "index": 36
  },
  {
    "name": "Load extend/response.js",
    "start": 1648525386951,
    "end": 1648525386958,
    "duration": 7,
    "pid": 30848,
    "index": 37
  },
  {
    "name": "Require(31) node_modules/egg/app/extend/response.js",
    "start": 1648525386953,
    "end": 1648525386954,
    "duration": 1,
    "pid": 30848,
    "index": 38
  },
  {
    "name": "Load extend/context.js",
    "start": 1648525386958,
    "end": 1648525387043,
    "duration": 85,
    "pid": 30848,
    "index": 39
  },
  {
    "name": "Require(32) node_modules/egg-security/app/extend/context.js",
    "start": 1648525386959,
    "end": 1648525386969,
    "duration": 10,
    "pid": 30848,
    "index": 40
  },
  {
    "name": "Require(33) node_modules/egg-jsonp/app/extend/context.js",
    "start": 1648525386970,
    "end": 1648525386971,
    "duration": 1,
    "pid": 30848,
    "index": 41
  },
  {
    "name": "Require(34) node_modules/egg-i18n/app/extend/context.js",
    "start": 1648525386972,
    "end": 1648525386972,
    "duration": 0,
    "pid": 30848,
    "index": 42
  },
  {
    "name": "Require(35) node_modules/egg-multipart/app/extend/context.js",
    "start": 1648525386973,
    "end": 1648525387034,
    "duration": 61,
    "pid": 30848,
    "index": 43
  },
  {
    "name": "Require(36) node_modules/egg-view/app/extend/context.js",
    "start": 1648525387035,
    "end": 1648525387037,
    "duration": 2,
    "pid": 30848,
    "index": 44
  },
  {
    "name": "Require(37) node_modules/egg-mongoose/app/extend/context.js",
    "start": 1648525387037,
    "end": 1648525387038,
    "duration": 1,
    "pid": 30848,
    "index": 45
  },
  {
    "name": "Require(38) node_modules/egg-validate/app/extend/context.js",
    "start": 1648525387038,
    "end": 1648525387039,
    "duration": 1,
    "pid": 30848,
    "index": 46
  },
  {
    "name": "Require(39) node_modules/egg/app/extend/context.js",
    "start": 1648525387039,
    "end": 1648525387040,
    "duration": 1,
    "pid": 30848,
    "index": 47
  },
  {
    "name": "Load extend/helper.js",
    "start": 1648525387044,
    "end": 1648525387070,
    "duration": 26,
    "pid": 30848,
    "index": 48
  },
  {
    "name": "Require(40) node_modules/egg-security/app/extend/helper.js",
    "start": 1648525387044,
    "end": 1648525387062,
    "duration": 18,
    "pid": 30848,
    "index": 49
  },
  {
    "name": "Require(41) node_modules/egg/app/extend/helper.js",
    "start": 1648525387065,
    "end": 1648525387066,
    "duration": 1,
    "pid": 30848,
    "index": 50
  },
  {
    "name": "Require(42) app/extend/helper.js",
    "start": 1648525387066,
    "end": 1648525387067,
    "duration": 1,
    "pid": 30848,
    "index": 51
  },
  {
    "name": "Load app.js",
    "start": 1648525387070,
    "end": 1648525387110,
    "duration": 40,
    "pid": 30848,
    "index": 52
  },
  {
    "name": "Require(43) node_modules/egg-session/app.js",
    "start": 1648525387071,
    "end": 1648525387071,
    "duration": 0,
    "pid": 30848,
    "index": 53
  },
  {
    "name": "Require(44) node_modules/egg-security/app.js",
    "start": 1648525387071,
    "end": 1648525387073,
    "duration": 2,
    "pid": 30848,
    "index": 54
  },
  {
    "name": "Require(45) node_modules/egg-onerror/app.js",
    "start": 1648525387074,
    "end": 1648525387082,
    "duration": 8,
    "pid": 30848,
    "index": 55
  },
  {
    "name": "Require(46) node_modules/egg-i18n/app.js",
    "start": 1648525387083,
    "end": 1648525387099,
    "duration": 16,
    "pid": 30848,
    "index": 56
  },
  {
    "name": "Require(47) node_modules/egg-watcher/app.js",
    "start": 1648525387099,
    "end": 1648525387102,
    "duration": 3,
    "pid": 30848,
    "index": 57
  },
  {
    "name": "Require(48) node_modules/egg-schedule/app.js",
    "start": 1648525387103,
    "end": 1648525387104,
    "duration": 1,
    "pid": 30848,
    "index": 58
  },
  {
    "name": "Require(49) node_modules/egg-multipart/app.js",
    "start": 1648525387104,
    "end": 1648525387104,
    "duration": 0,
    "pid": 30848,
    "index": 59
  },
  {
    "name": "Require(50) node_modules/egg-development/app.js",
    "start": 1648525387105,
    "end": 1648525387105,
    "duration": 0,
    "pid": 30848,
    "index": 60
  },
  {
    "name": "Require(51) node_modules/egg-logrotator/app.js",
    "start": 1648525387105,
    "end": 1648525387106,
    "duration": 1,
    "pid": 30848,
    "index": 61
  },
  {
    "name": "Require(52) node_modules/egg-static/app.js",
    "start": 1648525387106,
    "end": 1648525387106,
    "duration": 0,
    "pid": 30848,
    "index": 62
  },
  {
    "name": "Require(53) node_modules/egg-mongoose/app.js",
    "start": 1648525387107,
    "end": 1648525387107,
    "duration": 0,
    "pid": 30848,
    "index": 63
  },
  {
    "name": "Require(54) node_modules/egg-validate/app.js",
    "start": 1648525387107,
    "end": 1648525387109,
    "duration": 2,
    "pid": 30848,
    "index": 64
  },
  {
    "name": "Require(55) node_modules/egg-cors/app.js",
    "start": 1648525387109,
    "end": 1648525387109,
    "duration": 0,
    "pid": 30848,
    "index": 65
  },
  {
    "name": "Before Start in node_modules/egg-watcher/lib/init.js:15:14",
    "start": 1648525387121,
    "end": 1648525387836,
    "duration": 715,
    "pid": 30848,
    "index": 66
  },
  {
    "name": "Before Start in node_modules/egg-mongoose/lib/mongoose.js:104:7",
    "start": 1648525387608,
    "end": 1648525387834,
    "duration": 226,
    "pid": 30848,
    "index": 67
  },
  {
    "name": "Before Start in node_modules/egg-mongoose/lib/mongoose.js:52:9",
    "start": 1648525387609,
    "end": 1648525387816,
    "duration": 207,
    "pid": 30848,
    "index": 68
  },
  {
    "name": "Load Service",
    "start": 1648525387609,
    "end": 1648525387648,
    "duration": 39,
    "pid": 30848,
    "index": 69
  },
  {
    "name": "Load \"service\" to Context",
    "start": 1648525387609,
    "end": 1648525387648,
    "duration": 39,
    "pid": 30848,
    "index": 70
  },
  {
    "name": "Load Middleware",
    "start": 1648525387649,
    "end": 1648525387776,
    "duration": 127,
    "pid": 30848,
    "index": 71
  },
  {
    "name": "Load \"middlewares\" to Application",
    "start": 1648525387649,
    "end": 1648525387765,
    "duration": 116,
    "pid": 30848,
    "index": 72
  },
  {
    "name": "Load Controller",
    "start": 1648525387776,
    "end": 1648525387779,
    "duration": 3,
    "pid": 30848,
    "index": 73
  },
  {
    "name": "Load \"controller\" to Application",
    "start": 1648525387776,
    "end": 1648525387779,
    "duration": 3,
    "pid": 30848,
    "index": 74
  },
  {
    "name": "Load Router",
    "start": 1648525387779,
    "end": 1648525387783,
    "duration": 4,
    "pid": 30848,
    "index": 75
  },
  {
    "name": "Require(56) app/router.js",
    "start": 1648525387780,
    "end": 1648525387780,
    "duration": 0,
    "pid": 30848,
    "index": 76
  },
  {
    "name": "Before Start in node_modules/egg-core/lib/egg.js:303:10",
    "start": 1648525387780,
    "end": 1648525387816,
    "duration": 36,
    "pid": 30848,
    "index": 77
  },
  {
    "name": "Load \"model\" to Application",
    "start": 1648525387792,
    "end": 1648525387815,
    "duration": 23,
    "pid": 30848,
    "index": 78
  }
]