[
  {
    "name": "Process Start",
    "start": 1648547661424,
    "end": 1648547662347,
    "duration": 923,
    "pid": 30776,
    "index": 0
  },
  {
    "name": "Application Start",
    "start": 1648547662348,
    "end": 1648547662900,
    "duration": 552,
    "pid": 30776,
    "index": 1
  },
  {
    "name": "Load Plugin",
    "start": 1648547662351,
    "end": 1648547662362,
    "duration": 11,
    "pid": 30776,
    "index": 2
  },
  {
    "name": "Load Config",
    "start": 1648547662362,
    "end": 1648547662379,
    "duration": 17,
    "pid": 30776,
    "index": 3
  },
  {
    "name": "Require(0) config/config.default.js",
    "start": 1648547662362,
    "end": 1648547662363,
    "duration": 1,
    "pid": 30776,
    "index": 4
  },
  {
    "name": "Require(1) config/config.local.js",
    "start": 1648547662363,
    "end": 1648547662364,
    "duration": 1,
    "pid": 30776,
    "index": 5
  },
  {
    "name": "Require(2) node_modules/egg-session/config/config.default.js",
    "start": 1648547662364,
    "end": 1648547662364,
    "duration": 0,
    "pid": 30776,
    "index": 6
  },
  {
    "name": "Require(3) node_modules/egg-security/config/config.default.js",
    "start": 1648547662364,
    "end": 1648547662365,
    "duration": 1,
    "pid": 30776,
    "index": 7
  },
  {
    "name": "Require(4) node_modules/egg-jsonp/config/config.default.js",
    "start": 1648547662365,
    "end": 1648547662366,
    "duration": 1,
    "pid": 30776,
    "index": 8
  },
  {
    "name": "Require(5) node_modules/egg-onerror/config/config.default.js",
    "start": 1648547662366,
    "end": 1648547662366,
    "duration": 0,
    "pid": 30776,
    "index": 9
  },
  {
    "name": "Require(6) node_modules/egg-i18n/config/config.default.js",
    "start": 1648547662366,
    "end": 1648547662367,
    "duration": 1,
    "pid": 30776,
    "index": 10
  },
  {
    "name": "Require(7) node_modules/egg-watcher/config/config.default.js",
    "start": 1648547662367,
    "end": 1648547662367,
    "duration": 0,
    "pid": 30776,
    "index": 11
  },
  {
    "name": "Require(8) node_modules/egg-schedule/config/config.default.js",
    "start": 1648547662368,
    "end": 1648547662368,
    "duration": 0,
    "pid": 30776,
    "index": 12
  },
  {
    "name": "Require(9) node_modules/egg-multipart/config/config.default.js",
    "start": 1648547662368,
    "end": 1648547662368,
    "duration": 0,
    "pid": 30776,
    "index": 13
  },
  {
    "name": "Require(10) node_modules/egg-development/config/config.default.js",
    "start": 1648547662369,
    "end": 1648547662369,
    "duration": 0,
    "pid": 30776,
    "index": 14
  },
  {
    "name": "Require(11) node_modules/egg-logrotator/config/config.default.js",
    "start": 1648547662369,
    "end": 1648547662369,
    "duration": 0,
    "pid": 30776,
    "index": 15
  },
  {
    "name": "Require(12) node_modules/egg-static/config/config.default.js",
    "start": 1648547662370,
    "end": 1648547662370,
    "duration": 0,
    "pid": 30776,
    "index": 16
  },
  {
    "name": "Require(13) node_modules/egg-view/config/config.default.js",
    "start": 1648547662370,
    "end": 1648547662371,
    "duration": 1,
    "pid": 30776,
    "index": 17
  },
  {
    "name": "Require(14) node_modules/egg-mongoose/config/config.default.js",
    "start": 1648547662371,
    "end": 1648547662371,
    "duration": 0,
    "pid": 30776,
    "index": 18
  },
  {
    "name": "Require(15) node_modules/egg-validate/config/config.default.js",
    "start": 1648547662371,
    "end": 1648547662371,
    "duration": 0,
    "pid": 30776,
    "index": 19
  },
  {
    "name": "Require(16) node_modules/egg-cors/config/config.default.js",
    "start": 1648547662372,
    "end": 1648547662372,
    "duration": 0,
    "pid": 30776,
    "index": 20
  },
  {
    "name": "Require(17) node_modules/egg/config/config.default.js",
    "start": 1648547662372,
    "end": 1648547662372,
    "duration": 0,
    "pid": 30776,
    "index": 21
  },
  {
    "name": "Require(18) config/config.default.js",
    "start": 1648547662373,
    "end": 1648547662373,
    "duration": 0,
    "pid": 30776,
    "index": 22
  },
  {
    "name": "Require(19) node_modules/egg-security/config/config.local.js",
    "start": 1648547662374,
    "end": 1648547662375,
    "duration": 1,
    "pid": 30776,
    "index": 23
  },
  {
    "name": "Require(20) node_modules/egg-watcher/config/config.local.js",
    "start": 1648547662375,
    "end": 1648547662376,
    "duration": 1,
    "pid": 30776,
    "index": 24
  },
  {
    "name": "Require(21) node_modules/egg-view/config/config.local.js",
    "start": 1648547662378,
    "end": 1648547662378,
    "duration": 0,
    "pid": 30776,
    "index": 25
  },
  {
    "name": "Require(22) node_modules/egg/config/config.local.js",
    "start": 1648547662379,
    "end": 1648547662379,
    "duration": 0,
    "pid": 30776,
    "index": 26
  },
  {
    "name": "Require(23) config/config.local.js",
    "start": 1648547662379,
    "end": 1648547662379,
    "duration": 0,
    "pid": 30776,
    "index": 27
  },
  {
    "name": "Load extend/application.js",
    "start": 1648547662380,
    "end": 1648547662414,
    "duration": 34,
    "pid": 30776,
    "index": 28
  },
  {
    "name": "Require(24) node_modules/egg-session/app/extend/application.js",
    "start": 1648547662380,
    "end": 1648547662380,
    "duration": 0,
    "pid": 30776,
    "index": 29
  },
  {
    "name": "Require(25) node_modules/egg-security/app/extend/application.js",
    "start": 1648547662380,
    "end": 1648547662381,
    "duration": 1,
    "pid": 30776,
    "index": 30
  },
  {
    "name": "Require(26) node_modules/egg-jsonp/app/extend/application.js",
    "start": 1648547662381,
    "end": 1648547662382,
    "duration": 1,
    "pid": 30776,
    "index": 31
  },
  {
    "name": "Require(27) node_modules/egg-logrotator/app/extend/application.js",
    "start": 1648547662383,
    "end": 1648547662383,
    "duration": 0,
    "pid": 30776,
    "index": 32
  },
  {
    "name": "Require(28) node_modules/egg-view/app/extend/application.js",
    "start": 1648547662384,
    "end": 1648547662384,
    "duration": 0,
    "pid": 30776,
    "index": 33
  },
  {
    "name": "Require(29) app/extend/application.js",
    "start": 1648547662385,
    "end": 1648547662412,
    "duration": 27,
    "pid": 30776,
    "index": 34
  },
  {
    "name": "Load extend/request.js",
    "start": 1648547662414,
    "end": 1648547662417,
    "duration": 3,
    "pid": 30776,
    "index": 35
  },
  {
    "name": "Require(30) node_modules/egg/app/extend/request.js",
    "start": 1648547662415,
    "end": 1648547662415,
    "duration": 0,
    "pid": 30776,
    "index": 36
  },
  {
    "name": "Load extend/response.js",
    "start": 1648547662417,
    "end": 1648547662420,
    "duration": 3,
    "pid": 30776,
    "index": 37
  },
  {
    "name": "Require(31) node_modules/egg/app/extend/response.js",
    "start": 1648547662418,
    "end": 1648547662419,
    "duration": 1,
    "pid": 30776,
    "index": 38
  },
  {
    "name": "Load extend/context.js",
    "start": 1648547662420,
    "end": 1648547662459,
    "duration": 39,
    "pid": 30776,
    "index": 39
  },
  {
    "name": "Require(32) node_modules/egg-security/app/extend/context.js",
    "start": 1648547662421,
    "end": 1648547662425,
    "duration": 4,
    "pid": 30776,
    "index": 40
  },
  {
    "name": "Require(33) node_modules/egg-jsonp/app/extend/context.js",
    "start": 1648547662426,
    "end": 1648547662426,
    "duration": 0,
    "pid": 30776,
    "index": 41
  },
  {
    "name": "Require(34) node_modules/egg-i18n/app/extend/context.js",
    "start": 1648547662427,
    "end": 1648547662427,
    "duration": 0,
    "pid": 30776,
    "index": 42
  },
  {
    "name": "Require(35) node_modules/egg-multipart/app/extend/context.js",
    "start": 1648547662427,
    "end": 1648547662455,
    "duration": 28,
    "pid": 30776,
    "index": 43
  },
  {
    "name": "Require(36) node_modules/egg-view/app/extend/context.js",
    "start": 1648547662455,
    "end": 1648547662456,
    "duration": 1,
    "pid": 30776,
    "index": 44
  },
  {
    "name": "Require(37) node_modules/egg-mongoose/app/extend/context.js",
    "start": 1648547662456,
    "end": 1648547662456,
    "duration": 0,
    "pid": 30776,
    "index": 45
  },
  {
    "name": "Require(38) node_modules/egg-validate/app/extend/context.js",
    "start": 1648547662457,
    "end": 1648547662457,
    "duration": 0,
    "pid": 30776,
    "index": 46
  },
  {
    "name": "Require(39) node_modules/egg/app/extend/context.js",
    "start": 1648547662457,
    "end": 1648547662458,
    "duration": 1,
    "pid": 30776,
    "index": 47
  },
  {
    "name": "Load extend/helper.js",
    "start": 1648547662459,
    "end": 1648547662471,
    "duration": 12,
    "pid": 30776,
    "index": 48
  },
  {
    "name": "Require(40) node_modules/egg-security/app/extend/helper.js",
    "start": 1648547662460,
    "end": 1648547662468,
    "duration": 8,
    "pid": 30776,
    "index": 49
  },
  {
    "name": "Require(41) node_modules/egg/app/extend/helper.js",
    "start": 1648547662469,
    "end": 1648547662469,
    "duration": 0,
    "pid": 30776,
    "index": 50
  },
  {
    "name": "Require(42) app/extend/helper.js",
    "start": 1648547662469,
    "end": 1648547662469,
    "duration": 0,
    "pid": 30776,
    "index": 51
  },
  {
    "name": "Load app.js",
    "start": 1648547662471,
    "end": 1648547662493,
    "duration": 22,
    "pid": 30776,
    "index": 52
  },
  {
    "name": "Require(43) node_modules/egg-session/app.js",
    "start": 1648547662471,
    "end": 1648547662471,
    "duration": 0,
    "pid": 30776,
    "index": 53
  },
  {
    "name": "Require(44) node_modules/egg-security/app.js",
    "start": 1648547662471,
    "end": 1648547662472,
    "duration": 1,
    "pid": 30776,
    "index": 54
  },
  {
    "name": "Require(45) node_modules/egg-onerror/app.js",
    "start": 1648547662472,
    "end": 1648547662476,
    "duration": 4,
    "pid": 30776,
    "index": 55
  },
  {
    "name": "Require(46) node_modules/egg-i18n/app.js",
    "start": 1648547662477,
    "end": 1648547662486,
    "duration": 9,
    "pid": 30776,
    "index": 56
  },
  {
    "name": "Require(47) node_modules/egg-watcher/app.js",
    "start": 1648547662486,
    "end": 1648547662488,
    "duration": 2,
    "pid": 30776,
    "index": 57
  },
  {
    "name": "Require(48) node_modules/egg-schedule/app.js",
    "start": 1648547662488,
    "end": 1648547662489,
    "duration": 1,
    "pid": 30776,
    "index": 58
  },
  {
    "name": "Require(49) node_modules/egg-multipart/app.js",
    "start": 1648547662489,
    "end": 1648547662490,
    "duration": 1,
    "pid": 30776,
    "index": 59
  },
  {
    "name": "Require(50) node_modules/egg-development/app.js",
    "start": 1648547662490,
    "end": 1648547662490,
    "duration": 0,
    "pid": 30776,
    "index": 60
  },
  {
    "name": "Require(51) node_modules/egg-logrotator/app.js",
    "start": 1648547662490,
    "end": 1648547662491,
    "duration": 1,
    "pid": 30776,
    "index": 61
  },
  {
    "name": "Require(52) node_modules/egg-static/app.js",
    "start": 1648547662491,
    "end": 1648547662491,
    "duration": 0,
    "pid": 30776,
    "index": 62
  },
  {
    "name": "Require(53) node_modules/egg-mongoose/app.js",
    "start": 1648547662491,
    "end": 1648547662491,
    "duration": 0,
    "pid": 30776,
    "index": 63
  },
  {
    "name": "Require(54) node_modules/egg-validate/app.js",
    "start": 1648547662491,
    "end": 1648547662492,
    "duration": 1,
    "pid": 30776,
    "index": 64
  },
  {
    "name": "Require(55) node_modules/egg-cors/app.js",
    "start": 1648547662493,
    "end": 1648547662493,
    "duration": 0,
    "pid": 30776,
    "index": 65
  },
  {
    "name": "Before Start in node_modules/egg-watcher/lib/init.js:15:14",
    "start": 1648547662499,
    "end": 1648547662895,
    "duration": 396,
    "pid": 30776,
    "index": 66
  },
  {
    "name": "Before Start in node_modules/egg-mongoose/lib/mongoose.js:104:7",
    "start": 1648547662781,
    "end": 1648547662899,
    "duration": 118,
    "pid": 30776,
    "index": 67
  },
  {
    "name": "Before Start in node_modules/egg-mongoose/lib/mongoose.js:52:9",
    "start": 1648547662781,
    "end": 1648547662887,
    "duration": 106,
    "pid": 30776,
    "index": 68
  },
  {
    "name": "Load Service",
    "start": 1648547662781,
    "end": 1648547662801,
    "duration": 20,
    "pid": 30776,
    "index": 69
  },
  {
    "name": "Load \"service\" to Context",
    "start": 1648547662781,
    "end": 1648547662801,
    "duration": 20,
    "pid": 30776,
    "index": 70
  },
  {
    "name": "Load Middleware",
    "start": 1648547662801,
    "end": 1648547662865,
    "duration": 64,
    "pid": 30776,
    "index": 71
  },
  {
    "name": "Load \"middlewares\" to Application",
    "start": 1648547662801,
    "end": 1648547662859,
    "duration": 58,
    "pid": 30776,
    "index": 72
  },
  {
    "name": "Load Controller",
    "start": 1648547662865,
    "end": 1648547662867,
    "duration": 2,
    "pid": 30776,
    "index": 73
  },
  {
    "name": "Load \"controller\" to Application",
    "start": 1648547662865,
    "end": 1648547662867,
    "duration": 2,
    "pid": 30776,
    "index": 74
  },
  {
    "name": "Load Router",
    "start": 1648547662867,
    "end": 1648547662869,
    "duration": 2,
    "pid": 30776,
    "index": 75
  },
  {
    "name": "Require(56) app/router.js",
    "start": 1648547662868,
    "end": 1648547662868,
    "duration": 0,
    "pid": 30776,
    "index": 76
  },
  {
    "name": "Before Start in node_modules/egg-core/lib/egg.js:303:10",
    "start": 1648547662868,
    "end": 1648547662887,
    "duration": 19,
    "pid": 30776,
    "index": 77
  },
  {
    "name": "Load \"model\" to Application",
    "start": 1648547662875,
    "end": 1648547662886,
    "duration": 11,
    "pid": 30776,
    "index": 78
  }
]