[
  {
    "name": "Process Start",
    "start": 1648461077112,
    "end": 1648461077830,
    "duration": 718,
    "pid": 35352,
    "index": 0
  },
  {
    "name": "Application Start",
    "start": 1648461077830,
    "end": 1648461078376,
    "duration": 546,
    "pid": 35352,
    "index": 1
  },
  {
    "name": "Load Plugin",
    "start": 1648461077833,
    "end": 1648461077844,
    "duration": 11,
    "pid": 35352,
    "index": 2
  },
  {
    "name": "Load Config",
    "start": 1648461077844,
    "end": 1648461077863,
    "duration": 19,
    "pid": 35352,
    "index": 3
  },
  {
    "name": "Require(0) config/config.default.js",
    "start": 1648461077844,
    "end": 1648461077845,
    "duration": 1,
    "pid": 35352,
    "index": 4
  },
  {
    "name": "Require(1) config/config.local.js",
    "start": 1648461077845,
    "end": 1648461077846,
    "duration": 1,
    "pid": 35352,
    "index": 5
  },
  {
    "name": "Require(2) node_modules/egg-session/config/config.default.js",
    "start": 1648461077846,
    "end": 1648461077846,
    "duration": 0,
    "pid": 35352,
    "index": 6
  },
  {
    "name": "Require(3) node_modules/egg-security/config/config.default.js",
    "start": 1648461077847,
    "end": 1648461077847,
    "duration": 0,
    "pid": 35352,
    "index": 7
  },
  {
    "name": "Require(4) node_modules/egg-jsonp/config/config.default.js",
    "start": 1648461077847,
    "end": 1648461077848,
    "duration": 1,
    "pid": 35352,
    "index": 8
  },
  {
    "name": "Require(5) node_modules/egg-onerror/config/config.default.js",
    "start": 1648461077848,
    "end": 1648461077848,
    "duration": 0,
    "pid": 35352,
    "index": 9
  },
  {
    "name": "Require(6) node_modules/egg-i18n/config/config.default.js",
    "start": 1648461077848,
    "end": 1648461077849,
    "duration": 1,
    "pid": 35352,
    "index": 10
  },
  {
    "name": "Require(7) node_modules/egg-watcher/config/config.default.js",
    "start": 1648461077849,
    "end": 1648461077849,
    "duration": 0,
    "pid": 35352,
    "index": 11
  },
  {
    "name": "Require(8) node_modules/egg-schedule/config/config.default.js",
    "start": 1648461077850,
    "end": 1648461077850,
    "duration": 0,
    "pid": 35352,
    "index": 12
  },
  {
    "name": "Require(9) node_modules/egg-multipart/config/config.default.js",
    "start": 1648461077850,
    "end": 1648461077850,
    "duration": 0,
    "pid": 35352,
    "index": 13
  },
  {
    "name": "Require(10) node_modules/egg-development/config/config.default.js",
    "start": 1648461077851,
    "end": 1648461077851,
    "duration": 0,
    "pid": 35352,
    "index": 14
  },
  {
    "name": "Require(11) node_modules/egg-logrotator/config/config.default.js",
    "start": 1648461077852,
    "end": 1648461077852,
    "duration": 0,
    "pid": 35352,
    "index": 15
  },
  {
    "name": "Require(12) node_modules/egg-static/config/config.default.js",
    "start": 1648461077852,
    "end": 1648461077853,
    "duration": 1,
    "pid": 35352,
    "index": 16
  },
  {
    "name": "Require(13) node_modules/egg-view/config/config.default.js",
    "start": 1648461077853,
    "end": 1648461077854,
    "duration": 1,
    "pid": 35352,
    "index": 17
  },
  {
    "name": "Require(14) node_modules/egg-mongoose/config/config.default.js",
    "start": 1648461077854,
    "end": 1648461077854,
    "duration": 0,
    "pid": 35352,
    "index": 18
  },
  {
    "name": "Require(15) node_modules/egg-validate/config/config.default.js",
    "start": 1648461077855,
    "end": 1648461077855,
    "duration": 0,
    "pid": 35352,
    "index": 19
  },
  {
    "name": "Require(16) node_modules/egg-cors/config/config.default.js",
    "start": 1648461077855,
    "end": 1648461077856,
    "duration": 1,
    "pid": 35352,
    "index": 20
  },
  {
    "name": "Require(17) node_modules/egg/config/config.default.js",
    "start": 1648461077856,
    "end": 1648461077856,
    "duration": 0,
    "pid": 35352,
    "index": 21
  },
  {
    "name": "Require(18) config/config.default.js",
    "start": 1648461077857,
    "end": 1648461077858,
    "duration": 1,
    "pid": 35352,
    "index": 22
  },
  {
    "name": "Require(19) node_modules/egg-security/config/config.local.js",
    "start": 1648461077860,
    "end": 1648461077861,
    "duration": 1,
    "pid": 35352,
    "index": 23
  },
  {
    "name": "Require(20) node_modules/egg-watcher/config/config.local.js",
    "start": 1648461077862,
    "end": 1648461077862,
    "duration": 0,
    "pid": 35352,
    "index": 24
  },
  {
    "name": "Require(21) node_modules/egg-view/config/config.local.js",
    "start": 1648461077863,
    "end": 1648461077863,
    "duration": 0,
    "pid": 35352,
    "index": 25
  },
  {
    "name": "Require(22) node_modules/egg/config/config.local.js",
    "start": 1648461077863,
    "end": 1648461077863,
    "duration": 0,
    "pid": 35352,
    "index": 26
  },
  {
    "name": "Require(23) config/config.local.js",
    "start": 1648461077863,
    "end": 1648461077863,
    "duration": 0,
    "pid": 35352,
    "index": 27
  },
  {
    "name": "Load extend/application.js",
    "start": 1648461077864,
    "end": 1648461077900,
    "duration": 36,
    "pid": 35352,
    "index": 28
  },
  {
    "name": "Require(24) node_modules/egg-session/app/extend/application.js",
    "start": 1648461077864,
    "end": 1648461077865,
    "duration": 1,
    "pid": 35352,
    "index": 29
  },
  {
    "name": "Require(25) node_modules/egg-security/app/extend/application.js",
    "start": 1648461077865,
    "end": 1648461077866,
    "duration": 1,
    "pid": 35352,
    "index": 30
  },
  {
    "name": "Require(26) node_modules/egg-jsonp/app/extend/application.js",
    "start": 1648461077866,
    "end": 1648461077867,
    "duration": 1,
    "pid": 35352,
    "index": 31
  },
  {
    "name": "Require(27) node_modules/egg-logrotator/app/extend/application.js",
    "start": 1648461077867,
    "end": 1648461077868,
    "duration": 1,
    "pid": 35352,
    "index": 32
  },
  {
    "name": "Require(28) node_modules/egg-view/app/extend/application.js",
    "start": 1648461077868,
    "end": 1648461077869,
    "duration": 1,
    "pid": 35352,
    "index": 33
  },
  {
    "name": "Require(29) app/extend/application.js",
    "start": 1648461077870,
    "end": 1648461077898,
    "duration": 28,
    "pid": 35352,
    "index": 34
  },
  {
    "name": "Load extend/request.js",
    "start": 1648461077900,
    "end": 1648461077903,
    "duration": 3,
    "pid": 35352,
    "index": 35
  },
  {
    "name": "Require(30) node_modules/egg/app/extend/request.js",
    "start": 1648461077901,
    "end": 1648461077901,
    "duration": 0,
    "pid": 35352,
    "index": 36
  },
  {
    "name": "Load extend/response.js",
    "start": 1648461077903,
    "end": 1648461077907,
    "duration": 4,
    "pid": 35352,
    "index": 37
  },
  {
    "name": "Require(31) node_modules/egg/app/extend/response.js",
    "start": 1648461077904,
    "end": 1648461077905,
    "duration": 1,
    "pid": 35352,
    "index": 38
  },
  {
    "name": "Load extend/context.js",
    "start": 1648461077907,
    "end": 1648461077946,
    "duration": 39,
    "pid": 35352,
    "index": 39
  },
  {
    "name": "Require(32) node_modules/egg-security/app/extend/context.js",
    "start": 1648461077907,
    "end": 1648461077912,
    "duration": 5,
    "pid": 35352,
    "index": 40
  },
  {
    "name": "Require(33) node_modules/egg-jsonp/app/extend/context.js",
    "start": 1648461077912,
    "end": 1648461077913,
    "duration": 1,
    "pid": 35352,
    "index": 41
  },
  {
    "name": "Require(34) node_modules/egg-i18n/app/extend/context.js",
    "start": 1648461077913,
    "end": 1648461077913,
    "duration": 0,
    "pid": 35352,
    "index": 42
  },
  {
    "name": "Require(35) node_modules/egg-multipart/app/extend/context.js",
    "start": 1648461077914,
    "end": 1648461077942,
    "duration": 28,
    "pid": 35352,
    "index": 43
  },
  {
    "name": "Require(36) node_modules/egg-view/app/extend/context.js",
    "start": 1648461077942,
    "end": 1648461077943,
    "duration": 1,
    "pid": 35352,
    "index": 44
  },
  {
    "name": "Require(37) node_modules/egg-mongoose/app/extend/context.js",
    "start": 1648461077943,
    "end": 1648461077943,
    "duration": 0,
    "pid": 35352,
    "index": 45
  },
  {
    "name": "Require(38) node_modules/egg-validate/app/extend/context.js",
    "start": 1648461077943,
    "end": 1648461077943,
    "duration": 0,
    "pid": 35352,
    "index": 46
  },
  {
    "name": "Require(39) node_modules/egg/app/extend/context.js",
    "start": 1648461077944,
    "end": 1648461077944,
    "duration": 0,
    "pid": 35352,
    "index": 47
  },
  {
    "name": "Load extend/helper.js",
    "start": 1648461077946,
    "end": 1648461077958,
    "duration": 12,
    "pid": 35352,
    "index": 48
  },
  {
    "name": "Require(40) node_modules/egg-security/app/extend/helper.js",
    "start": 1648461077946,
    "end": 1648461077954,
    "duration": 8,
    "pid": 35352,
    "index": 49
  },
  {
    "name": "Require(41) node_modules/egg/app/extend/helper.js",
    "start": 1648461077956,
    "end": 1648461077956,
    "duration": 0,
    "pid": 35352,
    "index": 50
  },
  {
    "name": "Require(42) app/extend/helper.js",
    "start": 1648461077956,
    "end": 1648461077956,
    "duration": 0,
    "pid": 35352,
    "index": 51
  },
  {
    "name": "Load app.js",
    "start": 1648461077958,
    "end": 1648461077980,
    "duration": 22,
    "pid": 35352,
    "index": 52
  },
  {
    "name": "Require(43) node_modules/egg-session/app.js",
    "start": 1648461077958,
    "end": 1648461077958,
    "duration": 0,
    "pid": 35352,
    "index": 53
  },
  {
    "name": "Require(44) node_modules/egg-security/app.js",
    "start": 1648461077958,
    "end": 1648461077959,
    "duration": 1,
    "pid": 35352,
    "index": 54
  },
  {
    "name": "Require(45) node_modules/egg-onerror/app.js",
    "start": 1648461077959,
    "end": 1648461077963,
    "duration": 4,
    "pid": 35352,
    "index": 55
  },
  {
    "name": "Require(46) node_modules/egg-i18n/app.js",
    "start": 1648461077963,
    "end": 1648461077973,
    "duration": 10,
    "pid": 35352,
    "index": 56
  },
  {
    "name": "Require(47) node_modules/egg-watcher/app.js",
    "start": 1648461077974,
    "end": 1648461077976,
    "duration": 2,
    "pid": 35352,
    "index": 57
  },
  {
    "name": "Require(48) node_modules/egg-schedule/app.js",
    "start": 1648461077976,
    "end": 1648461077977,
    "duration": 1,
    "pid": 35352,
    "index": 58
  },
  {
    "name": "Require(49) node_modules/egg-multipart/app.js",
    "start": 1648461077977,
    "end": 1648461077977,
    "duration": 0,
    "pid": 35352,
    "index": 59
  },
  {
    "name": "Require(50) node_modules/egg-development/app.js",
    "start": 1648461077977,
    "end": 1648461077978,
    "duration": 1,
    "pid": 35352,
    "index": 60
  },
  {
    "name": "Require(51) node_modules/egg-logrotator/app.js",
    "start": 1648461077978,
    "end": 1648461077978,
    "duration": 0,
    "pid": 35352,
    "index": 61
  },
  {
    "name": "Require(52) node_modules/egg-static/app.js",
    "start": 1648461077978,
    "end": 1648461077978,
    "duration": 0,
    "pid": 35352,
    "index": 62
  },
  {
    "name": "Require(53) node_modules/egg-mongoose/app.js",
    "start": 1648461077978,
    "end": 1648461077979,
    "duration": 1,
    "pid": 35352,
    "index": 63
  },
  {
    "name": "Require(54) node_modules/egg-validate/app.js",
    "start": 1648461077979,
    "end": 1648461077980,
    "duration": 1,
    "pid": 35352,
    "index": 64
  },
  {
    "name": "Require(55) node_modules/egg-cors/app.js",
    "start": 1648461077980,
    "end": 1648461077980,
    "duration": 0,
    "pid": 35352,
    "index": 65
  },
  {
    "name": "Before Start in node_modules/egg-watcher/lib/init.js:15:14",
    "start": 1648461077987,
    "end": 1648461078370,
    "duration": 383,
    "pid": 35352,
    "index": 66
  },
  {
    "name": "Before Start in node_modules/egg-mongoose/lib/mongoose.js:104:7",
    "start": 1648461078242,
    "end": 1648461078375,
    "duration": 133,
    "pid": 35352,
    "index": 67
  },
  {
    "name": "Before Start in node_modules/egg-mongoose/lib/mongoose.js:52:9",
    "start": 1648461078243,
    "end": 1648461078362,
    "duration": 119,
    "pid": 35352,
    "index": 68
  },
  {
    "name": "Load Service",
    "start": 1648461078243,
    "end": 1648461078263,
    "duration": 20,
    "pid": 35352,
    "index": 69
  },
  {
    "name": "Load \"service\" to Context",
    "start": 1648461078243,
    "end": 1648461078263,
    "duration": 20,
    "pid": 35352,
    "index": 70
  },
  {
    "name": "Load Middleware",
    "start": 1648461078263,
    "end": 1648461078336,
    "duration": 73,
    "pid": 35352,
    "index": 71
  },
  {
    "name": "Load \"middlewares\" to Application",
    "start": 1648461078263,
    "end": 1648461078329,
    "duration": 66,
    "pid": 35352,
    "index": 72
  },
  {
    "name": "Load Controller",
    "start": 1648461078336,
    "end": 1648461078339,
    "duration": 3,
    "pid": 35352,
    "index": 73
  },
  {
    "name": "Load \"controller\" to Application",
    "start": 1648461078336,
    "end": 1648461078339,
    "duration": 3,
    "pid": 35352,
    "index": 74
  },
  {
    "name": "Load Router",
    "start": 1648461078339,
    "end": 1648461078341,
    "duration": 2,
    "pid": 35352,
    "index": 75
  },
  {
    "name": "Require(56) app/router.js",
    "start": 1648461078339,
    "end": 1648461078339,
    "duration": 0,
    "pid": 35352,
    "index": 76
  },
  {
    "name": "Before Start in node_modules/egg-core/lib/egg.js:303:10",
    "start": 1648461078340,
    "end": 1648461078362,
    "duration": 22,
    "pid": 35352,
    "index": 77
  },
  {
    "name": "Load \"model\" to Application",
    "start": 1648461078347,
    "end": 1648461078361,
    "duration": 14,
    "pid": 35352,
    "index": 78
  }
]