[
  {
    "name": "Process Start",
    "start": 1648545520386,
    "end": 1648545521036,
    "duration": 650,
    "pid": 22988,
    "index": 0
  },
  {
    "name": "Application Start",
    "start": 1648545521037,
    "end": 1648545521553,
    "duration": 516,
    "pid": 22988,
    "index": 1
  },
  {
    "name": "Load Plugin",
    "start": 1648545521040,
    "end": 1648545521050,
    "duration": 10,
    "pid": 22988,
    "index": 2
  },
  {
    "name": "Load Config",
    "start": 1648545521050,
    "end": 1648545521067,
    "duration": 17,
    "pid": 22988,
    "index": 3
  },
  {
    "name": "Require(0) config/config.default.js",
    "start": 1648545521051,
    "end": 1648545521051,
    "duration": 0,
    "pid": 22988,
    "index": 4
  },
  {
    "name": "Require(1) config/config.local.js",
    "start": 1648545521051,
    "end": 1648545521052,
    "duration": 1,
    "pid": 22988,
    "index": 5
  },
  {
    "name": "Require(2) node_modules/egg-session/config/config.default.js",
    "start": 1648545521052,
    "end": 1648545521052,
    "duration": 0,
    "pid": 22988,
    "index": 6
  },
  {
    "name": "Require(3) node_modules/egg-security/config/config.default.js",
    "start": 1648545521053,
    "end": 1648545521053,
    "duration": 0,
    "pid": 22988,
    "index": 7
  },
  {
    "name": "Require(4) node_modules/egg-jsonp/config/config.default.js",
    "start": 1648545521053,
    "end": 1648545521054,
    "duration": 1,
    "pid": 22988,
    "index": 8
  },
  {
    "name": "Require(5) node_modules/egg-onerror/config/config.default.js",
    "start": 1648545521054,
    "end": 1648545521054,
    "duration": 0,
    "pid": 22988,
    "index": 9
  },
  {
    "name": "Require(6) node_modules/egg-i18n/config/config.default.js",
    "start": 1648545521054,
    "end": 1648545521055,
    "duration": 1,
    "pid": 22988,
    "index": 10
  },
  {
    "name": "Require(7) node_modules/egg-watcher/config/config.default.js",
    "start": 1648545521055,
    "end": 1648545521055,
    "duration": 0,
    "pid": 22988,
    "index": 11
  },
  {
    "name": "Require(8) node_modules/egg-schedule/config/config.default.js",
    "start": 1648545521056,
    "end": 1648545521056,
    "duration": 0,
    "pid": 22988,
    "index": 12
  },
  {
    "name": "Require(9) node_modules/egg-multipart/config/config.default.js",
    "start": 1648545521056,
    "end": 1648545521056,
    "duration": 0,
    "pid": 22988,
    "index": 13
  },
  {
    "name": "Require(10) node_modules/egg-development/config/config.default.js",
    "start": 1648545521057,
    "end": 1648545521057,
    "duration": 0,
    "pid": 22988,
    "index": 14
  },
  {
    "name": "Require(11) node_modules/egg-logrotator/config/config.default.js",
    "start": 1648545521057,
    "end": 1648545521058,
    "duration": 1,
    "pid": 22988,
    "index": 15
  },
  {
    "name": "Require(12) node_modules/egg-static/config/config.default.js",
    "start": 1648545521058,
    "end": 1648545521058,
    "duration": 0,
    "pid": 22988,
    "index": 16
  },
  {
    "name": "Require(13) node_modules/egg-view/config/config.default.js",
    "start": 1648545521058,
    "end": 1648545521059,
    "duration": 1,
    "pid": 22988,
    "index": 17
  },
  {
    "name": "Require(14) node_modules/egg-mongoose/config/config.default.js",
    "start": 1648545521059,
    "end": 1648545521059,
    "duration": 0,
    "pid": 22988,
    "index": 18
  },
  {
    "name": "Require(15) node_modules/egg-validate/config/config.default.js",
    "start": 1648545521060,
    "end": 1648545521060,
    "duration": 0,
    "pid": 22988,
    "index": 19
  },
  {
    "name": "Require(16) node_modules/egg-cors/config/config.default.js",
    "start": 1648545521060,
    "end": 1648545521060,
    "duration": 0,
    "pid": 22988,
    "index": 20
  },
  {
    "name": "Require(17) node_modules/egg/config/config.default.js",
    "start": 1648545521060,
    "end": 1648545521061,
    "duration": 1,
    "pid": 22988,
    "index": 21
  },
  {
    "name": "Require(18) config/config.default.js",
    "start": 1648545521062,
    "end": 1648545521062,
    "duration": 0,
    "pid": 22988,
    "index": 22
  },
  {
    "name": "Require(19) node_modules/egg-security/config/config.local.js",
    "start": 1648545521062,
    "end": 1648545521063,
    "duration": 1,
    "pid": 22988,
    "index": 23
  },
  {
    "name": "Require(20) node_modules/egg-watcher/config/config.local.js",
    "start": 1648545521063,
    "end": 1648545521064,
    "duration": 1,
    "pid": 22988,
    "index": 24
  },
  {
    "name": "Require(21) node_modules/egg-view/config/config.local.js",
    "start": 1648545521066,
    "end": 1648545521066,
    "duration": 0,
    "pid": 22988,
    "index": 25
  },
  {
    "name": "Require(22) node_modules/egg/config/config.local.js",
    "start": 1648545521066,
    "end": 1648545521067,
    "duration": 1,
    "pid": 22988,
    "index": 26
  },
  {
    "name": "Require(23) config/config.local.js",
    "start": 1648545521067,
    "end": 1648545521067,
    "duration": 0,
    "pid": 22988,
    "index": 27
  },
  {
    "name": "Load extend/application.js",
    "start": 1648545521068,
    "end": 1648545521102,
    "duration": 34,
    "pid": 22988,
    "index": 28
  },
  {
    "name": "Require(24) node_modules/egg-session/app/extend/application.js",
    "start": 1648545521068,
    "end": 1648545521068,
    "duration": 0,
    "pid": 22988,
    "index": 29
  },
  {
    "name": "Require(25) node_modules/egg-security/app/extend/application.js",
    "start": 1648545521068,
    "end": 1648545521069,
    "duration": 1,
    "pid": 22988,
    "index": 30
  },
  {
    "name": "Require(26) node_modules/egg-jsonp/app/extend/application.js",
    "start": 1648545521069,
    "end": 1648545521070,
    "duration": 1,
    "pid": 22988,
    "index": 31
  },
  {
    "name": "Require(27) node_modules/egg-logrotator/app/extend/application.js",
    "start": 1648545521071,
    "end": 1648545521071,
    "duration": 0,
    "pid": 22988,
    "index": 32
  },
  {
    "name": "Require(28) node_modules/egg-view/app/extend/application.js",
    "start": 1648545521072,
    "end": 1648545521072,
    "duration": 0,
    "pid": 22988,
    "index": 33
  },
  {
    "name": "Require(29) app/extend/application.js",
    "start": 1648545521073,
    "end": 1648545521101,
    "duration": 28,
    "pid": 22988,
    "index": 34
  },
  {
    "name": "Load extend/request.js",
    "start": 1648545521102,
    "end": 1648545521106,
    "duration": 4,
    "pid": 22988,
    "index": 35
  },
  {
    "name": "Require(30) node_modules/egg/app/extend/request.js",
    "start": 1648545521104,
    "end": 1648545521104,
    "duration": 0,
    "pid": 22988,
    "index": 36
  },
  {
    "name": "Load extend/response.js",
    "start": 1648545521106,
    "end": 1648545521109,
    "duration": 3,
    "pid": 22988,
    "index": 37
  },
  {
    "name": "Require(31) node_modules/egg/app/extend/response.js",
    "start": 1648545521107,
    "end": 1648545521108,
    "duration": 1,
    "pid": 22988,
    "index": 38
  },
  {
    "name": "Load extend/context.js",
    "start": 1648545521109,
    "end": 1648545521148,
    "duration": 39,
    "pid": 22988,
    "index": 39
  },
  {
    "name": "Require(32) node_modules/egg-security/app/extend/context.js",
    "start": 1648545521110,
    "end": 1648545521114,
    "duration": 4,
    "pid": 22988,
    "index": 40
  },
  {
    "name": "Require(33) node_modules/egg-jsonp/app/extend/context.js",
    "start": 1648545521114,
    "end": 1648545521115,
    "duration": 1,
    "pid": 22988,
    "index": 41
  },
  {
    "name": "Require(34) node_modules/egg-i18n/app/extend/context.js",
    "start": 1648545521115,
    "end": 1648545521115,
    "duration": 0,
    "pid": 22988,
    "index": 42
  },
  {
    "name": "Require(35) node_modules/egg-multipart/app/extend/context.js",
    "start": 1648545521116,
    "end": 1648545521144,
    "duration": 28,
    "pid": 22988,
    "index": 43
  },
  {
    "name": "Require(36) node_modules/egg-view/app/extend/context.js",
    "start": 1648545521144,
    "end": 1648545521145,
    "duration": 1,
    "pid": 22988,
    "index": 44
  },
  {
    "name": "Require(37) node_modules/egg-mongoose/app/extend/context.js",
    "start": 1648545521145,
    "end": 1648545521145,
    "duration": 0,
    "pid": 22988,
    "index": 45
  },
  {
    "name": "Require(38) node_modules/egg-validate/app/extend/context.js",
    "start": 1648545521145,
    "end": 1648545521145,
    "duration": 0,
    "pid": 22988,
    "index": 46
  },
  {
    "name": "Require(39) node_modules/egg/app/extend/context.js",
    "start": 1648545521146,
    "end": 1648545521146,
    "duration": 0,
    "pid": 22988,
    "index": 47
  },
  {
    "name": "Load extend/helper.js",
    "start": 1648545521148,
    "end": 1648545521160,
    "duration": 12,
    "pid": 22988,
    "index": 48
  },
  {
    "name": "Require(40) node_modules/egg-security/app/extend/helper.js",
    "start": 1648545521148,
    "end": 1648545521157,
    "duration": 9,
    "pid": 22988,
    "index": 49
  },
  {
    "name": "Require(41) node_modules/egg/app/extend/helper.js",
    "start": 1648545521158,
    "end": 1648545521158,
    "duration": 0,
    "pid": 22988,
    "index": 50
  },
  {
    "name": "Require(42) app/extend/helper.js",
    "start": 1648545521158,
    "end": 1648545521158,
    "duration": 0,
    "pid": 22988,
    "index": 51
  },
  {
    "name": "Load app.js",
    "start": 1648545521160,
    "end": 1648545521182,
    "duration": 22,
    "pid": 22988,
    "index": 52
  },
  {
    "name": "Require(43) node_modules/egg-session/app.js",
    "start": 1648545521161,
    "end": 1648545521161,
    "duration": 0,
    "pid": 22988,
    "index": 53
  },
  {
    "name": "Require(44) node_modules/egg-security/app.js",
    "start": 1648545521161,
    "end": 1648545521162,
    "duration": 1,
    "pid": 22988,
    "index": 54
  },
  {
    "name": "Require(45) node_modules/egg-onerror/app.js",
    "start": 1648545521162,
    "end": 1648545521166,
    "duration": 4,
    "pid": 22988,
    "index": 55
  },
  {
    "name": "Require(46) node_modules/egg-i18n/app.js",
    "start": 1648545521166,
    "end": 1648545521175,
    "duration": 9,
    "pid": 22988,
    "index": 56
  },
  {
    "name": "Require(47) node_modules/egg-watcher/app.js",
    "start": 1648545521175,
    "end": 1648545521177,
    "duration": 2,
    "pid": 22988,
    "index": 57
  },
  {
    "name": "Require(48) node_modules/egg-schedule/app.js",
    "start": 1648545521177,
    "end": 1648545521178,
    "duration": 1,
    "pid": 22988,
    "index": 58
  },
  {
    "name": "Require(49) node_modules/egg-multipart/app.js",
    "start": 1648545521178,
    "end": 1648545521179,
    "duration": 1,
    "pid": 22988,
    "index": 59
  },
  {
    "name": "Require(50) node_modules/egg-development/app.js",
    "start": 1648545521179,
    "end": 1648545521179,
    "duration": 0,
    "pid": 22988,
    "index": 60
  },
  {
    "name": "Require(51) node_modules/egg-logrotator/app.js",
    "start": 1648545521179,
    "end": 1648545521179,
    "duration": 0,
    "pid": 22988,
    "index": 61
  },
  {
    "name": "Require(52) node_modules/egg-static/app.js",
    "start": 1648545521179,
    "end": 1648545521180,
    "duration": 1,
    "pid": 22988,
    "index": 62
  },
  {
    "name": "Require(53) node_modules/egg-mongoose/app.js",
    "start": 1648545521180,
    "end": 1648545521180,
    "duration": 0,
    "pid": 22988,
    "index": 63
  },
  {
    "name": "Require(54) node_modules/egg-validate/app.js",
    "start": 1648545521180,
    "end": 1648545521181,
    "duration": 1,
    "pid": 22988,
    "index": 64
  },
  {
    "name": "Require(55) node_modules/egg-cors/app.js",
    "start": 1648545521181,
    "end": 1648545521181,
    "duration": 0,
    "pid": 22988,
    "index": 65
  },
  {
    "name": "Before Start in node_modules/egg-watcher/lib/init.js:15:14",
    "start": 1648545521188,
    "end": 1648545521553,
    "duration": 365,
    "pid": 22988,
    "index": 66
  },
  {
    "name": "Before Start in node_modules/egg-mongoose/lib/mongoose.js:104:7",
    "start": 1648545521432,
    "end": 1648545521552,
    "duration": 120,
    "pid": 22988,
    "index": 67
  },
  {
    "name": "Before Start in node_modules/egg-mongoose/lib/mongoose.js:52:9",
    "start": 1648545521432,
    "end": 1648545521541,
    "duration": 109,
    "pid": 22988,
    "index": 68
  },
  {
    "name": "Load Service",
    "start": 1648545521432,
    "end": 1648545521452,
    "duration": 20,
    "pid": 22988,
    "index": 69
  },
  {
    "name": "Load \"service\" to Context",
    "start": 1648545521432,
    "end": 1648545521452,
    "duration": 20,
    "pid": 22988,
    "index": 70
  },
  {
    "name": "Load Middleware",
    "start": 1648545521452,
    "end": 1648545521518,
    "duration": 66,
    "pid": 22988,
    "index": 71
  },
  {
    "name": "Load \"middlewares\" to Application",
    "start": 1648545521452,
    "end": 1648545521512,
    "duration": 60,
    "pid": 22988,
    "index": 72
  },
  {
    "name": "Load Controller",
    "start": 1648545521518,
    "end": 1648545521521,
    "duration": 3,
    "pid": 22988,
    "index": 73
  },
  {
    "name": "Load \"controller\" to Application",
    "start": 1648545521518,
    "end": 1648545521521,
    "duration": 3,
    "pid": 22988,
    "index": 74
  },
  {
    "name": "Load Router",
    "start": 1648545521521,
    "end": 1648545521523,
    "duration": 2,
    "pid": 22988,
    "index": 75
  },
  {
    "name": "Require(56) app/router.js",
    "start": 1648545521521,
    "end": 1648545521521,
    "duration": 0,
    "pid": 22988,
    "index": 76
  },
  {
    "name": "Before Start in node_modules/egg-core/lib/egg.js:303:10",
    "start": 1648545521521,
    "end": 1648545521541,
    "duration": 20,
    "pid": 22988,
    "index": 77
  },
  {
    "name": "Load \"model\" to Application",
    "start": 1648545521528,
    "end": 1648545521540,
    "duration": 12,
    "pid": 22988,
    "index": 78
  }
]