[
  {
    "name": "Process Start",
    "start": 1648460298428,
    "end": 1648460299095,
    "duration": 667,
    "pid": 13424,
    "index": 0
  },
  {
    "name": "Application Start",
    "start": 1648460299096,
    "end": 1648460299659,
    "duration": 563,
    "pid": 13424,
    "index": 1
  },
  {
    "name": "Load Plugin",
    "start": 1648460299098,
    "end": 1648460299109,
    "duration": 11,
    "pid": 13424,
    "index": 2
  },
  {
    "name": "Load Config",
    "start": 1648460299109,
    "end": 1648460299125,
    "duration": 16,
    "pid": 13424,
    "index": 3
  },
  {
    "name": "Require(0) config/config.default.js",
    "start": 1648460299109,
    "end": 1648460299110,
    "duration": 1,
    "pid": 13424,
    "index": 4
  },
  {
    "name": "Require(1) config/config.local.js",
    "start": 1648460299110,
    "end": 1648460299111,
    "duration": 1,
    "pid": 13424,
    "index": 5
  },
  {
    "name": "Require(2) node_modules/egg-session/config/config.default.js",
    "start": 1648460299111,
    "end": 1648460299111,
    "duration": 0,
    "pid": 13424,
    "index": 6
  },
  {
    "name": "Require(3) node_modules/egg-security/config/config.default.js",
    "start": 1648460299111,
    "end": 1648460299112,
    "duration": 1,
    "pid": 13424,
    "index": 7
  },
  {
    "name": "Require(4) node_modules/egg-jsonp/config/config.default.js",
    "start": 1648460299112,
    "end": 1648460299113,
    "duration": 1,
    "pid": 13424,
    "index": 8
  },
  {
    "name": "Require(5) node_modules/egg-onerror/config/config.default.js",
    "start": 1648460299113,
    "end": 1648460299113,
    "duration": 0,
    "pid": 13424,
    "index": 9
  },
  {
    "name": "Require(6) node_modules/egg-i18n/config/config.default.js",
    "start": 1648460299113,
    "end": 1648460299114,
    "duration": 1,
    "pid": 13424,
    "index": 10
  },
  {
    "name": "Require(7) node_modules/egg-watcher/config/config.default.js",
    "start": 1648460299114,
    "end": 1648460299114,
    "duration": 0,
    "pid": 13424,
    "index": 11
  },
  {
    "name": "Require(8) node_modules/egg-schedule/config/config.default.js",
    "start": 1648460299115,
    "end": 1648460299115,
    "duration": 0,
    "pid": 13424,
    "index": 12
  },
  {
    "name": "Require(9) node_modules/egg-multipart/config/config.default.js",
    "start": 1648460299115,
    "end": 1648460299115,
    "duration": 0,
    "pid": 13424,
    "index": 13
  },
  {
    "name": "Require(10) node_modules/egg-development/config/config.default.js",
    "start": 1648460299116,
    "end": 1648460299116,
    "duration": 0,
    "pid": 13424,
    "index": 14
  },
  {
    "name": "Require(11) node_modules/egg-logrotator/config/config.default.js",
    "start": 1648460299116,
    "end": 1648460299116,
    "duration": 0,
    "pid": 13424,
    "index": 15
  },
  {
    "name": "Require(12) node_modules/egg-static/config/config.default.js",
    "start": 1648460299117,
    "end": 1648460299117,
    "duration": 0,
    "pid": 13424,
    "index": 16
  },
  {
    "name": "Require(13) node_modules/egg-view/config/config.default.js",
    "start": 1648460299117,
    "end": 1648460299117,
    "duration": 0,
    "pid": 13424,
    "index": 17
  },
  {
    "name": "Require(14) node_modules/egg-mongoose/config/config.default.js",
    "start": 1648460299118,
    "end": 1648460299118,
    "duration": 0,
    "pid": 13424,
    "index": 18
  },
  {
    "name": "Require(15) node_modules/egg-validate/config/config.default.js",
    "start": 1648460299118,
    "end": 1648460299118,
    "duration": 0,
    "pid": 13424,
    "index": 19
  },
  {
    "name": "Require(16) node_modules/egg-cors/config/config.default.js",
    "start": 1648460299119,
    "end": 1648460299119,
    "duration": 0,
    "pid": 13424,
    "index": 20
  },
  {
    "name": "Require(17) node_modules/egg/config/config.default.js",
    "start": 1648460299119,
    "end": 1648460299121,
    "duration": 2,
    "pid": 13424,
    "index": 21
  },
  {
    "name": "Require(18) config/config.default.js",
    "start": 1648460299122,
    "end": 1648460299122,
    "duration": 0,
    "pid": 13424,
    "index": 22
  },
  {
    "name": "Require(19) node_modules/egg-security/config/config.local.js",
    "start": 1648460299122,
    "end": 1648460299123,
    "duration": 1,
    "pid": 13424,
    "index": 23
  },
  {
    "name": "Require(20) node_modules/egg-watcher/config/config.local.js",
    "start": 1648460299124,
    "end": 1648460299124,
    "duration": 0,
    "pid": 13424,
    "index": 24
  },
  {
    "name": "Require(21) node_modules/egg-view/config/config.local.js",
    "start": 1648460299125,
    "end": 1648460299125,
    "duration": 0,
    "pid": 13424,
    "index": 25
  },
  {
    "name": "Require(22) node_modules/egg/config/config.local.js",
    "start": 1648460299125,
    "end": 1648460299125,
    "duration": 0,
    "pid": 13424,
    "index": 26
  },
  {
    "name": "Require(23) config/config.local.js",
    "start": 1648460299125,
    "end": 1648460299125,
    "duration": 0,
    "pid": 13424,
    "index": 27
  },
  {
    "name": "Load extend/application.js",
    "start": 1648460299126,
    "end": 1648460299162,
    "duration": 36,
    "pid": 13424,
    "index": 28
  },
  {
    "name": "Require(24) node_modules/egg-session/app/extend/application.js",
    "start": 1648460299126,
    "end": 1648460299127,
    "duration": 1,
    "pid": 13424,
    "index": 29
  },
  {
    "name": "Require(25) node_modules/egg-security/app/extend/application.js",
    "start": 1648460299127,
    "end": 1648460299128,
    "duration": 1,
    "pid": 13424,
    "index": 30
  },
  {
    "name": "Require(26) node_modules/egg-jsonp/app/extend/application.js",
    "start": 1648460299128,
    "end": 1648460299129,
    "duration": 1,
    "pid": 13424,
    "index": 31
  },
  {
    "name": "Require(27) node_modules/egg-logrotator/app/extend/application.js",
    "start": 1648460299129,
    "end": 1648460299130,
    "duration": 1,
    "pid": 13424,
    "index": 32
  },
  {
    "name": "Require(28) node_modules/egg-view/app/extend/application.js",
    "start": 1648460299131,
    "end": 1648460299132,
    "duration": 1,
    "pid": 13424,
    "index": 33
  },
  {
    "name": "Require(29) app/extend/application.js",
    "start": 1648460299132,
    "end": 1648460299160,
    "duration": 28,
    "pid": 13424,
    "index": 34
  },
  {
    "name": "Load extend/request.js",
    "start": 1648460299162,
    "end": 1648460299165,
    "duration": 3,
    "pid": 13424,
    "index": 35
  },
  {
    "name": "Require(30) node_modules/egg/app/extend/request.js",
    "start": 1648460299163,
    "end": 1648460299164,
    "duration": 1,
    "pid": 13424,
    "index": 36
  },
  {
    "name": "Load extend/response.js",
    "start": 1648460299165,
    "end": 1648460299169,
    "duration": 4,
    "pid": 13424,
    "index": 37
  },
  {
    "name": "Require(31) node_modules/egg/app/extend/response.js",
    "start": 1648460299167,
    "end": 1648460299167,
    "duration": 0,
    "pid": 13424,
    "index": 38
  },
  {
    "name": "Load extend/context.js",
    "start": 1648460299169,
    "end": 1648460299208,
    "duration": 39,
    "pid": 13424,
    "index": 39
  },
  {
    "name": "Require(32) node_modules/egg-security/app/extend/context.js",
    "start": 1648460299169,
    "end": 1648460299174,
    "duration": 5,
    "pid": 13424,
    "index": 40
  },
  {
    "name": "Require(33) node_modules/egg-jsonp/app/extend/context.js",
    "start": 1648460299174,
    "end": 1648460299175,
    "duration": 1,
    "pid": 13424,
    "index": 41
  },
  {
    "name": "Require(34) node_modules/egg-i18n/app/extend/context.js",
    "start": 1648460299175,
    "end": 1648460299175,
    "duration": 0,
    "pid": 13424,
    "index": 42
  },
  {
    "name": "Require(35) node_modules/egg-multipart/app/extend/context.js",
    "start": 1648460299175,
    "end": 1648460299203,
    "duration": 28,
    "pid": 13424,
    "index": 43
  },
  {
    "name": "Require(36) node_modules/egg-view/app/extend/context.js",
    "start": 1648460299204,
    "end": 1648460299205,
    "duration": 1,
    "pid": 13424,
    "index": 44
  },
  {
    "name": "Require(37) node_modules/egg-mongoose/app/extend/context.js",
    "start": 1648460299205,
    "end": 1648460299205,
    "duration": 0,
    "pid": 13424,
    "index": 45
  },
  {
    "name": "Require(38) node_modules/egg-validate/app/extend/context.js",
    "start": 1648460299205,
    "end": 1648460299205,
    "duration": 0,
    "pid": 13424,
    "index": 46
  },
  {
    "name": "Require(39) node_modules/egg/app/extend/context.js",
    "start": 1648460299206,
    "end": 1648460299206,
    "duration": 0,
    "pid": 13424,
    "index": 47
  },
  {
    "name": "Load extend/helper.js",
    "start": 1648460299208,
    "end": 1648460299221,
    "duration": 13,
    "pid": 13424,
    "index": 48
  },
  {
    "name": "Require(40) node_modules/egg-security/app/extend/helper.js",
    "start": 1648460299208,
    "end": 1648460299217,
    "duration": 9,
    "pid": 13424,
    "index": 49
  },
  {
    "name": "Require(41) node_modules/egg/app/extend/helper.js",
    "start": 1648460299219,
    "end": 1648460299219,
    "duration": 0,
    "pid": 13424,
    "index": 50
  },
  {
    "name": "Require(42) app/extend/helper.js",
    "start": 1648460299219,
    "end": 1648460299219,
    "duration": 0,
    "pid": 13424,
    "index": 51
  },
  {
    "name": "Load app.js",
    "start": 1648460299221,
    "end": 1648460299244,
    "duration": 23,
    "pid": 13424,
    "index": 52
  },
  {
    "name": "Require(43) node_modules/egg-session/app.js",
    "start": 1648460299221,
    "end": 1648460299221,
    "duration": 0,
    "pid": 13424,
    "index": 53
  },
  {
    "name": "Require(44) node_modules/egg-security/app.js",
    "start": 1648460299222,
    "end": 1648460299222,
    "duration": 0,
    "pid": 13424,
    "index": 54
  },
  {
    "name": "Require(45) node_modules/egg-onerror/app.js",
    "start": 1648460299223,
    "end": 1648460299227,
    "duration": 4,
    "pid": 13424,
    "index": 55
  },
  {
    "name": "Require(46) node_modules/egg-i18n/app.js",
    "start": 1648460299227,
    "end": 1648460299237,
    "duration": 10,
    "pid": 13424,
    "index": 56
  },
  {
    "name": "Require(47) node_modules/egg-watcher/app.js",
    "start": 1648460299237,
    "end": 1648460299239,
    "duration": 2,
    "pid": 13424,
    "index": 57
  },
  {
    "name": "Require(48) node_modules/egg-schedule/app.js",
    "start": 1648460299239,
    "end": 1648460299240,
    "duration": 1,
    "pid": 13424,
    "index": 58
  },
  {
    "name": "Require(49) node_modules/egg-multipart/app.js",
    "start": 1648460299240,
    "end": 1648460299241,
    "duration": 1,
    "pid": 13424,
    "index": 59
  },
  {
    "name": "Require(50) node_modules/egg-development/app.js",
    "start": 1648460299241,
    "end": 1648460299241,
    "duration": 0,
    "pid": 13424,
    "index": 60
  },
  {
    "name": "Require(51) node_modules/egg-logrotator/app.js",
    "start": 1648460299241,
    "end": 1648460299241,
    "duration": 0,
    "pid": 13424,
    "index": 61
  },
  {
    "name": "Require(52) node_modules/egg-static/app.js",
    "start": 1648460299242,
    "end": 1648460299242,
    "duration": 0,
    "pid": 13424,
    "index": 62
  },
  {
    "name": "Require(53) node_modules/egg-mongoose/app.js",
    "start": 1648460299242,
    "end": 1648460299242,
    "duration": 0,
    "pid": 13424,
    "index": 63
  },
  {
    "name": "Require(54) node_modules/egg-validate/app.js",
    "start": 1648460299242,
    "end": 1648460299243,
    "duration": 1,
    "pid": 13424,
    "index": 64
  },
  {
    "name": "Require(55) node_modules/egg-cors/app.js",
    "start": 1648460299243,
    "end": 1648460299244,
    "duration": 1,
    "pid": 13424,
    "index": 65
  },
  {
    "name": "Before Start in node_modules/egg-watcher/lib/init.js:15:14",
    "start": 1648460299250,
    "end": 1648460299659,
    "duration": 409,
    "pid": 13424,
    "index": 66
  },
  {
    "name": "Before Start in node_modules/egg-mongoose/lib/mongoose.js:104:7",
    "start": 1648460299514,
    "end": 1648460299657,
    "duration": 143,
    "pid": 13424,
    "index": 67
  },
  {
    "name": "Before Start in node_modules/egg-mongoose/lib/mongoose.js:52:9",
    "start": 1648460299514,
    "end": 1648460299645,
    "duration": 131,
    "pid": 13424,
    "index": 68
  },
  {
    "name": "Load Service",
    "start": 1648460299515,
    "end": 1648460299547,
    "duration": 32,
    "pid": 13424,
    "index": 69
  },
  {
    "name": "Load \"service\" to Context",
    "start": 1648460299515,
    "end": 1648460299547,
    "duration": 32,
    "pid": 13424,
    "index": 70
  },
  {
    "name": "Load Middleware",
    "start": 1648460299547,
    "end": 1648460299623,
    "duration": 76,
    "pid": 13424,
    "index": 71
  },
  {
    "name": "Load \"middlewares\" to Application",
    "start": 1648460299548,
    "end": 1648460299616,
    "duration": 68,
    "pid": 13424,
    "index": 72
  },
  {
    "name": "Load Controller",
    "start": 1648460299623,
    "end": 1648460299625,
    "duration": 2,
    "pid": 13424,
    "index": 73
  },
  {
    "name": "Load \"controller\" to Application",
    "start": 1648460299623,
    "end": 1648460299625,
    "duration": 2,
    "pid": 13424,
    "index": 74
  },
  {
    "name": "Load Router",
    "start": 1648460299625,
    "end": 1648460299627,
    "duration": 2,
    "pid": 13424,
    "index": 75
  },
  {
    "name": "Require(56) app/router.js",
    "start": 1648460299625,
    "end": 1648460299625,
    "duration": 0,
    "pid": 13424,
    "index": 76
  },
  {
    "name": "Before Start in node_modules/egg-core/lib/egg.js:303:10",
    "start": 1648460299625,
    "end": 1648460299645,
    "duration": 20,
    "pid": 13424,
    "index": 77
  },
  {
    "name": "Load \"model\" to Application",
    "start": 1648460299632,
    "end": 1648460299645,
    "duration": 13,
    "pid": 13424,
    "index": 78
  }
]