[
  {
    "name": "Process Start",
    "start": 1648457393792,
    "end": 1648457394553,
    "duration": 761,
    "pid": 41232,
    "index": 0
  },
  {
    "name": "Application Start",
    "start": 1648457394554,
    "end": 1648457395219,
    "duration": 665,
    "pid": 41232,
    "index": 1
  },
  {
    "name": "Load Plugin",
    "start": 1648457394557,
    "end": 1648457394571,
    "duration": 14,
    "pid": 41232,
    "index": 2
  },
  {
    "name": "Load Config",
    "start": 1648457394572,
    "end": 1648457394593,
    "duration": 21,
    "pid": 41232,
    "index": 3
  },
  {
    "name": "Require(0) config/config.default.js",
    "start": 1648457394572,
    "end": 1648457394572,
    "duration": 0,
    "pid": 41232,
    "index": 4
  },
  {
    "name": "Require(1) node_modules/egg-session/config/config.default.js",
    "start": 1648457394573,
    "end": 1648457394574,
    "duration": 1,
    "pid": 41232,
    "index": 5
  },
  {
    "name": "Require(2) node_modules/egg-security/config/config.default.js",
    "start": 1648457394574,
    "end": 1648457394574,
    "duration": 0,
    "pid": 41232,
    "index": 6
  },
  {
    "name": "Require(3) node_modules/egg-jsonp/config/config.default.js",
    "start": 1648457394575,
    "end": 1648457394575,
    "duration": 0,
    "pid": 41232,
    "index": 7
  },
  {
    "name": "Require(4) node_modules/egg-onerror/config/config.default.js",
    "start": 1648457394575,
    "end": 1648457394576,
    "duration": 1,
    "pid": 41232,
    "index": 8
  },
  {
    "name": "Require(5) node_modules/egg-i18n/config/config.default.js",
    "start": 1648457394576,
    "end": 1648457394577,
    "duration": 1,
    "pid": 41232,
    "index": 9
  },
  {
    "name": "Require(6) node_modules/egg-watcher/config/config.default.js",
    "start": 1648457394577,
    "end": 1648457394577,
    "duration": 0,
    "pid": 41232,
    "index": 10
  },
  {
    "name": "Require(7) node_modules/egg-schedule/config/config.default.js",
    "start": 1648457394578,
    "end": 1648457394578,
    "duration": 0,
    "pid": 41232,
    "index": 11
  },
  {
    "name": "Require(8) node_modules/egg-multipart/config/config.default.js",
    "start": 1648457394578,
    "end": 1648457394579,
    "duration": 1,
    "pid": 41232,
    "index": 12
  },
  {
    "name": "Require(9) node_modules/egg-development/config/config.default.js",
    "start": 1648457394579,
    "end": 1648457394580,
    "duration": 1,
    "pid": 41232,
    "index": 13
  },
  {
    "name": "Require(10) node_modules/egg-logrotator/config/config.default.js",
    "start": 1648457394580,
    "end": 1648457394580,
    "duration": 0,
    "pid": 41232,
    "index": 14
  },
  {
    "name": "Require(11) node_modules/egg-static/config/config.default.js",
    "start": 1648457394580,
    "end": 1648457394581,
    "duration": 1,
    "pid": 41232,
    "index": 15
  },
  {
    "name": "Require(12) node_modules/egg-view/config/config.default.js",
    "start": 1648457394581,
    "end": 1648457394581,
    "duration": 0,
    "pid": 41232,
    "index": 16
  },
  {
    "name": "Require(13) node_modules/egg-mongoose/config/config.default.js",
    "start": 1648457394582,
    "end": 1648457394582,
    "duration": 0,
    "pid": 41232,
    "index": 17
  },
  {
    "name": "Require(14) node_modules/egg-validate/config/config.default.js",
    "start": 1648457394582,
    "end": 1648457394582,
    "duration": 0,
    "pid": 41232,
    "index": 18
  },
  {
    "name": "Require(15) node_modules/egg-cors/config/config.default.js",
    "start": 1648457394583,
    "end": 1648457394583,
    "duration": 0,
    "pid": 41232,
    "index": 19
  },
  {
    "name": "Require(16) node_modules/egg/config/config.default.js",
    "start": 1648457394583,
    "end": 1648457394583,
    "duration": 0,
    "pid": 41232,
    "index": 20
  },
  {
    "name": "Require(17) config/config.default.js",
    "start": 1648457394585,
    "end": 1648457394585,
    "duration": 0,
    "pid": 41232,
    "index": 21
  },
  {
    "name": "Require(18) node_modules/egg-security/config/config.local.js",
    "start": 1648457394586,
    "end": 1648457394586,
    "duration": 0,
    "pid": 41232,
    "index": 22
  },
  {
    "name": "Require(19) node_modules/egg-watcher/config/config.local.js",
    "start": 1648457394590,
    "end": 1648457394591,
    "duration": 1,
    "pid": 41232,
    "index": 23
  },
  {
    "name": "Require(20) node_modules/egg-view/config/config.local.js",
    "start": 1648457394591,
    "end": 1648457394592,
    "duration": 1,
    "pid": 41232,
    "index": 24
  },
  {
    "name": "Require(21) node_modules/egg/config/config.local.js",
    "start": 1648457394592,
    "end": 1648457394592,
    "duration": 0,
    "pid": 41232,
    "index": 25
  },
  {
    "name": "Load extend/application.js",
    "start": 1648457394593,
    "end": 1648457394637,
    "duration": 44,
    "pid": 41232,
    "index": 26
  },
  {
    "name": "Require(22) node_modules/egg-session/app/extend/application.js",
    "start": 1648457394594,
    "end": 1648457394594,
    "duration": 0,
    "pid": 41232,
    "index": 27
  },
  {
    "name": "Require(23) node_modules/egg-security/app/extend/application.js",
    "start": 1648457394594,
    "end": 1648457394595,
    "duration": 1,
    "pid": 41232,
    "index": 28
  },
  {
    "name": "Require(24) node_modules/egg-jsonp/app/extend/application.js",
    "start": 1648457394595,
    "end": 1648457394596,
    "duration": 1,
    "pid": 41232,
    "index": 29
  },
  {
    "name": "Require(25) node_modules/egg-logrotator/app/extend/application.js",
    "start": 1648457394597,
    "end": 1648457394598,
    "duration": 1,
    "pid": 41232,
    "index": 30
  },
  {
    "name": "Require(26) node_modules/egg-view/app/extend/application.js",
    "start": 1648457394598,
    "end": 1648457394599,
    "duration": 1,
    "pid": 41232,
    "index": 31
  },
  {
    "name": "Require(27) app/extend/application.js",
    "start": 1648457394600,
    "end": 1648457394634,
    "duration": 34,
    "pid": 41232,
    "index": 32
  },
  {
    "name": "Load extend/request.js",
    "start": 1648457394637,
    "end": 1648457394641,
    "duration": 4,
    "pid": 41232,
    "index": 33
  },
  {
    "name": "Require(28) node_modules/egg/app/extend/request.js",
    "start": 1648457394639,
    "end": 1648457394639,
    "duration": 0,
    "pid": 41232,
    "index": 34
  },
  {
    "name": "Load extend/response.js",
    "start": 1648457394641,
    "end": 1648457394644,
    "duration": 3,
    "pid": 41232,
    "index": 35
  },
  {
    "name": "Require(29) node_modules/egg/app/extend/response.js",
    "start": 1648457394642,
    "end": 1648457394643,
    "duration": 1,
    "pid": 41232,
    "index": 36
  },
  {
    "name": "Load extend/context.js",
    "start": 1648457394644,
    "end": 1648457394691,
    "duration": 47,
    "pid": 41232,
    "index": 37
  },
  {
    "name": "Require(30) node_modules/egg-security/app/extend/context.js",
    "start": 1648457394645,
    "end": 1648457394649,
    "duration": 4,
    "pid": 41232,
    "index": 38
  },
  {
    "name": "Require(31) node_modules/egg-jsonp/app/extend/context.js",
    "start": 1648457394650,
    "end": 1648457394651,
    "duration": 1,
    "pid": 41232,
    "index": 39
  },
  {
    "name": "Require(32) node_modules/egg-i18n/app/extend/context.js",
    "start": 1648457394651,
    "end": 1648457394652,
    "duration": 1,
    "pid": 41232,
    "index": 40
  },
  {
    "name": "Require(33) node_modules/egg-multipart/app/extend/context.js",
    "start": 1648457394653,
    "end": 1648457394687,
    "duration": 34,
    "pid": 41232,
    "index": 41
  },
  {
    "name": "Require(34) node_modules/egg-view/app/extend/context.js",
    "start": 1648457394687,
    "end": 1648457394688,
    "duration": 1,
    "pid": 41232,
    "index": 42
  },
  {
    "name": "Require(35) node_modules/egg-mongoose/app/extend/context.js",
    "start": 1648457394688,
    "end": 1648457394688,
    "duration": 0,
    "pid": 41232,
    "index": 43
  },
  {
    "name": "Require(36) node_modules/egg-validate/app/extend/context.js",
    "start": 1648457394689,
    "end": 1648457394689,
    "duration": 0,
    "pid": 41232,
    "index": 44
  },
  {
    "name": "Require(37) node_modules/egg/app/extend/context.js",
    "start": 1648457394689,
    "end": 1648457394690,
    "duration": 1,
    "pid": 41232,
    "index": 45
  },
  {
    "name": "Load extend/helper.js",
    "start": 1648457394691,
    "end": 1648457394705,
    "duration": 14,
    "pid": 41232,
    "index": 46
  },
  {
    "name": "Require(38) node_modules/egg-security/app/extend/helper.js",
    "start": 1648457394692,
    "end": 1648457394700,
    "duration": 8,
    "pid": 41232,
    "index": 47
  },
  {
    "name": "Require(39) node_modules/egg/app/extend/helper.js",
    "start": 1648457394702,
    "end": 1648457394703,
    "duration": 1,
    "pid": 41232,
    "index": 48
  },
  {
    "name": "Require(40) app/extend/helper.js",
    "start": 1648457394703,
    "end": 1648457394703,
    "duration": 0,
    "pid": 41232,
    "index": 49
  },
  {
    "name": "Load app.js",
    "start": 1648457394705,
    "end": 1648457394730,
    "duration": 25,
    "pid": 41232,
    "index": 50
  },
  {
    "name": "Require(41) node_modules/egg-session/app.js",
    "start": 1648457394706,
    "end": 1648457394706,
    "duration": 0,
    "pid": 41232,
    "index": 51
  },
  {
    "name": "Require(42) node_modules/egg-security/app.js",
    "start": 1648457394706,
    "end": 1648457394707,
    "duration": 1,
    "pid": 41232,
    "index": 52
  },
  {
    "name": "Require(43) node_modules/egg-onerror/app.js",
    "start": 1648457394707,
    "end": 1648457394711,
    "duration": 4,
    "pid": 41232,
    "index": 53
  },
  {
    "name": "Require(44) node_modules/egg-i18n/app.js",
    "start": 1648457394711,
    "end": 1648457394723,
    "duration": 12,
    "pid": 41232,
    "index": 54
  },
  {
    "name": "Require(45) node_modules/egg-watcher/app.js",
    "start": 1648457394723,
    "end": 1648457394725,
    "duration": 2,
    "pid": 41232,
    "index": 55
  },
  {
    "name": "Require(46) node_modules/egg-schedule/app.js",
    "start": 1648457394725,
    "end": 1648457394726,
    "duration": 1,
    "pid": 41232,
    "index": 56
  },
  {
    "name": "Require(47) node_modules/egg-multipart/app.js",
    "start": 1648457394726,
    "end": 1648457394727,
    "duration": 1,
    "pid": 41232,
    "index": 57
  },
  {
    "name": "Require(48) node_modules/egg-development/app.js",
    "start": 1648457394727,
    "end": 1648457394727,
    "duration": 0,
    "pid": 41232,
    "index": 58
  },
  {
    "name": "Require(49) node_modules/egg-logrotator/app.js",
    "start": 1648457394727,
    "end": 1648457394727,
    "duration": 0,
    "pid": 41232,
    "index": 59
  },
  {
    "name": "Require(50) node_modules/egg-static/app.js",
    "start": 1648457394727,
    "end": 1648457394727,
    "duration": 0,
    "pid": 41232,
    "index": 60
  },
  {
    "name": "Require(51) node_modules/egg-mongoose/app.js",
    "start": 1648457394728,
    "end": 1648457394728,
    "duration": 0,
    "pid": 41232,
    "index": 61
  },
  {
    "name": "Require(52) node_modules/egg-validate/app.js",
    "start": 1648457394728,
    "end": 1648457394729,
    "duration": 1,
    "pid": 41232,
    "index": 62
  },
  {
    "name": "Require(53) node_modules/egg-cors/app.js",
    "start": 1648457394729,
    "end": 1648457394729,
    "duration": 0,
    "pid": 41232,
    "index": 63
  },
  {
    "name": "Before Start in node_modules/egg-watcher/lib/init.js:15:14",
    "start": 1648457394737,
    "end": 1648457395218,
    "duration": 481,
    "pid": 41232,
    "index": 64
  },
  {
    "name": "Before Start in node_modules/egg-mongoose/lib/mongoose.js:104:7",
    "start": 1648457395078,
    "end": 1648457395217,
    "duration": 139,
    "pid": 41232,
    "index": 65
  },
  {
    "name": "Before Start in node_modules/egg-mongoose/lib/mongoose.js:52:9",
    "start": 1648457395078,
    "end": 1648457395205,
    "duration": 127,
    "pid": 41232,
    "index": 66
  },
  {
    "name": "Load Service",
    "start": 1648457395078,
    "end": 1648457395102,
    "duration": 24,
    "pid": 41232,
    "index": 67
  },
  {
    "name": "Load \"service\" to Context",
    "start": 1648457395078,
    "end": 1648457395102,
    "duration": 24,
    "pid": 41232,
    "index": 68
  },
  {
    "name": "Load Middleware",
    "start": 1648457395102,
    "end": 1648457395179,
    "duration": 77,
    "pid": 41232,
    "index": 69
  },
  {
    "name": "Load \"middlewares\" to Application",
    "start": 1648457395102,
    "end": 1648457395172,
    "duration": 70,
    "pid": 41232,
    "index": 70
  },
  {
    "name": "Load Controller",
    "start": 1648457395179,
    "end": 1648457395181,
    "duration": 2,
    "pid": 41232,
    "index": 71
  },
  {
    "name": "Load \"controller\" to Application",
    "start": 1648457395179,
    "end": 1648457395181,
    "duration": 2,
    "pid": 41232,
    "index": 72
  },
  {
    "name": "Load Router",
    "start": 1648457395181,
    "end": 1648457395183,
    "duration": 2,
    "pid": 41232,
    "index": 73
  },
  {
    "name": "Require(54) app/router.js",
    "start": 1648457395181,
    "end": 1648457395181,
    "duration": 0,
    "pid": 41232,
    "index": 74
  },
  {
    "name": "Before Start in node_modules/egg-core/lib/egg.js:303:10",
    "start": 1648457395182,
    "end": 1648457395205,
    "duration": 23,
    "pid": 41232,
    "index": 75
  },
  {
    "name": "Load \"model\" to Application",
    "start": 1648457395190,
    "end": 1648457395205,
    "duration": 15,
    "pid": 41232,
    "index": 76
  }
]