[
  {
    "name": "Process Start",
    "start": 1648462458335,
    "end": 1648462459002,
    "duration": 667,
    "pid": 17112,
    "index": 0
  },
  {
    "name": "Application Start",
    "start": 1648462459003,
    "end": 1648462459526,
    "duration": 523,
    "pid": 17112,
    "index": 1
  },
  {
    "name": "Load Plugin",
    "start": 1648462459005,
    "end": 1648462459015,
    "duration": 10,
    "pid": 17112,
    "index": 2
  },
  {
    "name": "Load Config",
    "start": 1648462459015,
    "end": 1648462459032,
    "duration": 17,
    "pid": 17112,
    "index": 3
  },
  {
    "name": "Require(0) config/config.default.js",
    "start": 1648462459016,
    "end": 1648462459016,
    "duration": 0,
    "pid": 17112,
    "index": 4
  },
  {
    "name": "Require(1) config/config.local.js",
    "start": 1648462459017,
    "end": 1648462459017,
    "duration": 0,
    "pid": 17112,
    "index": 5
  },
  {
    "name": "Require(2) node_modules/egg-session/config/config.default.js",
    "start": 1648462459017,
    "end": 1648462459018,
    "duration": 1,
    "pid": 17112,
    "index": 6
  },
  {
    "name": "Require(3) node_modules/egg-security/config/config.default.js",
    "start": 1648462459018,
    "end": 1648462459018,
    "duration": 0,
    "pid": 17112,
    "index": 7
  },
  {
    "name": "Require(4) node_modules/egg-jsonp/config/config.default.js",
    "start": 1648462459019,
    "end": 1648462459019,
    "duration": 0,
    "pid": 17112,
    "index": 8
  },
  {
    "name": "Require(5) node_modules/egg-onerror/config/config.default.js",
    "start": 1648462459019,
    "end": 1648462459020,
    "duration": 1,
    "pid": 17112,
    "index": 9
  },
  {
    "name": "Require(6) node_modules/egg-i18n/config/config.default.js",
    "start": 1648462459020,
    "end": 1648462459020,
    "duration": 0,
    "pid": 17112,
    "index": 10
  },
  {
    "name": "Require(7) node_modules/egg-watcher/config/config.default.js",
    "start": 1648462459020,
    "end": 1648462459021,
    "duration": 1,
    "pid": 17112,
    "index": 11
  },
  {
    "name": "Require(8) node_modules/egg-schedule/config/config.default.js",
    "start": 1648462459021,
    "end": 1648462459021,
    "duration": 0,
    "pid": 17112,
    "index": 12
  },
  {
    "name": "Require(9) node_modules/egg-multipart/config/config.default.js",
    "start": 1648462459021,
    "end": 1648462459022,
    "duration": 1,
    "pid": 17112,
    "index": 13
  },
  {
    "name": "Require(10) node_modules/egg-development/config/config.default.js",
    "start": 1648462459022,
    "end": 1648462459022,
    "duration": 0,
    "pid": 17112,
    "index": 14
  },
  {
    "name": "Require(11) node_modules/egg-logrotator/config/config.default.js",
    "start": 1648462459022,
    "end": 1648462459023,
    "duration": 1,
    "pid": 17112,
    "index": 15
  },
  {
    "name": "Require(12) node_modules/egg-static/config/config.default.js",
    "start": 1648462459023,
    "end": 1648462459023,
    "duration": 0,
    "pid": 17112,
    "index": 16
  },
  {
    "name": "Require(13) node_modules/egg-view/config/config.default.js",
    "start": 1648462459023,
    "end": 1648462459024,
    "duration": 1,
    "pid": 17112,
    "index": 17
  },
  {
    "name": "Require(14) node_modules/egg-mongoose/config/config.default.js",
    "start": 1648462459024,
    "end": 1648462459024,
    "duration": 0,
    "pid": 17112,
    "index": 18
  },
  {
    "name": "Require(15) node_modules/egg-validate/config/config.default.js",
    "start": 1648462459024,
    "end": 1648462459025,
    "duration": 1,
    "pid": 17112,
    "index": 19
  },
  {
    "name": "Require(16) node_modules/egg-cors/config/config.default.js",
    "start": 1648462459025,
    "end": 1648462459025,
    "duration": 0,
    "pid": 17112,
    "index": 20
  },
  {
    "name": "Require(17) node_modules/egg/config/config.default.js",
    "start": 1648462459025,
    "end": 1648462459026,
    "duration": 1,
    "pid": 17112,
    "index": 21
  },
  {
    "name": "Require(18) config/config.default.js",
    "start": 1648462459027,
    "end": 1648462459027,
    "duration": 0,
    "pid": 17112,
    "index": 22
  },
  {
    "name": "Require(19) node_modules/egg-security/config/config.local.js",
    "start": 1648462459027,
    "end": 1648462459028,
    "duration": 1,
    "pid": 17112,
    "index": 23
  },
  {
    "name": "Require(20) node_modules/egg-watcher/config/config.local.js",
    "start": 1648462459030,
    "end": 1648462459030,
    "duration": 0,
    "pid": 17112,
    "index": 24
  },
  {
    "name": "Require(21) node_modules/egg-view/config/config.local.js",
    "start": 1648462459031,
    "end": 1648462459031,
    "duration": 0,
    "pid": 17112,
    "index": 25
  },
  {
    "name": "Require(22) node_modules/egg/config/config.local.js",
    "start": 1648462459031,
    "end": 1648462459032,
    "duration": 1,
    "pid": 17112,
    "index": 26
  },
  {
    "name": "Require(23) config/config.local.js",
    "start": 1648462459032,
    "end": 1648462459032,
    "duration": 0,
    "pid": 17112,
    "index": 27
  },
  {
    "name": "Load extend/application.js",
    "start": 1648462459032,
    "end": 1648462459065,
    "duration": 33,
    "pid": 17112,
    "index": 28
  },
  {
    "name": "Require(24) node_modules/egg-session/app/extend/application.js",
    "start": 1648462459033,
    "end": 1648462459033,
    "duration": 0,
    "pid": 17112,
    "index": 29
  },
  {
    "name": "Require(25) node_modules/egg-security/app/extend/application.js",
    "start": 1648462459033,
    "end": 1648462459034,
    "duration": 1,
    "pid": 17112,
    "index": 30
  },
  {
    "name": "Require(26) node_modules/egg-jsonp/app/extend/application.js",
    "start": 1648462459034,
    "end": 1648462459035,
    "duration": 1,
    "pid": 17112,
    "index": 31
  },
  {
    "name": "Require(27) node_modules/egg-logrotator/app/extend/application.js",
    "start": 1648462459035,
    "end": 1648462459036,
    "duration": 1,
    "pid": 17112,
    "index": 32
  },
  {
    "name": "Require(28) node_modules/egg-view/app/extend/application.js",
    "start": 1648462459036,
    "end": 1648462459037,
    "duration": 1,
    "pid": 17112,
    "index": 33
  },
  {
    "name": "Require(29) app/extend/application.js",
    "start": 1648462459037,
    "end": 1648462459064,
    "duration": 27,
    "pid": 17112,
    "index": 34
  },
  {
    "name": "Load extend/request.js",
    "start": 1648462459065,
    "end": 1648462459068,
    "duration": 3,
    "pid": 17112,
    "index": 35
  },
  {
    "name": "Require(30) node_modules/egg/app/extend/request.js",
    "start": 1648462459066,
    "end": 1648462459067,
    "duration": 1,
    "pid": 17112,
    "index": 36
  },
  {
    "name": "Load extend/response.js",
    "start": 1648462459068,
    "end": 1648462459072,
    "duration": 4,
    "pid": 17112,
    "index": 37
  },
  {
    "name": "Require(31) node_modules/egg/app/extend/response.js",
    "start": 1648462459070,
    "end": 1648462459070,
    "duration": 0,
    "pid": 17112,
    "index": 38
  },
  {
    "name": "Load extend/context.js",
    "start": 1648462459072,
    "end": 1648462459108,
    "duration": 36,
    "pid": 17112,
    "index": 39
  },
  {
    "name": "Require(32) node_modules/egg-security/app/extend/context.js",
    "start": 1648462459072,
    "end": 1648462459077,
    "duration": 5,
    "pid": 17112,
    "index": 40
  },
  {
    "name": "Require(33) node_modules/egg-jsonp/app/extend/context.js",
    "start": 1648462459077,
    "end": 1648462459077,
    "duration": 0,
    "pid": 17112,
    "index": 41
  },
  {
    "name": "Require(34) node_modules/egg-i18n/app/extend/context.js",
    "start": 1648462459078,
    "end": 1648462459078,
    "duration": 0,
    "pid": 17112,
    "index": 42
  },
  {
    "name": "Require(35) node_modules/egg-multipart/app/extend/context.js",
    "start": 1648462459078,
    "end": 1648462459104,
    "duration": 26,
    "pid": 17112,
    "index": 43
  },
  {
    "name": "Require(36) node_modules/egg-view/app/extend/context.js",
    "start": 1648462459105,
    "end": 1648462459105,
    "duration": 0,
    "pid": 17112,
    "index": 44
  },
  {
    "name": "Require(37) node_modules/egg-mongoose/app/extend/context.js",
    "start": 1648462459106,
    "end": 1648462459106,
    "duration": 0,
    "pid": 17112,
    "index": 45
  },
  {
    "name": "Require(38) node_modules/egg-validate/app/extend/context.js",
    "start": 1648462459106,
    "end": 1648462459106,
    "duration": 0,
    "pid": 17112,
    "index": 46
  },
  {
    "name": "Require(39) node_modules/egg/app/extend/context.js",
    "start": 1648462459106,
    "end": 1648462459107,
    "duration": 1,
    "pid": 17112,
    "index": 47
  },
  {
    "name": "Load extend/helper.js",
    "start": 1648462459108,
    "end": 1648462459120,
    "duration": 12,
    "pid": 17112,
    "index": 48
  },
  {
    "name": "Require(40) node_modules/egg-security/app/extend/helper.js",
    "start": 1648462459109,
    "end": 1648462459117,
    "duration": 8,
    "pid": 17112,
    "index": 49
  },
  {
    "name": "Require(41) node_modules/egg/app/extend/helper.js",
    "start": 1648462459118,
    "end": 1648462459118,
    "duration": 0,
    "pid": 17112,
    "index": 50
  },
  {
    "name": "Require(42) app/extend/helper.js",
    "start": 1648462459118,
    "end": 1648462459118,
    "duration": 0,
    "pid": 17112,
    "index": 51
  },
  {
    "name": "Load app.js",
    "start": 1648462459120,
    "end": 1648462459140,
    "duration": 20,
    "pid": 17112,
    "index": 52
  },
  {
    "name": "Require(43) node_modules/egg-session/app.js",
    "start": 1648462459120,
    "end": 1648462459120,
    "duration": 0,
    "pid": 17112,
    "index": 53
  },
  {
    "name": "Require(44) node_modules/egg-security/app.js",
    "start": 1648462459120,
    "end": 1648462459121,
    "duration": 1,
    "pid": 17112,
    "index": 54
  },
  {
    "name": "Require(45) node_modules/egg-onerror/app.js",
    "start": 1648462459121,
    "end": 1648462459125,
    "duration": 4,
    "pid": 17112,
    "index": 55
  },
  {
    "name": "Require(46) node_modules/egg-i18n/app.js",
    "start": 1648462459125,
    "end": 1648462459134,
    "duration": 9,
    "pid": 17112,
    "index": 56
  },
  {
    "name": "Require(47) node_modules/egg-watcher/app.js",
    "start": 1648462459134,
    "end": 1648462459136,
    "duration": 2,
    "pid": 17112,
    "index": 57
  },
  {
    "name": "Require(48) node_modules/egg-schedule/app.js",
    "start": 1648462459136,
    "end": 1648462459137,
    "duration": 1,
    "pid": 17112,
    "index": 58
  },
  {
    "name": "Require(49) node_modules/egg-multipart/app.js",
    "start": 1648462459137,
    "end": 1648462459137,
    "duration": 0,
    "pid": 17112,
    "index": 59
  },
  {
    "name": "Require(50) node_modules/egg-development/app.js",
    "start": 1648462459137,
    "end": 1648462459137,
    "duration": 0,
    "pid": 17112,
    "index": 60
  },
  {
    "name": "Require(51) node_modules/egg-logrotator/app.js",
    "start": 1648462459138,
    "end": 1648462459138,
    "duration": 0,
    "pid": 17112,
    "index": 61
  },
  {
    "name": "Require(52) node_modules/egg-static/app.js",
    "start": 1648462459138,
    "end": 1648462459138,
    "duration": 0,
    "pid": 17112,
    "index": 62
  },
  {
    "name": "Require(53) node_modules/egg-mongoose/app.js",
    "start": 1648462459138,
    "end": 1648462459139,
    "duration": 1,
    "pid": 17112,
    "index": 63
  },
  {
    "name": "Require(54) node_modules/egg-validate/app.js",
    "start": 1648462459139,
    "end": 1648462459140,
    "duration": 1,
    "pid": 17112,
    "index": 64
  },
  {
    "name": "Require(55) node_modules/egg-cors/app.js",
    "start": 1648462459140,
    "end": 1648462459140,
    "duration": 0,
    "pid": 17112,
    "index": 65
  },
  {
    "name": "Before Start in node_modules/egg-watcher/lib/init.js:15:14",
    "start": 1648462459147,
    "end": 1648462459525,
    "duration": 378,
    "pid": 17112,
    "index": 66
  },
  {
    "name": "Before Start in node_modules/egg-mongoose/lib/mongoose.js:104:7",
    "start": 1648462459390,
    "end": 1648462459524,
    "duration": 134,
    "pid": 17112,
    "index": 67
  },
  {
    "name": "Before Start in node_modules/egg-mongoose/lib/mongoose.js:52:9",
    "start": 1648462459390,
    "end": 1648462459514,
    "duration": 124,
    "pid": 17112,
    "index": 68
  },
  {
    "name": "Load Service",
    "start": 1648462459390,
    "end": 1648462459410,
    "duration": 20,
    "pid": 17112,
    "index": 69
  },
  {
    "name": "Load \"service\" to Context",
    "start": 1648462459390,
    "end": 1648462459410,
    "duration": 20,
    "pid": 17112,
    "index": 70
  },
  {
    "name": "Load Middleware",
    "start": 1648462459410,
    "end": 1648462459493,
    "duration": 83,
    "pid": 17112,
    "index": 71
  },
  {
    "name": "Load \"middlewares\" to Application",
    "start": 1648462459410,
    "end": 1648462459486,
    "duration": 76,
    "pid": 17112,
    "index": 72
  },
  {
    "name": "Load Controller",
    "start": 1648462459493,
    "end": 1648462459495,
    "duration": 2,
    "pid": 17112,
    "index": 73
  },
  {
    "name": "Load \"controller\" to Application",
    "start": 1648462459493,
    "end": 1648462459495,
    "duration": 2,
    "pid": 17112,
    "index": 74
  },
  {
    "name": "Load Router",
    "start": 1648462459495,
    "end": 1648462459497,
    "duration": 2,
    "pid": 17112,
    "index": 75
  },
  {
    "name": "Require(56) app/router.js",
    "start": 1648462459495,
    "end": 1648462459495,
    "duration": 0,
    "pid": 17112,
    "index": 76
  },
  {
    "name": "Before Start in node_modules/egg-core/lib/egg.js:303:10",
    "start": 1648462459495,
    "end": 1648462459514,
    "duration": 19,
    "pid": 17112,
    "index": 77
  },
  {
    "name": "Load \"model\" to Application",
    "start": 1648462459502,
    "end": 1648462459513,
    "duration": 11,
    "pid": 17112,
    "index": 78
  }
]