[
  {
    "name": "Process Start",
    "start": 1648462486174,
    "end": 1648462486835,
    "duration": 661,
    "pid": 38592,
    "index": 0
  },
  {
    "name": "Application Start",
    "start": 1648462486835,
    "end": 1648462487355,
    "duration": 520,
    "pid": 38592,
    "index": 1
  },
  {
    "name": "Load Plugin",
    "start": 1648462486838,
    "end": 1648462486849,
    "duration": 11,
    "pid": 38592,
    "index": 2
  },
  {
    "name": "Load Config",
    "start": 1648462486849,
    "end": 1648462486867,
    "duration": 18,
    "pid": 38592,
    "index": 3
  },
  {
    "name": "Require(0) config/config.default.js",
    "start": 1648462486850,
    "end": 1648462486850,
    "duration": 0,
    "pid": 38592,
    "index": 4
  },
  {
    "name": "Require(1) config/config.local.js",
    "start": 1648462486851,
    "end": 1648462486851,
    "duration": 0,
    "pid": 38592,
    "index": 5
  },
  {
    "name": "Require(2) node_modules/egg-session/config/config.default.js",
    "start": 1648462486851,
    "end": 1648462486852,
    "duration": 1,
    "pid": 38592,
    "index": 6
  },
  {
    "name": "Require(3) node_modules/egg-security/config/config.default.js",
    "start": 1648462486852,
    "end": 1648462486852,
    "duration": 0,
    "pid": 38592,
    "index": 7
  },
  {
    "name": "Require(4) node_modules/egg-jsonp/config/config.default.js",
    "start": 1648462486853,
    "end": 1648462486853,
    "duration": 0,
    "pid": 38592,
    "index": 8
  },
  {
    "name": "Require(5) node_modules/egg-onerror/config/config.default.js",
    "start": 1648462486853,
    "end": 1648462486853,
    "duration": 0,
    "pid": 38592,
    "index": 9
  },
  {
    "name": "Require(6) node_modules/egg-i18n/config/config.default.js",
    "start": 1648462486854,
    "end": 1648462486854,
    "duration": 0,
    "pid": 38592,
    "index": 10
  },
  {
    "name": "Require(7) node_modules/egg-watcher/config/config.default.js",
    "start": 1648462486854,
    "end": 1648462486855,
    "duration": 1,
    "pid": 38592,
    "index": 11
  },
  {
    "name": "Require(8) node_modules/egg-schedule/config/config.default.js",
    "start": 1648462486855,
    "end": 1648462486855,
    "duration": 0,
    "pid": 38592,
    "index": 12
  },
  {
    "name": "Require(9) node_modules/egg-multipart/config/config.default.js",
    "start": 1648462486856,
    "end": 1648462486856,
    "duration": 0,
    "pid": 38592,
    "index": 13
  },
  {
    "name": "Require(10) node_modules/egg-development/config/config.default.js",
    "start": 1648462486856,
    "end": 1648462486857,
    "duration": 1,
    "pid": 38592,
    "index": 14
  },
  {
    "name": "Require(11) node_modules/egg-logrotator/config/config.default.js",
    "start": 1648462486857,
    "end": 1648462486857,
    "duration": 0,
    "pid": 38592,
    "index": 15
  },
  {
    "name": "Require(12) node_modules/egg-static/config/config.default.js",
    "start": 1648462486857,
    "end": 1648462486858,
    "duration": 1,
    "pid": 38592,
    "index": 16
  },
  {
    "name": "Require(13) node_modules/egg-view/config/config.default.js",
    "start": 1648462486858,
    "end": 1648462486858,
    "duration": 0,
    "pid": 38592,
    "index": 17
  },
  {
    "name": "Require(14) node_modules/egg-mongoose/config/config.default.js",
    "start": 1648462486858,
    "end": 1648462486859,
    "duration": 1,
    "pid": 38592,
    "index": 18
  },
  {
    "name": "Require(15) node_modules/egg-validate/config/config.default.js",
    "start": 1648462486859,
    "end": 1648462486859,
    "duration": 0,
    "pid": 38592,
    "index": 19
  },
  {
    "name": "Require(16) node_modules/egg-cors/config/config.default.js",
    "start": 1648462486859,
    "end": 1648462486860,
    "duration": 1,
    "pid": 38592,
    "index": 20
  },
  {
    "name": "Require(17) node_modules/egg/config/config.default.js",
    "start": 1648462486860,
    "end": 1648462486860,
    "duration": 0,
    "pid": 38592,
    "index": 21
  },
  {
    "name": "Require(18) config/config.default.js",
    "start": 1648462486862,
    "end": 1648462486862,
    "duration": 0,
    "pid": 38592,
    "index": 22
  },
  {
    "name": "Require(19) node_modules/egg-security/config/config.local.js",
    "start": 1648462486863,
    "end": 1648462486864,
    "duration": 1,
    "pid": 38592,
    "index": 23
  },
  {
    "name": "Require(20) node_modules/egg-watcher/config/config.local.js",
    "start": 1648462486865,
    "end": 1648462486866,
    "duration": 1,
    "pid": 38592,
    "index": 24
  },
  {
    "name": "Require(21) node_modules/egg-view/config/config.local.js",
    "start": 1648462486866,
    "end": 1648462486867,
    "duration": 1,
    "pid": 38592,
    "index": 25
  },
  {
    "name": "Require(22) node_modules/egg/config/config.local.js",
    "start": 1648462486867,
    "end": 1648462486867,
    "duration": 0,
    "pid": 38592,
    "index": 26
  },
  {
    "name": "Require(23) config/config.local.js",
    "start": 1648462486867,
    "end": 1648462486867,
    "duration": 0,
    "pid": 38592,
    "index": 27
  },
  {
    "name": "Load extend/application.js",
    "start": 1648462486868,
    "end": 1648462486907,
    "duration": 39,
    "pid": 38592,
    "index": 28
  },
  {
    "name": "Require(24) node_modules/egg-session/app/extend/application.js",
    "start": 1648462486869,
    "end": 1648462486869,
    "duration": 0,
    "pid": 38592,
    "index": 29
  },
  {
    "name": "Require(25) node_modules/egg-security/app/extend/application.js",
    "start": 1648462486869,
    "end": 1648462486870,
    "duration": 1,
    "pid": 38592,
    "index": 30
  },
  {
    "name": "Require(26) node_modules/egg-jsonp/app/extend/application.js",
    "start": 1648462486870,
    "end": 1648462486871,
    "duration": 1,
    "pid": 38592,
    "index": 31
  },
  {
    "name": "Require(27) node_modules/egg-logrotator/app/extend/application.js",
    "start": 1648462486872,
    "end": 1648462486872,
    "duration": 0,
    "pid": 38592,
    "index": 32
  },
  {
    "name": "Require(28) node_modules/egg-view/app/extend/application.js",
    "start": 1648462486873,
    "end": 1648462486874,
    "duration": 1,
    "pid": 38592,
    "index": 33
  },
  {
    "name": "Require(29) app/extend/application.js",
    "start": 1648462486874,
    "end": 1648462486906,
    "duration": 32,
    "pid": 38592,
    "index": 34
  },
  {
    "name": "Load extend/request.js",
    "start": 1648462486907,
    "end": 1648462486911,
    "duration": 4,
    "pid": 38592,
    "index": 35
  },
  {
    "name": "Require(30) node_modules/egg/app/extend/request.js",
    "start": 1648462486909,
    "end": 1648462486909,
    "duration": 0,
    "pid": 38592,
    "index": 36
  },
  {
    "name": "Load extend/response.js",
    "start": 1648462486911,
    "end": 1648462486914,
    "duration": 3,
    "pid": 38592,
    "index": 37
  },
  {
    "name": "Require(31) node_modules/egg/app/extend/response.js",
    "start": 1648462486912,
    "end": 1648462486913,
    "duration": 1,
    "pid": 38592,
    "index": 38
  },
  {
    "name": "Load extend/context.js",
    "start": 1648462486914,
    "end": 1648462486952,
    "duration": 38,
    "pid": 38592,
    "index": 39
  },
  {
    "name": "Require(32) node_modules/egg-security/app/extend/context.js",
    "start": 1648462486915,
    "end": 1648462486919,
    "duration": 4,
    "pid": 38592,
    "index": 40
  },
  {
    "name": "Require(33) node_modules/egg-jsonp/app/extend/context.js",
    "start": 1648462486919,
    "end": 1648462486920,
    "duration": 1,
    "pid": 38592,
    "index": 41
  },
  {
    "name": "Require(34) node_modules/egg-i18n/app/extend/context.js",
    "start": 1648462486920,
    "end": 1648462486921,
    "duration": 1,
    "pid": 38592,
    "index": 42
  },
  {
    "name": "Require(35) node_modules/egg-multipart/app/extend/context.js",
    "start": 1648462486921,
    "end": 1648462486949,
    "duration": 28,
    "pid": 38592,
    "index": 43
  },
  {
    "name": "Require(36) node_modules/egg-view/app/extend/context.js",
    "start": 1648462486949,
    "end": 1648462486950,
    "duration": 1,
    "pid": 38592,
    "index": 44
  },
  {
    "name": "Require(37) node_modules/egg-mongoose/app/extend/context.js",
    "start": 1648462486950,
    "end": 1648462486950,
    "duration": 0,
    "pid": 38592,
    "index": 45
  },
  {
    "name": "Require(38) node_modules/egg-validate/app/extend/context.js",
    "start": 1648462486950,
    "end": 1648462486950,
    "duration": 0,
    "pid": 38592,
    "index": 46
  },
  {
    "name": "Require(39) node_modules/egg/app/extend/context.js",
    "start": 1648462486951,
    "end": 1648462486951,
    "duration": 0,
    "pid": 38592,
    "index": 47
  },
  {
    "name": "Load extend/helper.js",
    "start": 1648462486952,
    "end": 1648462486964,
    "duration": 12,
    "pid": 38592,
    "index": 48
  },
  {
    "name": "Require(40) node_modules/egg-security/app/extend/helper.js",
    "start": 1648462486953,
    "end": 1648462486961,
    "duration": 8,
    "pid": 38592,
    "index": 49
  },
  {
    "name": "Require(41) node_modules/egg/app/extend/helper.js",
    "start": 1648462486962,
    "end": 1648462486962,
    "duration": 0,
    "pid": 38592,
    "index": 50
  },
  {
    "name": "Require(42) app/extend/helper.js",
    "start": 1648462486962,
    "end": 1648462486962,
    "duration": 0,
    "pid": 38592,
    "index": 51
  },
  {
    "name": "Load app.js",
    "start": 1648462486964,
    "end": 1648462486986,
    "duration": 22,
    "pid": 38592,
    "index": 52
  },
  {
    "name": "Require(43) node_modules/egg-session/app.js",
    "start": 1648462486964,
    "end": 1648462486964,
    "duration": 0,
    "pid": 38592,
    "index": 53
  },
  {
    "name": "Require(44) node_modules/egg-security/app.js",
    "start": 1648462486965,
    "end": 1648462486965,
    "duration": 0,
    "pid": 38592,
    "index": 54
  },
  {
    "name": "Require(45) node_modules/egg-onerror/app.js",
    "start": 1648462486966,
    "end": 1648462486969,
    "duration": 3,
    "pid": 38592,
    "index": 55
  },
  {
    "name": "Require(46) node_modules/egg-i18n/app.js",
    "start": 1648462486970,
    "end": 1648462486979,
    "duration": 9,
    "pid": 38592,
    "index": 56
  },
  {
    "name": "Require(47) node_modules/egg-watcher/app.js",
    "start": 1648462486980,
    "end": 1648462486981,
    "duration": 1,
    "pid": 38592,
    "index": 57
  },
  {
    "name": "Require(48) node_modules/egg-schedule/app.js",
    "start": 1648462486981,
    "end": 1648462486982,
    "duration": 1,
    "pid": 38592,
    "index": 58
  },
  {
    "name": "Require(49) node_modules/egg-multipart/app.js",
    "start": 1648462486982,
    "end": 1648462486983,
    "duration": 1,
    "pid": 38592,
    "index": 59
  },
  {
    "name": "Require(50) node_modules/egg-development/app.js",
    "start": 1648462486983,
    "end": 1648462486983,
    "duration": 0,
    "pid": 38592,
    "index": 60
  },
  {
    "name": "Require(51) node_modules/egg-logrotator/app.js",
    "start": 1648462486983,
    "end": 1648462486983,
    "duration": 0,
    "pid": 38592,
    "index": 61
  },
  {
    "name": "Require(52) node_modules/egg-static/app.js",
    "start": 1648462486983,
    "end": 1648462486984,
    "duration": 1,
    "pid": 38592,
    "index": 62
  },
  {
    "name": "Require(53) node_modules/egg-mongoose/app.js",
    "start": 1648462486984,
    "end": 1648462486984,
    "duration": 0,
    "pid": 38592,
    "index": 63
  },
  {
    "name": "Require(54) node_modules/egg-validate/app.js",
    "start": 1648462486984,
    "end": 1648462486985,
    "duration": 1,
    "pid": 38592,
    "index": 64
  },
  {
    "name": "Require(55) node_modules/egg-cors/app.js",
    "start": 1648462486985,
    "end": 1648462486986,
    "duration": 1,
    "pid": 38592,
    "index": 65
  },
  {
    "name": "Before Start in node_modules/egg-watcher/lib/init.js:15:14",
    "start": 1648462486993,
    "end": 1648462487354,
    "duration": 361,
    "pid": 38592,
    "index": 66
  },
  {
    "name": "Before Start in node_modules/egg-mongoose/lib/mongoose.js:104:7",
    "start": 1648462487236,
    "end": 1648462487353,
    "duration": 117,
    "pid": 38592,
    "index": 67
  },
  {
    "name": "Before Start in node_modules/egg-mongoose/lib/mongoose.js:52:9",
    "start": 1648462487236,
    "end": 1648462487342,
    "duration": 106,
    "pid": 38592,
    "index": 68
  },
  {
    "name": "Load Service",
    "start": 1648462487236,
    "end": 1648462487257,
    "duration": 21,
    "pid": 38592,
    "index": 69
  },
  {
    "name": "Load \"service\" to Context",
    "start": 1648462487236,
    "end": 1648462487257,
    "duration": 21,
    "pid": 38592,
    "index": 70
  },
  {
    "name": "Load Middleware",
    "start": 1648462487257,
    "end": 1648462487319,
    "duration": 62,
    "pid": 38592,
    "index": 71
  },
  {
    "name": "Load \"middlewares\" to Application",
    "start": 1648462487257,
    "end": 1648462487312,
    "duration": 55,
    "pid": 38592,
    "index": 72
  },
  {
    "name": "Load Controller",
    "start": 1648462487319,
    "end": 1648462487322,
    "duration": 3,
    "pid": 38592,
    "index": 73
  },
  {
    "name": "Load \"controller\" to Application",
    "start": 1648462487319,
    "end": 1648462487322,
    "duration": 3,
    "pid": 38592,
    "index": 74
  },
  {
    "name": "Load Router",
    "start": 1648462487322,
    "end": 1648462487324,
    "duration": 2,
    "pid": 38592,
    "index": 75
  },
  {
    "name": "Require(56) app/router.js",
    "start": 1648462487323,
    "end": 1648462487323,
    "duration": 0,
    "pid": 38592,
    "index": 76
  },
  {
    "name": "Before Start in node_modules/egg-core/lib/egg.js:303:10",
    "start": 1648462487323,
    "end": 1648462487342,
    "duration": 19,
    "pid": 38592,
    "index": 77
  },
  {
    "name": "Load \"model\" to Application",
    "start": 1648462487329,
    "end": 1648462487342,
    "duration": 13,
    "pid": 38592,
    "index": 78
  }
]