[
  {
    "name": "Process Start",
    "start": 1648546536820,
    "end": 1648546537497,
    "duration": 677,
    "pid": 37184,
    "index": 0
  },
  {
    "name": "Application Start",
    "start": 1648546537498,
    "end": 1648546538019,
    "duration": 521,
    "pid": 37184,
    "index": 1
  },
  {
    "name": "Load Plugin",
    "start": 1648546537500,
    "end": 1648546537510,
    "duration": 10,
    "pid": 37184,
    "index": 2
  },
  {
    "name": "Load Config",
    "start": 1648546537510,
    "end": 1648546537527,
    "duration": 17,
    "pid": 37184,
    "index": 3
  },
  {
    "name": "Require(0) config/config.default.js",
    "start": 1648546537511,
    "end": 1648546537511,
    "duration": 0,
    "pid": 37184,
    "index": 4
  },
  {
    "name": "Require(1) config/config.local.js",
    "start": 1648546537512,
    "end": 1648546537512,
    "duration": 0,
    "pid": 37184,
    "index": 5
  },
  {
    "name": "Require(2) node_modules/egg-session/config/config.default.js",
    "start": 1648546537512,
    "end": 1648546537513,
    "duration": 1,
    "pid": 37184,
    "index": 6
  },
  {
    "name": "Require(3) node_modules/egg-security/config/config.default.js",
    "start": 1648546537513,
    "end": 1648546537513,
    "duration": 0,
    "pid": 37184,
    "index": 7
  },
  {
    "name": "Require(4) node_modules/egg-jsonp/config/config.default.js",
    "start": 1648546537514,
    "end": 1648546537514,
    "duration": 0,
    "pid": 37184,
    "index": 8
  },
  {
    "name": "Require(5) node_modules/egg-onerror/config/config.default.js",
    "start": 1648546537514,
    "end": 1648546537514,
    "duration": 0,
    "pid": 37184,
    "index": 9
  },
  {
    "name": "Require(6) node_modules/egg-i18n/config/config.default.js",
    "start": 1648546537515,
    "end": 1648546537515,
    "duration": 0,
    "pid": 37184,
    "index": 10
  },
  {
    "name": "Require(7) node_modules/egg-watcher/config/config.default.js",
    "start": 1648546537515,
    "end": 1648546537516,
    "duration": 1,
    "pid": 37184,
    "index": 11
  },
  {
    "name": "Require(8) node_modules/egg-schedule/config/config.default.js",
    "start": 1648546537516,
    "end": 1648546537516,
    "duration": 0,
    "pid": 37184,
    "index": 12
  },
  {
    "name": "Require(9) node_modules/egg-multipart/config/config.default.js",
    "start": 1648546537516,
    "end": 1648546537517,
    "duration": 1,
    "pid": 37184,
    "index": 13
  },
  {
    "name": "Require(10) node_modules/egg-development/config/config.default.js",
    "start": 1648546537517,
    "end": 1648546537517,
    "duration": 0,
    "pid": 37184,
    "index": 14
  },
  {
    "name": "Require(11) node_modules/egg-logrotator/config/config.default.js",
    "start": 1648546537517,
    "end": 1648546537518,
    "duration": 1,
    "pid": 37184,
    "index": 15
  },
  {
    "name": "Require(12) node_modules/egg-static/config/config.default.js",
    "start": 1648546537518,
    "end": 1648546537518,
    "duration": 0,
    "pid": 37184,
    "index": 16
  },
  {
    "name": "Require(13) node_modules/egg-view/config/config.default.js",
    "start": 1648546537518,
    "end": 1648546537519,
    "duration": 1,
    "pid": 37184,
    "index": 17
  },
  {
    "name": "Require(14) node_modules/egg-mongoose/config/config.default.js",
    "start": 1648546537519,
    "end": 1648546537519,
    "duration": 0,
    "pid": 37184,
    "index": 18
  },
  {
    "name": "Require(15) node_modules/egg-validate/config/config.default.js",
    "start": 1648546537519,
    "end": 1648546537520,
    "duration": 1,
    "pid": 37184,
    "index": 19
  },
  {
    "name": "Require(16) node_modules/egg-cors/config/config.default.js",
    "start": 1648546537520,
    "end": 1648546537520,
    "duration": 0,
    "pid": 37184,
    "index": 20
  },
  {
    "name": "Require(17) node_modules/egg/config/config.default.js",
    "start": 1648546537520,
    "end": 1648546537521,
    "duration": 1,
    "pid": 37184,
    "index": 21
  },
  {
    "name": "Require(18) config/config.default.js",
    "start": 1648546537521,
    "end": 1648546537522,
    "duration": 1,
    "pid": 37184,
    "index": 22
  },
  {
    "name": "Require(19) node_modules/egg-security/config/config.local.js",
    "start": 1648546537524,
    "end": 1648546537525,
    "duration": 1,
    "pid": 37184,
    "index": 23
  },
  {
    "name": "Require(20) node_modules/egg-watcher/config/config.local.js",
    "start": 1648546537525,
    "end": 1648546537526,
    "duration": 1,
    "pid": 37184,
    "index": 24
  },
  {
    "name": "Require(21) node_modules/egg-view/config/config.local.js",
    "start": 1648546537526,
    "end": 1648546537526,
    "duration": 0,
    "pid": 37184,
    "index": 25
  },
  {
    "name": "Require(22) node_modules/egg/config/config.local.js",
    "start": 1648546537527,
    "end": 1648546537527,
    "duration": 0,
    "pid": 37184,
    "index": 26
  },
  {
    "name": "Require(23) config/config.local.js",
    "start": 1648546537527,
    "end": 1648546537527,
    "duration": 0,
    "pid": 37184,
    "index": 27
  },
  {
    "name": "Load extend/application.js",
    "start": 1648546537528,
    "end": 1648546537562,
    "duration": 34,
    "pid": 37184,
    "index": 28
  },
  {
    "name": "Require(24) node_modules/egg-session/app/extend/application.js",
    "start": 1648546537528,
    "end": 1648546537528,
    "duration": 0,
    "pid": 37184,
    "index": 29
  },
  {
    "name": "Require(25) node_modules/egg-security/app/extend/application.js",
    "start": 1648546537529,
    "end": 1648546537529,
    "duration": 0,
    "pid": 37184,
    "index": 30
  },
  {
    "name": "Require(26) node_modules/egg-jsonp/app/extend/application.js",
    "start": 1648546537530,
    "end": 1648546537530,
    "duration": 0,
    "pid": 37184,
    "index": 31
  },
  {
    "name": "Require(27) node_modules/egg-logrotator/app/extend/application.js",
    "start": 1648546537531,
    "end": 1648546537532,
    "duration": 1,
    "pid": 37184,
    "index": 32
  },
  {
    "name": "Require(28) node_modules/egg-view/app/extend/application.js",
    "start": 1648546537532,
    "end": 1648546537533,
    "duration": 1,
    "pid": 37184,
    "index": 33
  },
  {
    "name": "Require(29) app/extend/application.js",
    "start": 1648546537533,
    "end": 1648546537561,
    "duration": 28,
    "pid": 37184,
    "index": 34
  },
  {
    "name": "Load extend/request.js",
    "start": 1648546537562,
    "end": 1648546537566,
    "duration": 4,
    "pid": 37184,
    "index": 35
  },
  {
    "name": "Require(30) node_modules/egg/app/extend/request.js",
    "start": 1648546537564,
    "end": 1648546537564,
    "duration": 0,
    "pid": 37184,
    "index": 36
  },
  {
    "name": "Load extend/response.js",
    "start": 1648546537566,
    "end": 1648546537570,
    "duration": 4,
    "pid": 37184,
    "index": 37
  },
  {
    "name": "Require(31) node_modules/egg/app/extend/response.js",
    "start": 1648546537567,
    "end": 1648546537568,
    "duration": 1,
    "pid": 37184,
    "index": 38
  },
  {
    "name": "Load extend/context.js",
    "start": 1648546537570,
    "end": 1648546537607,
    "duration": 37,
    "pid": 37184,
    "index": 39
  },
  {
    "name": "Require(32) node_modules/egg-security/app/extend/context.js",
    "start": 1648546537570,
    "end": 1648546537574,
    "duration": 4,
    "pid": 37184,
    "index": 40
  },
  {
    "name": "Require(33) node_modules/egg-jsonp/app/extend/context.js",
    "start": 1648546537575,
    "end": 1648546537575,
    "duration": 0,
    "pid": 37184,
    "index": 41
  },
  {
    "name": "Require(34) node_modules/egg-i18n/app/extend/context.js",
    "start": 1648546537576,
    "end": 1648546537576,
    "duration": 0,
    "pid": 37184,
    "index": 42
  },
  {
    "name": "Require(35) node_modules/egg-multipart/app/extend/context.js",
    "start": 1648546537576,
    "end": 1648546537603,
    "duration": 27,
    "pid": 37184,
    "index": 43
  },
  {
    "name": "Require(36) node_modules/egg-view/app/extend/context.js",
    "start": 1648546537603,
    "end": 1648546537604,
    "duration": 1,
    "pid": 37184,
    "index": 44
  },
  {
    "name": "Require(37) node_modules/egg-mongoose/app/extend/context.js",
    "start": 1648546537604,
    "end": 1648546537604,
    "duration": 0,
    "pid": 37184,
    "index": 45
  },
  {
    "name": "Require(38) node_modules/egg-validate/app/extend/context.js",
    "start": 1648546537604,
    "end": 1648546537604,
    "duration": 0,
    "pid": 37184,
    "index": 46
  },
  {
    "name": "Require(39) node_modules/egg/app/extend/context.js",
    "start": 1648546537605,
    "end": 1648546537605,
    "duration": 0,
    "pid": 37184,
    "index": 47
  },
  {
    "name": "Load extend/helper.js",
    "start": 1648546537607,
    "end": 1648546537619,
    "duration": 12,
    "pid": 37184,
    "index": 48
  },
  {
    "name": "Require(40) node_modules/egg-security/app/extend/helper.js",
    "start": 1648546537607,
    "end": 1648546537615,
    "duration": 8,
    "pid": 37184,
    "index": 49
  },
  {
    "name": "Require(41) node_modules/egg/app/extend/helper.js",
    "start": 1648546537617,
    "end": 1648546537617,
    "duration": 0,
    "pid": 37184,
    "index": 50
  },
  {
    "name": "Require(42) app/extend/helper.js",
    "start": 1648546537618,
    "end": 1648546537618,
    "duration": 0,
    "pid": 37184,
    "index": 51
  },
  {
    "name": "Load app.js",
    "start": 1648546537619,
    "end": 1648546537641,
    "duration": 22,
    "pid": 37184,
    "index": 52
  },
  {
    "name": "Require(43) node_modules/egg-session/app.js",
    "start": 1648546537619,
    "end": 1648546537620,
    "duration": 1,
    "pid": 37184,
    "index": 53
  },
  {
    "name": "Require(44) node_modules/egg-security/app.js",
    "start": 1648546537620,
    "end": 1648546537621,
    "duration": 1,
    "pid": 37184,
    "index": 54
  },
  {
    "name": "Require(45) node_modules/egg-onerror/app.js",
    "start": 1648546537621,
    "end": 1648546537625,
    "duration": 4,
    "pid": 37184,
    "index": 55
  },
  {
    "name": "Require(46) node_modules/egg-i18n/app.js",
    "start": 1648546537625,
    "end": 1648546537634,
    "duration": 9,
    "pid": 37184,
    "index": 56
  },
  {
    "name": "Require(47) node_modules/egg-watcher/app.js",
    "start": 1648546537634,
    "end": 1648546537636,
    "duration": 2,
    "pid": 37184,
    "index": 57
  },
  {
    "name": "Require(48) node_modules/egg-schedule/app.js",
    "start": 1648546537636,
    "end": 1648546537637,
    "duration": 1,
    "pid": 37184,
    "index": 58
  },
  {
    "name": "Require(49) node_modules/egg-multipart/app.js",
    "start": 1648546537637,
    "end": 1648546537637,
    "duration": 0,
    "pid": 37184,
    "index": 59
  },
  {
    "name": "Require(50) node_modules/egg-development/app.js",
    "start": 1648546537638,
    "end": 1648546537638,
    "duration": 0,
    "pid": 37184,
    "index": 60
  },
  {
    "name": "Require(51) node_modules/egg-logrotator/app.js",
    "start": 1648546537638,
    "end": 1648546537638,
    "duration": 0,
    "pid": 37184,
    "index": 61
  },
  {
    "name": "Require(52) node_modules/egg-static/app.js",
    "start": 1648546537638,
    "end": 1648546537638,
    "duration": 0,
    "pid": 37184,
    "index": 62
  },
  {
    "name": "Require(53) node_modules/egg-mongoose/app.js",
    "start": 1648546537639,
    "end": 1648546537639,
    "duration": 0,
    "pid": 37184,
    "index": 63
  },
  {
    "name": "Require(54) node_modules/egg-validate/app.js",
    "start": 1648546537639,
    "end": 1648546537640,
    "duration": 1,
    "pid": 37184,
    "index": 64
  },
  {
    "name": "Require(55) node_modules/egg-cors/app.js",
    "start": 1648546537640,
    "end": 1648546537640,
    "duration": 0,
    "pid": 37184,
    "index": 65
  },
  {
    "name": "Before Start in node_modules/egg-watcher/lib/init.js:15:14",
    "start": 1648546537647,
    "end": 1648546538019,
    "duration": 372,
    "pid": 37184,
    "index": 66
  },
  {
    "name": "Before Start in node_modules/egg-mongoose/lib/mongoose.js:104:7",
    "start": 1648546537901,
    "end": 1648546538018,
    "duration": 117,
    "pid": 37184,
    "index": 67
  },
  {
    "name": "Before Start in node_modules/egg-mongoose/lib/mongoose.js:52:9",
    "start": 1648546537901,
    "end": 1648546538007,
    "duration": 106,
    "pid": 37184,
    "index": 68
  },
  {
    "name": "Load Service",
    "start": 1648546537901,
    "end": 1648546537920,
    "duration": 19,
    "pid": 37184,
    "index": 69
  },
  {
    "name": "Load \"service\" to Context",
    "start": 1648546537901,
    "end": 1648546537920,
    "duration": 19,
    "pid": 37184,
    "index": 70
  },
  {
    "name": "Load Middleware",
    "start": 1648546537920,
    "end": 1648546537983,
    "duration": 63,
    "pid": 37184,
    "index": 71
  },
  {
    "name": "Load \"middlewares\" to Application",
    "start": 1648546537921,
    "end": 1648546537976,
    "duration": 55,
    "pid": 37184,
    "index": 72
  },
  {
    "name": "Load Controller",
    "start": 1648546537983,
    "end": 1648546537986,
    "duration": 3,
    "pid": 37184,
    "index": 73
  },
  {
    "name": "Load \"controller\" to Application",
    "start": 1648546537983,
    "end": 1648546537986,
    "duration": 3,
    "pid": 37184,
    "index": 74
  },
  {
    "name": "Load Router",
    "start": 1648546537986,
    "end": 1648546537988,
    "duration": 2,
    "pid": 37184,
    "index": 75
  },
  {
    "name": "Require(56) app/router.js",
    "start": 1648546537986,
    "end": 1648546537986,
    "duration": 0,
    "pid": 37184,
    "index": 76
  },
  {
    "name": "Before Start in node_modules/egg-core/lib/egg.js:303:10",
    "start": 1648546537987,
    "end": 1648546538007,
    "duration": 20,
    "pid": 37184,
    "index": 77
  },
  {
    "name": "Load \"model\" to Application",
    "start": 1648546537993,
    "end": 1648546538007,
    "duration": 14,
    "pid": 37184,
    "index": 78
  }
]