[
  {
    "name": "Process Start",
    "start": 1648524667123,
    "end": 1648524668298,
    "duration": 1175,
    "pid": 44788,
    "index": 0
  },
  {
    "name": "Application Start",
    "start": 1648524668299,
    "end": 1648524669097,
    "duration": 798,
    "pid": 44788,
    "index": 1
  },
  {
    "name": "Load Plugin",
    "start": 1648524668302,
    "end": 1648524668317,
    "duration": 15,
    "pid": 44788,
    "index": 2
  },
  {
    "name": "Load Config",
    "start": 1648524668317,
    "end": 1648524668343,
    "duration": 26,
    "pid": 44788,
    "index": 3
  },
  {
    "name": "Require(0) config/config.default.js",
    "start": 1648524668318,
    "end": 1648524668318,
    "duration": 0,
    "pid": 44788,
    "index": 4
  },
  {
    "name": "Require(1) config/config.local.js",
    "start": 1648524668319,
    "end": 1648524668319,
    "duration": 0,
    "pid": 44788,
    "index": 5
  },
  {
    "name": "Require(2) node_modules/egg-session/config/config.default.js",
    "start": 1648524668320,
    "end": 1648524668320,
    "duration": 0,
    "pid": 44788,
    "index": 6
  },
  {
    "name": "Require(3) node_modules/egg-security/config/config.default.js",
    "start": 1648524668320,
    "end": 1648524668321,
    "duration": 1,
    "pid": 44788,
    "index": 7
  },
  {
    "name": "Require(4) node_modules/egg-jsonp/config/config.default.js",
    "start": 1648524668321,
    "end": 1648524668322,
    "duration": 1,
    "pid": 44788,
    "index": 8
  },
  {
    "name": "Require(5) node_modules/egg-onerror/config/config.default.js",
    "start": 1648524668322,
    "end": 1648524668322,
    "duration": 0,
    "pid": 44788,
    "index": 9
  },
  {
    "name": "Require(6) node_modules/egg-i18n/config/config.default.js",
    "start": 1648524668323,
    "end": 1648524668323,
    "duration": 0,
    "pid": 44788,
    "index": 10
  },
  {
    "name": "Require(7) node_modules/egg-watcher/config/config.default.js",
    "start": 1648524668324,
    "end": 1648524668324,
    "duration": 0,
    "pid": 44788,
    "index": 11
  },
  {
    "name": "Require(8) node_modules/egg-schedule/config/config.default.js",
    "start": 1648524668324,
    "end": 1648524668325,
    "duration": 1,
    "pid": 44788,
    "index": 12
  },
  {
    "name": "Require(9) node_modules/egg-multipart/config/config.default.js",
    "start": 1648524668325,
    "end": 1648524668326,
    "duration": 1,
    "pid": 44788,
    "index": 13
  },
  {
    "name": "Require(10) node_modules/egg-development/config/config.default.js",
    "start": 1648524668327,
    "end": 1648524668327,
    "duration": 0,
    "pid": 44788,
    "index": 14
  },
  {
    "name": "Require(11) node_modules/egg-logrotator/config/config.default.js",
    "start": 1648524668328,
    "end": 1648524668328,
    "duration": 0,
    "pid": 44788,
    "index": 15
  },
  {
    "name": "Require(12) node_modules/egg-static/config/config.default.js",
    "start": 1648524668329,
    "end": 1648524668329,
    "duration": 0,
    "pid": 44788,
    "index": 16
  },
  {
    "name": "Require(13) node_modules/egg-view/config/config.default.js",
    "start": 1648524668330,
    "end": 1648524668330,
    "duration": 0,
    "pid": 44788,
    "index": 17
  },
  {
    "name": "Require(14) node_modules/egg-mongoose/config/config.default.js",
    "start": 1648524668331,
    "end": 1648524668331,
    "duration": 0,
    "pid": 44788,
    "index": 18
  },
  {
    "name": "Require(15) node_modules/egg-validate/config/config.default.js",
    "start": 1648524668332,
    "end": 1648524668332,
    "duration": 0,
    "pid": 44788,
    "index": 19
  },
  {
    "name": "Require(16) node_modules/egg-cors/config/config.default.js",
    "start": 1648524668333,
    "end": 1648524668333,
    "duration": 0,
    "pid": 44788,
    "index": 20
  },
  {
    "name": "Require(17) node_modules/egg/config/config.default.js",
    "start": 1648524668334,
    "end": 1648524668334,
    "duration": 0,
    "pid": 44788,
    "index": 21
  },
  {
    "name": "Require(18) config/config.default.js",
    "start": 1648524668336,
    "end": 1648524668336,
    "duration": 0,
    "pid": 44788,
    "index": 22
  },
  {
    "name": "Require(19) node_modules/egg-security/config/config.local.js",
    "start": 1648524668337,
    "end": 1648524668339,
    "duration": 2,
    "pid": 44788,
    "index": 23
  },
  {
    "name": "Require(20) node_modules/egg-watcher/config/config.local.js",
    "start": 1648524668340,
    "end": 1648524668340,
    "duration": 0,
    "pid": 44788,
    "index": 24
  },
  {
    "name": "Require(21) node_modules/egg-view/config/config.local.js",
    "start": 1648524668342,
    "end": 1648524668342,
    "duration": 0,
    "pid": 44788,
    "index": 25
  },
  {
    "name": "Require(22) node_modules/egg/config/config.local.js",
    "start": 1648524668343,
    "end": 1648524668343,
    "duration": 0,
    "pid": 44788,
    "index": 26
  },
  {
    "name": "Require(23) config/config.local.js",
    "start": 1648524668343,
    "end": 1648524668343,
    "duration": 0,
    "pid": 44788,
    "index": 27
  },
  {
    "name": "Load extend/application.js",
    "start": 1648524668345,
    "end": 1648524668400,
    "duration": 55,
    "pid": 44788,
    "index": 28
  },
  {
    "name": "Require(24) node_modules/egg-session/app/extend/application.js",
    "start": 1648524668345,
    "end": 1648524668346,
    "duration": 1,
    "pid": 44788,
    "index": 29
  },
  {
    "name": "Require(25) node_modules/egg-security/app/extend/application.js",
    "start": 1648524668347,
    "end": 1648524668348,
    "duration": 1,
    "pid": 44788,
    "index": 30
  },
  {
    "name": "Require(26) node_modules/egg-jsonp/app/extend/application.js",
    "start": 1648524668348,
    "end": 1648524668349,
    "duration": 1,
    "pid": 44788,
    "index": 31
  },
  {
    "name": "Require(27) node_modules/egg-logrotator/app/extend/application.js",
    "start": 1648524668351,
    "end": 1648524668352,
    "duration": 1,
    "pid": 44788,
    "index": 32
  },
  {
    "name": "Require(28) node_modules/egg-view/app/extend/application.js",
    "start": 1648524668353,
    "end": 1648524668354,
    "duration": 1,
    "pid": 44788,
    "index": 33
  },
  {
    "name": "Require(29) app/extend/application.js",
    "start": 1648524668355,
    "end": 1648524668398,
    "duration": 43,
    "pid": 44788,
    "index": 34
  },
  {
    "name": "Load extend/request.js",
    "start": 1648524668400,
    "end": 1648524668405,
    "duration": 5,
    "pid": 44788,
    "index": 35
  },
  {
    "name": "Require(30) node_modules/egg/app/extend/request.js",
    "start": 1648524668402,
    "end": 1648524668403,
    "duration": 1,
    "pid": 44788,
    "index": 36
  },
  {
    "name": "Load extend/response.js",
    "start": 1648524668405,
    "end": 1648524668410,
    "duration": 5,
    "pid": 44788,
    "index": 37
  },
  {
    "name": "Require(31) node_modules/egg/app/extend/response.js",
    "start": 1648524668407,
    "end": 1648524668408,
    "duration": 1,
    "pid": 44788,
    "index": 38
  },
  {
    "name": "Load extend/context.js",
    "start": 1648524668410,
    "end": 1648524668464,
    "duration": 54,
    "pid": 44788,
    "index": 39
  },
  {
    "name": "Require(32) node_modules/egg-security/app/extend/context.js",
    "start": 1648524668410,
    "end": 1648524668416,
    "duration": 6,
    "pid": 44788,
    "index": 40
  },
  {
    "name": "Require(33) node_modules/egg-jsonp/app/extend/context.js",
    "start": 1648524668416,
    "end": 1648524668417,
    "duration": 1,
    "pid": 44788,
    "index": 41
  },
  {
    "name": "Require(34) node_modules/egg-i18n/app/extend/context.js",
    "start": 1648524668418,
    "end": 1648524668418,
    "duration": 0,
    "pid": 44788,
    "index": 42
  },
  {
    "name": "Require(35) node_modules/egg-multipart/app/extend/context.js",
    "start": 1648524668418,
    "end": 1648524668456,
    "duration": 38,
    "pid": 44788,
    "index": 43
  },
  {
    "name": "Require(36) node_modules/egg-view/app/extend/context.js",
    "start": 1648524668457,
    "end": 1648524668458,
    "duration": 1,
    "pid": 44788,
    "index": 44
  },
  {
    "name": "Require(37) node_modules/egg-mongoose/app/extend/context.js",
    "start": 1648524668458,
    "end": 1648524668459,
    "duration": 1,
    "pid": 44788,
    "index": 45
  },
  {
    "name": "Require(38) node_modules/egg-validate/app/extend/context.js",
    "start": 1648524668459,
    "end": 1648524668459,
    "duration": 0,
    "pid": 44788,
    "index": 46
  },
  {
    "name": "Require(39) node_modules/egg/app/extend/context.js",
    "start": 1648524668460,
    "end": 1648524668461,
    "duration": 1,
    "pid": 44788,
    "index": 47
  },
  {
    "name": "Load extend/helper.js",
    "start": 1648524668464,
    "end": 1648524668484,
    "duration": 20,
    "pid": 44788,
    "index": 48
  },
  {
    "name": "Require(40) node_modules/egg-security/app/extend/helper.js",
    "start": 1648524668465,
    "end": 1648524668480,
    "duration": 15,
    "pid": 44788,
    "index": 49
  },
  {
    "name": "Require(41) node_modules/egg/app/extend/helper.js",
    "start": 1648524668482,
    "end": 1648524668482,
    "duration": 0,
    "pid": 44788,
    "index": 50
  },
  {
    "name": "Require(42) app/extend/helper.js",
    "start": 1648524668482,
    "end": 1648524668483,
    "duration": 1,
    "pid": 44788,
    "index": 51
  },
  {
    "name": "Load app.js",
    "start": 1648524668485,
    "end": 1648524668517,
    "duration": 32,
    "pid": 44788,
    "index": 52
  },
  {
    "name": "Require(43) node_modules/egg-session/app.js",
    "start": 1648524668485,
    "end": 1648524668485,
    "duration": 0,
    "pid": 44788,
    "index": 53
  },
  {
    "name": "Require(44) node_modules/egg-security/app.js",
    "start": 1648524668486,
    "end": 1648524668486,
    "duration": 0,
    "pid": 44788,
    "index": 54
  },
  {
    "name": "Require(45) node_modules/egg-onerror/app.js",
    "start": 1648524668487,
    "end": 1648524668492,
    "duration": 5,
    "pid": 44788,
    "index": 55
  },
  {
    "name": "Require(46) node_modules/egg-i18n/app.js",
    "start": 1648524668493,
    "end": 1648524668508,
    "duration": 15,
    "pid": 44788,
    "index": 56
  },
  {
    "name": "Require(47) node_modules/egg-watcher/app.js",
    "start": 1648524668509,
    "end": 1648524668511,
    "duration": 2,
    "pid": 44788,
    "index": 57
  },
  {
    "name": "Require(48) node_modules/egg-schedule/app.js",
    "start": 1648524668511,
    "end": 1648524668512,
    "duration": 1,
    "pid": 44788,
    "index": 58
  },
  {
    "name": "Require(49) node_modules/egg-multipart/app.js",
    "start": 1648524668513,
    "end": 1648524668513,
    "duration": 0,
    "pid": 44788,
    "index": 59
  },
  {
    "name": "Require(50) node_modules/egg-development/app.js",
    "start": 1648524668513,
    "end": 1648524668513,
    "duration": 0,
    "pid": 44788,
    "index": 60
  },
  {
    "name": "Require(51) node_modules/egg-logrotator/app.js",
    "start": 1648524668514,
    "end": 1648524668514,
    "duration": 0,
    "pid": 44788,
    "index": 61
  },
  {
    "name": "Require(52) node_modules/egg-static/app.js",
    "start": 1648524668514,
    "end": 1648524668514,
    "duration": 0,
    "pid": 44788,
    "index": 62
  },
  {
    "name": "Require(53) node_modules/egg-mongoose/app.js",
    "start": 1648524668515,
    "end": 1648524668515,
    "duration": 0,
    "pid": 44788,
    "index": 63
  },
  {
    "name": "Require(54) node_modules/egg-validate/app.js",
    "start": 1648524668515,
    "end": 1648524668516,
    "duration": 1,
    "pid": 44788,
    "index": 64
  },
  {
    "name": "Require(55) node_modules/egg-cors/app.js",
    "start": 1648524668517,
    "end": 1648524668517,
    "duration": 0,
    "pid": 44788,
    "index": 65
  },
  {
    "name": "Before Start in node_modules/egg-watcher/lib/init.js:15:14",
    "start": 1648524668525,
    "end": 1648524669096,
    "duration": 571,
    "pid": 44788,
    "index": 66
  },
  {
    "name": "Before Start in node_modules/egg-mongoose/lib/mongoose.js:104:7",
    "start": 1648524668893,
    "end": 1648524669094,
    "duration": 201,
    "pid": 44788,
    "index": 67
  },
  {
    "name": "Before Start in node_modules/egg-mongoose/lib/mongoose.js:52:9",
    "start": 1648524668894,
    "end": 1648524669078,
    "duration": 184,
    "pid": 44788,
    "index": 68
  },
  {
    "name": "Load Service",
    "start": 1648524668894,
    "end": 1648524668929,
    "duration": 35,
    "pid": 44788,
    "index": 69
  },
  {
    "name": "Load \"service\" to Context",
    "start": 1648524668894,
    "end": 1648524668929,
    "duration": 35,
    "pid": 44788,
    "index": 70
  },
  {
    "name": "Load Middleware",
    "start": 1648524668929,
    "end": 1648524669031,
    "duration": 102,
    "pid": 44788,
    "index": 71
  },
  {
    "name": "Load \"middlewares\" to Application",
    "start": 1648524668929,
    "end": 1648524669016,
    "duration": 87,
    "pid": 44788,
    "index": 72
  },
  {
    "name": "Load Controller",
    "start": 1648524669031,
    "end": 1648524669036,
    "duration": 5,
    "pid": 44788,
    "index": 73
  },
  {
    "name": "Load \"controller\" to Application",
    "start": 1648524669031,
    "end": 1648524669036,
    "duration": 5,
    "pid": 44788,
    "index": 74
  },
  {
    "name": "Load Router",
    "start": 1648524669036,
    "end": 1648524669040,
    "duration": 4,
    "pid": 44788,
    "index": 75
  },
  {
    "name": "Require(56) app/router.js",
    "start": 1648524669036,
    "end": 1648524669036,
    "duration": 0,
    "pid": 44788,
    "index": 76
  },
  {
    "name": "Before Start in node_modules/egg-core/lib/egg.js:303:10",
    "start": 1648524669037,
    "end": 1648524669078,
    "duration": 41,
    "pid": 44788,
    "index": 77
  },
  {
    "name": "Load \"model\" to Application",
    "start": 1648524669052,
    "end": 1648524669077,
    "duration": 25,
    "pid": 44788,
    "index": 78
  }
]