[
  {
    "name": "Process Start",
    "start": 1648524524349,
    "end": 1648524525284,
    "duration": 935,
    "pid": 40080,
    "index": 0
  },
  {
    "name": "Application Start",
    "start": 1648524525285,
    "end": 1648524526033,
    "duration": 748,
    "pid": 40080,
    "index": 1
  },
  {
    "name": "Load Plugin",
    "start": 1648524525290,
    "end": 1648524525303,
    "duration": 13,
    "pid": 40080,
    "index": 2
  },
  {
    "name": "Load Config",
    "start": 1648524525303,
    "end": 1648524525324,
    "duration": 21,
    "pid": 40080,
    "index": 3
  },
  {
    "name": "Require(0) config/config.default.js",
    "start": 1648524525303,
    "end": 1648524525304,
    "duration": 1,
    "pid": 40080,
    "index": 4
  },
  {
    "name": "Require(1) config/config.local.js",
    "start": 1648524525305,
    "end": 1648524525305,
    "duration": 0,
    "pid": 40080,
    "index": 5
  },
  {
    "name": "Require(2) node_modules/egg-session/config/config.default.js",
    "start": 1648524525306,
    "end": 1648524525306,
    "duration": 0,
    "pid": 40080,
    "index": 6
  },
  {
    "name": "Require(3) node_modules/egg-security/config/config.default.js",
    "start": 1648524525306,
    "end": 1648524525307,
    "duration": 1,
    "pid": 40080,
    "index": 7
  },
  {
    "name": "Require(4) node_modules/egg-jsonp/config/config.default.js",
    "start": 1648524525307,
    "end": 1648524525308,
    "duration": 1,
    "pid": 40080,
    "index": 8
  },
  {
    "name": "Require(5) node_modules/egg-onerror/config/config.default.js",
    "start": 1648524525308,
    "end": 1648524525308,
    "duration": 0,
    "pid": 40080,
    "index": 9
  },
  {
    "name": "Require(6) node_modules/egg-i18n/config/config.default.js",
    "start": 1648524525309,
    "end": 1648524525309,
    "duration": 0,
    "pid": 40080,
    "index": 10
  },
  {
    "name": "Require(7) node_modules/egg-watcher/config/config.default.js",
    "start": 1648524525310,
    "end": 1648524525310,
    "duration": 0,
    "pid": 40080,
    "index": 11
  },
  {
    "name": "Require(8) node_modules/egg-schedule/config/config.default.js",
    "start": 1648524525310,
    "end": 1648524525310,
    "duration": 0,
    "pid": 40080,
    "index": 12
  },
  {
    "name": "Require(9) node_modules/egg-multipart/config/config.default.js",
    "start": 1648524525311,
    "end": 1648524525311,
    "duration": 0,
    "pid": 40080,
    "index": 13
  },
  {
    "name": "Require(10) node_modules/egg-development/config/config.default.js",
    "start": 1648524525312,
    "end": 1648524525312,
    "duration": 0,
    "pid": 40080,
    "index": 14
  },
  {
    "name": "Require(11) node_modules/egg-logrotator/config/config.default.js",
    "start": 1648524525312,
    "end": 1648524525313,
    "duration": 1,
    "pid": 40080,
    "index": 15
  },
  {
    "name": "Require(12) node_modules/egg-static/config/config.default.js",
    "start": 1648524525313,
    "end": 1648524525313,
    "duration": 0,
    "pid": 40080,
    "index": 16
  },
  {
    "name": "Require(13) node_modules/egg-view/config/config.default.js",
    "start": 1648524525314,
    "end": 1648524525314,
    "duration": 0,
    "pid": 40080,
    "index": 17
  },
  {
    "name": "Require(14) node_modules/egg-mongoose/config/config.default.js",
    "start": 1648524525314,
    "end": 1648524525315,
    "duration": 1,
    "pid": 40080,
    "index": 18
  },
  {
    "name": "Require(15) node_modules/egg-validate/config/config.default.js",
    "start": 1648524525315,
    "end": 1648524525315,
    "duration": 0,
    "pid": 40080,
    "index": 19
  },
  {
    "name": "Require(16) node_modules/egg-cors/config/config.default.js",
    "start": 1648524525315,
    "end": 1648524525316,
    "duration": 1,
    "pid": 40080,
    "index": 20
  },
  {
    "name": "Require(17) node_modules/egg/config/config.default.js",
    "start": 1648524525316,
    "end": 1648524525316,
    "duration": 0,
    "pid": 40080,
    "index": 21
  },
  {
    "name": "Require(18) config/config.default.js",
    "start": 1648524525317,
    "end": 1648524525317,
    "duration": 0,
    "pid": 40080,
    "index": 22
  },
  {
    "name": "Require(19) node_modules/egg-security/config/config.local.js",
    "start": 1648524525318,
    "end": 1648524525319,
    "duration": 1,
    "pid": 40080,
    "index": 23
  },
  {
    "name": "Require(20) node_modules/egg-watcher/config/config.local.js",
    "start": 1648524525320,
    "end": 1648524525320,
    "duration": 0,
    "pid": 40080,
    "index": 24
  },
  {
    "name": "Require(21) node_modules/egg-view/config/config.local.js",
    "start": 1648524525323,
    "end": 1648524525323,
    "duration": 0,
    "pid": 40080,
    "index": 25
  },
  {
    "name": "Require(22) node_modules/egg/config/config.local.js",
    "start": 1648524525324,
    "end": 1648524525324,
    "duration": 0,
    "pid": 40080,
    "index": 26
  },
  {
    "name": "Require(23) config/config.local.js",
    "start": 1648524525324,
    "end": 1648524525324,
    "duration": 0,
    "pid": 40080,
    "index": 27
  },
  {
    "name": "Load extend/application.js",
    "start": 1648524525325,
    "end": 1648524525371,
    "duration": 46,
    "pid": 40080,
    "index": 28
  },
  {
    "name": "Require(24) node_modules/egg-session/app/extend/application.js",
    "start": 1648524525326,
    "end": 1648524525326,
    "duration": 0,
    "pid": 40080,
    "index": 29
  },
  {
    "name": "Require(25) node_modules/egg-security/app/extend/application.js",
    "start": 1648524525326,
    "end": 1648524525327,
    "duration": 1,
    "pid": 40080,
    "index": 30
  },
  {
    "name": "Require(26) node_modules/egg-jsonp/app/extend/application.js",
    "start": 1648524525327,
    "end": 1648524525328,
    "duration": 1,
    "pid": 40080,
    "index": 31
  },
  {
    "name": "Require(27) node_modules/egg-logrotator/app/extend/application.js",
    "start": 1648524525329,
    "end": 1648524525330,
    "duration": 1,
    "pid": 40080,
    "index": 32
  },
  {
    "name": "Require(28) node_modules/egg-view/app/extend/application.js",
    "start": 1648524525330,
    "end": 1648524525331,
    "duration": 1,
    "pid": 40080,
    "index": 33
  },
  {
    "name": "Require(29) app/extend/application.js",
    "start": 1648524525332,
    "end": 1648524525369,
    "duration": 37,
    "pid": 40080,
    "index": 34
  },
  {
    "name": "Load extend/request.js",
    "start": 1648524525371,
    "end": 1648524525376,
    "duration": 5,
    "pid": 40080,
    "index": 35
  },
  {
    "name": "Require(30) node_modules/egg/app/extend/request.js",
    "start": 1648524525373,
    "end": 1648524525374,
    "duration": 1,
    "pid": 40080,
    "index": 36
  },
  {
    "name": "Load extend/response.js",
    "start": 1648524525376,
    "end": 1648524525382,
    "duration": 6,
    "pid": 40080,
    "index": 37
  },
  {
    "name": "Require(31) node_modules/egg/app/extend/response.js",
    "start": 1648524525377,
    "end": 1648524525378,
    "duration": 1,
    "pid": 40080,
    "index": 38
  },
  {
    "name": "Load extend/context.js",
    "start": 1648524525382,
    "end": 1648524525447,
    "duration": 65,
    "pid": 40080,
    "index": 39
  },
  {
    "name": "Require(32) node_modules/egg-security/app/extend/context.js",
    "start": 1648524525382,
    "end": 1648524525389,
    "duration": 7,
    "pid": 40080,
    "index": 40
  },
  {
    "name": "Require(33) node_modules/egg-jsonp/app/extend/context.js",
    "start": 1648524525390,
    "end": 1648524525391,
    "duration": 1,
    "pid": 40080,
    "index": 41
  },
  {
    "name": "Require(34) node_modules/egg-i18n/app/extend/context.js",
    "start": 1648524525391,
    "end": 1648524525392,
    "duration": 1,
    "pid": 40080,
    "index": 42
  },
  {
    "name": "Require(35) node_modules/egg-multipart/app/extend/context.js",
    "start": 1648524525392,
    "end": 1648524525442,
    "duration": 50,
    "pid": 40080,
    "index": 43
  },
  {
    "name": "Require(36) node_modules/egg-view/app/extend/context.js",
    "start": 1648524525443,
    "end": 1648524525443,
    "duration": 0,
    "pid": 40080,
    "index": 44
  },
  {
    "name": "Require(37) node_modules/egg-mongoose/app/extend/context.js",
    "start": 1648524525444,
    "end": 1648524525444,
    "duration": 0,
    "pid": 40080,
    "index": 45
  },
  {
    "name": "Require(38) node_modules/egg-validate/app/extend/context.js",
    "start": 1648524525444,
    "end": 1648524525444,
    "duration": 0,
    "pid": 40080,
    "index": 46
  },
  {
    "name": "Require(39) node_modules/egg/app/extend/context.js",
    "start": 1648524525445,
    "end": 1648524525445,
    "duration": 0,
    "pid": 40080,
    "index": 47
  },
  {
    "name": "Load extend/helper.js",
    "start": 1648524525447,
    "end": 1648524525463,
    "duration": 16,
    "pid": 40080,
    "index": 48
  },
  {
    "name": "Require(40) node_modules/egg-security/app/extend/helper.js",
    "start": 1648524525448,
    "end": 1648524525459,
    "duration": 11,
    "pid": 40080,
    "index": 49
  },
  {
    "name": "Require(41) node_modules/egg/app/extend/helper.js",
    "start": 1648524525460,
    "end": 1648524525461,
    "duration": 1,
    "pid": 40080,
    "index": 50
  },
  {
    "name": "Require(42) app/extend/helper.js",
    "start": 1648524525461,
    "end": 1648524525461,
    "duration": 0,
    "pid": 40080,
    "index": 51
  },
  {
    "name": "Load app.js",
    "start": 1648524525464,
    "end": 1648524525495,
    "duration": 31,
    "pid": 40080,
    "index": 52
  },
  {
    "name": "Require(43) node_modules/egg-session/app.js",
    "start": 1648524525464,
    "end": 1648524525464,
    "duration": 0,
    "pid": 40080,
    "index": 53
  },
  {
    "name": "Require(44) node_modules/egg-security/app.js",
    "start": 1648524525464,
    "end": 1648524525465,
    "duration": 1,
    "pid": 40080,
    "index": 54
  },
  {
    "name": "Require(45) node_modules/egg-onerror/app.js",
    "start": 1648524525466,
    "end": 1648524525472,
    "duration": 6,
    "pid": 40080,
    "index": 55
  },
  {
    "name": "Require(46) node_modules/egg-i18n/app.js",
    "start": 1648524525472,
    "end": 1648524525485,
    "duration": 13,
    "pid": 40080,
    "index": 56
  },
  {
    "name": "Require(47) node_modules/egg-watcher/app.js",
    "start": 1648524525485,
    "end": 1648524525487,
    "duration": 2,
    "pid": 40080,
    "index": 57
  },
  {
    "name": "Require(48) node_modules/egg-schedule/app.js",
    "start": 1648524525487,
    "end": 1648524525488,
    "duration": 1,
    "pid": 40080,
    "index": 58
  },
  {
    "name": "Require(49) node_modules/egg-multipart/app.js",
    "start": 1648524525489,
    "end": 1648524525489,
    "duration": 0,
    "pid": 40080,
    "index": 59
  },
  {
    "name": "Require(50) node_modules/egg-development/app.js",
    "start": 1648524525489,
    "end": 1648524525490,
    "duration": 1,
    "pid": 40080,
    "index": 60
  },
  {
    "name": "Require(51) node_modules/egg-logrotator/app.js",
    "start": 1648524525490,
    "end": 1648524525490,
    "duration": 0,
    "pid": 40080,
    "index": 61
  },
  {
    "name": "Require(52) node_modules/egg-static/app.js",
    "start": 1648524525491,
    "end": 1648524525491,
    "duration": 0,
    "pid": 40080,
    "index": 62
  },
  {
    "name": "Require(53) node_modules/egg-mongoose/app.js",
    "start": 1648524525491,
    "end": 1648524525491,
    "duration": 0,
    "pid": 40080,
    "index": 63
  },
  {
    "name": "Require(54) node_modules/egg-validate/app.js",
    "start": 1648524525492,
    "end": 1648524525493,
    "duration": 1,
    "pid": 40080,
    "index": 64
  },
  {
    "name": "Require(55) node_modules/egg-cors/app.js",
    "start": 1648524525494,
    "end": 1648524525494,
    "duration": 0,
    "pid": 40080,
    "index": 65
  },
  {
    "name": "Before Start in node_modules/egg-watcher/lib/init.js:15:14",
    "start": 1648524525504,
    "end": 1648524526032,
    "duration": 528,
    "pid": 40080,
    "index": 66
  },
  {
    "name": "Before Start in node_modules/egg-mongoose/lib/mongoose.js:104:7",
    "start": 1648524525860,
    "end": 1648524526031,
    "duration": 171,
    "pid": 40080,
    "index": 67
  },
  {
    "name": "Before Start in node_modules/egg-mongoose/lib/mongoose.js:52:9",
    "start": 1648524525860,
    "end": 1648524526018,
    "duration": 158,
    "pid": 40080,
    "index": 68
  },
  {
    "name": "Load Service",
    "start": 1648524525860,
    "end": 1648524525893,
    "duration": 33,
    "pid": 40080,
    "index": 69
  },
  {
    "name": "Load \"service\" to Context",
    "start": 1648524525861,
    "end": 1648524525893,
    "duration": 32,
    "pid": 40080,
    "index": 70
  },
  {
    "name": "Load Middleware",
    "start": 1648524525893,
    "end": 1648524525988,
    "duration": 95,
    "pid": 40080,
    "index": 71
  },
  {
    "name": "Load \"middlewares\" to Application",
    "start": 1648524525893,
    "end": 1648524525980,
    "duration": 87,
    "pid": 40080,
    "index": 72
  },
  {
    "name": "Load Controller",
    "start": 1648524525988,
    "end": 1648524525991,
    "duration": 3,
    "pid": 40080,
    "index": 73
  },
  {
    "name": "Load \"controller\" to Application",
    "start": 1648524525988,
    "end": 1648524525991,
    "duration": 3,
    "pid": 40080,
    "index": 74
  },
  {
    "name": "Load Router",
    "start": 1648524525991,
    "end": 1648524525994,
    "duration": 3,
    "pid": 40080,
    "index": 75
  },
  {
    "name": "Require(56) app/router.js",
    "start": 1648524525991,
    "end": 1648524525992,
    "duration": 1,
    "pid": 40080,
    "index": 76
  },
  {
    "name": "Before Start in node_modules/egg-core/lib/egg.js:303:10",
    "start": 1648524525992,
    "end": 1648524526018,
    "duration": 26,
    "pid": 40080,
    "index": 77
  },
  {
    "name": "Load \"model\" to Application",
    "start": 1648524526001,
    "end": 1648524526017,
    "duration": 16,
    "pid": 40080,
    "index": 78
  }
]