[
  {
    "name": "Process Start",
    "start": 1648462509546,
    "end": 1648462510181,
    "duration": 635,
    "pid": 17044,
    "index": 0
  },
  {
    "name": "Application Start",
    "start": 1648462510182,
    "end": 1648462510689,
    "duration": 507,
    "pid": 17044,
    "index": 1
  },
  {
    "name": "Load Plugin",
    "start": 1648462510184,
    "end": 1648462510194,
    "duration": 10,
    "pid": 17044,
    "index": 2
  },
  {
    "name": "Load Config",
    "start": 1648462510194,
    "end": 1648462510210,
    "duration": 16,
    "pid": 17044,
    "index": 3
  },
  {
    "name": "Require(0) config/config.default.js",
    "start": 1648462510195,
    "end": 1648462510195,
    "duration": 0,
    "pid": 17044,
    "index": 4
  },
  {
    "name": "Require(1) config/config.local.js",
    "start": 1648462510195,
    "end": 1648462510196,
    "duration": 1,
    "pid": 17044,
    "index": 5
  },
  {
    "name": "Require(2) node_modules/egg-session/config/config.default.js",
    "start": 1648462510196,
    "end": 1648462510196,
    "duration": 0,
    "pid": 17044,
    "index": 6
  },
  {
    "name": "Require(3) node_modules/egg-security/config/config.default.js",
    "start": 1648462510197,
    "end": 1648462510197,
    "duration": 0,
    "pid": 17044,
    "index": 7
  },
  {
    "name": "Require(4) node_modules/egg-jsonp/config/config.default.js",
    "start": 1648462510197,
    "end": 1648462510198,
    "duration": 1,
    "pid": 17044,
    "index": 8
  },
  {
    "name": "Require(5) node_modules/egg-onerror/config/config.default.js",
    "start": 1648462510198,
    "end": 1648462510198,
    "duration": 0,
    "pid": 17044,
    "index": 9
  },
  {
    "name": "Require(6) node_modules/egg-i18n/config/config.default.js",
    "start": 1648462510198,
    "end": 1648462510199,
    "duration": 1,
    "pid": 17044,
    "index": 10
  },
  {
    "name": "Require(7) node_modules/egg-watcher/config/config.default.js",
    "start": 1648462510199,
    "end": 1648462510199,
    "duration": 0,
    "pid": 17044,
    "index": 11
  },
  {
    "name": "Require(8) node_modules/egg-schedule/config/config.default.js",
    "start": 1648462510200,
    "end": 1648462510200,
    "duration": 0,
    "pid": 17044,
    "index": 12
  },
  {
    "name": "Require(9) node_modules/egg-multipart/config/config.default.js",
    "start": 1648462510200,
    "end": 1648462510200,
    "duration": 0,
    "pid": 17044,
    "index": 13
  },
  {
    "name": "Require(10) node_modules/egg-development/config/config.default.js",
    "start": 1648462510201,
    "end": 1648462510201,
    "duration": 0,
    "pid": 17044,
    "index": 14
  },
  {
    "name": "Require(11) node_modules/egg-logrotator/config/config.default.js",
    "start": 1648462510201,
    "end": 1648462510201,
    "duration": 0,
    "pid": 17044,
    "index": 15
  },
  {
    "name": "Require(12) node_modules/egg-static/config/config.default.js",
    "start": 1648462510202,
    "end": 1648462510202,
    "duration": 0,
    "pid": 17044,
    "index": 16
  },
  {
    "name": "Require(13) node_modules/egg-view/config/config.default.js",
    "start": 1648462510202,
    "end": 1648462510202,
    "duration": 0,
    "pid": 17044,
    "index": 17
  },
  {
    "name": "Require(14) node_modules/egg-mongoose/config/config.default.js",
    "start": 1648462510203,
    "end": 1648462510203,
    "duration": 0,
    "pid": 17044,
    "index": 18
  },
  {
    "name": "Require(15) node_modules/egg-validate/config/config.default.js",
    "start": 1648462510203,
    "end": 1648462510203,
    "duration": 0,
    "pid": 17044,
    "index": 19
  },
  {
    "name": "Require(16) node_modules/egg-cors/config/config.default.js",
    "start": 1648462510204,
    "end": 1648462510204,
    "duration": 0,
    "pid": 17044,
    "index": 20
  },
  {
    "name": "Require(17) node_modules/egg/config/config.default.js",
    "start": 1648462510204,
    "end": 1648462510204,
    "duration": 0,
    "pid": 17044,
    "index": 21
  },
  {
    "name": "Require(18) config/config.default.js",
    "start": 1648462510205,
    "end": 1648462510205,
    "duration": 0,
    "pid": 17044,
    "index": 22
  },
  {
    "name": "Require(19) node_modules/egg-security/config/config.local.js",
    "start": 1648462510205,
    "end": 1648462510206,
    "duration": 1,
    "pid": 17044,
    "index": 23
  },
  {
    "name": "Require(20) node_modules/egg-watcher/config/config.local.js",
    "start": 1648462510209,
    "end": 1648462510209,
    "duration": 0,
    "pid": 17044,
    "index": 24
  },
  {
    "name": "Require(21) node_modules/egg-view/config/config.local.js",
    "start": 1648462510209,
    "end": 1648462510210,
    "duration": 1,
    "pid": 17044,
    "index": 25
  },
  {
    "name": "Require(22) node_modules/egg/config/config.local.js",
    "start": 1648462510210,
    "end": 1648462510210,
    "duration": 0,
    "pid": 17044,
    "index": 26
  },
  {
    "name": "Require(23) config/config.local.js",
    "start": 1648462510210,
    "end": 1648462510210,
    "duration": 0,
    "pid": 17044,
    "index": 27
  },
  {
    "name": "Load extend/application.js",
    "start": 1648462510211,
    "end": 1648462510244,
    "duration": 33,
    "pid": 17044,
    "index": 28
  },
  {
    "name": "Require(24) node_modules/egg-session/app/extend/application.js",
    "start": 1648462510212,
    "end": 1648462510212,
    "duration": 0,
    "pid": 17044,
    "index": 29
  },
  {
    "name": "Require(25) node_modules/egg-security/app/extend/application.js",
    "start": 1648462510212,
    "end": 1648462510213,
    "duration": 1,
    "pid": 17044,
    "index": 30
  },
  {
    "name": "Require(26) node_modules/egg-jsonp/app/extend/application.js",
    "start": 1648462510213,
    "end": 1648462510213,
    "duration": 0,
    "pid": 17044,
    "index": 31
  },
  {
    "name": "Require(27) node_modules/egg-logrotator/app/extend/application.js",
    "start": 1648462510214,
    "end": 1648462510215,
    "duration": 1,
    "pid": 17044,
    "index": 32
  },
  {
    "name": "Require(28) node_modules/egg-view/app/extend/application.js",
    "start": 1648462510215,
    "end": 1648462510216,
    "duration": 1,
    "pid": 17044,
    "index": 33
  },
  {
    "name": "Require(29) app/extend/application.js",
    "start": 1648462510216,
    "end": 1648462510243,
    "duration": 27,
    "pid": 17044,
    "index": 34
  },
  {
    "name": "Load extend/request.js",
    "start": 1648462510244,
    "end": 1648462510248,
    "duration": 4,
    "pid": 17044,
    "index": 35
  },
  {
    "name": "Require(30) node_modules/egg/app/extend/request.js",
    "start": 1648462510246,
    "end": 1648462510246,
    "duration": 0,
    "pid": 17044,
    "index": 36
  },
  {
    "name": "Load extend/response.js",
    "start": 1648462510248,
    "end": 1648462510251,
    "duration": 3,
    "pid": 17044,
    "index": 37
  },
  {
    "name": "Require(31) node_modules/egg/app/extend/response.js",
    "start": 1648462510249,
    "end": 1648462510250,
    "duration": 1,
    "pid": 17044,
    "index": 38
  },
  {
    "name": "Load extend/context.js",
    "start": 1648462510251,
    "end": 1648462510288,
    "duration": 37,
    "pid": 17044,
    "index": 39
  },
  {
    "name": "Require(32) node_modules/egg-security/app/extend/context.js",
    "start": 1648462510251,
    "end": 1648462510256,
    "duration": 5,
    "pid": 17044,
    "index": 40
  },
  {
    "name": "Require(33) node_modules/egg-jsonp/app/extend/context.js",
    "start": 1648462510256,
    "end": 1648462510257,
    "duration": 1,
    "pid": 17044,
    "index": 41
  },
  {
    "name": "Require(34) node_modules/egg-i18n/app/extend/context.js",
    "start": 1648462510257,
    "end": 1648462510257,
    "duration": 0,
    "pid": 17044,
    "index": 42
  },
  {
    "name": "Require(35) node_modules/egg-multipart/app/extend/context.js",
    "start": 1648462510258,
    "end": 1648462510284,
    "duration": 26,
    "pid": 17044,
    "index": 43
  },
  {
    "name": "Require(36) node_modules/egg-view/app/extend/context.js",
    "start": 1648462510285,
    "end": 1648462510285,
    "duration": 0,
    "pid": 17044,
    "index": 44
  },
  {
    "name": "Require(37) node_modules/egg-mongoose/app/extend/context.js",
    "start": 1648462510285,
    "end": 1648462510286,
    "duration": 1,
    "pid": 17044,
    "index": 45
  },
  {
    "name": "Require(38) node_modules/egg-validate/app/extend/context.js",
    "start": 1648462510286,
    "end": 1648462510286,
    "duration": 0,
    "pid": 17044,
    "index": 46
  },
  {
    "name": "Require(39) node_modules/egg/app/extend/context.js",
    "start": 1648462510286,
    "end": 1648462510287,
    "duration": 1,
    "pid": 17044,
    "index": 47
  },
  {
    "name": "Load extend/helper.js",
    "start": 1648462510288,
    "end": 1648462510300,
    "duration": 12,
    "pid": 17044,
    "index": 48
  },
  {
    "name": "Require(40) node_modules/egg-security/app/extend/helper.js",
    "start": 1648462510288,
    "end": 1648462510296,
    "duration": 8,
    "pid": 17044,
    "index": 49
  },
  {
    "name": "Require(41) node_modules/egg/app/extend/helper.js",
    "start": 1648462510298,
    "end": 1648462510298,
    "duration": 0,
    "pid": 17044,
    "index": 50
  },
  {
    "name": "Require(42) app/extend/helper.js",
    "start": 1648462510298,
    "end": 1648462510298,
    "duration": 0,
    "pid": 17044,
    "index": 51
  },
  {
    "name": "Load app.js",
    "start": 1648462510300,
    "end": 1648462510322,
    "duration": 22,
    "pid": 17044,
    "index": 52
  },
  {
    "name": "Require(43) node_modules/egg-session/app.js",
    "start": 1648462510300,
    "end": 1648462510300,
    "duration": 0,
    "pid": 17044,
    "index": 53
  },
  {
    "name": "Require(44) node_modules/egg-security/app.js",
    "start": 1648462510300,
    "end": 1648462510301,
    "duration": 1,
    "pid": 17044,
    "index": 54
  },
  {
    "name": "Require(45) node_modules/egg-onerror/app.js",
    "start": 1648462510301,
    "end": 1648462510305,
    "duration": 4,
    "pid": 17044,
    "index": 55
  },
  {
    "name": "Require(46) node_modules/egg-i18n/app.js",
    "start": 1648462510305,
    "end": 1648462510314,
    "duration": 9,
    "pid": 17044,
    "index": 56
  },
  {
    "name": "Require(47) node_modules/egg-watcher/app.js",
    "start": 1648462510314,
    "end": 1648462510316,
    "duration": 2,
    "pid": 17044,
    "index": 57
  },
  {
    "name": "Require(48) node_modules/egg-schedule/app.js",
    "start": 1648462510316,
    "end": 1648462510318,
    "duration": 2,
    "pid": 17044,
    "index": 58
  },
  {
    "name": "Require(49) node_modules/egg-multipart/app.js",
    "start": 1648462510318,
    "end": 1648462510318,
    "duration": 0,
    "pid": 17044,
    "index": 59
  },
  {
    "name": "Require(50) node_modules/egg-development/app.js",
    "start": 1648462510319,
    "end": 1648462510319,
    "duration": 0,
    "pid": 17044,
    "index": 60
  },
  {
    "name": "Require(51) node_modules/egg-logrotator/app.js",
    "start": 1648462510319,
    "end": 1648462510319,
    "duration": 0,
    "pid": 17044,
    "index": 61
  },
  {
    "name": "Require(52) node_modules/egg-static/app.js",
    "start": 1648462510319,
    "end": 1648462510319,
    "duration": 0,
    "pid": 17044,
    "index": 62
  },
  {
    "name": "Require(53) node_modules/egg-mongoose/app.js",
    "start": 1648462510320,
    "end": 1648462510320,
    "duration": 0,
    "pid": 17044,
    "index": 63
  },
  {
    "name": "Require(54) node_modules/egg-validate/app.js",
    "start": 1648462510320,
    "end": 1648462510321,
    "duration": 1,
    "pid": 17044,
    "index": 64
  },
  {
    "name": "Require(55) node_modules/egg-cors/app.js",
    "start": 1648462510321,
    "end": 1648462510321,
    "duration": 0,
    "pid": 17044,
    "index": 65
  },
  {
    "name": "Before Start in node_modules/egg-watcher/lib/init.js:15:14",
    "start": 1648462510328,
    "end": 1648462510689,
    "duration": 361,
    "pid": 17044,
    "index": 66
  },
  {
    "name": "Before Start in node_modules/egg-mongoose/lib/mongoose.js:104:7",
    "start": 1648462510566,
    "end": 1648462510687,
    "duration": 121,
    "pid": 17044,
    "index": 67
  },
  {
    "name": "Before Start in node_modules/egg-mongoose/lib/mongoose.js:52:9",
    "start": 1648462510566,
    "end": 1648462510676,
    "duration": 110,
    "pid": 17044,
    "index": 68
  },
  {
    "name": "Load Service",
    "start": 1648462510566,
    "end": 1648462510589,
    "duration": 23,
    "pid": 17044,
    "index": 69
  },
  {
    "name": "Load \"service\" to Context",
    "start": 1648462510566,
    "end": 1648462510589,
    "duration": 23,
    "pid": 17044,
    "index": 70
  },
  {
    "name": "Load Middleware",
    "start": 1648462510589,
    "end": 1648462510654,
    "duration": 65,
    "pid": 17044,
    "index": 71
  },
  {
    "name": "Load \"middlewares\" to Application",
    "start": 1648462510589,
    "end": 1648462510648,
    "duration": 59,
    "pid": 17044,
    "index": 72
  },
  {
    "name": "Load Controller",
    "start": 1648462510654,
    "end": 1648462510656,
    "duration": 2,
    "pid": 17044,
    "index": 73
  },
  {
    "name": "Load \"controller\" to Application",
    "start": 1648462510654,
    "end": 1648462510656,
    "duration": 2,
    "pid": 17044,
    "index": 74
  },
  {
    "name": "Load Router",
    "start": 1648462510656,
    "end": 1648462510658,
    "duration": 2,
    "pid": 17044,
    "index": 75
  },
  {
    "name": "Require(56) app/router.js",
    "start": 1648462510656,
    "end": 1648462510657,
    "duration": 1,
    "pid": 17044,
    "index": 76
  },
  {
    "name": "Before Start in node_modules/egg-core/lib/egg.js:303:10",
    "start": 1648462510657,
    "end": 1648462510676,
    "duration": 19,
    "pid": 17044,
    "index": 77
  },
  {
    "name": "Load \"model\" to Application",
    "start": 1648462510663,
    "end": 1648462510675,
    "duration": 12,
    "pid": 17044,
    "index": 78
  }
]