[
  {
    "name": "Process Start",
    "start": 1648462596469,
    "end": 1648462597247,
    "duration": 778,
    "pid": 42316,
    "index": 0
  },
  {
    "name": "Application Start",
    "start": 1648462597248,
    "end": 1648462597955,
    "duration": 707,
    "pid": 42316,
    "index": 1
  },
  {
    "name": "Load Plugin",
    "start": 1648462597251,
    "end": 1648462597262,
    "duration": 11,
    "pid": 42316,
    "index": 2
  },
  {
    "name": "Load Config",
    "start": 1648462597262,
    "end": 1648462597283,
    "duration": 21,
    "pid": 42316,
    "index": 3
  },
  {
    "name": "Require(0) config/config.default.js",
    "start": 1648462597263,
    "end": 1648462597264,
    "duration": 1,
    "pid": 42316,
    "index": 4
  },
  {
    "name": "Require(1) config/config.local.js",
    "start": 1648462597264,
    "end": 1648462597265,
    "duration": 1,
    "pid": 42316,
    "index": 5
  },
  {
    "name": "Require(2) node_modules/egg-session/config/config.default.js",
    "start": 1648462597265,
    "end": 1648462597265,
    "duration": 0,
    "pid": 42316,
    "index": 6
  },
  {
    "name": "Require(3) node_modules/egg-security/config/config.default.js",
    "start": 1648462597266,
    "end": 1648462597266,
    "duration": 0,
    "pid": 42316,
    "index": 7
  },
  {
    "name": "Require(4) node_modules/egg-jsonp/config/config.default.js",
    "start": 1648462597267,
    "end": 1648462597267,
    "duration": 0,
    "pid": 42316,
    "index": 8
  },
  {
    "name": "Require(5) node_modules/egg-onerror/config/config.default.js",
    "start": 1648462597267,
    "end": 1648462597268,
    "duration": 1,
    "pid": 42316,
    "index": 9
  },
  {
    "name": "Require(6) node_modules/egg-i18n/config/config.default.js",
    "start": 1648462597268,
    "end": 1648462597268,
    "duration": 0,
    "pid": 42316,
    "index": 10
  },
  {
    "name": "Require(7) node_modules/egg-watcher/config/config.default.js",
    "start": 1648462597269,
    "end": 1648462597269,
    "duration": 0,
    "pid": 42316,
    "index": 11
  },
  {
    "name": "Require(8) node_modules/egg-schedule/config/config.default.js",
    "start": 1648462597269,
    "end": 1648462597270,
    "duration": 1,
    "pid": 42316,
    "index": 12
  },
  {
    "name": "Require(9) node_modules/egg-multipart/config/config.default.js",
    "start": 1648462597270,
    "end": 1648462597270,
    "duration": 0,
    "pid": 42316,
    "index": 13
  },
  {
    "name": "Require(10) node_modules/egg-development/config/config.default.js",
    "start": 1648462597271,
    "end": 1648462597271,
    "duration": 0,
    "pid": 42316,
    "index": 14
  },
  {
    "name": "Require(11) node_modules/egg-logrotator/config/config.default.js",
    "start": 1648462597271,
    "end": 1648462597271,
    "duration": 0,
    "pid": 42316,
    "index": 15
  },
  {
    "name": "Require(12) node_modules/egg-static/config/config.default.js",
    "start": 1648462597272,
    "end": 1648462597272,
    "duration": 0,
    "pid": 42316,
    "index": 16
  },
  {
    "name": "Require(13) node_modules/egg-view/config/config.default.js",
    "start": 1648462597272,
    "end": 1648462597273,
    "duration": 1,
    "pid": 42316,
    "index": 17
  },
  {
    "name": "Require(14) node_modules/egg-mongoose/config/config.default.js",
    "start": 1648462597273,
    "end": 1648462597274,
    "duration": 1,
    "pid": 42316,
    "index": 18
  },
  {
    "name": "Require(15) node_modules/egg-validate/config/config.default.js",
    "start": 1648462597274,
    "end": 1648462597274,
    "duration": 0,
    "pid": 42316,
    "index": 19
  },
  {
    "name": "Require(16) node_modules/egg-cors/config/config.default.js",
    "start": 1648462597275,
    "end": 1648462597275,
    "duration": 0,
    "pid": 42316,
    "index": 20
  },
  {
    "name": "Require(17) node_modules/egg/config/config.default.js",
    "start": 1648462597275,
    "end": 1648462597276,
    "duration": 1,
    "pid": 42316,
    "index": 21
  },
  {
    "name": "Require(18) config/config.default.js",
    "start": 1648462597278,
    "end": 1648462597278,
    "duration": 0,
    "pid": 42316,
    "index": 22
  },
  {
    "name": "Require(19) node_modules/egg-security/config/config.local.js",
    "start": 1648462597279,
    "end": 1648462597280,
    "duration": 1,
    "pid": 42316,
    "index": 23
  },
  {
    "name": "Require(20) node_modules/egg-watcher/config/config.local.js",
    "start": 1648462597281,
    "end": 1648462597281,
    "duration": 0,
    "pid": 42316,
    "index": 24
  },
  {
    "name": "Require(21) node_modules/egg-view/config/config.local.js",
    "start": 1648462597282,
    "end": 1648462597282,
    "duration": 0,
    "pid": 42316,
    "index": 25
  },
  {
    "name": "Require(22) node_modules/egg/config/config.local.js",
    "start": 1648462597282,
    "end": 1648462597283,
    "duration": 1,
    "pid": 42316,
    "index": 26
  },
  {
    "name": "Require(23) config/config.local.js",
    "start": 1648462597283,
    "end": 1648462597283,
    "duration": 0,
    "pid": 42316,
    "index": 27
  },
  {
    "name": "Load extend/application.js",
    "start": 1648462597284,
    "end": 1648462597327,
    "duration": 43,
    "pid": 42316,
    "index": 28
  },
  {
    "name": "Require(24) node_modules/egg-session/app/extend/application.js",
    "start": 1648462597285,
    "end": 1648462597285,
    "duration": 0,
    "pid": 42316,
    "index": 29
  },
  {
    "name": "Require(25) node_modules/egg-security/app/extend/application.js",
    "start": 1648462597286,
    "end": 1648462597286,
    "duration": 0,
    "pid": 42316,
    "index": 30
  },
  {
    "name": "Require(26) node_modules/egg-jsonp/app/extend/application.js",
    "start": 1648462597287,
    "end": 1648462597287,
    "duration": 0,
    "pid": 42316,
    "index": 31
  },
  {
    "name": "Require(27) node_modules/egg-logrotator/app/extend/application.js",
    "start": 1648462597288,
    "end": 1648462597289,
    "duration": 1,
    "pid": 42316,
    "index": 32
  },
  {
    "name": "Require(28) node_modules/egg-view/app/extend/application.js",
    "start": 1648462597290,
    "end": 1648462597291,
    "duration": 1,
    "pid": 42316,
    "index": 33
  },
  {
    "name": "Require(29) app/extend/application.js",
    "start": 1648462597292,
    "end": 1648462597325,
    "duration": 33,
    "pid": 42316,
    "index": 34
  },
  {
    "name": "Load extend/request.js",
    "start": 1648462597327,
    "end": 1648462597330,
    "duration": 3,
    "pid": 42316,
    "index": 35
  },
  {
    "name": "Require(30) node_modules/egg/app/extend/request.js",
    "start": 1648462597328,
    "end": 1648462597329,
    "duration": 1,
    "pid": 42316,
    "index": 36
  },
  {
    "name": "Load extend/response.js",
    "start": 1648462597330,
    "end": 1648462597334,
    "duration": 4,
    "pid": 42316,
    "index": 37
  },
  {
    "name": "Require(31) node_modules/egg/app/extend/response.js",
    "start": 1648462597332,
    "end": 1648462597333,
    "duration": 1,
    "pid": 42316,
    "index": 38
  },
  {
    "name": "Load extend/context.js",
    "start": 1648462597334,
    "end": 1648462597379,
    "duration": 45,
    "pid": 42316,
    "index": 39
  },
  {
    "name": "Require(32) node_modules/egg-security/app/extend/context.js",
    "start": 1648462597335,
    "end": 1648462597340,
    "duration": 5,
    "pid": 42316,
    "index": 40
  },
  {
    "name": "Require(33) node_modules/egg-jsonp/app/extend/context.js",
    "start": 1648462597340,
    "end": 1648462597341,
    "duration": 1,
    "pid": 42316,
    "index": 41
  },
  {
    "name": "Require(34) node_modules/egg-i18n/app/extend/context.js",
    "start": 1648462597342,
    "end": 1648462597342,
    "duration": 0,
    "pid": 42316,
    "index": 42
  },
  {
    "name": "Require(35) node_modules/egg-multipart/app/extend/context.js",
    "start": 1648462597343,
    "end": 1648462597374,
    "duration": 31,
    "pid": 42316,
    "index": 43
  },
  {
    "name": "Require(36) node_modules/egg-view/app/extend/context.js",
    "start": 1648462597375,
    "end": 1648462597376,
    "duration": 1,
    "pid": 42316,
    "index": 44
  },
  {
    "name": "Require(37) node_modules/egg-mongoose/app/extend/context.js",
    "start": 1648462597376,
    "end": 1648462597376,
    "duration": 0,
    "pid": 42316,
    "index": 45
  },
  {
    "name": "Require(38) node_modules/egg-validate/app/extend/context.js",
    "start": 1648462597376,
    "end": 1648462597377,
    "duration": 1,
    "pid": 42316,
    "index": 46
  },
  {
    "name": "Require(39) node_modules/egg/app/extend/context.js",
    "start": 1648462597377,
    "end": 1648462597377,
    "duration": 0,
    "pid": 42316,
    "index": 47
  },
  {
    "name": "Load extend/helper.js",
    "start": 1648462597379,
    "end": 1648462597393,
    "duration": 14,
    "pid": 42316,
    "index": 48
  },
  {
    "name": "Require(40) node_modules/egg-security/app/extend/helper.js",
    "start": 1648462597379,
    "end": 1648462597389,
    "duration": 10,
    "pid": 42316,
    "index": 49
  },
  {
    "name": "Require(41) node_modules/egg/app/extend/helper.js",
    "start": 1648462597391,
    "end": 1648462597391,
    "duration": 0,
    "pid": 42316,
    "index": 50
  },
  {
    "name": "Require(42) app/extend/helper.js",
    "start": 1648462597392,
    "end": 1648462597392,
    "duration": 0,
    "pid": 42316,
    "index": 51
  },
  {
    "name": "Load app.js",
    "start": 1648462597394,
    "end": 1648462597432,
    "duration": 38,
    "pid": 42316,
    "index": 52
  },
  {
    "name": "Require(43) node_modules/egg-session/app.js",
    "start": 1648462597394,
    "end": 1648462597394,
    "duration": 0,
    "pid": 42316,
    "index": 53
  },
  {
    "name": "Require(44) node_modules/egg-security/app.js",
    "start": 1648462597394,
    "end": 1648462597395,
    "duration": 1,
    "pid": 42316,
    "index": 54
  },
  {
    "name": "Require(45) node_modules/egg-onerror/app.js",
    "start": 1648462597395,
    "end": 1648462597400,
    "duration": 5,
    "pid": 42316,
    "index": 55
  },
  {
    "name": "Require(46) node_modules/egg-i18n/app.js",
    "start": 1648462597400,
    "end": 1648462597415,
    "duration": 15,
    "pid": 42316,
    "index": 56
  },
  {
    "name": "Require(47) node_modules/egg-watcher/app.js",
    "start": 1648462597416,
    "end": 1648462597420,
    "duration": 4,
    "pid": 42316,
    "index": 57
  },
  {
    "name": "Require(48) node_modules/egg-schedule/app.js",
    "start": 1648462597420,
    "end": 1648462597422,
    "duration": 2,
    "pid": 42316,
    "index": 58
  },
  {
    "name": "Require(49) node_modules/egg-multipart/app.js",
    "start": 1648462597423,
    "end": 1648462597423,
    "duration": 0,
    "pid": 42316,
    "index": 59
  },
  {
    "name": "Require(50) node_modules/egg-development/app.js",
    "start": 1648462597425,
    "end": 1648462597425,
    "duration": 0,
    "pid": 42316,
    "index": 60
  },
  {
    "name": "Require(51) node_modules/egg-logrotator/app.js",
    "start": 1648462597426,
    "end": 1648462597426,
    "duration": 0,
    "pid": 42316,
    "index": 61
  },
  {
    "name": "Require(52) node_modules/egg-static/app.js",
    "start": 1648462597426,
    "end": 1648462597427,
    "duration": 1,
    "pid": 42316,
    "index": 62
  },
  {
    "name": "Require(53) node_modules/egg-mongoose/app.js",
    "start": 1648462597428,
    "end": 1648462597428,
    "duration": 0,
    "pid": 42316,
    "index": 63
  },
  {
    "name": "Require(54) node_modules/egg-validate/app.js",
    "start": 1648462597428,
    "end": 1648462597430,
    "duration": 2,
    "pid": 42316,
    "index": 64
  },
  {
    "name": "Require(55) node_modules/egg-cors/app.js",
    "start": 1648462597431,
    "end": 1648462597431,
    "duration": 0,
    "pid": 42316,
    "index": 65
  },
  {
    "name": "Before Start in node_modules/egg-watcher/lib/init.js:15:14",
    "start": 1648462597444,
    "end": 1648462597954,
    "duration": 510,
    "pid": 42316,
    "index": 66
  },
  {
    "name": "Before Start in node_modules/egg-mongoose/lib/mongoose.js:104:7",
    "start": 1648462597816,
    "end": 1648462597953,
    "duration": 137,
    "pid": 42316,
    "index": 67
  },
  {
    "name": "Before Start in node_modules/egg-mongoose/lib/mongoose.js:52:9",
    "start": 1648462597816,
    "end": 1648462597941,
    "duration": 125,
    "pid": 42316,
    "index": 68
  },
  {
    "name": "Load Service",
    "start": 1648462597816,
    "end": 1648462597844,
    "duration": 28,
    "pid": 42316,
    "index": 69
  },
  {
    "name": "Load \"service\" to Context",
    "start": 1648462597816,
    "end": 1648462597844,
    "duration": 28,
    "pid": 42316,
    "index": 70
  },
  {
    "name": "Load Middleware",
    "start": 1648462597844,
    "end": 1648462597917,
    "duration": 73,
    "pid": 42316,
    "index": 71
  },
  {
    "name": "Load \"middlewares\" to Application",
    "start": 1648462597844,
    "end": 1648462597909,
    "duration": 65,
    "pid": 42316,
    "index": 72
  },
  {
    "name": "Load Controller",
    "start": 1648462597917,
    "end": 1648462597919,
    "duration": 2,
    "pid": 42316,
    "index": 73
  },
  {
    "name": "Load \"controller\" to Application",
    "start": 1648462597917,
    "end": 1648462597919,
    "duration": 2,
    "pid": 42316,
    "index": 74
  },
  {
    "name": "Load Router",
    "start": 1648462597919,
    "end": 1648462597921,
    "duration": 2,
    "pid": 42316,
    "index": 75
  },
  {
    "name": "Require(56) app/router.js",
    "start": 1648462597920,
    "end": 1648462597920,
    "duration": 0,
    "pid": 42316,
    "index": 76
  },
  {
    "name": "Before Start in node_modules/egg-core/lib/egg.js:303:10",
    "start": 1648462597920,
    "end": 1648462597941,
    "duration": 21,
    "pid": 42316,
    "index": 77
  },
  {
    "name": "Load \"model\" to Application",
    "start": 1648462597928,
    "end": 1648462597941,
    "duration": 13,
    "pid": 42316,
    "index": 78
  }
]