[
  {
    "name": "Process Start",
    "start": 1648524595827,
    "end": 1648524596822,
    "duration": 995,
    "pid": 15180,
    "index": 0
  },
  {
    "name": "Application Start",
    "start": 1648524596823,
    "end": 1648524597710,
    "duration": 887,
    "pid": 15180,
    "index": 1
  },
  {
    "name": "Load Plugin",
    "start": 1648524596827,
    "end": 1648524596841,
    "duration": 14,
    "pid": 15180,
    "index": 2
  },
  {
    "name": "Load Config",
    "start": 1648524596841,
    "end": 1648524596864,
    "duration": 23,
    "pid": 15180,
    "index": 3
  },
  {
    "name": "Require(0) config/config.default.js",
    "start": 1648524596841,
    "end": 1648524596842,
    "duration": 1,
    "pid": 15180,
    "index": 4
  },
  {
    "name": "Require(1) config/config.local.js",
    "start": 1648524596843,
    "end": 1648524596843,
    "duration": 0,
    "pid": 15180,
    "index": 5
  },
  {
    "name": "Require(2) node_modules/egg-session/config/config.default.js",
    "start": 1648524596843,
    "end": 1648524596844,
    "duration": 1,
    "pid": 15180,
    "index": 6
  },
  {
    "name": "Require(3) node_modules/egg-security/config/config.default.js",
    "start": 1648524596844,
    "end": 1648524596844,
    "duration": 0,
    "pid": 15180,
    "index": 7
  },
  {
    "name": "Require(4) node_modules/egg-jsonp/config/config.default.js",
    "start": 1648524596845,
    "end": 1648524596845,
    "duration": 0,
    "pid": 15180,
    "index": 8
  },
  {
    "name": "Require(5) node_modules/egg-onerror/config/config.default.js",
    "start": 1648524596846,
    "end": 1648524596846,
    "duration": 0,
    "pid": 15180,
    "index": 9
  },
  {
    "name": "Require(6) node_modules/egg-i18n/config/config.default.js",
    "start": 1648524596847,
    "end": 1648524596847,
    "duration": 0,
    "pid": 15180,
    "index": 10
  },
  {
    "name": "Require(7) node_modules/egg-watcher/config/config.default.js",
    "start": 1648524596848,
    "end": 1648524596849,
    "duration": 1,
    "pid": 15180,
    "index": 11
  },
  {
    "name": "Require(8) node_modules/egg-schedule/config/config.default.js",
    "start": 1648524596849,
    "end": 1648524596850,
    "duration": 1,
    "pid": 15180,
    "index": 12
  },
  {
    "name": "Require(9) node_modules/egg-multipart/config/config.default.js",
    "start": 1648524596850,
    "end": 1648524596850,
    "duration": 0,
    "pid": 15180,
    "index": 13
  },
  {
    "name": "Require(10) node_modules/egg-development/config/config.default.js",
    "start": 1648524596851,
    "end": 1648524596851,
    "duration": 0,
    "pid": 15180,
    "index": 14
  },
  {
    "name": "Require(11) node_modules/egg-logrotator/config/config.default.js",
    "start": 1648524596851,
    "end": 1648524596852,
    "duration": 1,
    "pid": 15180,
    "index": 15
  },
  {
    "name": "Require(12) node_modules/egg-static/config/config.default.js",
    "start": 1648524596852,
    "end": 1648524596852,
    "duration": 0,
    "pid": 15180,
    "index": 16
  },
  {
    "name": "Require(13) node_modules/egg-view/config/config.default.js",
    "start": 1648524596853,
    "end": 1648524596853,
    "duration": 0,
    "pid": 15180,
    "index": 17
  },
  {
    "name": "Require(14) node_modules/egg-mongoose/config/config.default.js",
    "start": 1648524596853,
    "end": 1648524596854,
    "duration": 1,
    "pid": 15180,
    "index": 18
  },
  {
    "name": "Require(15) node_modules/egg-validate/config/config.default.js",
    "start": 1648524596854,
    "end": 1648524596854,
    "duration": 0,
    "pid": 15180,
    "index": 19
  },
  {
    "name": "Require(16) node_modules/egg-cors/config/config.default.js",
    "start": 1648524596854,
    "end": 1648524596855,
    "duration": 1,
    "pid": 15180,
    "index": 20
  },
  {
    "name": "Require(17) node_modules/egg/config/config.default.js",
    "start": 1648524596855,
    "end": 1648524596855,
    "duration": 0,
    "pid": 15180,
    "index": 21
  },
  {
    "name": "Require(18) config/config.default.js",
    "start": 1648524596856,
    "end": 1648524596856,
    "duration": 0,
    "pid": 15180,
    "index": 22
  },
  {
    "name": "Require(19) node_modules/egg-security/config/config.local.js",
    "start": 1648524596857,
    "end": 1648524596858,
    "duration": 1,
    "pid": 15180,
    "index": 23
  },
  {
    "name": "Require(20) node_modules/egg-watcher/config/config.local.js",
    "start": 1648524596861,
    "end": 1648524596861,
    "duration": 0,
    "pid": 15180,
    "index": 24
  },
  {
    "name": "Require(21) node_modules/egg-view/config/config.local.js",
    "start": 1648524596862,
    "end": 1648524596862,
    "duration": 0,
    "pid": 15180,
    "index": 25
  },
  {
    "name": "Require(22) node_modules/egg/config/config.local.js",
    "start": 1648524596863,
    "end": 1648524596864,
    "duration": 1,
    "pid": 15180,
    "index": 26
  },
  {
    "name": "Require(23) config/config.local.js",
    "start": 1648524596864,
    "end": 1648524596864,
    "duration": 0,
    "pid": 15180,
    "index": 27
  },
  {
    "name": "Load extend/application.js",
    "start": 1648524596865,
    "end": 1648524596921,
    "duration": 56,
    "pid": 15180,
    "index": 28
  },
  {
    "name": "Require(24) node_modules/egg-session/app/extend/application.js",
    "start": 1648524596865,
    "end": 1648524596866,
    "duration": 1,
    "pid": 15180,
    "index": 29
  },
  {
    "name": "Require(25) node_modules/egg-security/app/extend/application.js",
    "start": 1648524596866,
    "end": 1648524596867,
    "duration": 1,
    "pid": 15180,
    "index": 30
  },
  {
    "name": "Require(26) node_modules/egg-jsonp/app/extend/application.js",
    "start": 1648524596867,
    "end": 1648524596868,
    "duration": 1,
    "pid": 15180,
    "index": 31
  },
  {
    "name": "Require(27) node_modules/egg-logrotator/app/extend/application.js",
    "start": 1648524596869,
    "end": 1648524596870,
    "duration": 1,
    "pid": 15180,
    "index": 32
  },
  {
    "name": "Require(28) node_modules/egg-view/app/extend/application.js",
    "start": 1648524596870,
    "end": 1648524596871,
    "duration": 1,
    "pid": 15180,
    "index": 33
  },
  {
    "name": "Require(29) app/extend/application.js",
    "start": 1648524596872,
    "end": 1648524596918,
    "duration": 46,
    "pid": 15180,
    "index": 34
  },
  {
    "name": "Load extend/request.js",
    "start": 1648524596921,
    "end": 1648524596927,
    "duration": 6,
    "pid": 15180,
    "index": 35
  },
  {
    "name": "Require(30) node_modules/egg/app/extend/request.js",
    "start": 1648524596924,
    "end": 1648524596925,
    "duration": 1,
    "pid": 15180,
    "index": 36
  },
  {
    "name": "Load extend/response.js",
    "start": 1648524596927,
    "end": 1648524596933,
    "duration": 6,
    "pid": 15180,
    "index": 37
  },
  {
    "name": "Require(31) node_modules/egg/app/extend/response.js",
    "start": 1648524596929,
    "end": 1648524596931,
    "duration": 2,
    "pid": 15180,
    "index": 38
  },
  {
    "name": "Load extend/context.js",
    "start": 1648524596933,
    "end": 1648524597089,
    "duration": 156,
    "pid": 15180,
    "index": 39
  },
  {
    "name": "Require(32) node_modules/egg-security/app/extend/context.js",
    "start": 1648524596934,
    "end": 1648524596949,
    "duration": 15,
    "pid": 15180,
    "index": 40
  },
  {
    "name": "Require(33) node_modules/egg-jsonp/app/extend/context.js",
    "start": 1648524596950,
    "end": 1648524596953,
    "duration": 3,
    "pid": 15180,
    "index": 41
  },
  {
    "name": "Require(34) node_modules/egg-i18n/app/extend/context.js",
    "start": 1648524596954,
    "end": 1648524596954,
    "duration": 0,
    "pid": 15180,
    "index": 42
  },
  {
    "name": "Require(35) node_modules/egg-multipart/app/extend/context.js",
    "start": 1648524596956,
    "end": 1648524597074,
    "duration": 118,
    "pid": 15180,
    "index": 43
  },
  {
    "name": "Require(36) node_modules/egg-view/app/extend/context.js",
    "start": 1648524597076,
    "end": 1648524597079,
    "duration": 3,
    "pid": 15180,
    "index": 44
  },
  {
    "name": "Require(37) node_modules/egg-mongoose/app/extend/context.js",
    "start": 1648524597080,
    "end": 1648524597081,
    "duration": 1,
    "pid": 15180,
    "index": 45
  },
  {
    "name": "Require(38) node_modules/egg-validate/app/extend/context.js",
    "start": 1648524597082,
    "end": 1648524597083,
    "duration": 1,
    "pid": 15180,
    "index": 46
  },
  {
    "name": "Require(39) node_modules/egg/app/extend/context.js",
    "start": 1648524597084,
    "end": 1648524597086,
    "duration": 2,
    "pid": 15180,
    "index": 47
  },
  {
    "name": "Load extend/helper.js",
    "start": 1648524597090,
    "end": 1648524597120,
    "duration": 30,
    "pid": 15180,
    "index": 48
  },
  {
    "name": "Require(40) node_modules/egg-security/app/extend/helper.js",
    "start": 1648524597090,
    "end": 1648524597111,
    "duration": 21,
    "pid": 15180,
    "index": 49
  },
  {
    "name": "Require(41) node_modules/egg/app/extend/helper.js",
    "start": 1648524597115,
    "end": 1648524597116,
    "duration": 1,
    "pid": 15180,
    "index": 50
  },
  {
    "name": "Require(42) app/extend/helper.js",
    "start": 1648524597116,
    "end": 1648524597117,
    "duration": 1,
    "pid": 15180,
    "index": 51
  },
  {
    "name": "Load app.js",
    "start": 1648524597121,
    "end": 1648524597166,
    "duration": 45,
    "pid": 15180,
    "index": 52
  },
  {
    "name": "Require(43) node_modules/egg-session/app.js",
    "start": 1648524597122,
    "end": 1648524597122,
    "duration": 0,
    "pid": 15180,
    "index": 53
  },
  {
    "name": "Require(44) node_modules/egg-security/app.js",
    "start": 1648524597123,
    "end": 1648524597125,
    "duration": 2,
    "pid": 15180,
    "index": 54
  },
  {
    "name": "Require(45) node_modules/egg-onerror/app.js",
    "start": 1648524597126,
    "end": 1648524597137,
    "duration": 11,
    "pid": 15180,
    "index": 55
  },
  {
    "name": "Require(46) node_modules/egg-i18n/app.js",
    "start": 1648524597138,
    "end": 1648524597156,
    "duration": 18,
    "pid": 15180,
    "index": 56
  },
  {
    "name": "Require(47) node_modules/egg-watcher/app.js",
    "start": 1648524597156,
    "end": 1648524597159,
    "duration": 3,
    "pid": 15180,
    "index": 57
  },
  {
    "name": "Require(48) node_modules/egg-schedule/app.js",
    "start": 1648524597159,
    "end": 1648524597160,
    "duration": 1,
    "pid": 15180,
    "index": 58
  },
  {
    "name": "Require(49) node_modules/egg-multipart/app.js",
    "start": 1648524597160,
    "end": 1648524597161,
    "duration": 1,
    "pid": 15180,
    "index": 59
  },
  {
    "name": "Require(50) node_modules/egg-development/app.js",
    "start": 1648524597161,
    "end": 1648524597161,
    "duration": 0,
    "pid": 15180,
    "index": 60
  },
  {
    "name": "Require(51) node_modules/egg-logrotator/app.js",
    "start": 1648524597161,
    "end": 1648524597162,
    "duration": 1,
    "pid": 15180,
    "index": 61
  },
  {
    "name": "Require(52) node_modules/egg-static/app.js",
    "start": 1648524597162,
    "end": 1648524597162,
    "duration": 0,
    "pid": 15180,
    "index": 62
  },
  {
    "name": "Require(53) node_modules/egg-mongoose/app.js",
    "start": 1648524597163,
    "end": 1648524597163,
    "duration": 0,
    "pid": 15180,
    "index": 63
  },
  {
    "name": "Require(54) node_modules/egg-validate/app.js",
    "start": 1648524597163,
    "end": 1648524597165,
    "duration": 2,
    "pid": 15180,
    "index": 64
  },
  {
    "name": "Require(55) node_modules/egg-cors/app.js",
    "start": 1648524597165,
    "end": 1648524597166,
    "duration": 1,
    "pid": 15180,
    "index": 65
  },
  {
    "name": "Before Start in node_modules/egg-watcher/lib/init.js:15:14",
    "start": 1648524597174,
    "end": 1648524597709,
    "duration": 535,
    "pid": 15180,
    "index": 66
  },
  {
    "name": "Before Start in node_modules/egg-mongoose/lib/mongoose.js:104:7",
    "start": 1648524597541,
    "end": 1648524597707,
    "duration": 166,
    "pid": 15180,
    "index": 67
  },
  {
    "name": "Before Start in node_modules/egg-mongoose/lib/mongoose.js:52:9",
    "start": 1648524597541,
    "end": 1648524597691,
    "duration": 150,
    "pid": 15180,
    "index": 68
  },
  {
    "name": "Load Service",
    "start": 1648524597541,
    "end": 1648524597570,
    "duration": 29,
    "pid": 15180,
    "index": 69
  },
  {
    "name": "Load \"service\" to Context",
    "start": 1648524597542,
    "end": 1648524597570,
    "duration": 28,
    "pid": 15180,
    "index": 70
  },
  {
    "name": "Load Middleware",
    "start": 1648524597570,
    "end": 1648524597652,
    "duration": 82,
    "pid": 15180,
    "index": 71
  },
  {
    "name": "Load \"middlewares\" to Application",
    "start": 1648524597570,
    "end": 1648524597644,
    "duration": 74,
    "pid": 15180,
    "index": 72
  },
  {
    "name": "Load Controller",
    "start": 1648524597653,
    "end": 1648524597656,
    "duration": 3,
    "pid": 15180,
    "index": 73
  },
  {
    "name": "Load \"controller\" to Application",
    "start": 1648524597653,
    "end": 1648524597656,
    "duration": 3,
    "pid": 15180,
    "index": 74
  },
  {
    "name": "Load Router",
    "start": 1648524597656,
    "end": 1648524597659,
    "duration": 3,
    "pid": 15180,
    "index": 75
  },
  {
    "name": "Require(56) app/router.js",
    "start": 1648524597657,
    "end": 1648524597657,
    "duration": 0,
    "pid": 15180,
    "index": 76
  },
  {
    "name": "Before Start in node_modules/egg-core/lib/egg.js:303:10",
    "start": 1648524597657,
    "end": 1648524597691,
    "duration": 34,
    "pid": 15180,
    "index": 77
  },
  {
    "name": "Load \"model\" to Application",
    "start": 1648524597668,
    "end": 1648524597690,
    "duration": 22,
    "pid": 15180,
    "index": 78
  }
]