[
  {
    "name": "Process Start",
    "start": 1648537334418,
    "end": 1648537335075,
    "duration": 657,
    "pid": 38408,
    "index": 0
  },
  {
    "name": "Application Start",
    "start": 1648537335075,
    "end": 1648537335588,
    "duration": 513,
    "pid": 38408,
    "index": 1
  },
  {
    "name": "Load Plugin",
    "start": 1648537335078,
    "end": 1648537335089,
    "duration": 11,
    "pid": 38408,
    "index": 2
  },
  {
    "name": "Load Config",
    "start": 1648537335089,
    "end": 1648537335107,
    "duration": 18,
    "pid": 38408,
    "index": 3
  },
  {
    "name": "Require(0) config/config.default.js",
    "start": 1648537335089,
    "end": 1648537335090,
    "duration": 1,
    "pid": 38408,
    "index": 4
  },
  {
    "name": "Require(1) config/config.local.js",
    "start": 1648537335090,
    "end": 1648537335091,
    "duration": 1,
    "pid": 38408,
    "index": 5
  },
  {
    "name": "Require(2) node_modules/egg-session/config/config.default.js",
    "start": 1648537335091,
    "end": 1648537335092,
    "duration": 1,
    "pid": 38408,
    "index": 6
  },
  {
    "name": "Require(3) node_modules/egg-security/config/config.default.js",
    "start": 1648537335092,
    "end": 1648537335092,
    "duration": 0,
    "pid": 38408,
    "index": 7
  },
  {
    "name": "Require(4) node_modules/egg-jsonp/config/config.default.js",
    "start": 1648537335093,
    "end": 1648537335093,
    "duration": 0,
    "pid": 38408,
    "index": 8
  },
  {
    "name": "Require(5) node_modules/egg-onerror/config/config.default.js",
    "start": 1648537335094,
    "end": 1648537335094,
    "duration": 0,
    "pid": 38408,
    "index": 9
  },
  {
    "name": "Require(6) node_modules/egg-i18n/config/config.default.js",
    "start": 1648537335094,
    "end": 1648537335094,
    "duration": 0,
    "pid": 38408,
    "index": 10
  },
  {
    "name": "Require(7) node_modules/egg-watcher/config/config.default.js",
    "start": 1648537335095,
    "end": 1648537335095,
    "duration": 0,
    "pid": 38408,
    "index": 11
  },
  {
    "name": "Require(8) node_modules/egg-schedule/config/config.default.js",
    "start": 1648537335095,
    "end": 1648537335096,
    "duration": 1,
    "pid": 38408,
    "index": 12
  },
  {
    "name": "Require(9) node_modules/egg-multipart/config/config.default.js",
    "start": 1648537335096,
    "end": 1648537335096,
    "duration": 0,
    "pid": 38408,
    "index": 13
  },
  {
    "name": "Require(10) node_modules/egg-development/config/config.default.js",
    "start": 1648537335097,
    "end": 1648537335097,
    "duration": 0,
    "pid": 38408,
    "index": 14
  },
  {
    "name": "Require(11) node_modules/egg-logrotator/config/config.default.js",
    "start": 1648537335097,
    "end": 1648537335098,
    "duration": 1,
    "pid": 38408,
    "index": 15
  },
  {
    "name": "Require(12) node_modules/egg-static/config/config.default.js",
    "start": 1648537335098,
    "end": 1648537335098,
    "duration": 0,
    "pid": 38408,
    "index": 16
  },
  {
    "name": "Require(13) node_modules/egg-view/config/config.default.js",
    "start": 1648537335098,
    "end": 1648537335099,
    "duration": 1,
    "pid": 38408,
    "index": 17
  },
  {
    "name": "Require(14) node_modules/egg-mongoose/config/config.default.js",
    "start": 1648537335099,
    "end": 1648537335099,
    "duration": 0,
    "pid": 38408,
    "index": 18
  },
  {
    "name": "Require(15) node_modules/egg-validate/config/config.default.js",
    "start": 1648537335100,
    "end": 1648537335100,
    "duration": 0,
    "pid": 38408,
    "index": 19
  },
  {
    "name": "Require(16) node_modules/egg-cors/config/config.default.js",
    "start": 1648537335100,
    "end": 1648537335100,
    "duration": 0,
    "pid": 38408,
    "index": 20
  },
  {
    "name": "Require(17) node_modules/egg/config/config.default.js",
    "start": 1648537335100,
    "end": 1648537335101,
    "duration": 1,
    "pid": 38408,
    "index": 21
  },
  {
    "name": "Require(18) config/config.default.js",
    "start": 1648537335102,
    "end": 1648537335102,
    "duration": 0,
    "pid": 38408,
    "index": 22
  },
  {
    "name": "Require(19) node_modules/egg-security/config/config.local.js",
    "start": 1648537335104,
    "end": 1648537335105,
    "duration": 1,
    "pid": 38408,
    "index": 23
  },
  {
    "name": "Require(20) node_modules/egg-watcher/config/config.local.js",
    "start": 1648537335105,
    "end": 1648537335106,
    "duration": 1,
    "pid": 38408,
    "index": 24
  },
  {
    "name": "Require(21) node_modules/egg-view/config/config.local.js",
    "start": 1648537335106,
    "end": 1648537335106,
    "duration": 0,
    "pid": 38408,
    "index": 25
  },
  {
    "name": "Require(22) node_modules/egg/config/config.local.js",
    "start": 1648537335107,
    "end": 1648537335107,
    "duration": 0,
    "pid": 38408,
    "index": 26
  },
  {
    "name": "Require(23) config/config.local.js",
    "start": 1648537335107,
    "end": 1648537335107,
    "duration": 0,
    "pid": 38408,
    "index": 27
  },
  {
    "name": "Load extend/application.js",
    "start": 1648537335108,
    "end": 1648537335143,
    "duration": 35,
    "pid": 38408,
    "index": 28
  },
  {
    "name": "Require(24) node_modules/egg-session/app/extend/application.js",
    "start": 1648537335108,
    "end": 1648537335108,
    "duration": 0,
    "pid": 38408,
    "index": 29
  },
  {
    "name": "Require(25) node_modules/egg-security/app/extend/application.js",
    "start": 1648537335109,
    "end": 1648537335109,
    "duration": 0,
    "pid": 38408,
    "index": 30
  },
  {
    "name": "Require(26) node_modules/egg-jsonp/app/extend/application.js",
    "start": 1648537335110,
    "end": 1648537335110,
    "duration": 0,
    "pid": 38408,
    "index": 31
  },
  {
    "name": "Require(27) node_modules/egg-logrotator/app/extend/application.js",
    "start": 1648537335111,
    "end": 1648537335112,
    "duration": 1,
    "pid": 38408,
    "index": 32
  },
  {
    "name": "Require(28) node_modules/egg-view/app/extend/application.js",
    "start": 1648537335112,
    "end": 1648537335113,
    "duration": 1,
    "pid": 38408,
    "index": 33
  },
  {
    "name": "Require(29) app/extend/application.js",
    "start": 1648537335113,
    "end": 1648537335141,
    "duration": 28,
    "pid": 38408,
    "index": 34
  },
  {
    "name": "Load extend/request.js",
    "start": 1648537335143,
    "end": 1648537335146,
    "duration": 3,
    "pid": 38408,
    "index": 35
  },
  {
    "name": "Require(30) node_modules/egg/app/extend/request.js",
    "start": 1648537335144,
    "end": 1648537335145,
    "duration": 1,
    "pid": 38408,
    "index": 36
  },
  {
    "name": "Load extend/response.js",
    "start": 1648537335146,
    "end": 1648537335150,
    "duration": 4,
    "pid": 38408,
    "index": 37
  },
  {
    "name": "Require(31) node_modules/egg/app/extend/response.js",
    "start": 1648537335148,
    "end": 1648537335148,
    "duration": 0,
    "pid": 38408,
    "index": 38
  },
  {
    "name": "Load extend/context.js",
    "start": 1648537335150,
    "end": 1648537335189,
    "duration": 39,
    "pid": 38408,
    "index": 39
  },
  {
    "name": "Require(32) node_modules/egg-security/app/extend/context.js",
    "start": 1648537335150,
    "end": 1648537335155,
    "duration": 5,
    "pid": 38408,
    "index": 40
  },
  {
    "name": "Require(33) node_modules/egg-jsonp/app/extend/context.js",
    "start": 1648537335155,
    "end": 1648537335155,
    "duration": 0,
    "pid": 38408,
    "index": 41
  },
  {
    "name": "Require(34) node_modules/egg-i18n/app/extend/context.js",
    "start": 1648537335156,
    "end": 1648537335156,
    "duration": 0,
    "pid": 38408,
    "index": 42
  },
  {
    "name": "Require(35) node_modules/egg-multipart/app/extend/context.js",
    "start": 1648537335156,
    "end": 1648537335185,
    "duration": 29,
    "pid": 38408,
    "index": 43
  },
  {
    "name": "Require(36) node_modules/egg-view/app/extend/context.js",
    "start": 1648537335185,
    "end": 1648537335186,
    "duration": 1,
    "pid": 38408,
    "index": 44
  },
  {
    "name": "Require(37) node_modules/egg-mongoose/app/extend/context.js",
    "start": 1648537335186,
    "end": 1648537335187,
    "duration": 1,
    "pid": 38408,
    "index": 45
  },
  {
    "name": "Require(38) node_modules/egg-validate/app/extend/context.js",
    "start": 1648537335187,
    "end": 1648537335187,
    "duration": 0,
    "pid": 38408,
    "index": 46
  },
  {
    "name": "Require(39) node_modules/egg/app/extend/context.js",
    "start": 1648537335187,
    "end": 1648537335188,
    "duration": 1,
    "pid": 38408,
    "index": 47
  },
  {
    "name": "Load extend/helper.js",
    "start": 1648537335189,
    "end": 1648537335201,
    "duration": 12,
    "pid": 38408,
    "index": 48
  },
  {
    "name": "Require(40) node_modules/egg-security/app/extend/helper.js",
    "start": 1648537335190,
    "end": 1648537335198,
    "duration": 8,
    "pid": 38408,
    "index": 49
  },
  {
    "name": "Require(41) node_modules/egg/app/extend/helper.js",
    "start": 1648537335199,
    "end": 1648537335199,
    "duration": 0,
    "pid": 38408,
    "index": 50
  },
  {
    "name": "Require(42) app/extend/helper.js",
    "start": 1648537335200,
    "end": 1648537335200,
    "duration": 0,
    "pid": 38408,
    "index": 51
  },
  {
    "name": "Load app.js",
    "start": 1648537335201,
    "end": 1648537335223,
    "duration": 22,
    "pid": 38408,
    "index": 52
  },
  {
    "name": "Require(43) node_modules/egg-session/app.js",
    "start": 1648537335202,
    "end": 1648537335202,
    "duration": 0,
    "pid": 38408,
    "index": 53
  },
  {
    "name": "Require(44) node_modules/egg-security/app.js",
    "start": 1648537335202,
    "end": 1648537335203,
    "duration": 1,
    "pid": 38408,
    "index": 54
  },
  {
    "name": "Require(45) node_modules/egg-onerror/app.js",
    "start": 1648537335203,
    "end": 1648537335207,
    "duration": 4,
    "pid": 38408,
    "index": 55
  },
  {
    "name": "Require(46) node_modules/egg-i18n/app.js",
    "start": 1648537335207,
    "end": 1648537335217,
    "duration": 10,
    "pid": 38408,
    "index": 56
  },
  {
    "name": "Require(47) node_modules/egg-watcher/app.js",
    "start": 1648537335217,
    "end": 1648537335218,
    "duration": 1,
    "pid": 38408,
    "index": 57
  },
  {
    "name": "Require(48) node_modules/egg-schedule/app.js",
    "start": 1648537335219,
    "end": 1648537335219,
    "duration": 0,
    "pid": 38408,
    "index": 58
  },
  {
    "name": "Require(49) node_modules/egg-multipart/app.js",
    "start": 1648537335219,
    "end": 1648537335220,
    "duration": 1,
    "pid": 38408,
    "index": 59
  },
  {
    "name": "Require(50) node_modules/egg-development/app.js",
    "start": 1648537335220,
    "end": 1648537335220,
    "duration": 0,
    "pid": 38408,
    "index": 60
  },
  {
    "name": "Require(51) node_modules/egg-logrotator/app.js",
    "start": 1648537335220,
    "end": 1648537335221,
    "duration": 1,
    "pid": 38408,
    "index": 61
  },
  {
    "name": "Require(52) node_modules/egg-static/app.js",
    "start": 1648537335221,
    "end": 1648537335221,
    "duration": 0,
    "pid": 38408,
    "index": 62
  },
  {
    "name": "Require(53) node_modules/egg-mongoose/app.js",
    "start": 1648537335221,
    "end": 1648537335221,
    "duration": 0,
    "pid": 38408,
    "index": 63
  },
  {
    "name": "Require(54) node_modules/egg-validate/app.js",
    "start": 1648537335222,
    "end": 1648537335222,
    "duration": 0,
    "pid": 38408,
    "index": 64
  },
  {
    "name": "Require(55) node_modules/egg-cors/app.js",
    "start": 1648537335223,
    "end": 1648537335223,
    "duration": 0,
    "pid": 38408,
    "index": 65
  },
  {
    "name": "Before Start in node_modules/egg-watcher/lib/init.js:15:14",
    "start": 1648537335230,
    "end": 1648537335587,
    "duration": 357,
    "pid": 38408,
    "index": 66
  },
  {
    "name": "Before Start in node_modules/egg-mongoose/lib/mongoose.js:104:7",
    "start": 1648537335472,
    "end": 1648537335586,
    "duration": 114,
    "pid": 38408,
    "index": 67
  },
  {
    "name": "Before Start in node_modules/egg-mongoose/lib/mongoose.js:52:9",
    "start": 1648537335472,
    "end": 1648537335575,
    "duration": 103,
    "pid": 38408,
    "index": 68
  },
  {
    "name": "Load Service",
    "start": 1648537335472,
    "end": 1648537335491,
    "duration": 19,
    "pid": 38408,
    "index": 69
  },
  {
    "name": "Load \"service\" to Context",
    "start": 1648537335472,
    "end": 1648537335491,
    "duration": 19,
    "pid": 38408,
    "index": 70
  },
  {
    "name": "Load Middleware",
    "start": 1648537335492,
    "end": 1648537335553,
    "duration": 61,
    "pid": 38408,
    "index": 71
  },
  {
    "name": "Load \"middlewares\" to Application",
    "start": 1648537335492,
    "end": 1648537335547,
    "duration": 55,
    "pid": 38408,
    "index": 72
  },
  {
    "name": "Load Controller",
    "start": 1648537335553,
    "end": 1648537335555,
    "duration": 2,
    "pid": 38408,
    "index": 73
  },
  {
    "name": "Load \"controller\" to Application",
    "start": 1648537335553,
    "end": 1648537335555,
    "duration": 2,
    "pid": 38408,
    "index": 74
  },
  {
    "name": "Load Router",
    "start": 1648537335555,
    "end": 1648537335557,
    "duration": 2,
    "pid": 38408,
    "index": 75
  },
  {
    "name": "Require(56) app/router.js",
    "start": 1648537335556,
    "end": 1648537335556,
    "duration": 0,
    "pid": 38408,
    "index": 76
  },
  {
    "name": "Before Start in node_modules/egg-core/lib/egg.js:303:10",
    "start": 1648537335556,
    "end": 1648537335575,
    "duration": 19,
    "pid": 38408,
    "index": 77
  },
  {
    "name": "Load \"model\" to Application",
    "start": 1648537335563,
    "end": 1648537335575,
    "duration": 12,
    "pid": 38408,
    "index": 78
  }
]