[
  {
    "name": "Process Start",
    "start": 1648547783500,
    "end": 1648547784314,
    "duration": 814,
    "pid": 17972,
    "index": 0
  },
  {
    "name": "Application Start",
    "start": 1648547784314,
    "end": 1648547784833,
    "duration": 519,
    "pid": 17972,
    "index": 1
  },
  {
    "name": "Load Plugin",
    "start": 1648547784317,
    "end": 1648547784327,
    "duration": 10,
    "pid": 17972,
    "index": 2
  },
  {
    "name": "Load Config",
    "start": 1648547784327,
    "end": 1648547784344,
    "duration": 17,
    "pid": 17972,
    "index": 3
  },
  {
    "name": "Require(0) config/config.default.js",
    "start": 1648547784328,
    "end": 1648547784328,
    "duration": 0,
    "pid": 17972,
    "index": 4
  },
  {
    "name": "Require(1) config/config.local.js",
    "start": 1648547784329,
    "end": 1648547784329,
    "duration": 0,
    "pid": 17972,
    "index": 5
  },
  {
    "name": "Require(2) node_modules/egg-session/config/config.default.js",
    "start": 1648547784329,
    "end": 1648547784330,
    "duration": 1,
    "pid": 17972,
    "index": 6
  },
  {
    "name": "Require(3) node_modules/egg-security/config/config.default.js",
    "start": 1648547784330,
    "end": 1648547784330,
    "duration": 0,
    "pid": 17972,
    "index": 7
  },
  {
    "name": "Require(4) node_modules/egg-jsonp/config/config.default.js",
    "start": 1648547784331,
    "end": 1648547784331,
    "duration": 0,
    "pid": 17972,
    "index": 8
  },
  {
    "name": "Require(5) node_modules/egg-onerror/config/config.default.js",
    "start": 1648547784331,
    "end": 1648547784332,
    "duration": 1,
    "pid": 17972,
    "index": 9
  },
  {
    "name": "Require(6) node_modules/egg-i18n/config/config.default.js",
    "start": 1648547784332,
    "end": 1648547784332,
    "duration": 0,
    "pid": 17972,
    "index": 10
  },
  {
    "name": "Require(7) node_modules/egg-watcher/config/config.default.js",
    "start": 1648547784332,
    "end": 1648547784333,
    "duration": 1,
    "pid": 17972,
    "index": 11
  },
  {
    "name": "Require(8) node_modules/egg-schedule/config/config.default.js",
    "start": 1648547784333,
    "end": 1648547784333,
    "duration": 0,
    "pid": 17972,
    "index": 12
  },
  {
    "name": "Require(9) node_modules/egg-multipart/config/config.default.js",
    "start": 1648547784333,
    "end": 1648547784334,
    "duration": 1,
    "pid": 17972,
    "index": 13
  },
  {
    "name": "Require(10) node_modules/egg-development/config/config.default.js",
    "start": 1648547784334,
    "end": 1648547784334,
    "duration": 0,
    "pid": 17972,
    "index": 14
  },
  {
    "name": "Require(11) node_modules/egg-logrotator/config/config.default.js",
    "start": 1648547784335,
    "end": 1648547784335,
    "duration": 0,
    "pid": 17972,
    "index": 15
  },
  {
    "name": "Require(12) node_modules/egg-static/config/config.default.js",
    "start": 1648547784335,
    "end": 1648547784335,
    "duration": 0,
    "pid": 17972,
    "index": 16
  },
  {
    "name": "Require(13) node_modules/egg-view/config/config.default.js",
    "start": 1648547784336,
    "end": 1648547784336,
    "duration": 0,
    "pid": 17972,
    "index": 17
  },
  {
    "name": "Require(14) node_modules/egg-mongoose/config/config.default.js",
    "start": 1648547784336,
    "end": 1648547784336,
    "duration": 0,
    "pid": 17972,
    "index": 18
  },
  {
    "name": "Require(15) node_modules/egg-validate/config/config.default.js",
    "start": 1648547784337,
    "end": 1648547784337,
    "duration": 0,
    "pid": 17972,
    "index": 19
  },
  {
    "name": "Require(16) node_modules/egg-cors/config/config.default.js",
    "start": 1648547784337,
    "end": 1648547784337,
    "duration": 0,
    "pid": 17972,
    "index": 20
  },
  {
    "name": "Require(17) node_modules/egg/config/config.default.js",
    "start": 1648547784337,
    "end": 1648547784339,
    "duration": 2,
    "pid": 17972,
    "index": 21
  },
  {
    "name": "Require(18) config/config.default.js",
    "start": 1648547784340,
    "end": 1648547784340,
    "duration": 0,
    "pid": 17972,
    "index": 22
  },
  {
    "name": "Require(19) node_modules/egg-security/config/config.local.js",
    "start": 1648547784340,
    "end": 1648547784341,
    "duration": 1,
    "pid": 17972,
    "index": 23
  },
  {
    "name": "Require(20) node_modules/egg-watcher/config/config.local.js",
    "start": 1648547784342,
    "end": 1648547784342,
    "duration": 0,
    "pid": 17972,
    "index": 24
  },
  {
    "name": "Require(21) node_modules/egg-view/config/config.local.js",
    "start": 1648547784343,
    "end": 1648547784343,
    "duration": 0,
    "pid": 17972,
    "index": 25
  },
  {
    "name": "Require(22) node_modules/egg/config/config.local.js",
    "start": 1648547784343,
    "end": 1648547784343,
    "duration": 0,
    "pid": 17972,
    "index": 26
  },
  {
    "name": "Require(23) config/config.local.js",
    "start": 1648547784343,
    "end": 1648547784343,
    "duration": 0,
    "pid": 17972,
    "index": 27
  },
  {
    "name": "Load extend/application.js",
    "start": 1648547784344,
    "end": 1648547784377,
    "duration": 33,
    "pid": 17972,
    "index": 28
  },
  {
    "name": "Require(24) node_modules/egg-session/app/extend/application.js",
    "start": 1648547784344,
    "end": 1648547784345,
    "duration": 1,
    "pid": 17972,
    "index": 29
  },
  {
    "name": "Require(25) node_modules/egg-security/app/extend/application.js",
    "start": 1648547784345,
    "end": 1648547784346,
    "duration": 1,
    "pid": 17972,
    "index": 30
  },
  {
    "name": "Require(26) node_modules/egg-jsonp/app/extend/application.js",
    "start": 1648547784346,
    "end": 1648547784347,
    "duration": 1,
    "pid": 17972,
    "index": 31
  },
  {
    "name": "Require(27) node_modules/egg-logrotator/app/extend/application.js",
    "start": 1648547784347,
    "end": 1648547784348,
    "duration": 1,
    "pid": 17972,
    "index": 32
  },
  {
    "name": "Require(28) node_modules/egg-view/app/extend/application.js",
    "start": 1648547784348,
    "end": 1648547784349,
    "duration": 1,
    "pid": 17972,
    "index": 33
  },
  {
    "name": "Require(29) app/extend/application.js",
    "start": 1648547784350,
    "end": 1648547784376,
    "duration": 26,
    "pid": 17972,
    "index": 34
  },
  {
    "name": "Load extend/request.js",
    "start": 1648547784377,
    "end": 1648547784381,
    "duration": 4,
    "pid": 17972,
    "index": 35
  },
  {
    "name": "Require(30) node_modules/egg/app/extend/request.js",
    "start": 1648547784379,
    "end": 1648547784380,
    "duration": 1,
    "pid": 17972,
    "index": 36
  },
  {
    "name": "Load extend/response.js",
    "start": 1648547784381,
    "end": 1648547784384,
    "duration": 3,
    "pid": 17972,
    "index": 37
  },
  {
    "name": "Require(31) node_modules/egg/app/extend/response.js",
    "start": 1648547784382,
    "end": 1648547784383,
    "duration": 1,
    "pid": 17972,
    "index": 38
  },
  {
    "name": "Load extend/context.js",
    "start": 1648547784384,
    "end": 1648547784422,
    "duration": 38,
    "pid": 17972,
    "index": 39
  },
  {
    "name": "Require(32) node_modules/egg-security/app/extend/context.js",
    "start": 1648547784385,
    "end": 1648547784389,
    "duration": 4,
    "pid": 17972,
    "index": 40
  },
  {
    "name": "Require(33) node_modules/egg-jsonp/app/extend/context.js",
    "start": 1648547784389,
    "end": 1648547784390,
    "duration": 1,
    "pid": 17972,
    "index": 41
  },
  {
    "name": "Require(34) node_modules/egg-i18n/app/extend/context.js",
    "start": 1648547784390,
    "end": 1648547784390,
    "duration": 0,
    "pid": 17972,
    "index": 42
  },
  {
    "name": "Require(35) node_modules/egg-multipart/app/extend/context.js",
    "start": 1648547784391,
    "end": 1648547784418,
    "duration": 27,
    "pid": 17972,
    "index": 43
  },
  {
    "name": "Require(36) node_modules/egg-view/app/extend/context.js",
    "start": 1648547784418,
    "end": 1648547784419,
    "duration": 1,
    "pid": 17972,
    "index": 44
  },
  {
    "name": "Require(37) node_modules/egg-mongoose/app/extend/context.js",
    "start": 1648547784419,
    "end": 1648547784419,
    "duration": 0,
    "pid": 17972,
    "index": 45
  },
  {
    "name": "Require(38) node_modules/egg-validate/app/extend/context.js",
    "start": 1648547784420,
    "end": 1648547784420,
    "duration": 0,
    "pid": 17972,
    "index": 46
  },
  {
    "name": "Require(39) node_modules/egg/app/extend/context.js",
    "start": 1648547784420,
    "end": 1648547784420,
    "duration": 0,
    "pid": 17972,
    "index": 47
  },
  {
    "name": "Load extend/helper.js",
    "start": 1648547784422,
    "end": 1648547784434,
    "duration": 12,
    "pid": 17972,
    "index": 48
  },
  {
    "name": "Require(40) node_modules/egg-security/app/extend/helper.js",
    "start": 1648547784422,
    "end": 1648547784431,
    "duration": 9,
    "pid": 17972,
    "index": 49
  },
  {
    "name": "Require(41) node_modules/egg/app/extend/helper.js",
    "start": 1648547784432,
    "end": 1648547784432,
    "duration": 0,
    "pid": 17972,
    "index": 50
  },
  {
    "name": "Require(42) app/extend/helper.js",
    "start": 1648547784432,
    "end": 1648547784432,
    "duration": 0,
    "pid": 17972,
    "index": 51
  },
  {
    "name": "Load app.js",
    "start": 1648547784434,
    "end": 1648547784455,
    "duration": 21,
    "pid": 17972,
    "index": 52
  },
  {
    "name": "Require(43) node_modules/egg-session/app.js",
    "start": 1648547784434,
    "end": 1648547784434,
    "duration": 0,
    "pid": 17972,
    "index": 53
  },
  {
    "name": "Require(44) node_modules/egg-security/app.js",
    "start": 1648547784435,
    "end": 1648547784435,
    "duration": 0,
    "pid": 17972,
    "index": 54
  },
  {
    "name": "Require(45) node_modules/egg-onerror/app.js",
    "start": 1648547784436,
    "end": 1648547784439,
    "duration": 3,
    "pid": 17972,
    "index": 55
  },
  {
    "name": "Require(46) node_modules/egg-i18n/app.js",
    "start": 1648547784439,
    "end": 1648547784449,
    "duration": 10,
    "pid": 17972,
    "index": 56
  },
  {
    "name": "Require(47) node_modules/egg-watcher/app.js",
    "start": 1648547784449,
    "end": 1648547784451,
    "duration": 2,
    "pid": 17972,
    "index": 57
  },
  {
    "name": "Require(48) node_modules/egg-schedule/app.js",
    "start": 1648547784451,
    "end": 1648547784452,
    "duration": 1,
    "pid": 17972,
    "index": 58
  },
  {
    "name": "Require(49) node_modules/egg-multipart/app.js",
    "start": 1648547784452,
    "end": 1648547784452,
    "duration": 0,
    "pid": 17972,
    "index": 59
  },
  {
    "name": "Require(50) node_modules/egg-development/app.js",
    "start": 1648547784452,
    "end": 1648547784453,
    "duration": 1,
    "pid": 17972,
    "index": 60
  },
  {
    "name": "Require(51) node_modules/egg-logrotator/app.js",
    "start": 1648547784453,
    "end": 1648547784453,
    "duration": 0,
    "pid": 17972,
    "index": 61
  },
  {
    "name": "Require(52) node_modules/egg-static/app.js",
    "start": 1648547784453,
    "end": 1648547784453,
    "duration": 0,
    "pid": 17972,
    "index": 62
  },
  {
    "name": "Require(53) node_modules/egg-mongoose/app.js",
    "start": 1648547784453,
    "end": 1648547784454,
    "duration": 1,
    "pid": 17972,
    "index": 63
  },
  {
    "name": "Require(54) node_modules/egg-validate/app.js",
    "start": 1648547784454,
    "end": 1648547784455,
    "duration": 1,
    "pid": 17972,
    "index": 64
  },
  {
    "name": "Require(55) node_modules/egg-cors/app.js",
    "start": 1648547784455,
    "end": 1648547784455,
    "duration": 0,
    "pid": 17972,
    "index": 65
  },
  {
    "name": "Before Start in node_modules/egg-watcher/lib/init.js:15:14",
    "start": 1648547784462,
    "end": 1648547784833,
    "duration": 371,
    "pid": 17972,
    "index": 66
  },
  {
    "name": "Before Start in node_modules/egg-mongoose/lib/mongoose.js:104:7",
    "start": 1648547784701,
    "end": 1648547784831,
    "duration": 130,
    "pid": 17972,
    "index": 67
  },
  {
    "name": "Before Start in node_modules/egg-mongoose/lib/mongoose.js:52:9",
    "start": 1648547784701,
    "end": 1648547784821,
    "duration": 120,
    "pid": 17972,
    "index": 68
  },
  {
    "name": "Load Service",
    "start": 1648547784702,
    "end": 1648547784720,
    "duration": 18,
    "pid": 17972,
    "index": 69
  },
  {
    "name": "Load \"service\" to Context",
    "start": 1648547784702,
    "end": 1648547784720,
    "duration": 18,
    "pid": 17972,
    "index": 70
  },
  {
    "name": "Load Middleware",
    "start": 1648547784721,
    "end": 1648547784787,
    "duration": 66,
    "pid": 17972,
    "index": 71
  },
  {
    "name": "Load \"middlewares\" to Application",
    "start": 1648547784721,
    "end": 1648547784777,
    "duration": 56,
    "pid": 17972,
    "index": 72
  },
  {
    "name": "Load Controller",
    "start": 1648547784787,
    "end": 1648547784792,
    "duration": 5,
    "pid": 17972,
    "index": 73
  },
  {
    "name": "Load \"controller\" to Application",
    "start": 1648547784787,
    "end": 1648547784792,
    "duration": 5,
    "pid": 17972,
    "index": 74
  },
  {
    "name": "Load Router",
    "start": 1648547784792,
    "end": 1648547784797,
    "duration": 5,
    "pid": 17972,
    "index": 75
  },
  {
    "name": "Require(56) app/router.js",
    "start": 1648547784792,
    "end": 1648547784793,
    "duration": 1,
    "pid": 17972,
    "index": 76
  },
  {
    "name": "Before Start in node_modules/egg-core/lib/egg.js:303:10",
    "start": 1648547784793,
    "end": 1648547784821,
    "duration": 28,
    "pid": 17972,
    "index": 77
  },
  {
    "name": "Load \"model\" to Application",
    "start": 1648547784808,
    "end": 1648547784821,
    "duration": 13,
    "pid": 17972,
    "index": 78
  }
]