[
  {
    "name": "Process Start",
    "start": 1648546709960,
    "end": 1648546710689,
    "duration": 729,
    "pid": 41472,
    "index": 0
  },
  {
    "name": "Application Start",
    "start": 1648546710689,
    "end": 1648546711283,
    "duration": 594,
    "pid": 41472,
    "index": 1
  },
  {
    "name": "Load Plugin",
    "start": 1648546710692,
    "end": 1648546710705,
    "duration": 13,
    "pid": 41472,
    "index": 2
  },
  {
    "name": "Load Config",
    "start": 1648546710705,
    "end": 1648546710723,
    "duration": 18,
    "pid": 41472,
    "index": 3
  },
  {
    "name": "Require(0) config/config.default.js",
    "start": 1648546710706,
    "end": 1648546710706,
    "duration": 0,
    "pid": 41472,
    "index": 4
  },
  {
    "name": "Require(1) config/config.local.js",
    "start": 1648546710707,
    "end": 1648546710707,
    "duration": 0,
    "pid": 41472,
    "index": 5
  },
  {
    "name": "Require(2) node_modules/egg-session/config/config.default.js",
    "start": 1648546710708,
    "end": 1648546710708,
    "duration": 0,
    "pid": 41472,
    "index": 6
  },
  {
    "name": "Require(3) node_modules/egg-security/config/config.default.js",
    "start": 1648546710708,
    "end": 1648546710709,
    "duration": 1,
    "pid": 41472,
    "index": 7
  },
  {
    "name": "Require(4) node_modules/egg-jsonp/config/config.default.js",
    "start": 1648546710709,
    "end": 1648546710709,
    "duration": 0,
    "pid": 41472,
    "index": 8
  },
  {
    "name": "Require(5) node_modules/egg-onerror/config/config.default.js",
    "start": 1648546710710,
    "end": 1648546710710,
    "duration": 0,
    "pid": 41472,
    "index": 9
  },
  {
    "name": "Require(6) node_modules/egg-i18n/config/config.default.js",
    "start": 1648546710710,
    "end": 1648546710711,
    "duration": 1,
    "pid": 41472,
    "index": 10
  },
  {
    "name": "Require(7) node_modules/egg-watcher/config/config.default.js",
    "start": 1648546710711,
    "end": 1648546710711,
    "duration": 0,
    "pid": 41472,
    "index": 11
  },
  {
    "name": "Require(8) node_modules/egg-schedule/config/config.default.js",
    "start": 1648546710712,
    "end": 1648546710712,
    "duration": 0,
    "pid": 41472,
    "index": 12
  },
  {
    "name": "Require(9) node_modules/egg-multipart/config/config.default.js",
    "start": 1648546710712,
    "end": 1648546710712,
    "duration": 0,
    "pid": 41472,
    "index": 13
  },
  {
    "name": "Require(10) node_modules/egg-development/config/config.default.js",
    "start": 1648546710713,
    "end": 1648546710713,
    "duration": 0,
    "pid": 41472,
    "index": 14
  },
  {
    "name": "Require(11) node_modules/egg-logrotator/config/config.default.js",
    "start": 1648546710713,
    "end": 1648546710714,
    "duration": 1,
    "pid": 41472,
    "index": 15
  },
  {
    "name": "Require(12) node_modules/egg-static/config/config.default.js",
    "start": 1648546710714,
    "end": 1648546710714,
    "duration": 0,
    "pid": 41472,
    "index": 16
  },
  {
    "name": "Require(13) node_modules/egg-view/config/config.default.js",
    "start": 1648546710714,
    "end": 1648546710715,
    "duration": 1,
    "pid": 41472,
    "index": 17
  },
  {
    "name": "Require(14) node_modules/egg-mongoose/config/config.default.js",
    "start": 1648546710715,
    "end": 1648546710715,
    "duration": 0,
    "pid": 41472,
    "index": 18
  },
  {
    "name": "Require(15) node_modules/egg-validate/config/config.default.js",
    "start": 1648546710715,
    "end": 1648546710716,
    "duration": 1,
    "pid": 41472,
    "index": 19
  },
  {
    "name": "Require(16) node_modules/egg-cors/config/config.default.js",
    "start": 1648546710716,
    "end": 1648546710716,
    "duration": 0,
    "pid": 41472,
    "index": 20
  },
  {
    "name": "Require(17) node_modules/egg/config/config.default.js",
    "start": 1648546710716,
    "end": 1648546710716,
    "duration": 0,
    "pid": 41472,
    "index": 21
  },
  {
    "name": "Require(18) config/config.default.js",
    "start": 1648546710717,
    "end": 1648546710717,
    "duration": 0,
    "pid": 41472,
    "index": 22
  },
  {
    "name": "Require(19) node_modules/egg-security/config/config.local.js",
    "start": 1648546710718,
    "end": 1648546710719,
    "duration": 1,
    "pid": 41472,
    "index": 23
  },
  {
    "name": "Require(20) node_modules/egg-watcher/config/config.local.js",
    "start": 1648546710719,
    "end": 1648546710719,
    "duration": 0,
    "pid": 41472,
    "index": 24
  },
  {
    "name": "Require(21) node_modules/egg-view/config/config.local.js",
    "start": 1648546710720,
    "end": 1648546710720,
    "duration": 0,
    "pid": 41472,
    "index": 25
  },
  {
    "name": "Require(22) node_modules/egg/config/config.local.js",
    "start": 1648546710723,
    "end": 1648546710723,
    "duration": 0,
    "pid": 41472,
    "index": 26
  },
  {
    "name": "Require(23) config/config.local.js",
    "start": 1648546710723,
    "end": 1648546710723,
    "duration": 0,
    "pid": 41472,
    "index": 27
  },
  {
    "name": "Load extend/application.js",
    "start": 1648546710724,
    "end": 1648546710759,
    "duration": 35,
    "pid": 41472,
    "index": 28
  },
  {
    "name": "Require(24) node_modules/egg-session/app/extend/application.js",
    "start": 1648546710724,
    "end": 1648546710725,
    "duration": 1,
    "pid": 41472,
    "index": 29
  },
  {
    "name": "Require(25) node_modules/egg-security/app/extend/application.js",
    "start": 1648546710725,
    "end": 1648546710725,
    "duration": 0,
    "pid": 41472,
    "index": 30
  },
  {
    "name": "Require(26) node_modules/egg-jsonp/app/extend/application.js",
    "start": 1648546710726,
    "end": 1648546710726,
    "duration": 0,
    "pid": 41472,
    "index": 31
  },
  {
    "name": "Require(27) node_modules/egg-logrotator/app/extend/application.js",
    "start": 1648546710727,
    "end": 1648546710728,
    "duration": 1,
    "pid": 41472,
    "index": 32
  },
  {
    "name": "Require(28) node_modules/egg-view/app/extend/application.js",
    "start": 1648546710728,
    "end": 1648546710729,
    "duration": 1,
    "pid": 41472,
    "index": 33
  },
  {
    "name": "Require(29) app/extend/application.js",
    "start": 1648546710730,
    "end": 1648546710757,
    "duration": 27,
    "pid": 41472,
    "index": 34
  },
  {
    "name": "Load extend/request.js",
    "start": 1648546710759,
    "end": 1648546710762,
    "duration": 3,
    "pid": 41472,
    "index": 35
  },
  {
    "name": "Require(30) node_modules/egg/app/extend/request.js",
    "start": 1648546710760,
    "end": 1648546710760,
    "duration": 0,
    "pid": 41472,
    "index": 36
  },
  {
    "name": "Load extend/response.js",
    "start": 1648546710762,
    "end": 1648546710765,
    "duration": 3,
    "pid": 41472,
    "index": 37
  },
  {
    "name": "Require(31) node_modules/egg/app/extend/response.js",
    "start": 1648546710763,
    "end": 1648546710764,
    "duration": 1,
    "pid": 41472,
    "index": 38
  },
  {
    "name": "Load extend/context.js",
    "start": 1648546710765,
    "end": 1648546710822,
    "duration": 57,
    "pid": 41472,
    "index": 39
  },
  {
    "name": "Require(32) node_modules/egg-security/app/extend/context.js",
    "start": 1648546710766,
    "end": 1648546710770,
    "duration": 4,
    "pid": 41472,
    "index": 40
  },
  {
    "name": "Require(33) node_modules/egg-jsonp/app/extend/context.js",
    "start": 1648546710770,
    "end": 1648546710771,
    "duration": 1,
    "pid": 41472,
    "index": 41
  },
  {
    "name": "Require(34) node_modules/egg-i18n/app/extend/context.js",
    "start": 1648546710771,
    "end": 1648546710771,
    "duration": 0,
    "pid": 41472,
    "index": 42
  },
  {
    "name": "Require(35) node_modules/egg-multipart/app/extend/context.js",
    "start": 1648546710772,
    "end": 1648546710817,
    "duration": 45,
    "pid": 41472,
    "index": 43
  },
  {
    "name": "Require(36) node_modules/egg-view/app/extend/context.js",
    "start": 1648546710818,
    "end": 1648546710818,
    "duration": 0,
    "pid": 41472,
    "index": 44
  },
  {
    "name": "Require(37) node_modules/egg-mongoose/app/extend/context.js",
    "start": 1648546710819,
    "end": 1648546710819,
    "duration": 0,
    "pid": 41472,
    "index": 45
  },
  {
    "name": "Require(38) node_modules/egg-validate/app/extend/context.js",
    "start": 1648546710819,
    "end": 1648546710819,
    "duration": 0,
    "pid": 41472,
    "index": 46
  },
  {
    "name": "Require(39) node_modules/egg/app/extend/context.js",
    "start": 1648546710819,
    "end": 1648546710820,
    "duration": 1,
    "pid": 41472,
    "index": 47
  },
  {
    "name": "Load extend/helper.js",
    "start": 1648546710822,
    "end": 1648546710834,
    "duration": 12,
    "pid": 41472,
    "index": 48
  },
  {
    "name": "Require(40) node_modules/egg-security/app/extend/helper.js",
    "start": 1648546710822,
    "end": 1648546710830,
    "duration": 8,
    "pid": 41472,
    "index": 49
  },
  {
    "name": "Require(41) node_modules/egg/app/extend/helper.js",
    "start": 1648546710832,
    "end": 1648546710832,
    "duration": 0,
    "pid": 41472,
    "index": 50
  },
  {
    "name": "Require(42) app/extend/helper.js",
    "start": 1648546710832,
    "end": 1648546710832,
    "duration": 0,
    "pid": 41472,
    "index": 51
  },
  {
    "name": "Load app.js",
    "start": 1648546710834,
    "end": 1648546710856,
    "duration": 22,
    "pid": 41472,
    "index": 52
  },
  {
    "name": "Require(43) node_modules/egg-session/app.js",
    "start": 1648546710834,
    "end": 1648546710834,
    "duration": 0,
    "pid": 41472,
    "index": 53
  },
  {
    "name": "Require(44) node_modules/egg-security/app.js",
    "start": 1648546710834,
    "end": 1648546710835,
    "duration": 1,
    "pid": 41472,
    "index": 54
  },
  {
    "name": "Require(45) node_modules/egg-onerror/app.js",
    "start": 1648546710835,
    "end": 1648546710839,
    "duration": 4,
    "pid": 41472,
    "index": 55
  },
  {
    "name": "Require(46) node_modules/egg-i18n/app.js",
    "start": 1648546710840,
    "end": 1648546710849,
    "duration": 9,
    "pid": 41472,
    "index": 56
  },
  {
    "name": "Require(47) node_modules/egg-watcher/app.js",
    "start": 1648546710849,
    "end": 1648546710851,
    "duration": 2,
    "pid": 41472,
    "index": 57
  },
  {
    "name": "Require(48) node_modules/egg-schedule/app.js",
    "start": 1648546710851,
    "end": 1648546710852,
    "duration": 1,
    "pid": 41472,
    "index": 58
  },
  {
    "name": "Require(49) node_modules/egg-multipart/app.js",
    "start": 1648546710852,
    "end": 1648546710852,
    "duration": 0,
    "pid": 41472,
    "index": 59
  },
  {
    "name": "Require(50) node_modules/egg-development/app.js",
    "start": 1648546710853,
    "end": 1648546710853,
    "duration": 0,
    "pid": 41472,
    "index": 60
  },
  {
    "name": "Require(51) node_modules/egg-logrotator/app.js",
    "start": 1648546710853,
    "end": 1648546710853,
    "duration": 0,
    "pid": 41472,
    "index": 61
  },
  {
    "name": "Require(52) node_modules/egg-static/app.js",
    "start": 1648546710853,
    "end": 1648546710853,
    "duration": 0,
    "pid": 41472,
    "index": 62
  },
  {
    "name": "Require(53) node_modules/egg-mongoose/app.js",
    "start": 1648546710854,
    "end": 1648546710854,
    "duration": 0,
    "pid": 41472,
    "index": 63
  },
  {
    "name": "Require(54) node_modules/egg-validate/app.js",
    "start": 1648546710854,
    "end": 1648546710855,
    "duration": 1,
    "pid": 41472,
    "index": 64
  },
  {
    "name": "Require(55) node_modules/egg-cors/app.js",
    "start": 1648546710855,
    "end": 1648546710855,
    "duration": 0,
    "pid": 41472,
    "index": 65
  },
  {
    "name": "Before Start in node_modules/egg-watcher/lib/init.js:15:14",
    "start": 1648546710862,
    "end": 1648546711283,
    "duration": 421,
    "pid": 41472,
    "index": 66
  },
  {
    "name": "Before Start in node_modules/egg-mongoose/lib/mongoose.js:104:7",
    "start": 1648546711166,
    "end": 1648546711282,
    "duration": 116,
    "pid": 41472,
    "index": 67
  },
  {
    "name": "Before Start in node_modules/egg-mongoose/lib/mongoose.js:52:9",
    "start": 1648546711167,
    "end": 1648546711271,
    "duration": 104,
    "pid": 41472,
    "index": 68
  },
  {
    "name": "Load Service",
    "start": 1648546711167,
    "end": 1648546711186,
    "duration": 19,
    "pid": 41472,
    "index": 69
  },
  {
    "name": "Load \"service\" to Context",
    "start": 1648546711167,
    "end": 1648546711186,
    "duration": 19,
    "pid": 41472,
    "index": 70
  },
  {
    "name": "Load Middleware",
    "start": 1648546711186,
    "end": 1648546711249,
    "duration": 63,
    "pid": 41472,
    "index": 71
  },
  {
    "name": "Load \"middlewares\" to Application",
    "start": 1648546711186,
    "end": 1648546711243,
    "duration": 57,
    "pid": 41472,
    "index": 72
  },
  {
    "name": "Load Controller",
    "start": 1648546711249,
    "end": 1648546711252,
    "duration": 3,
    "pid": 41472,
    "index": 73
  },
  {
    "name": "Load \"controller\" to Application",
    "start": 1648546711249,
    "end": 1648546711252,
    "duration": 3,
    "pid": 41472,
    "index": 74
  },
  {
    "name": "Load Router",
    "start": 1648546711252,
    "end": 1648546711253,
    "duration": 1,
    "pid": 41472,
    "index": 75
  },
  {
    "name": "Require(56) app/router.js",
    "start": 1648546711252,
    "end": 1648546711252,
    "duration": 0,
    "pid": 41472,
    "index": 76
  },
  {
    "name": "Before Start in node_modules/egg-core/lib/egg.js:303:10",
    "start": 1648546711252,
    "end": 1648546711271,
    "duration": 19,
    "pid": 41472,
    "index": 77
  },
  {
    "name": "Load \"model\" to Application",
    "start": 1648546711259,
    "end": 1648546711271,
    "duration": 12,
    "pid": 41472,
    "index": 78
  }
]