[
  {
    "name": "Process Start",
    "start": 1648525837873,
    "end": 1648525838890,
    "duration": 1017,
    "pid": 22832,
    "index": 0
  },
  {
    "name": "Application Start",
    "start": 1648525838891,
    "end": 1648525839762,
    "duration": 871,
    "pid": 22832,
    "index": 1
  },
  {
    "name": "Load Plugin",
    "start": 1648525838895,
    "end": 1648525838912,
    "duration": 17,
    "pid": 22832,
    "index": 2
  },
  {
    "name": "Load Config",
    "start": 1648525838912,
    "end": 1648525838939,
    "duration": 27,
    "pid": 22832,
    "index": 3
  },
  {
    "name": "Require(0) config/config.default.js",
    "start": 1648525838913,
    "end": 1648525838913,
    "duration": 0,
    "pid": 22832,
    "index": 4
  },
  {
    "name": "Require(1) config/config.local.js",
    "start": 1648525838914,
    "end": 1648525838915,
    "duration": 1,
    "pid": 22832,
    "index": 5
  },
  {
    "name": "Require(2) node_modules/egg-session/config/config.default.js",
    "start": 1648525838916,
    "end": 1648525838917,
    "duration": 1,
    "pid": 22832,
    "index": 6
  },
  {
    "name": "Require(3) node_modules/egg-security/config/config.default.js",
    "start": 1648525838917,
    "end": 1648525838917,
    "duration": 0,
    "pid": 22832,
    "index": 7
  },
  {
    "name": "Require(4) node_modules/egg-jsonp/config/config.default.js",
    "start": 1648525838918,
    "end": 1648525838919,
    "duration": 1,
    "pid": 22832,
    "index": 8
  },
  {
    "name": "Require(5) node_modules/egg-onerror/config/config.default.js",
    "start": 1648525838919,
    "end": 1648525838919,
    "duration": 0,
    "pid": 22832,
    "index": 9
  },
  {
    "name": "Require(6) node_modules/egg-i18n/config/config.default.js",
    "start": 1648525838920,
    "end": 1648525838920,
    "duration": 0,
    "pid": 22832,
    "index": 10
  },
  {
    "name": "Require(7) node_modules/egg-watcher/config/config.default.js",
    "start": 1648525838921,
    "end": 1648525838921,
    "duration": 0,
    "pid": 22832,
    "index": 11
  },
  {
    "name": "Require(8) node_modules/egg-schedule/config/config.default.js",
    "start": 1648525838922,
    "end": 1648525838922,
    "duration": 0,
    "pid": 22832,
    "index": 12
  },
  {
    "name": "Require(9) node_modules/egg-multipart/config/config.default.js",
    "start": 1648525838923,
    "end": 1648525838923,
    "duration": 0,
    "pid": 22832,
    "index": 13
  },
  {
    "name": "Require(10) node_modules/egg-development/config/config.default.js",
    "start": 1648525838924,
    "end": 1648525838924,
    "duration": 0,
    "pid": 22832,
    "index": 14
  },
  {
    "name": "Require(11) node_modules/egg-logrotator/config/config.default.js",
    "start": 1648525838924,
    "end": 1648525838925,
    "duration": 1,
    "pid": 22832,
    "index": 15
  },
  {
    "name": "Require(12) node_modules/egg-static/config/config.default.js",
    "start": 1648525838925,
    "end": 1648525838925,
    "duration": 0,
    "pid": 22832,
    "index": 16
  },
  {
    "name": "Require(13) node_modules/egg-view/config/config.default.js",
    "start": 1648525838926,
    "end": 1648525838926,
    "duration": 0,
    "pid": 22832,
    "index": 17
  },
  {
    "name": "Require(14) node_modules/egg-mongoose/config/config.default.js",
    "start": 1648525838927,
    "end": 1648525838927,
    "duration": 0,
    "pid": 22832,
    "index": 18
  },
  {
    "name": "Require(15) node_modules/egg-validate/config/config.default.js",
    "start": 1648525838928,
    "end": 1648525838928,
    "duration": 0,
    "pid": 22832,
    "index": 19
  },
  {
    "name": "Require(16) node_modules/egg-cors/config/config.default.js",
    "start": 1648525838928,
    "end": 1648525838928,
    "duration": 0,
    "pid": 22832,
    "index": 20
  },
  {
    "name": "Require(17) node_modules/egg/config/config.default.js",
    "start": 1648525838929,
    "end": 1648525838929,
    "duration": 0,
    "pid": 22832,
    "index": 21
  },
  {
    "name": "Require(18) config/config.default.js",
    "start": 1648525838931,
    "end": 1648525838931,
    "duration": 0,
    "pid": 22832,
    "index": 22
  },
  {
    "name": "Require(19) node_modules/egg-security/config/config.local.js",
    "start": 1648525838933,
    "end": 1648525838935,
    "duration": 2,
    "pid": 22832,
    "index": 23
  },
  {
    "name": "Require(20) node_modules/egg-watcher/config/config.local.js",
    "start": 1648525838936,
    "end": 1648525838936,
    "duration": 0,
    "pid": 22832,
    "index": 24
  },
  {
    "name": "Require(21) node_modules/egg-view/config/config.local.js",
    "start": 1648525838937,
    "end": 1648525838938,
    "duration": 1,
    "pid": 22832,
    "index": 25
  },
  {
    "name": "Require(22) node_modules/egg/config/config.local.js",
    "start": 1648525838938,
    "end": 1648525838939,
    "duration": 1,
    "pid": 22832,
    "index": 26
  },
  {
    "name": "Require(23) config/config.local.js",
    "start": 1648525838939,
    "end": 1648525838939,
    "duration": 0,
    "pid": 22832,
    "index": 27
  },
  {
    "name": "Load extend/application.js",
    "start": 1648525838940,
    "end": 1648525838995,
    "duration": 55,
    "pid": 22832,
    "index": 28
  },
  {
    "name": "Require(24) node_modules/egg-session/app/extend/application.js",
    "start": 1648525838940,
    "end": 1648525838941,
    "duration": 1,
    "pid": 22832,
    "index": 29
  },
  {
    "name": "Require(25) node_modules/egg-security/app/extend/application.js",
    "start": 1648525838942,
    "end": 1648525838943,
    "duration": 1,
    "pid": 22832,
    "index": 30
  },
  {
    "name": "Require(26) node_modules/egg-jsonp/app/extend/application.js",
    "start": 1648525838943,
    "end": 1648525838944,
    "duration": 1,
    "pid": 22832,
    "index": 31
  },
  {
    "name": "Require(27) node_modules/egg-logrotator/app/extend/application.js",
    "start": 1648525838945,
    "end": 1648525838947,
    "duration": 2,
    "pid": 22832,
    "index": 32
  },
  {
    "name": "Require(28) node_modules/egg-view/app/extend/application.js",
    "start": 1648525838947,
    "end": 1648525838948,
    "duration": 1,
    "pid": 22832,
    "index": 33
  },
  {
    "name": "Require(29) app/extend/application.js",
    "start": 1648525838949,
    "end": 1648525838993,
    "duration": 44,
    "pid": 22832,
    "index": 34
  },
  {
    "name": "Load extend/request.js",
    "start": 1648525838995,
    "end": 1648525839001,
    "duration": 6,
    "pid": 22832,
    "index": 35
  },
  {
    "name": "Require(30) node_modules/egg/app/extend/request.js",
    "start": 1648525838998,
    "end": 1648525838999,
    "duration": 1,
    "pid": 22832,
    "index": 36
  },
  {
    "name": "Load extend/response.js",
    "start": 1648525839001,
    "end": 1648525839006,
    "duration": 5,
    "pid": 22832,
    "index": 37
  },
  {
    "name": "Require(31) node_modules/egg/app/extend/response.js",
    "start": 1648525839003,
    "end": 1648525839004,
    "duration": 1,
    "pid": 22832,
    "index": 38
  },
  {
    "name": "Load extend/context.js",
    "start": 1648525839006,
    "end": 1648525839074,
    "duration": 68,
    "pid": 22832,
    "index": 39
  },
  {
    "name": "Require(32) node_modules/egg-security/app/extend/context.js",
    "start": 1648525839007,
    "end": 1648525839012,
    "duration": 5,
    "pid": 22832,
    "index": 40
  },
  {
    "name": "Require(33) node_modules/egg-jsonp/app/extend/context.js",
    "start": 1648525839013,
    "end": 1648525839013,
    "duration": 0,
    "pid": 22832,
    "index": 41
  },
  {
    "name": "Require(34) node_modules/egg-i18n/app/extend/context.js",
    "start": 1648525839014,
    "end": 1648525839014,
    "duration": 0,
    "pid": 22832,
    "index": 42
  },
  {
    "name": "Require(35) node_modules/egg-multipart/app/extend/context.js",
    "start": 1648525839015,
    "end": 1648525839063,
    "duration": 48,
    "pid": 22832,
    "index": 43
  },
  {
    "name": "Require(36) node_modules/egg-view/app/extend/context.js",
    "start": 1648525839064,
    "end": 1648525839066,
    "duration": 2,
    "pid": 22832,
    "index": 44
  },
  {
    "name": "Require(37) node_modules/egg-mongoose/app/extend/context.js",
    "start": 1648525839066,
    "end": 1648525839066,
    "duration": 0,
    "pid": 22832,
    "index": 45
  },
  {
    "name": "Require(38) node_modules/egg-validate/app/extend/context.js",
    "start": 1648525839067,
    "end": 1648525839068,
    "duration": 1,
    "pid": 22832,
    "index": 46
  },
  {
    "name": "Require(39) node_modules/egg/app/extend/context.js",
    "start": 1648525839069,
    "end": 1648525839070,
    "duration": 1,
    "pid": 22832,
    "index": 47
  },
  {
    "name": "Load extend/helper.js",
    "start": 1648525839074,
    "end": 1648525839098,
    "duration": 24,
    "pid": 22832,
    "index": 48
  },
  {
    "name": "Require(40) node_modules/egg-security/app/extend/helper.js",
    "start": 1648525839074,
    "end": 1648525839093,
    "duration": 19,
    "pid": 22832,
    "index": 49
  },
  {
    "name": "Require(41) node_modules/egg/app/extend/helper.js",
    "start": 1648525839095,
    "end": 1648525839096,
    "duration": 1,
    "pid": 22832,
    "index": 50
  },
  {
    "name": "Require(42) app/extend/helper.js",
    "start": 1648525839096,
    "end": 1648525839096,
    "duration": 0,
    "pid": 22832,
    "index": 51
  },
  {
    "name": "Load app.js",
    "start": 1648525839098,
    "end": 1648525839133,
    "duration": 35,
    "pid": 22832,
    "index": 52
  },
  {
    "name": "Require(43) node_modules/egg-session/app.js",
    "start": 1648525839099,
    "end": 1648525839099,
    "duration": 0,
    "pid": 22832,
    "index": 53
  },
  {
    "name": "Require(44) node_modules/egg-security/app.js",
    "start": 1648525839099,
    "end": 1648525839100,
    "duration": 1,
    "pid": 22832,
    "index": 54
  },
  {
    "name": "Require(45) node_modules/egg-onerror/app.js",
    "start": 1648525839101,
    "end": 1648525839108,
    "duration": 7,
    "pid": 22832,
    "index": 55
  },
  {
    "name": "Require(46) node_modules/egg-i18n/app.js",
    "start": 1648525839108,
    "end": 1648525839123,
    "duration": 15,
    "pid": 22832,
    "index": 56
  },
  {
    "name": "Require(47) node_modules/egg-watcher/app.js",
    "start": 1648525839124,
    "end": 1648525839126,
    "duration": 2,
    "pid": 22832,
    "index": 57
  },
  {
    "name": "Require(48) node_modules/egg-schedule/app.js",
    "start": 1648525839126,
    "end": 1648525839128,
    "duration": 2,
    "pid": 22832,
    "index": 58
  },
  {
    "name": "Require(49) node_modules/egg-multipart/app.js",
    "start": 1648525839128,
    "end": 1648525839128,
    "duration": 0,
    "pid": 22832,
    "index": 59
  },
  {
    "name": "Require(50) node_modules/egg-development/app.js",
    "start": 1648525839128,
    "end": 1648525839129,
    "duration": 1,
    "pid": 22832,
    "index": 60
  },
  {
    "name": "Require(51) node_modules/egg-logrotator/app.js",
    "start": 1648525839129,
    "end": 1648525839129,
    "duration": 0,
    "pid": 22832,
    "index": 61
  },
  {
    "name": "Require(52) node_modules/egg-static/app.js",
    "start": 1648525839129,
    "end": 1648525839130,
    "duration": 1,
    "pid": 22832,
    "index": 62
  },
  {
    "name": "Require(53) node_modules/egg-mongoose/app.js",
    "start": 1648525839130,
    "end": 1648525839130,
    "duration": 0,
    "pid": 22832,
    "index": 63
  },
  {
    "name": "Require(54) node_modules/egg-validate/app.js",
    "start": 1648525839130,
    "end": 1648525839132,
    "duration": 2,
    "pid": 22832,
    "index": 64
  },
  {
    "name": "Require(55) node_modules/egg-cors/app.js",
    "start": 1648525839132,
    "end": 1648525839132,
    "duration": 0,
    "pid": 22832,
    "index": 65
  },
  {
    "name": "Before Start in node_modules/egg-watcher/lib/init.js:15:14",
    "start": 1648525839142,
    "end": 1648525839761,
    "duration": 619,
    "pid": 22832,
    "index": 66
  },
  {
    "name": "Before Start in node_modules/egg-mongoose/lib/mongoose.js:104:7",
    "start": 1648525839537,
    "end": 1648525839759,
    "duration": 222,
    "pid": 22832,
    "index": 67
  },
  {
    "name": "Before Start in node_modules/egg-mongoose/lib/mongoose.js:52:9",
    "start": 1648525839537,
    "end": 1648525839740,
    "duration": 203,
    "pid": 22832,
    "index": 68
  },
  {
    "name": "Load Service",
    "start": 1648525839538,
    "end": 1648525839576,
    "duration": 38,
    "pid": 22832,
    "index": 69
  },
  {
    "name": "Load \"service\" to Context",
    "start": 1648525839538,
    "end": 1648525839576,
    "duration": 38,
    "pid": 22832,
    "index": 70
  },
  {
    "name": "Load Middleware",
    "start": 1648525839576,
    "end": 1648525839699,
    "duration": 123,
    "pid": 22832,
    "index": 71
  },
  {
    "name": "Load \"middlewares\" to Application",
    "start": 1648525839576,
    "end": 1648525839685,
    "duration": 109,
    "pid": 22832,
    "index": 72
  },
  {
    "name": "Load Controller",
    "start": 1648525839699,
    "end": 1648525839704,
    "duration": 5,
    "pid": 22832,
    "index": 73
  },
  {
    "name": "Load \"controller\" to Application",
    "start": 1648525839699,
    "end": 1648525839704,
    "duration": 5,
    "pid": 22832,
    "index": 74
  },
  {
    "name": "Load Router",
    "start": 1648525839704,
    "end": 1648525839707,
    "duration": 3,
    "pid": 22832,
    "index": 75
  },
  {
    "name": "Require(56) app/router.js",
    "start": 1648525839704,
    "end": 1648525839704,
    "duration": 0,
    "pid": 22832,
    "index": 76
  },
  {
    "name": "Before Start in node_modules/egg-core/lib/egg.js:303:10",
    "start": 1648525839705,
    "end": 1648525839740,
    "duration": 35,
    "pid": 22832,
    "index": 77
  },
  {
    "name": "Load \"model\" to Application",
    "start": 1648525839716,
    "end": 1648525839740,
    "duration": 24,
    "pid": 22832,
    "index": 78
  }
]