[
  {
    "name": "Process Start",
    "start": 1648457254144,
    "end": 1648457254888,
    "duration": 744,
    "pid": 37004,
    "index": 0
  },
  {
    "name": "Application Start",
    "start": 1648457254889,
    "end": 1648457255413,
    "duration": 524,
    "pid": 37004,
    "index": 1
  },
  {
    "name": "Load Plugin",
    "start": 1648457254891,
    "end": 1648457254901,
    "duration": 10,
    "pid": 37004,
    "index": 2
  },
  {
    "name": "Load Config",
    "start": 1648457254901,
    "end": 1648457254915,
    "duration": 14,
    "pid": 37004,
    "index": 3
  },
  {
    "name": "Require(0) config/config.default.js",
    "start": 1648457254902,
    "end": 1648457254902,
    "duration": 0,
    "pid": 37004,
    "index": 4
  },
  {
    "name": "Require(1) node_modules/egg-session/config/config.default.js",
    "start": 1648457254903,
    "end": 1648457254903,
    "duration": 0,
    "pid": 37004,
    "index": 5
  },
  {
    "name": "Require(2) node_modules/egg-security/config/config.default.js",
    "start": 1648457254903,
    "end": 1648457254903,
    "duration": 0,
    "pid": 37004,
    "index": 6
  },
  {
    "name": "Require(3) node_modules/egg-jsonp/config/config.default.js",
    "start": 1648457254904,
    "end": 1648457254904,
    "duration": 0,
    "pid": 37004,
    "index": 7
  },
  {
    "name": "Require(4) node_modules/egg-onerror/config/config.default.js",
    "start": 1648457254904,
    "end": 1648457254905,
    "duration": 1,
    "pid": 37004,
    "index": 8
  },
  {
    "name": "Require(5) node_modules/egg-i18n/config/config.default.js",
    "start": 1648457254905,
    "end": 1648457254905,
    "duration": 0,
    "pid": 37004,
    "index": 9
  },
  {
    "name": "Require(6) node_modules/egg-watcher/config/config.default.js",
    "start": 1648457254906,
    "end": 1648457254906,
    "duration": 0,
    "pid": 37004,
    "index": 10
  },
  {
    "name": "Require(7) node_modules/egg-schedule/config/config.default.js",
    "start": 1648457254906,
    "end": 1648457254906,
    "duration": 0,
    "pid": 37004,
    "index": 11
  },
  {
    "name": "Require(8) node_modules/egg-multipart/config/config.default.js",
    "start": 1648457254907,
    "end": 1648457254907,
    "duration": 0,
    "pid": 37004,
    "index": 12
  },
  {
    "name": "Require(9) node_modules/egg-development/config/config.default.js",
    "start": 1648457254907,
    "end": 1648457254907,
    "duration": 0,
    "pid": 37004,
    "index": 13
  },
  {
    "name": "Require(10) node_modules/egg-logrotator/config/config.default.js",
    "start": 1648457254908,
    "end": 1648457254908,
    "duration": 0,
    "pid": 37004,
    "index": 14
  },
  {
    "name": "Require(11) node_modules/egg-static/config/config.default.js",
    "start": 1648457254908,
    "end": 1648457254908,
    "duration": 0,
    "pid": 37004,
    "index": 15
  },
  {
    "name": "Require(12) node_modules/egg-view/config/config.default.js",
    "start": 1648457254909,
    "end": 1648457254909,
    "duration": 0,
    "pid": 37004,
    "index": 16
  },
  {
    "name": "Require(13) node_modules/egg-mongoose/config/config.default.js",
    "start": 1648457254909,
    "end": 1648457254909,
    "duration": 0,
    "pid": 37004,
    "index": 17
  },
  {
    "name": "Require(14) node_modules/egg-validate/config/config.default.js",
    "start": 1648457254910,
    "end": 1648457254910,
    "duration": 0,
    "pid": 37004,
    "index": 18
  },
  {
    "name": "Require(15) node_modules/egg-cors/config/config.default.js",
    "start": 1648457254910,
    "end": 1648457254910,
    "duration": 0,
    "pid": 37004,
    "index": 19
  },
  {
    "name": "Require(16) node_modules/egg/config/config.default.js",
    "start": 1648457254911,
    "end": 1648457254911,
    "duration": 0,
    "pid": 37004,
    "index": 20
  },
  {
    "name": "Require(17) config/config.default.js",
    "start": 1648457254912,
    "end": 1648457254912,
    "duration": 0,
    "pid": 37004,
    "index": 21
  },
  {
    "name": "Require(18) node_modules/egg-security/config/config.local.js",
    "start": 1648457254912,
    "end": 1648457254912,
    "duration": 0,
    "pid": 37004,
    "index": 22
  },
  {
    "name": "Require(19) node_modules/egg-watcher/config/config.local.js",
    "start": 1648457254913,
    "end": 1648457254914,
    "duration": 1,
    "pid": 37004,
    "index": 23
  },
  {
    "name": "Require(20) node_modules/egg-view/config/config.local.js",
    "start": 1648457254914,
    "end": 1648457254914,
    "duration": 0,
    "pid": 37004,
    "index": 24
  },
  {
    "name": "Require(21) node_modules/egg/config/config.local.js",
    "start": 1648457254915,
    "end": 1648457254915,
    "duration": 0,
    "pid": 37004,
    "index": 25
  },
  {
    "name": "Load extend/application.js",
    "start": 1648457254916,
    "end": 1648457254957,
    "duration": 41,
    "pid": 37004,
    "index": 26
  },
  {
    "name": "Require(22) node_modules/egg-session/app/extend/application.js",
    "start": 1648457254916,
    "end": 1648457254916,
    "duration": 0,
    "pid": 37004,
    "index": 27
  },
  {
    "name": "Require(23) node_modules/egg-security/app/extend/application.js",
    "start": 1648457254917,
    "end": 1648457254917,
    "duration": 0,
    "pid": 37004,
    "index": 28
  },
  {
    "name": "Require(24) node_modules/egg-jsonp/app/extend/application.js",
    "start": 1648457254918,
    "end": 1648457254918,
    "duration": 0,
    "pid": 37004,
    "index": 29
  },
  {
    "name": "Require(25) node_modules/egg-logrotator/app/extend/application.js",
    "start": 1648457254919,
    "end": 1648457254920,
    "duration": 1,
    "pid": 37004,
    "index": 30
  },
  {
    "name": "Require(26) node_modules/egg-view/app/extend/application.js",
    "start": 1648457254921,
    "end": 1648457254921,
    "duration": 0,
    "pid": 37004,
    "index": 31
  },
  {
    "name": "Require(27) app/extend/application.js",
    "start": 1648457254922,
    "end": 1648457254955,
    "duration": 33,
    "pid": 37004,
    "index": 32
  },
  {
    "name": "Load extend/request.js",
    "start": 1648457254957,
    "end": 1648457254960,
    "duration": 3,
    "pid": 37004,
    "index": 33
  },
  {
    "name": "Require(28) node_modules/egg/app/extend/request.js",
    "start": 1648457254958,
    "end": 1648457254959,
    "duration": 1,
    "pid": 37004,
    "index": 34
  },
  {
    "name": "Load extend/response.js",
    "start": 1648457254960,
    "end": 1648457254964,
    "duration": 4,
    "pid": 37004,
    "index": 35
  },
  {
    "name": "Require(29) node_modules/egg/app/extend/response.js",
    "start": 1648457254962,
    "end": 1648457254962,
    "duration": 0,
    "pid": 37004,
    "index": 36
  },
  {
    "name": "Load extend/context.js",
    "start": 1648457254964,
    "end": 1648457255002,
    "duration": 38,
    "pid": 37004,
    "index": 37
  },
  {
    "name": "Require(30) node_modules/egg-security/app/extend/context.js",
    "start": 1648457254964,
    "end": 1648457254968,
    "duration": 4,
    "pid": 37004,
    "index": 38
  },
  {
    "name": "Require(31) node_modules/egg-jsonp/app/extend/context.js",
    "start": 1648457254968,
    "end": 1648457254969,
    "duration": 1,
    "pid": 37004,
    "index": 39
  },
  {
    "name": "Require(32) node_modules/egg-i18n/app/extend/context.js",
    "start": 1648457254969,
    "end": 1648457254970,
    "duration": 1,
    "pid": 37004,
    "index": 40
  },
  {
    "name": "Require(33) node_modules/egg-multipart/app/extend/context.js",
    "start": 1648457254970,
    "end": 1648457254998,
    "duration": 28,
    "pid": 37004,
    "index": 41
  },
  {
    "name": "Require(34) node_modules/egg-view/app/extend/context.js",
    "start": 1648457254998,
    "end": 1648457254999,
    "duration": 1,
    "pid": 37004,
    "index": 42
  },
  {
    "name": "Require(35) node_modules/egg-mongoose/app/extend/context.js",
    "start": 1648457254999,
    "end": 1648457254999,
    "duration": 0,
    "pid": 37004,
    "index": 43
  },
  {
    "name": "Require(36) node_modules/egg-validate/app/extend/context.js",
    "start": 1648457254999,
    "end": 1648457255000,
    "duration": 1,
    "pid": 37004,
    "index": 44
  },
  {
    "name": "Require(37) node_modules/egg/app/extend/context.js",
    "start": 1648457255000,
    "end": 1648457255000,
    "duration": 0,
    "pid": 37004,
    "index": 45
  },
  {
    "name": "Load extend/helper.js",
    "start": 1648457255002,
    "end": 1648457255014,
    "duration": 12,
    "pid": 37004,
    "index": 46
  },
  {
    "name": "Require(38) node_modules/egg-security/app/extend/helper.js",
    "start": 1648457255002,
    "end": 1648457255011,
    "duration": 9,
    "pid": 37004,
    "index": 47
  },
  {
    "name": "Require(39) node_modules/egg/app/extend/helper.js",
    "start": 1648457255012,
    "end": 1648457255013,
    "duration": 1,
    "pid": 37004,
    "index": 48
  },
  {
    "name": "Require(40) app/extend/helper.js",
    "start": 1648457255013,
    "end": 1648457255013,
    "duration": 0,
    "pid": 37004,
    "index": 49
  },
  {
    "name": "Load app.js",
    "start": 1648457255015,
    "end": 1648457255039,
    "duration": 24,
    "pid": 37004,
    "index": 50
  },
  {
    "name": "Require(41) node_modules/egg-session/app.js",
    "start": 1648457255015,
    "end": 1648457255015,
    "duration": 0,
    "pid": 37004,
    "index": 51
  },
  {
    "name": "Require(42) node_modules/egg-security/app.js",
    "start": 1648457255015,
    "end": 1648457255016,
    "duration": 1,
    "pid": 37004,
    "index": 52
  },
  {
    "name": "Require(43) node_modules/egg-onerror/app.js",
    "start": 1648457255016,
    "end": 1648457255021,
    "duration": 5,
    "pid": 37004,
    "index": 53
  },
  {
    "name": "Require(44) node_modules/egg-i18n/app.js",
    "start": 1648457255021,
    "end": 1648457255031,
    "duration": 10,
    "pid": 37004,
    "index": 54
  },
  {
    "name": "Require(45) node_modules/egg-watcher/app.js",
    "start": 1648457255031,
    "end": 1648457255033,
    "duration": 2,
    "pid": 37004,
    "index": 55
  },
  {
    "name": "Require(46) node_modules/egg-schedule/app.js",
    "start": 1648457255033,
    "end": 1648457255034,
    "duration": 1,
    "pid": 37004,
    "index": 56
  },
  {
    "name": "Require(47) node_modules/egg-multipart/app.js",
    "start": 1648457255034,
    "end": 1648457255035,
    "duration": 1,
    "pid": 37004,
    "index": 57
  },
  {
    "name": "Require(48) node_modules/egg-development/app.js",
    "start": 1648457255035,
    "end": 1648457255035,
    "duration": 0,
    "pid": 37004,
    "index": 58
  },
  {
    "name": "Require(49) node_modules/egg-logrotator/app.js",
    "start": 1648457255035,
    "end": 1648457255036,
    "duration": 1,
    "pid": 37004,
    "index": 59
  },
  {
    "name": "Require(50) node_modules/egg-static/app.js",
    "start": 1648457255036,
    "end": 1648457255036,
    "duration": 0,
    "pid": 37004,
    "index": 60
  },
  {
    "name": "Require(51) node_modules/egg-mongoose/app.js",
    "start": 1648457255036,
    "end": 1648457255036,
    "duration": 0,
    "pid": 37004,
    "index": 61
  },
  {
    "name": "Require(52) node_modules/egg-validate/app.js",
    "start": 1648457255037,
    "end": 1648457255038,
    "duration": 1,
    "pid": 37004,
    "index": 62
  },
  {
    "name": "Require(53) node_modules/egg-cors/app.js",
    "start": 1648457255038,
    "end": 1648457255038,
    "duration": 0,
    "pid": 37004,
    "index": 63
  },
  {
    "name": "Before Start in node_modules/egg-watcher/lib/init.js:15:14",
    "start": 1648457255045,
    "end": 1648457255413,
    "duration": 368,
    "pid": 37004,
    "index": 64
  },
  {
    "name": "Before Start in node_modules/egg-mongoose/lib/mongoose.js:104:7",
    "start": 1648457255295,
    "end": 1648457255412,
    "duration": 117,
    "pid": 37004,
    "index": 65
  },
  {
    "name": "Before Start in node_modules/egg-mongoose/lib/mongoose.js:52:9",
    "start": 1648457255295,
    "end": 1648457255401,
    "duration": 106,
    "pid": 37004,
    "index": 66
  },
  {
    "name": "Load Service",
    "start": 1648457255295,
    "end": 1648457255315,
    "duration": 20,
    "pid": 37004,
    "index": 67
  },
  {
    "name": "Load \"service\" to Context",
    "start": 1648457255295,
    "end": 1648457255315,
    "duration": 20,
    "pid": 37004,
    "index": 68
  },
  {
    "name": "Load Middleware",
    "start": 1648457255315,
    "end": 1648457255378,
    "duration": 63,
    "pid": 37004,
    "index": 69
  },
  {
    "name": "Load \"middlewares\" to Application",
    "start": 1648457255315,
    "end": 1648457255372,
    "duration": 57,
    "pid": 37004,
    "index": 70
  },
  {
    "name": "Load Controller",
    "start": 1648457255378,
    "end": 1648457255380,
    "duration": 2,
    "pid": 37004,
    "index": 71
  },
  {
    "name": "Load \"controller\" to Application",
    "start": 1648457255378,
    "end": 1648457255380,
    "duration": 2,
    "pid": 37004,
    "index": 72
  },
  {
    "name": "Load Router",
    "start": 1648457255380,
    "end": 1648457255384,
    "duration": 4,
    "pid": 37004,
    "index": 73
  },
  {
    "name": "Require(54) app/router.js",
    "start": 1648457255382,
    "end": 1648457255382,
    "duration": 0,
    "pid": 37004,
    "index": 74
  },
  {
    "name": "Before Start in node_modules/egg-core/lib/egg.js:303:10",
    "start": 1648457255382,
    "end": 1648457255401,
    "duration": 19,
    "pid": 37004,
    "index": 75
  },
  {
    "name": "Load \"model\" to Application",
    "start": 1648457255389,
    "end": 1648457255401,
    "duration": 12,
    "pid": 37004,
    "index": 76
  }
]