[
  {
    "name": "Process Start",
    "start": 1648546079480,
    "end": 1648546080164,
    "duration": 684,
    "pid": 31440,
    "index": 0
  },
  {
    "name": "Application Start",
    "start": 1648546080164,
    "end": 1648546080723,
    "duration": 559,
    "pid": 31440,
    "index": 1
  },
  {
    "name": "Load Plugin",
    "start": 1648546080167,
    "end": 1648546080177,
    "duration": 10,
    "pid": 31440,
    "index": 2
  },
  {
    "name": "Load Config",
    "start": 1648546080177,
    "end": 1648546080193,
    "duration": 16,
    "pid": 31440,
    "index": 3
  },
  {
    "name": "Require(0) config/config.default.js",
    "start": 1648546080178,
    "end": 1648546080178,
    "duration": 0,
    "pid": 31440,
    "index": 4
  },
  {
    "name": "Require(1) config/config.local.js",
    "start": 1648546080179,
    "end": 1648546080179,
    "duration": 0,
    "pid": 31440,
    "index": 5
  },
  {
    "name": "Require(2) node_modules/egg-session/config/config.default.js",
    "start": 1648546080180,
    "end": 1648546080180,
    "duration": 0,
    "pid": 31440,
    "index": 6
  },
  {
    "name": "Require(3) node_modules/egg-security/config/config.default.js",
    "start": 1648546080180,
    "end": 1648546080180,
    "duration": 0,
    "pid": 31440,
    "index": 7
  },
  {
    "name": "Require(4) node_modules/egg-jsonp/config/config.default.js",
    "start": 1648546080181,
    "end": 1648546080181,
    "duration": 0,
    "pid": 31440,
    "index": 8
  },
  {
    "name": "Require(5) node_modules/egg-onerror/config/config.default.js",
    "start": 1648546080181,
    "end": 1648546080182,
    "duration": 1,
    "pid": 31440,
    "index": 9
  },
  {
    "name": "Require(6) node_modules/egg-i18n/config/config.default.js",
    "start": 1648546080182,
    "end": 1648546080182,
    "duration": 0,
    "pid": 31440,
    "index": 10
  },
  {
    "name": "Require(7) node_modules/egg-watcher/config/config.default.js",
    "start": 1648546080183,
    "end": 1648546080183,
    "duration": 0,
    "pid": 31440,
    "index": 11
  },
  {
    "name": "Require(8) node_modules/egg-schedule/config/config.default.js",
    "start": 1648546080183,
    "end": 1648546080183,
    "duration": 0,
    "pid": 31440,
    "index": 12
  },
  {
    "name": "Require(9) node_modules/egg-multipart/config/config.default.js",
    "start": 1648546080184,
    "end": 1648546080184,
    "duration": 0,
    "pid": 31440,
    "index": 13
  },
  {
    "name": "Require(10) node_modules/egg-development/config/config.default.js",
    "start": 1648546080184,
    "end": 1648546080184,
    "duration": 0,
    "pid": 31440,
    "index": 14
  },
  {
    "name": "Require(11) node_modules/egg-logrotator/config/config.default.js",
    "start": 1648546080185,
    "end": 1648546080185,
    "duration": 0,
    "pid": 31440,
    "index": 15
  },
  {
    "name": "Require(12) node_modules/egg-static/config/config.default.js",
    "start": 1648546080185,
    "end": 1648546080185,
    "duration": 0,
    "pid": 31440,
    "index": 16
  },
  {
    "name": "Require(13) node_modules/egg-view/config/config.default.js",
    "start": 1648546080186,
    "end": 1648546080186,
    "duration": 0,
    "pid": 31440,
    "index": 17
  },
  {
    "name": "Require(14) node_modules/egg-mongoose/config/config.default.js",
    "start": 1648546080186,
    "end": 1648546080186,
    "duration": 0,
    "pid": 31440,
    "index": 18
  },
  {
    "name": "Require(15) node_modules/egg-validate/config/config.default.js",
    "start": 1648546080187,
    "end": 1648546080187,
    "duration": 0,
    "pid": 31440,
    "index": 19
  },
  {
    "name": "Require(16) node_modules/egg-cors/config/config.default.js",
    "start": 1648546080187,
    "end": 1648546080187,
    "duration": 0,
    "pid": 31440,
    "index": 20
  },
  {
    "name": "Require(17) node_modules/egg/config/config.default.js",
    "start": 1648546080188,
    "end": 1648546080188,
    "duration": 0,
    "pid": 31440,
    "index": 21
  },
  {
    "name": "Require(18) config/config.default.js",
    "start": 1648546080189,
    "end": 1648546080189,
    "duration": 0,
    "pid": 31440,
    "index": 22
  },
  {
    "name": "Require(19) node_modules/egg-security/config/config.local.js",
    "start": 1648546080189,
    "end": 1648546080191,
    "duration": 2,
    "pid": 31440,
    "index": 23
  },
  {
    "name": "Require(20) node_modules/egg-watcher/config/config.local.js",
    "start": 1648546080191,
    "end": 1648546080191,
    "duration": 0,
    "pid": 31440,
    "index": 24
  },
  {
    "name": "Require(21) node_modules/egg-view/config/config.local.js",
    "start": 1648546080192,
    "end": 1648546080192,
    "duration": 0,
    "pid": 31440,
    "index": 25
  },
  {
    "name": "Require(22) node_modules/egg/config/config.local.js",
    "start": 1648546080193,
    "end": 1648546080193,
    "duration": 0,
    "pid": 31440,
    "index": 26
  },
  {
    "name": "Require(23) config/config.local.js",
    "start": 1648546080193,
    "end": 1648546080193,
    "duration": 0,
    "pid": 31440,
    "index": 27
  },
  {
    "name": "Load extend/application.js",
    "start": 1648546080194,
    "end": 1648546080232,
    "duration": 38,
    "pid": 31440,
    "index": 28
  },
  {
    "name": "Require(24) node_modules/egg-session/app/extend/application.js",
    "start": 1648546080194,
    "end": 1648546080195,
    "duration": 1,
    "pid": 31440,
    "index": 29
  },
  {
    "name": "Require(25) node_modules/egg-security/app/extend/application.js",
    "start": 1648546080195,
    "end": 1648546080196,
    "duration": 1,
    "pid": 31440,
    "index": 30
  },
  {
    "name": "Require(26) node_modules/egg-jsonp/app/extend/application.js",
    "start": 1648546080196,
    "end": 1648546080197,
    "duration": 1,
    "pid": 31440,
    "index": 31
  },
  {
    "name": "Require(27) node_modules/egg-logrotator/app/extend/application.js",
    "start": 1648546080197,
    "end": 1648546080198,
    "duration": 1,
    "pid": 31440,
    "index": 32
  },
  {
    "name": "Require(28) node_modules/egg-view/app/extend/application.js",
    "start": 1648546080199,
    "end": 1648546080199,
    "duration": 0,
    "pid": 31440,
    "index": 33
  },
  {
    "name": "Require(29) app/extend/application.js",
    "start": 1648546080200,
    "end": 1648546080230,
    "duration": 30,
    "pid": 31440,
    "index": 34
  },
  {
    "name": "Load extend/request.js",
    "start": 1648546080232,
    "end": 1648546080235,
    "duration": 3,
    "pid": 31440,
    "index": 35
  },
  {
    "name": "Require(30) node_modules/egg/app/extend/request.js",
    "start": 1648546080233,
    "end": 1648546080234,
    "duration": 1,
    "pid": 31440,
    "index": 36
  },
  {
    "name": "Load extend/response.js",
    "start": 1648546080235,
    "end": 1648546080239,
    "duration": 4,
    "pid": 31440,
    "index": 37
  },
  {
    "name": "Require(31) node_modules/egg/app/extend/response.js",
    "start": 1648546080237,
    "end": 1648546080238,
    "duration": 1,
    "pid": 31440,
    "index": 38
  },
  {
    "name": "Load extend/context.js",
    "start": 1648546080239,
    "end": 1648546080278,
    "duration": 39,
    "pid": 31440,
    "index": 39
  },
  {
    "name": "Require(32) node_modules/egg-security/app/extend/context.js",
    "start": 1648546080240,
    "end": 1648546080244,
    "duration": 4,
    "pid": 31440,
    "index": 40
  },
  {
    "name": "Require(33) node_modules/egg-jsonp/app/extend/context.js",
    "start": 1648546080244,
    "end": 1648546080245,
    "duration": 1,
    "pid": 31440,
    "index": 41
  },
  {
    "name": "Require(34) node_modules/egg-i18n/app/extend/context.js",
    "start": 1648546080245,
    "end": 1648546080246,
    "duration": 1,
    "pid": 31440,
    "index": 42
  },
  {
    "name": "Require(35) node_modules/egg-multipart/app/extend/context.js",
    "start": 1648546080246,
    "end": 1648546080274,
    "duration": 28,
    "pid": 31440,
    "index": 43
  },
  {
    "name": "Require(36) node_modules/egg-view/app/extend/context.js",
    "start": 1648546080274,
    "end": 1648546080275,
    "duration": 1,
    "pid": 31440,
    "index": 44
  },
  {
    "name": "Require(37) node_modules/egg-mongoose/app/extend/context.js",
    "start": 1648546080275,
    "end": 1648546080275,
    "duration": 0,
    "pid": 31440,
    "index": 45
  },
  {
    "name": "Require(38) node_modules/egg-validate/app/extend/context.js",
    "start": 1648546080275,
    "end": 1648546080276,
    "duration": 1,
    "pid": 31440,
    "index": 46
  },
  {
    "name": "Require(39) node_modules/egg/app/extend/context.js",
    "start": 1648546080276,
    "end": 1648546080276,
    "duration": 0,
    "pid": 31440,
    "index": 47
  },
  {
    "name": "Load extend/helper.js",
    "start": 1648546080278,
    "end": 1648546080290,
    "duration": 12,
    "pid": 31440,
    "index": 48
  },
  {
    "name": "Require(40) node_modules/egg-security/app/extend/helper.js",
    "start": 1648546080278,
    "end": 1648546080286,
    "duration": 8,
    "pid": 31440,
    "index": 49
  },
  {
    "name": "Require(41) node_modules/egg/app/extend/helper.js",
    "start": 1648546080288,
    "end": 1648546080288,
    "duration": 0,
    "pid": 31440,
    "index": 50
  },
  {
    "name": "Require(42) app/extend/helper.js",
    "start": 1648546080288,
    "end": 1648546080288,
    "duration": 0,
    "pid": 31440,
    "index": 51
  },
  {
    "name": "Load app.js",
    "start": 1648546080290,
    "end": 1648546080316,
    "duration": 26,
    "pid": 31440,
    "index": 52
  },
  {
    "name": "Require(43) node_modules/egg-session/app.js",
    "start": 1648546080290,
    "end": 1648546080290,
    "duration": 0,
    "pid": 31440,
    "index": 53
  },
  {
    "name": "Require(44) node_modules/egg-security/app.js",
    "start": 1648546080290,
    "end": 1648546080291,
    "duration": 1,
    "pid": 31440,
    "index": 54
  },
  {
    "name": "Require(45) node_modules/egg-onerror/app.js",
    "start": 1648546080291,
    "end": 1648546080295,
    "duration": 4,
    "pid": 31440,
    "index": 55
  },
  {
    "name": "Require(46) node_modules/egg-i18n/app.js",
    "start": 1648546080295,
    "end": 1648546080308,
    "duration": 13,
    "pid": 31440,
    "index": 56
  },
  {
    "name": "Require(47) node_modules/egg-watcher/app.js",
    "start": 1648546080308,
    "end": 1648546080310,
    "duration": 2,
    "pid": 31440,
    "index": 57
  },
  {
    "name": "Require(48) node_modules/egg-schedule/app.js",
    "start": 1648546080310,
    "end": 1648546080312,
    "duration": 2,
    "pid": 31440,
    "index": 58
  },
  {
    "name": "Require(49) node_modules/egg-multipart/app.js",
    "start": 1648546080312,
    "end": 1648546080312,
    "duration": 0,
    "pid": 31440,
    "index": 59
  },
  {
    "name": "Require(50) node_modules/egg-development/app.js",
    "start": 1648546080312,
    "end": 1648546080313,
    "duration": 1,
    "pid": 31440,
    "index": 60
  },
  {
    "name": "Require(51) node_modules/egg-logrotator/app.js",
    "start": 1648546080313,
    "end": 1648546080313,
    "duration": 0,
    "pid": 31440,
    "index": 61
  },
  {
    "name": "Require(52) node_modules/egg-static/app.js",
    "start": 1648546080313,
    "end": 1648546080313,
    "duration": 0,
    "pid": 31440,
    "index": 62
  },
  {
    "name": "Require(53) node_modules/egg-mongoose/app.js",
    "start": 1648546080314,
    "end": 1648546080314,
    "duration": 0,
    "pid": 31440,
    "index": 63
  },
  {
    "name": "Require(54) node_modules/egg-validate/app.js",
    "start": 1648546080314,
    "end": 1648546080315,
    "duration": 1,
    "pid": 31440,
    "index": 64
  },
  {
    "name": "Require(55) node_modules/egg-cors/app.js",
    "start": 1648546080315,
    "end": 1648546080315,
    "duration": 0,
    "pid": 31440,
    "index": 65
  },
  {
    "name": "Before Start in node_modules/egg-watcher/lib/init.js:15:14",
    "start": 1648546080323,
    "end": 1648546080718,
    "duration": 395,
    "pid": 31440,
    "index": 66
  },
  {
    "name": "Before Start in node_modules/egg-mongoose/lib/mongoose.js:104:7",
    "start": 1648546080592,
    "end": 1648546080723,
    "duration": 131,
    "pid": 31440,
    "index": 67
  },
  {
    "name": "Before Start in node_modules/egg-mongoose/lib/mongoose.js:52:9",
    "start": 1648546080592,
    "end": 1648546080709,
    "duration": 117,
    "pid": 31440,
    "index": 68
  },
  {
    "name": "Load Service",
    "start": 1648546080593,
    "end": 1648546080614,
    "duration": 21,
    "pid": 31440,
    "index": 69
  },
  {
    "name": "Load \"service\" to Context",
    "start": 1648546080593,
    "end": 1648546080614,
    "duration": 21,
    "pid": 31440,
    "index": 70
  },
  {
    "name": "Load Middleware",
    "start": 1648546080614,
    "end": 1648546080682,
    "duration": 68,
    "pid": 31440,
    "index": 71
  },
  {
    "name": "Load \"middlewares\" to Application",
    "start": 1648546080614,
    "end": 1648546080676,
    "duration": 62,
    "pid": 31440,
    "index": 72
  },
  {
    "name": "Load Controller",
    "start": 1648546080682,
    "end": 1648546080686,
    "duration": 4,
    "pid": 31440,
    "index": 73
  },
  {
    "name": "Load \"controller\" to Application",
    "start": 1648546080682,
    "end": 1648546080686,
    "duration": 4,
    "pid": 31440,
    "index": 74
  },
  {
    "name": "Load Router",
    "start": 1648546080687,
    "end": 1648546080689,
    "duration": 2,
    "pid": 31440,
    "index": 75
  },
  {
    "name": "Require(56) app/router.js",
    "start": 1648546080687,
    "end": 1648546080687,
    "duration": 0,
    "pid": 31440,
    "index": 76
  },
  {
    "name": "Before Start in node_modules/egg-core/lib/egg.js:303:10",
    "start": 1648546080687,
    "end": 1648546080709,
    "duration": 22,
    "pid": 31440,
    "index": 77
  },
  {
    "name": "Load \"model\" to Application",
    "start": 1648546080696,
    "end": 1648546080709,
    "duration": 13,
    "pid": 31440,
    "index": 78
  }
]