[
  {
    "name": "Process Start",
    "start": 1648461111611,
    "end": 1648461112249,
    "duration": 638,
    "pid": 41396,
    "index": 0
  },
  {
    "name": "Application Start",
    "start": 1648461112250,
    "end": 1648461112753,
    "duration": 503,
    "pid": 41396,
    "index": 1
  },
  {
    "name": "Load Plugin",
    "start": 1648461112252,
    "end": 1648461112262,
    "duration": 10,
    "pid": 41396,
    "index": 2
  },
  {
    "name": "Load Config",
    "start": 1648461112262,
    "end": 1648461112278,
    "duration": 16,
    "pid": 41396,
    "index": 3
  },
  {
    "name": "Require(0) config/config.default.js",
    "start": 1648461112263,
    "end": 1648461112263,
    "duration": 0,
    "pid": 41396,
    "index": 4
  },
  {
    "name": "Require(1) config/config.local.js",
    "start": 1648461112264,
    "end": 1648461112264,
    "duration": 0,
    "pid": 41396,
    "index": 5
  },
  {
    "name": "Require(2) node_modules/egg-session/config/config.default.js",
    "start": 1648461112265,
    "end": 1648461112265,
    "duration": 0,
    "pid": 41396,
    "index": 6
  },
  {
    "name": "Require(3) node_modules/egg-security/config/config.default.js",
    "start": 1648461112265,
    "end": 1648461112265,
    "duration": 0,
    "pid": 41396,
    "index": 7
  },
  {
    "name": "Require(4) node_modules/egg-jsonp/config/config.default.js",
    "start": 1648461112266,
    "end": 1648461112266,
    "duration": 0,
    "pid": 41396,
    "index": 8
  },
  {
    "name": "Require(5) node_modules/egg-onerror/config/config.default.js",
    "start": 1648461112266,
    "end": 1648461112267,
    "duration": 1,
    "pid": 41396,
    "index": 9
  },
  {
    "name": "Require(6) node_modules/egg-i18n/config/config.default.js",
    "start": 1648461112267,
    "end": 1648461112267,
    "duration": 0,
    "pid": 41396,
    "index": 10
  },
  {
    "name": "Require(7) node_modules/egg-watcher/config/config.default.js",
    "start": 1648461112267,
    "end": 1648461112268,
    "duration": 1,
    "pid": 41396,
    "index": 11
  },
  {
    "name": "Require(8) node_modules/egg-schedule/config/config.default.js",
    "start": 1648461112268,
    "end": 1648461112268,
    "duration": 0,
    "pid": 41396,
    "index": 12
  },
  {
    "name": "Require(9) node_modules/egg-multipart/config/config.default.js",
    "start": 1648461112268,
    "end": 1648461112269,
    "duration": 1,
    "pid": 41396,
    "index": 13
  },
  {
    "name": "Require(10) node_modules/egg-development/config/config.default.js",
    "start": 1648461112269,
    "end": 1648461112269,
    "duration": 0,
    "pid": 41396,
    "index": 14
  },
  {
    "name": "Require(11) node_modules/egg-logrotator/config/config.default.js",
    "start": 1648461112270,
    "end": 1648461112270,
    "duration": 0,
    "pid": 41396,
    "index": 15
  },
  {
    "name": "Require(12) node_modules/egg-static/config/config.default.js",
    "start": 1648461112270,
    "end": 1648461112270,
    "duration": 0,
    "pid": 41396,
    "index": 16
  },
  {
    "name": "Require(13) node_modules/egg-view/config/config.default.js",
    "start": 1648461112271,
    "end": 1648461112271,
    "duration": 0,
    "pid": 41396,
    "index": 17
  },
  {
    "name": "Require(14) node_modules/egg-mongoose/config/config.default.js",
    "start": 1648461112271,
    "end": 1648461112271,
    "duration": 0,
    "pid": 41396,
    "index": 18
  },
  {
    "name": "Require(15) node_modules/egg-validate/config/config.default.js",
    "start": 1648461112272,
    "end": 1648461112272,
    "duration": 0,
    "pid": 41396,
    "index": 19
  },
  {
    "name": "Require(16) node_modules/egg-cors/config/config.default.js",
    "start": 1648461112272,
    "end": 1648461112272,
    "duration": 0,
    "pid": 41396,
    "index": 20
  },
  {
    "name": "Require(17) node_modules/egg/config/config.default.js",
    "start": 1648461112272,
    "end": 1648461112273,
    "duration": 1,
    "pid": 41396,
    "index": 21
  },
  {
    "name": "Require(18) config/config.default.js",
    "start": 1648461112273,
    "end": 1648461112273,
    "duration": 0,
    "pid": 41396,
    "index": 22
  },
  {
    "name": "Require(19) node_modules/egg-security/config/config.local.js",
    "start": 1648461112275,
    "end": 1648461112276,
    "duration": 1,
    "pid": 41396,
    "index": 23
  },
  {
    "name": "Require(20) node_modules/egg-watcher/config/config.local.js",
    "start": 1648461112277,
    "end": 1648461112277,
    "duration": 0,
    "pid": 41396,
    "index": 24
  },
  {
    "name": "Require(21) node_modules/egg-view/config/config.local.js",
    "start": 1648461112278,
    "end": 1648461112278,
    "duration": 0,
    "pid": 41396,
    "index": 25
  },
  {
    "name": "Require(22) node_modules/egg/config/config.local.js",
    "start": 1648461112278,
    "end": 1648461112278,
    "duration": 0,
    "pid": 41396,
    "index": 26
  },
  {
    "name": "Require(23) config/config.local.js",
    "start": 1648461112278,
    "end": 1648461112278,
    "duration": 0,
    "pid": 41396,
    "index": 27
  },
  {
    "name": "Load extend/application.js",
    "start": 1648461112279,
    "end": 1648461112312,
    "duration": 33,
    "pid": 41396,
    "index": 28
  },
  {
    "name": "Require(24) node_modules/egg-session/app/extend/application.js",
    "start": 1648461112279,
    "end": 1648461112280,
    "duration": 1,
    "pid": 41396,
    "index": 29
  },
  {
    "name": "Require(25) node_modules/egg-security/app/extend/application.js",
    "start": 1648461112280,
    "end": 1648461112281,
    "duration": 1,
    "pid": 41396,
    "index": 30
  },
  {
    "name": "Require(26) node_modules/egg-jsonp/app/extend/application.js",
    "start": 1648461112281,
    "end": 1648461112282,
    "duration": 1,
    "pid": 41396,
    "index": 31
  },
  {
    "name": "Require(27) node_modules/egg-logrotator/app/extend/application.js",
    "start": 1648461112282,
    "end": 1648461112283,
    "duration": 1,
    "pid": 41396,
    "index": 32
  },
  {
    "name": "Require(28) node_modules/egg-view/app/extend/application.js",
    "start": 1648461112283,
    "end": 1648461112284,
    "duration": 1,
    "pid": 41396,
    "index": 33
  },
  {
    "name": "Require(29) app/extend/application.js",
    "start": 1648461112284,
    "end": 1648461112311,
    "duration": 27,
    "pid": 41396,
    "index": 34
  },
  {
    "name": "Load extend/request.js",
    "start": 1648461112312,
    "end": 1648461112315,
    "duration": 3,
    "pid": 41396,
    "index": 35
  },
  {
    "name": "Require(30) node_modules/egg/app/extend/request.js",
    "start": 1648461112314,
    "end": 1648461112314,
    "duration": 0,
    "pid": 41396,
    "index": 36
  },
  {
    "name": "Load extend/response.js",
    "start": 1648461112315,
    "end": 1648461112319,
    "duration": 4,
    "pid": 41396,
    "index": 37
  },
  {
    "name": "Require(31) node_modules/egg/app/extend/response.js",
    "start": 1648461112317,
    "end": 1648461112317,
    "duration": 0,
    "pid": 41396,
    "index": 38
  },
  {
    "name": "Load extend/context.js",
    "start": 1648461112319,
    "end": 1648461112357,
    "duration": 38,
    "pid": 41396,
    "index": 39
  },
  {
    "name": "Require(32) node_modules/egg-security/app/extend/context.js",
    "start": 1648461112319,
    "end": 1648461112324,
    "duration": 5,
    "pid": 41396,
    "index": 40
  },
  {
    "name": "Require(33) node_modules/egg-jsonp/app/extend/context.js",
    "start": 1648461112324,
    "end": 1648461112324,
    "duration": 0,
    "pid": 41396,
    "index": 41
  },
  {
    "name": "Require(34) node_modules/egg-i18n/app/extend/context.js",
    "start": 1648461112325,
    "end": 1648461112325,
    "duration": 0,
    "pid": 41396,
    "index": 42
  },
  {
    "name": "Require(35) node_modules/egg-multipart/app/extend/context.js",
    "start": 1648461112325,
    "end": 1648461112352,
    "duration": 27,
    "pid": 41396,
    "index": 43
  },
  {
    "name": "Require(36) node_modules/egg-view/app/extend/context.js",
    "start": 1648461112353,
    "end": 1648461112353,
    "duration": 0,
    "pid": 41396,
    "index": 44
  },
  {
    "name": "Require(37) node_modules/egg-mongoose/app/extend/context.js",
    "start": 1648461112354,
    "end": 1648461112354,
    "duration": 0,
    "pid": 41396,
    "index": 45
  },
  {
    "name": "Require(38) node_modules/egg-validate/app/extend/context.js",
    "start": 1648461112354,
    "end": 1648461112354,
    "duration": 0,
    "pid": 41396,
    "index": 46
  },
  {
    "name": "Require(39) node_modules/egg/app/extend/context.js",
    "start": 1648461112355,
    "end": 1648461112355,
    "duration": 0,
    "pid": 41396,
    "index": 47
  },
  {
    "name": "Load extend/helper.js",
    "start": 1648461112357,
    "end": 1648461112369,
    "duration": 12,
    "pid": 41396,
    "index": 48
  },
  {
    "name": "Require(40) node_modules/egg-security/app/extend/helper.js",
    "start": 1648461112357,
    "end": 1648461112366,
    "duration": 9,
    "pid": 41396,
    "index": 49
  },
  {
    "name": "Require(41) node_modules/egg/app/extend/helper.js",
    "start": 1648461112367,
    "end": 1648461112367,
    "duration": 0,
    "pid": 41396,
    "index": 50
  },
  {
    "name": "Require(42) app/extend/helper.js",
    "start": 1648461112367,
    "end": 1648461112368,
    "duration": 1,
    "pid": 41396,
    "index": 51
  },
  {
    "name": "Load app.js",
    "start": 1648461112369,
    "end": 1648461112392,
    "duration": 23,
    "pid": 41396,
    "index": 52
  },
  {
    "name": "Require(43) node_modules/egg-session/app.js",
    "start": 1648461112370,
    "end": 1648461112370,
    "duration": 0,
    "pid": 41396,
    "index": 53
  },
  {
    "name": "Require(44) node_modules/egg-security/app.js",
    "start": 1648461112370,
    "end": 1648461112371,
    "duration": 1,
    "pid": 41396,
    "index": 54
  },
  {
    "name": "Require(45) node_modules/egg-onerror/app.js",
    "start": 1648461112372,
    "end": 1648461112376,
    "duration": 4,
    "pid": 41396,
    "index": 55
  },
  {
    "name": "Require(46) node_modules/egg-i18n/app.js",
    "start": 1648461112376,
    "end": 1648461112385,
    "duration": 9,
    "pid": 41396,
    "index": 56
  },
  {
    "name": "Require(47) node_modules/egg-watcher/app.js",
    "start": 1648461112386,
    "end": 1648461112387,
    "duration": 1,
    "pid": 41396,
    "index": 57
  },
  {
    "name": "Require(48) node_modules/egg-schedule/app.js",
    "start": 1648461112388,
    "end": 1648461112388,
    "duration": 0,
    "pid": 41396,
    "index": 58
  },
  {
    "name": "Require(49) node_modules/egg-multipart/app.js",
    "start": 1648461112389,
    "end": 1648461112389,
    "duration": 0,
    "pid": 41396,
    "index": 59
  },
  {
    "name": "Require(50) node_modules/egg-development/app.js",
    "start": 1648461112389,
    "end": 1648461112389,
    "duration": 0,
    "pid": 41396,
    "index": 60
  },
  {
    "name": "Require(51) node_modules/egg-logrotator/app.js",
    "start": 1648461112389,
    "end": 1648461112390,
    "duration": 1,
    "pid": 41396,
    "index": 61
  },
  {
    "name": "Require(52) node_modules/egg-static/app.js",
    "start": 1648461112390,
    "end": 1648461112390,
    "duration": 0,
    "pid": 41396,
    "index": 62
  },
  {
    "name": "Require(53) node_modules/egg-mongoose/app.js",
    "start": 1648461112390,
    "end": 1648461112390,
    "duration": 0,
    "pid": 41396,
    "index": 63
  },
  {
    "name": "Require(54) node_modules/egg-validate/app.js",
    "start": 1648461112391,
    "end": 1648461112391,
    "duration": 0,
    "pid": 41396,
    "index": 64
  },
  {
    "name": "Require(55) node_modules/egg-cors/app.js",
    "start": 1648461112392,
    "end": 1648461112392,
    "duration": 0,
    "pid": 41396,
    "index": 65
  },
  {
    "name": "Before Start in node_modules/egg-watcher/lib/init.js:15:14",
    "start": 1648461112399,
    "end": 1648461112752,
    "duration": 353,
    "pid": 41396,
    "index": 66
  },
  {
    "name": "Before Start in node_modules/egg-mongoose/lib/mongoose.js:104:7",
    "start": 1648461112638,
    "end": 1648461112751,
    "duration": 113,
    "pid": 41396,
    "index": 67
  },
  {
    "name": "Before Start in node_modules/egg-mongoose/lib/mongoose.js:52:9",
    "start": 1648461112638,
    "end": 1648461112740,
    "duration": 102,
    "pid": 41396,
    "index": 68
  },
  {
    "name": "Load Service",
    "start": 1648461112638,
    "end": 1648461112657,
    "duration": 19,
    "pid": 41396,
    "index": 69
  },
  {
    "name": "Load \"service\" to Context",
    "start": 1648461112639,
    "end": 1648461112657,
    "duration": 18,
    "pid": 41396,
    "index": 70
  },
  {
    "name": "Load Middleware",
    "start": 1648461112657,
    "end": 1648461112719,
    "duration": 62,
    "pid": 41396,
    "index": 71
  },
  {
    "name": "Load \"middlewares\" to Application",
    "start": 1648461112657,
    "end": 1648461112713,
    "duration": 56,
    "pid": 41396,
    "index": 72
  },
  {
    "name": "Load Controller",
    "start": 1648461112719,
    "end": 1648461112721,
    "duration": 2,
    "pid": 41396,
    "index": 73
  },
  {
    "name": "Load \"controller\" to Application",
    "start": 1648461112719,
    "end": 1648461112721,
    "duration": 2,
    "pid": 41396,
    "index": 74
  },
  {
    "name": "Load Router",
    "start": 1648461112721,
    "end": 1648461112723,
    "duration": 2,
    "pid": 41396,
    "index": 75
  },
  {
    "name": "Require(56) app/router.js",
    "start": 1648461112721,
    "end": 1648461112721,
    "duration": 0,
    "pid": 41396,
    "index": 76
  },
  {
    "name": "Before Start in node_modules/egg-core/lib/egg.js:303:10",
    "start": 1648461112721,
    "end": 1648461112740,
    "duration": 19,
    "pid": 41396,
    "index": 77
  },
  {
    "name": "Load \"model\" to Application",
    "start": 1648461112728,
    "end": 1648461112740,
    "duration": 12,
    "pid": 41396,
    "index": 78
  }
]