[
  {
    "name": "Process Start",
    "start": 1648523485839,
    "end": 1648523486594,
    "duration": 755,
    "pid": 21144,
    "index": 0
  },
  {
    "name": "Application Start",
    "start": 1648523486594,
    "end": 1648523487144,
    "duration": 550,
    "pid": 21144,
    "index": 1
  },
  {
    "name": "Load Plugin",
    "start": 1648523486597,
    "end": 1648523486609,
    "duration": 12,
    "pid": 21144,
    "index": 2
  },
  {
    "name": "Load Config",
    "start": 1648523486609,
    "end": 1648523486627,
    "duration": 18,
    "pid": 21144,
    "index": 3
  },
  {
    "name": "Require(0) config/config.default.js",
    "start": 1648523486610,
    "end": 1648523486610,
    "duration": 0,
    "pid": 21144,
    "index": 4
  },
  {
    "name": "Require(1) config/config.local.js",
    "start": 1648523486610,
    "end": 1648523486611,
    "duration": 1,
    "pid": 21144,
    "index": 5
  },
  {
    "name": "Require(2) node_modules/egg-session/config/config.default.js",
    "start": 1648523486611,
    "end": 1648523486612,
    "duration": 1,
    "pid": 21144,
    "index": 6
  },
  {
    "name": "Require(3) node_modules/egg-security/config/config.default.js",
    "start": 1648523486612,
    "end": 1648523486612,
    "duration": 0,
    "pid": 21144,
    "index": 7
  },
  {
    "name": "Require(4) node_modules/egg-jsonp/config/config.default.js",
    "start": 1648523486613,
    "end": 1648523486613,
    "duration": 0,
    "pid": 21144,
    "index": 8
  },
  {
    "name": "Require(5) node_modules/egg-onerror/config/config.default.js",
    "start": 1648523486613,
    "end": 1648523486614,
    "duration": 1,
    "pid": 21144,
    "index": 9
  },
  {
    "name": "Require(6) node_modules/egg-i18n/config/config.default.js",
    "start": 1648523486614,
    "end": 1648523486614,
    "duration": 0,
    "pid": 21144,
    "index": 10
  },
  {
    "name": "Require(7) node_modules/egg-watcher/config/config.default.js",
    "start": 1648523486615,
    "end": 1648523486615,
    "duration": 0,
    "pid": 21144,
    "index": 11
  },
  {
    "name": "Require(8) node_modules/egg-schedule/config/config.default.js",
    "start": 1648523486615,
    "end": 1648523486615,
    "duration": 0,
    "pid": 21144,
    "index": 12
  },
  {
    "name": "Require(9) node_modules/egg-multipart/config/config.default.js",
    "start": 1648523486616,
    "end": 1648523486616,
    "duration": 0,
    "pid": 21144,
    "index": 13
  },
  {
    "name": "Require(10) node_modules/egg-development/config/config.default.js",
    "start": 1648523486616,
    "end": 1648523486617,
    "duration": 1,
    "pid": 21144,
    "index": 14
  },
  {
    "name": "Require(11) node_modules/egg-logrotator/config/config.default.js",
    "start": 1648523486617,
    "end": 1648523486617,
    "duration": 0,
    "pid": 21144,
    "index": 15
  },
  {
    "name": "Require(12) node_modules/egg-static/config/config.default.js",
    "start": 1648523486617,
    "end": 1648523486618,
    "duration": 1,
    "pid": 21144,
    "index": 16
  },
  {
    "name": "Require(13) node_modules/egg-view/config/config.default.js",
    "start": 1648523486618,
    "end": 1648523486618,
    "duration": 0,
    "pid": 21144,
    "index": 17
  },
  {
    "name": "Require(14) node_modules/egg-mongoose/config/config.default.js",
    "start": 1648523486618,
    "end": 1648523486619,
    "duration": 1,
    "pid": 21144,
    "index": 18
  },
  {
    "name": "Require(15) node_modules/egg-validate/config/config.default.js",
    "start": 1648523486619,
    "end": 1648523486619,
    "duration": 0,
    "pid": 21144,
    "index": 19
  },
  {
    "name": "Require(16) node_modules/egg-cors/config/config.default.js",
    "start": 1648523486619,
    "end": 1648523486620,
    "duration": 1,
    "pid": 21144,
    "index": 20
  },
  {
    "name": "Require(17) node_modules/egg/config/config.default.js",
    "start": 1648523486620,
    "end": 1648523486620,
    "duration": 0,
    "pid": 21144,
    "index": 21
  },
  {
    "name": "Require(18) config/config.default.js",
    "start": 1648523486621,
    "end": 1648523486621,
    "duration": 0,
    "pid": 21144,
    "index": 22
  },
  {
    "name": "Require(19) node_modules/egg-security/config/config.local.js",
    "start": 1648523486621,
    "end": 1648523486623,
    "duration": 2,
    "pid": 21144,
    "index": 23
  },
  {
    "name": "Require(20) node_modules/egg-watcher/config/config.local.js",
    "start": 1648523486625,
    "end": 1648523486625,
    "duration": 0,
    "pid": 21144,
    "index": 24
  },
  {
    "name": "Require(21) node_modules/egg-view/config/config.local.js",
    "start": 1648523486626,
    "end": 1648523486626,
    "duration": 0,
    "pid": 21144,
    "index": 25
  },
  {
    "name": "Require(22) node_modules/egg/config/config.local.js",
    "start": 1648523486626,
    "end": 1648523486627,
    "duration": 1,
    "pid": 21144,
    "index": 26
  },
  {
    "name": "Require(23) config/config.local.js",
    "start": 1648523486627,
    "end": 1648523486627,
    "duration": 0,
    "pid": 21144,
    "index": 27
  },
  {
    "name": "Load extend/application.js",
    "start": 1648523486628,
    "end": 1648523486663,
    "duration": 35,
    "pid": 21144,
    "index": 28
  },
  {
    "name": "Require(24) node_modules/egg-session/app/extend/application.js",
    "start": 1648523486628,
    "end": 1648523486628,
    "duration": 0,
    "pid": 21144,
    "index": 29
  },
  {
    "name": "Require(25) node_modules/egg-security/app/extend/application.js",
    "start": 1648523486628,
    "end": 1648523486629,
    "duration": 1,
    "pid": 21144,
    "index": 30
  },
  {
    "name": "Require(26) node_modules/egg-jsonp/app/extend/application.js",
    "start": 1648523486629,
    "end": 1648523486630,
    "duration": 1,
    "pid": 21144,
    "index": 31
  },
  {
    "name": "Require(27) node_modules/egg-logrotator/app/extend/application.js",
    "start": 1648523486631,
    "end": 1648523486632,
    "duration": 1,
    "pid": 21144,
    "index": 32
  },
  {
    "name": "Require(28) node_modules/egg-view/app/extend/application.js",
    "start": 1648523486632,
    "end": 1648523486633,
    "duration": 1,
    "pid": 21144,
    "index": 33
  },
  {
    "name": "Require(29) app/extend/application.js",
    "start": 1648523486633,
    "end": 1648523486661,
    "duration": 28,
    "pid": 21144,
    "index": 34
  },
  {
    "name": "Load extend/request.js",
    "start": 1648523486663,
    "end": 1648523486666,
    "duration": 3,
    "pid": 21144,
    "index": 35
  },
  {
    "name": "Require(30) node_modules/egg/app/extend/request.js",
    "start": 1648523486664,
    "end": 1648523486665,
    "duration": 1,
    "pid": 21144,
    "index": 36
  },
  {
    "name": "Load extend/response.js",
    "start": 1648523486666,
    "end": 1648523486670,
    "duration": 4,
    "pid": 21144,
    "index": 37
  },
  {
    "name": "Require(31) node_modules/egg/app/extend/response.js",
    "start": 1648523486668,
    "end": 1648523486669,
    "duration": 1,
    "pid": 21144,
    "index": 38
  },
  {
    "name": "Load extend/context.js",
    "start": 1648523486670,
    "end": 1648523486711,
    "duration": 41,
    "pid": 21144,
    "index": 39
  },
  {
    "name": "Require(32) node_modules/egg-security/app/extend/context.js",
    "start": 1648523486670,
    "end": 1648523486675,
    "duration": 5,
    "pid": 21144,
    "index": 40
  },
  {
    "name": "Require(33) node_modules/egg-jsonp/app/extend/context.js",
    "start": 1648523486675,
    "end": 1648523486676,
    "duration": 1,
    "pid": 21144,
    "index": 41
  },
  {
    "name": "Require(34) node_modules/egg-i18n/app/extend/context.js",
    "start": 1648523486676,
    "end": 1648523486676,
    "duration": 0,
    "pid": 21144,
    "index": 42
  },
  {
    "name": "Require(35) node_modules/egg-multipart/app/extend/context.js",
    "start": 1648523486677,
    "end": 1648523486706,
    "duration": 29,
    "pid": 21144,
    "index": 43
  },
  {
    "name": "Require(36) node_modules/egg-view/app/extend/context.js",
    "start": 1648523486707,
    "end": 1648523486708,
    "duration": 1,
    "pid": 21144,
    "index": 44
  },
  {
    "name": "Require(37) node_modules/egg-mongoose/app/extend/context.js",
    "start": 1648523486708,
    "end": 1648523486708,
    "duration": 0,
    "pid": 21144,
    "index": 45
  },
  {
    "name": "Require(38) node_modules/egg-validate/app/extend/context.js",
    "start": 1648523486708,
    "end": 1648523486709,
    "duration": 1,
    "pid": 21144,
    "index": 46
  },
  {
    "name": "Require(39) node_modules/egg/app/extend/context.js",
    "start": 1648523486709,
    "end": 1648523486709,
    "duration": 0,
    "pid": 21144,
    "index": 47
  },
  {
    "name": "Load extend/helper.js",
    "start": 1648523486711,
    "end": 1648523486725,
    "duration": 14,
    "pid": 21144,
    "index": 48
  },
  {
    "name": "Require(40) node_modules/egg-security/app/extend/helper.js",
    "start": 1648523486712,
    "end": 1648523486721,
    "duration": 9,
    "pid": 21144,
    "index": 49
  },
  {
    "name": "Require(41) node_modules/egg/app/extend/helper.js",
    "start": 1648523486723,
    "end": 1648523486723,
    "duration": 0,
    "pid": 21144,
    "index": 50
  },
  {
    "name": "Require(42) app/extend/helper.js",
    "start": 1648523486723,
    "end": 1648523486723,
    "duration": 0,
    "pid": 21144,
    "index": 51
  },
  {
    "name": "Load app.js",
    "start": 1648523486725,
    "end": 1648523486747,
    "duration": 22,
    "pid": 21144,
    "index": 52
  },
  {
    "name": "Require(43) node_modules/egg-session/app.js",
    "start": 1648523486725,
    "end": 1648523486725,
    "duration": 0,
    "pid": 21144,
    "index": 53
  },
  {
    "name": "Require(44) node_modules/egg-security/app.js",
    "start": 1648523486726,
    "end": 1648523486726,
    "duration": 0,
    "pid": 21144,
    "index": 54
  },
  {
    "name": "Require(45) node_modules/egg-onerror/app.js",
    "start": 1648523486727,
    "end": 1648523486730,
    "duration": 3,
    "pid": 21144,
    "index": 55
  },
  {
    "name": "Require(46) node_modules/egg-i18n/app.js",
    "start": 1648523486731,
    "end": 1648523486740,
    "duration": 9,
    "pid": 21144,
    "index": 56
  },
  {
    "name": "Require(47) node_modules/egg-watcher/app.js",
    "start": 1648523486741,
    "end": 1648523486742,
    "duration": 1,
    "pid": 21144,
    "index": 57
  },
  {
    "name": "Require(48) node_modules/egg-schedule/app.js",
    "start": 1648523486742,
    "end": 1648523486743,
    "duration": 1,
    "pid": 21144,
    "index": 58
  },
  {
    "name": "Require(49) node_modules/egg-multipart/app.js",
    "start": 1648523486743,
    "end": 1648523486744,
    "duration": 1,
    "pid": 21144,
    "index": 59
  },
  {
    "name": "Require(50) node_modules/egg-development/app.js",
    "start": 1648523486744,
    "end": 1648523486744,
    "duration": 0,
    "pid": 21144,
    "index": 60
  },
  {
    "name": "Require(51) node_modules/egg-logrotator/app.js",
    "start": 1648523486744,
    "end": 1648523486744,
    "duration": 0,
    "pid": 21144,
    "index": 61
  },
  {
    "name": "Require(52) node_modules/egg-static/app.js",
    "start": 1648523486745,
    "end": 1648523486745,
    "duration": 0,
    "pid": 21144,
    "index": 62
  },
  {
    "name": "Require(53) node_modules/egg-mongoose/app.js",
    "start": 1648523486745,
    "end": 1648523486745,
    "duration": 0,
    "pid": 21144,
    "index": 63
  },
  {
    "name": "Require(54) node_modules/egg-validate/app.js",
    "start": 1648523486745,
    "end": 1648523486746,
    "duration": 1,
    "pid": 21144,
    "index": 64
  },
  {
    "name": "Require(55) node_modules/egg-cors/app.js",
    "start": 1648523486746,
    "end": 1648523486747,
    "duration": 1,
    "pid": 21144,
    "index": 65
  },
  {
    "name": "Before Start in node_modules/egg-watcher/lib/init.js:15:14",
    "start": 1648523486753,
    "end": 1648523487144,
    "duration": 391,
    "pid": 21144,
    "index": 66
  },
  {
    "name": "Before Start in node_modules/egg-mongoose/lib/mongoose.js:104:7",
    "start": 1648523487019,
    "end": 1648523487143,
    "duration": 124,
    "pid": 21144,
    "index": 67
  },
  {
    "name": "Before Start in node_modules/egg-mongoose/lib/mongoose.js:52:9",
    "start": 1648523487019,
    "end": 1648523487131,
    "duration": 112,
    "pid": 21144,
    "index": 68
  },
  {
    "name": "Load Service",
    "start": 1648523487019,
    "end": 1648523487041,
    "duration": 22,
    "pid": 21144,
    "index": 69
  },
  {
    "name": "Load \"service\" to Context",
    "start": 1648523487020,
    "end": 1648523487041,
    "duration": 21,
    "pid": 21144,
    "index": 70
  },
  {
    "name": "Load Middleware",
    "start": 1648523487041,
    "end": 1648523487110,
    "duration": 69,
    "pid": 21144,
    "index": 71
  },
  {
    "name": "Load \"middlewares\" to Application",
    "start": 1648523487041,
    "end": 1648523487103,
    "duration": 62,
    "pid": 21144,
    "index": 72
  },
  {
    "name": "Load Controller",
    "start": 1648523487110,
    "end": 1648523487112,
    "duration": 2,
    "pid": 21144,
    "index": 73
  },
  {
    "name": "Load \"controller\" to Application",
    "start": 1648523487110,
    "end": 1648523487112,
    "duration": 2,
    "pid": 21144,
    "index": 74
  },
  {
    "name": "Load Router",
    "start": 1648523487112,
    "end": 1648523487114,
    "duration": 2,
    "pid": 21144,
    "index": 75
  },
  {
    "name": "Require(56) app/router.js",
    "start": 1648523487112,
    "end": 1648523487112,
    "duration": 0,
    "pid": 21144,
    "index": 76
  },
  {
    "name": "Before Start in node_modules/egg-core/lib/egg.js:303:10",
    "start": 1648523487112,
    "end": 1648523487131,
    "duration": 19,
    "pid": 21144,
    "index": 77
  },
  {
    "name": "Load \"model\" to Application",
    "start": 1648523487119,
    "end": 1648523487131,
    "duration": 12,
    "pid": 21144,
    "index": 78
  }
]