[
  {
    "name": "Process Start",
    "start": 1648462581070,
    "end": 1648462581747,
    "duration": 677,
    "pid": 37300,
    "index": 0
  },
  {
    "name": "Application Start",
    "start": 1648462581747,
    "end": 1648462582310,
    "duration": 563,
    "pid": 37300,
    "index": 1
  },
  {
    "name": "Load Plugin",
    "start": 1648462581750,
    "end": 1648462581761,
    "duration": 11,
    "pid": 37300,
    "index": 2
  },
  {
    "name": "Load Config",
    "start": 1648462581761,
    "end": 1648462581778,
    "duration": 17,
    "pid": 37300,
    "index": 3
  },
  {
    "name": "Require(0) config/config.default.js",
    "start": 1648462581761,
    "end": 1648462581761,
    "duration": 0,
    "pid": 37300,
    "index": 4
  },
  {
    "name": "Require(1) config/config.local.js",
    "start": 1648462581762,
    "end": 1648462581763,
    "duration": 1,
    "pid": 37300,
    "index": 5
  },
  {
    "name": "Require(2) node_modules/egg-session/config/config.default.js",
    "start": 1648462581763,
    "end": 1648462581763,
    "duration": 0,
    "pid": 37300,
    "index": 6
  },
  {
    "name": "Require(3) node_modules/egg-security/config/config.default.js",
    "start": 1648462581763,
    "end": 1648462581764,
    "duration": 1,
    "pid": 37300,
    "index": 7
  },
  {
    "name": "Require(4) node_modules/egg-jsonp/config/config.default.js",
    "start": 1648462581764,
    "end": 1648462581765,
    "duration": 1,
    "pid": 37300,
    "index": 8
  },
  {
    "name": "Require(5) node_modules/egg-onerror/config/config.default.js",
    "start": 1648462581765,
    "end": 1648462581765,
    "duration": 0,
    "pid": 37300,
    "index": 9
  },
  {
    "name": "Require(6) node_modules/egg-i18n/config/config.default.js",
    "start": 1648462581765,
    "end": 1648462581766,
    "duration": 1,
    "pid": 37300,
    "index": 10
  },
  {
    "name": "Require(7) node_modules/egg-watcher/config/config.default.js",
    "start": 1648462581766,
    "end": 1648462581766,
    "duration": 0,
    "pid": 37300,
    "index": 11
  },
  {
    "name": "Require(8) node_modules/egg-schedule/config/config.default.js",
    "start": 1648462581767,
    "end": 1648462581767,
    "duration": 0,
    "pid": 37300,
    "index": 12
  },
  {
    "name": "Require(9) node_modules/egg-multipart/config/config.default.js",
    "start": 1648462581767,
    "end": 1648462581767,
    "duration": 0,
    "pid": 37300,
    "index": 13
  },
  {
    "name": "Require(10) node_modules/egg-development/config/config.default.js",
    "start": 1648462581768,
    "end": 1648462581768,
    "duration": 0,
    "pid": 37300,
    "index": 14
  },
  {
    "name": "Require(11) node_modules/egg-logrotator/config/config.default.js",
    "start": 1648462581768,
    "end": 1648462581769,
    "duration": 1,
    "pid": 37300,
    "index": 15
  },
  {
    "name": "Require(12) node_modules/egg-static/config/config.default.js",
    "start": 1648462581769,
    "end": 1648462581769,
    "duration": 0,
    "pid": 37300,
    "index": 16
  },
  {
    "name": "Require(13) node_modules/egg-view/config/config.default.js",
    "start": 1648462581769,
    "end": 1648462581770,
    "duration": 1,
    "pid": 37300,
    "index": 17
  },
  {
    "name": "Require(14) node_modules/egg-mongoose/config/config.default.js",
    "start": 1648462581770,
    "end": 1648462581770,
    "duration": 0,
    "pid": 37300,
    "index": 18
  },
  {
    "name": "Require(15) node_modules/egg-validate/config/config.default.js",
    "start": 1648462581770,
    "end": 1648462581771,
    "duration": 1,
    "pid": 37300,
    "index": 19
  },
  {
    "name": "Require(16) node_modules/egg-cors/config/config.default.js",
    "start": 1648462581771,
    "end": 1648462581771,
    "duration": 0,
    "pid": 37300,
    "index": 20
  },
  {
    "name": "Require(17) node_modules/egg/config/config.default.js",
    "start": 1648462581771,
    "end": 1648462581772,
    "duration": 1,
    "pid": 37300,
    "index": 21
  },
  {
    "name": "Require(18) config/config.default.js",
    "start": 1648462581772,
    "end": 1648462581772,
    "duration": 0,
    "pid": 37300,
    "index": 22
  },
  {
    "name": "Require(19) node_modules/egg-security/config/config.local.js",
    "start": 1648462581773,
    "end": 1648462581774,
    "duration": 1,
    "pid": 37300,
    "index": 23
  },
  {
    "name": "Require(20) node_modules/egg-watcher/config/config.local.js",
    "start": 1648462581776,
    "end": 1648462581776,
    "duration": 0,
    "pid": 37300,
    "index": 24
  },
  {
    "name": "Require(21) node_modules/egg-view/config/config.local.js",
    "start": 1648462581777,
    "end": 1648462581777,
    "duration": 0,
    "pid": 37300,
    "index": 25
  },
  {
    "name": "Require(22) node_modules/egg/config/config.local.js",
    "start": 1648462581778,
    "end": 1648462581778,
    "duration": 0,
    "pid": 37300,
    "index": 26
  },
  {
    "name": "Require(23) config/config.local.js",
    "start": 1648462581778,
    "end": 1648462581778,
    "duration": 0,
    "pid": 37300,
    "index": 27
  },
  {
    "name": "Load extend/application.js",
    "start": 1648462581779,
    "end": 1648462581814,
    "duration": 35,
    "pid": 37300,
    "index": 28
  },
  {
    "name": "Require(24) node_modules/egg-session/app/extend/application.js",
    "start": 1648462581779,
    "end": 1648462581779,
    "duration": 0,
    "pid": 37300,
    "index": 29
  },
  {
    "name": "Require(25) node_modules/egg-security/app/extend/application.js",
    "start": 1648462581780,
    "end": 1648462581780,
    "duration": 0,
    "pid": 37300,
    "index": 30
  },
  {
    "name": "Require(26) node_modules/egg-jsonp/app/extend/application.js",
    "start": 1648462581780,
    "end": 1648462581781,
    "duration": 1,
    "pid": 37300,
    "index": 31
  },
  {
    "name": "Require(27) node_modules/egg-logrotator/app/extend/application.js",
    "start": 1648462581782,
    "end": 1648462581783,
    "duration": 1,
    "pid": 37300,
    "index": 32
  },
  {
    "name": "Require(28) node_modules/egg-view/app/extend/application.js",
    "start": 1648462581783,
    "end": 1648462581784,
    "duration": 1,
    "pid": 37300,
    "index": 33
  },
  {
    "name": "Require(29) app/extend/application.js",
    "start": 1648462581784,
    "end": 1648462581812,
    "duration": 28,
    "pid": 37300,
    "index": 34
  },
  {
    "name": "Load extend/request.js",
    "start": 1648462581814,
    "end": 1648462581817,
    "duration": 3,
    "pid": 37300,
    "index": 35
  },
  {
    "name": "Require(30) node_modules/egg/app/extend/request.js",
    "start": 1648462581815,
    "end": 1648462581816,
    "duration": 1,
    "pid": 37300,
    "index": 36
  },
  {
    "name": "Load extend/response.js",
    "start": 1648462581817,
    "end": 1648462581821,
    "duration": 4,
    "pid": 37300,
    "index": 37
  },
  {
    "name": "Require(31) node_modules/egg/app/extend/response.js",
    "start": 1648462581818,
    "end": 1648462581819,
    "duration": 1,
    "pid": 37300,
    "index": 38
  },
  {
    "name": "Load extend/context.js",
    "start": 1648462581821,
    "end": 1648462581868,
    "duration": 47,
    "pid": 37300,
    "index": 39
  },
  {
    "name": "Require(32) node_modules/egg-security/app/extend/context.js",
    "start": 1648462581821,
    "end": 1648462581829,
    "duration": 8,
    "pid": 37300,
    "index": 40
  },
  {
    "name": "Require(33) node_modules/egg-jsonp/app/extend/context.js",
    "start": 1648462581830,
    "end": 1648462581831,
    "duration": 1,
    "pid": 37300,
    "index": 41
  },
  {
    "name": "Require(34) node_modules/egg-i18n/app/extend/context.js",
    "start": 1648462581831,
    "end": 1648462581832,
    "duration": 1,
    "pid": 37300,
    "index": 42
  },
  {
    "name": "Require(35) node_modules/egg-multipart/app/extend/context.js",
    "start": 1648462581832,
    "end": 1648462581864,
    "duration": 32,
    "pid": 37300,
    "index": 43
  },
  {
    "name": "Require(36) node_modules/egg-view/app/extend/context.js",
    "start": 1648462581864,
    "end": 1648462581865,
    "duration": 1,
    "pid": 37300,
    "index": 44
  },
  {
    "name": "Require(37) node_modules/egg-mongoose/app/extend/context.js",
    "start": 1648462581865,
    "end": 1648462581865,
    "duration": 0,
    "pid": 37300,
    "index": 45
  },
  {
    "name": "Require(38) node_modules/egg-validate/app/extend/context.js",
    "start": 1648462581865,
    "end": 1648462581866,
    "duration": 1,
    "pid": 37300,
    "index": 46
  },
  {
    "name": "Require(39) node_modules/egg/app/extend/context.js",
    "start": 1648462581866,
    "end": 1648462581866,
    "duration": 0,
    "pid": 37300,
    "index": 47
  },
  {
    "name": "Load extend/helper.js",
    "start": 1648462581868,
    "end": 1648462581887,
    "duration": 19,
    "pid": 37300,
    "index": 48
  },
  {
    "name": "Require(40) node_modules/egg-security/app/extend/helper.js",
    "start": 1648462581869,
    "end": 1648462581880,
    "duration": 11,
    "pid": 37300,
    "index": 49
  },
  {
    "name": "Require(41) node_modules/egg/app/extend/helper.js",
    "start": 1648462581882,
    "end": 1648462581883,
    "duration": 1,
    "pid": 37300,
    "index": 50
  },
  {
    "name": "Require(42) app/extend/helper.js",
    "start": 1648462581884,
    "end": 1648462581884,
    "duration": 0,
    "pid": 37300,
    "index": 51
  },
  {
    "name": "Load app.js",
    "start": 1648462581887,
    "end": 1648462581911,
    "duration": 24,
    "pid": 37300,
    "index": 52
  },
  {
    "name": "Require(43) node_modules/egg-session/app.js",
    "start": 1648462581887,
    "end": 1648462581887,
    "duration": 0,
    "pid": 37300,
    "index": 53
  },
  {
    "name": "Require(44) node_modules/egg-security/app.js",
    "start": 1648462581888,
    "end": 1648462581889,
    "duration": 1,
    "pid": 37300,
    "index": 54
  },
  {
    "name": "Require(45) node_modules/egg-onerror/app.js",
    "start": 1648462581889,
    "end": 1648462581894,
    "duration": 5,
    "pid": 37300,
    "index": 55
  },
  {
    "name": "Require(46) node_modules/egg-i18n/app.js",
    "start": 1648462581894,
    "end": 1648462581904,
    "duration": 10,
    "pid": 37300,
    "index": 56
  },
  {
    "name": "Require(47) node_modules/egg-watcher/app.js",
    "start": 1648462581904,
    "end": 1648462581906,
    "duration": 2,
    "pid": 37300,
    "index": 57
  },
  {
    "name": "Require(48) node_modules/egg-schedule/app.js",
    "start": 1648462581906,
    "end": 1648462581907,
    "duration": 1,
    "pid": 37300,
    "index": 58
  },
  {
    "name": "Require(49) node_modules/egg-multipart/app.js",
    "start": 1648462581907,
    "end": 1648462581908,
    "duration": 1,
    "pid": 37300,
    "index": 59
  },
  {
    "name": "Require(50) node_modules/egg-development/app.js",
    "start": 1648462581908,
    "end": 1648462581908,
    "duration": 0,
    "pid": 37300,
    "index": 60
  },
  {
    "name": "Require(51) node_modules/egg-logrotator/app.js",
    "start": 1648462581908,
    "end": 1648462581908,
    "duration": 0,
    "pid": 37300,
    "index": 61
  },
  {
    "name": "Require(52) node_modules/egg-static/app.js",
    "start": 1648462581909,
    "end": 1648462581909,
    "duration": 0,
    "pid": 37300,
    "index": 62
  },
  {
    "name": "Require(53) node_modules/egg-mongoose/app.js",
    "start": 1648462581909,
    "end": 1648462581909,
    "duration": 0,
    "pid": 37300,
    "index": 63
  },
  {
    "name": "Require(54) node_modules/egg-validate/app.js",
    "start": 1648462581910,
    "end": 1648462581911,
    "duration": 1,
    "pid": 37300,
    "index": 64
  },
  {
    "name": "Require(55) node_modules/egg-cors/app.js",
    "start": 1648462581911,
    "end": 1648462581911,
    "duration": 0,
    "pid": 37300,
    "index": 65
  },
  {
    "name": "Before Start in node_modules/egg-watcher/lib/init.js:15:14",
    "start": 1648462581918,
    "end": 1648462582310,
    "duration": 392,
    "pid": 37300,
    "index": 66
  },
  {
    "name": "Before Start in node_modules/egg-mongoose/lib/mongoose.js:104:7",
    "start": 1648462582188,
    "end": 1648462582308,
    "duration": 120,
    "pid": 37300,
    "index": 67
  },
  {
    "name": "Before Start in node_modules/egg-mongoose/lib/mongoose.js:52:9",
    "start": 1648462582188,
    "end": 1648462582296,
    "duration": 108,
    "pid": 37300,
    "index": 68
  },
  {
    "name": "Load Service",
    "start": 1648462582188,
    "end": 1648462582208,
    "duration": 20,
    "pid": 37300,
    "index": 69
  },
  {
    "name": "Load \"service\" to Context",
    "start": 1648462582188,
    "end": 1648462582208,
    "duration": 20,
    "pid": 37300,
    "index": 70
  },
  {
    "name": "Load Middleware",
    "start": 1648462582208,
    "end": 1648462582273,
    "duration": 65,
    "pid": 37300,
    "index": 71
  },
  {
    "name": "Load \"middlewares\" to Application",
    "start": 1648462582208,
    "end": 1648462582267,
    "duration": 59,
    "pid": 37300,
    "index": 72
  },
  {
    "name": "Load Controller",
    "start": 1648462582273,
    "end": 1648462582275,
    "duration": 2,
    "pid": 37300,
    "index": 73
  },
  {
    "name": "Load \"controller\" to Application",
    "start": 1648462582273,
    "end": 1648462582275,
    "duration": 2,
    "pid": 37300,
    "index": 74
  },
  {
    "name": "Load Router",
    "start": 1648462582275,
    "end": 1648462582277,
    "duration": 2,
    "pid": 37300,
    "index": 75
  },
  {
    "name": "Require(56) app/router.js",
    "start": 1648462582276,
    "end": 1648462582276,
    "duration": 0,
    "pid": 37300,
    "index": 76
  },
  {
    "name": "Before Start in node_modules/egg-core/lib/egg.js:303:10",
    "start": 1648462582276,
    "end": 1648462582296,
    "duration": 20,
    "pid": 37300,
    "index": 77
  },
  {
    "name": "Load \"model\" to Application",
    "start": 1648462582283,
    "end": 1648462582295,
    "duration": 12,
    "pid": 37300,
    "index": 78
  }
]