[
  {
    "name": "Process Start",
    "start": 1648545588286,
    "end": 1648545588963,
    "duration": 677,
    "pid": 41992,
    "index": 0
  },
  {
    "name": "Application Start",
    "start": 1648545588963,
    "end": 1648545589536,
    "duration": 573,
    "pid": 41992,
    "index": 1
  },
  {
    "name": "Load Plugin",
    "start": 1648545588967,
    "end": 1648545588977,
    "duration": 10,
    "pid": 41992,
    "index": 2
  },
  {
    "name": "Load Config",
    "start": 1648545588977,
    "end": 1648545588993,
    "duration": 16,
    "pid": 41992,
    "index": 3
  },
  {
    "name": "Require(0) config/config.default.js",
    "start": 1648545588978,
    "end": 1648545588978,
    "duration": 0,
    "pid": 41992,
    "index": 4
  },
  {
    "name": "Require(1) config/config.local.js",
    "start": 1648545588979,
    "end": 1648545588979,
    "duration": 0,
    "pid": 41992,
    "index": 5
  },
  {
    "name": "Require(2) node_modules/egg-session/config/config.default.js",
    "start": 1648545588979,
    "end": 1648545588980,
    "duration": 1,
    "pid": 41992,
    "index": 6
  },
  {
    "name": "Require(3) node_modules/egg-security/config/config.default.js",
    "start": 1648545588980,
    "end": 1648545588980,
    "duration": 0,
    "pid": 41992,
    "index": 7
  },
  {
    "name": "Require(4) node_modules/egg-jsonp/config/config.default.js",
    "start": 1648545588981,
    "end": 1648545588981,
    "duration": 0,
    "pid": 41992,
    "index": 8
  },
  {
    "name": "Require(5) node_modules/egg-onerror/config/config.default.js",
    "start": 1648545588981,
    "end": 1648545588982,
    "duration": 1,
    "pid": 41992,
    "index": 9
  },
  {
    "name": "Require(6) node_modules/egg-i18n/config/config.default.js",
    "start": 1648545588982,
    "end": 1648545588982,
    "duration": 0,
    "pid": 41992,
    "index": 10
  },
  {
    "name": "Require(7) node_modules/egg-watcher/config/config.default.js",
    "start": 1648545588983,
    "end": 1648545588983,
    "duration": 0,
    "pid": 41992,
    "index": 11
  },
  {
    "name": "Require(8) node_modules/egg-schedule/config/config.default.js",
    "start": 1648545588983,
    "end": 1648545588984,
    "duration": 1,
    "pid": 41992,
    "index": 12
  },
  {
    "name": "Require(9) node_modules/egg-multipart/config/config.default.js",
    "start": 1648545588984,
    "end": 1648545588984,
    "duration": 0,
    "pid": 41992,
    "index": 13
  },
  {
    "name": "Require(10) node_modules/egg-development/config/config.default.js",
    "start": 1648545588985,
    "end": 1648545588985,
    "duration": 0,
    "pid": 41992,
    "index": 14
  },
  {
    "name": "Require(11) node_modules/egg-logrotator/config/config.default.js",
    "start": 1648545588985,
    "end": 1648545588985,
    "duration": 0,
    "pid": 41992,
    "index": 15
  },
  {
    "name": "Require(12) node_modules/egg-static/config/config.default.js",
    "start": 1648545588986,
    "end": 1648545588986,
    "duration": 0,
    "pid": 41992,
    "index": 16
  },
  {
    "name": "Require(13) node_modules/egg-view/config/config.default.js",
    "start": 1648545588986,
    "end": 1648545588986,
    "duration": 0,
    "pid": 41992,
    "index": 17
  },
  {
    "name": "Require(14) node_modules/egg-mongoose/config/config.default.js",
    "start": 1648545588987,
    "end": 1648545588987,
    "duration": 0,
    "pid": 41992,
    "index": 18
  },
  {
    "name": "Require(15) node_modules/egg-validate/config/config.default.js",
    "start": 1648545588987,
    "end": 1648545588987,
    "duration": 0,
    "pid": 41992,
    "index": 19
  },
  {
    "name": "Require(16) node_modules/egg-cors/config/config.default.js",
    "start": 1648545588988,
    "end": 1648545588988,
    "duration": 0,
    "pid": 41992,
    "index": 20
  },
  {
    "name": "Require(17) node_modules/egg/config/config.default.js",
    "start": 1648545588988,
    "end": 1648545588988,
    "duration": 0,
    "pid": 41992,
    "index": 21
  },
  {
    "name": "Require(18) config/config.default.js",
    "start": 1648545588989,
    "end": 1648545588989,
    "duration": 0,
    "pid": 41992,
    "index": 22
  },
  {
    "name": "Require(19) node_modules/egg-security/config/config.local.js",
    "start": 1648545588989,
    "end": 1648545588990,
    "duration": 1,
    "pid": 41992,
    "index": 23
  },
  {
    "name": "Require(20) node_modules/egg-watcher/config/config.local.js",
    "start": 1648545588991,
    "end": 1648545588991,
    "duration": 0,
    "pid": 41992,
    "index": 24
  },
  {
    "name": "Require(21) node_modules/egg-view/config/config.local.js",
    "start": 1648545588992,
    "end": 1648545588992,
    "duration": 0,
    "pid": 41992,
    "index": 25
  },
  {
    "name": "Require(22) node_modules/egg/config/config.local.js",
    "start": 1648545588992,
    "end": 1648545588993,
    "duration": 1,
    "pid": 41992,
    "index": 26
  },
  {
    "name": "Require(23) config/config.local.js",
    "start": 1648545588993,
    "end": 1648545588993,
    "duration": 0,
    "pid": 41992,
    "index": 27
  },
  {
    "name": "Load extend/application.js",
    "start": 1648545588993,
    "end": 1648545589031,
    "duration": 38,
    "pid": 41992,
    "index": 28
  },
  {
    "name": "Require(24) node_modules/egg-session/app/extend/application.js",
    "start": 1648545588994,
    "end": 1648545588994,
    "duration": 0,
    "pid": 41992,
    "index": 29
  },
  {
    "name": "Require(25) node_modules/egg-security/app/extend/application.js",
    "start": 1648545588994,
    "end": 1648545588995,
    "duration": 1,
    "pid": 41992,
    "index": 30
  },
  {
    "name": "Require(26) node_modules/egg-jsonp/app/extend/application.js",
    "start": 1648545588995,
    "end": 1648545588996,
    "duration": 1,
    "pid": 41992,
    "index": 31
  },
  {
    "name": "Require(27) node_modules/egg-logrotator/app/extend/application.js",
    "start": 1648545588997,
    "end": 1648545588997,
    "duration": 0,
    "pid": 41992,
    "index": 32
  },
  {
    "name": "Require(28) node_modules/egg-view/app/extend/application.js",
    "start": 1648545588998,
    "end": 1648545588999,
    "duration": 1,
    "pid": 41992,
    "index": 33
  },
  {
    "name": "Require(29) app/extend/application.js",
    "start": 1648545588999,
    "end": 1648545589029,
    "duration": 30,
    "pid": 41992,
    "index": 34
  },
  {
    "name": "Load extend/request.js",
    "start": 1648545589031,
    "end": 1648545589035,
    "duration": 4,
    "pid": 41992,
    "index": 35
  },
  {
    "name": "Require(30) node_modules/egg/app/extend/request.js",
    "start": 1648545589032,
    "end": 1648545589033,
    "duration": 1,
    "pid": 41992,
    "index": 36
  },
  {
    "name": "Load extend/response.js",
    "start": 1648545589035,
    "end": 1648545589038,
    "duration": 3,
    "pid": 41992,
    "index": 37
  },
  {
    "name": "Require(31) node_modules/egg/app/extend/response.js",
    "start": 1648545589036,
    "end": 1648545589037,
    "duration": 1,
    "pid": 41992,
    "index": 38
  },
  {
    "name": "Load extend/context.js",
    "start": 1648545589038,
    "end": 1648545589076,
    "duration": 38,
    "pid": 41992,
    "index": 39
  },
  {
    "name": "Require(32) node_modules/egg-security/app/extend/context.js",
    "start": 1648545589039,
    "end": 1648545589043,
    "duration": 4,
    "pid": 41992,
    "index": 40
  },
  {
    "name": "Require(33) node_modules/egg-jsonp/app/extend/context.js",
    "start": 1648545589043,
    "end": 1648545589044,
    "duration": 1,
    "pid": 41992,
    "index": 41
  },
  {
    "name": "Require(34) node_modules/egg-i18n/app/extend/context.js",
    "start": 1648545589044,
    "end": 1648545589044,
    "duration": 0,
    "pid": 41992,
    "index": 42
  },
  {
    "name": "Require(35) node_modules/egg-multipart/app/extend/context.js",
    "start": 1648545589045,
    "end": 1648545589072,
    "duration": 27,
    "pid": 41992,
    "index": 43
  },
  {
    "name": "Require(36) node_modules/egg-view/app/extend/context.js",
    "start": 1648545589073,
    "end": 1648545589073,
    "duration": 0,
    "pid": 41992,
    "index": 44
  },
  {
    "name": "Require(37) node_modules/egg-mongoose/app/extend/context.js",
    "start": 1648545589074,
    "end": 1648545589074,
    "duration": 0,
    "pid": 41992,
    "index": 45
  },
  {
    "name": "Require(38) node_modules/egg-validate/app/extend/context.js",
    "start": 1648545589074,
    "end": 1648545589074,
    "duration": 0,
    "pid": 41992,
    "index": 46
  },
  {
    "name": "Require(39) node_modules/egg/app/extend/context.js",
    "start": 1648545589074,
    "end": 1648545589075,
    "duration": 1,
    "pid": 41992,
    "index": 47
  },
  {
    "name": "Load extend/helper.js",
    "start": 1648545589076,
    "end": 1648545589088,
    "duration": 12,
    "pid": 41992,
    "index": 48
  },
  {
    "name": "Require(40) node_modules/egg-security/app/extend/helper.js",
    "start": 1648545589077,
    "end": 1648545589085,
    "duration": 8,
    "pid": 41992,
    "index": 49
  },
  {
    "name": "Require(41) node_modules/egg/app/extend/helper.js",
    "start": 1648545589086,
    "end": 1648545589087,
    "duration": 1,
    "pid": 41992,
    "index": 50
  },
  {
    "name": "Require(42) app/extend/helper.js",
    "start": 1648545589087,
    "end": 1648545589087,
    "duration": 0,
    "pid": 41992,
    "index": 51
  },
  {
    "name": "Load app.js",
    "start": 1648545589088,
    "end": 1648545589111,
    "duration": 23,
    "pid": 41992,
    "index": 52
  },
  {
    "name": "Require(43) node_modules/egg-session/app.js",
    "start": 1648545589089,
    "end": 1648545589089,
    "duration": 0,
    "pid": 41992,
    "index": 53
  },
  {
    "name": "Require(44) node_modules/egg-security/app.js",
    "start": 1648545589089,
    "end": 1648545589090,
    "duration": 1,
    "pid": 41992,
    "index": 54
  },
  {
    "name": "Require(45) node_modules/egg-onerror/app.js",
    "start": 1648545589090,
    "end": 1648545589094,
    "duration": 4,
    "pid": 41992,
    "index": 55
  },
  {
    "name": "Require(46) node_modules/egg-i18n/app.js",
    "start": 1648545589094,
    "end": 1648545589104,
    "duration": 10,
    "pid": 41992,
    "index": 56
  },
  {
    "name": "Require(47) node_modules/egg-watcher/app.js",
    "start": 1648545589104,
    "end": 1648545589106,
    "duration": 2,
    "pid": 41992,
    "index": 57
  },
  {
    "name": "Require(48) node_modules/egg-schedule/app.js",
    "start": 1648545589106,
    "end": 1648545589107,
    "duration": 1,
    "pid": 41992,
    "index": 58
  },
  {
    "name": "Require(49) node_modules/egg-multipart/app.js",
    "start": 1648545589107,
    "end": 1648545589108,
    "duration": 1,
    "pid": 41992,
    "index": 59
  },
  {
    "name": "Require(50) node_modules/egg-development/app.js",
    "start": 1648545589108,
    "end": 1648545589108,
    "duration": 0,
    "pid": 41992,
    "index": 60
  },
  {
    "name": "Require(51) node_modules/egg-logrotator/app.js",
    "start": 1648545589108,
    "end": 1648545589108,
    "duration": 0,
    "pid": 41992,
    "index": 61
  },
  {
    "name": "Require(52) node_modules/egg-static/app.js",
    "start": 1648545589109,
    "end": 1648545589109,
    "duration": 0,
    "pid": 41992,
    "index": 62
  },
  {
    "name": "Require(53) node_modules/egg-mongoose/app.js",
    "start": 1648545589109,
    "end": 1648545589109,
    "duration": 0,
    "pid": 41992,
    "index": 63
  },
  {
    "name": "Require(54) node_modules/egg-validate/app.js",
    "start": 1648545589109,
    "end": 1648545589110,
    "duration": 1,
    "pid": 41992,
    "index": 64
  },
  {
    "name": "Require(55) node_modules/egg-cors/app.js",
    "start": 1648545589110,
    "end": 1648545589111,
    "duration": 1,
    "pid": 41992,
    "index": 65
  },
  {
    "name": "Before Start in node_modules/egg-watcher/lib/init.js:15:14",
    "start": 1648545589118,
    "end": 1648545589535,
    "duration": 417,
    "pid": 41992,
    "index": 66
  },
  {
    "name": "Before Start in node_modules/egg-mongoose/lib/mongoose.js:104:7",
    "start": 1648545589407,
    "end": 1648545589534,
    "duration": 127,
    "pid": 41992,
    "index": 67
  },
  {
    "name": "Before Start in node_modules/egg-mongoose/lib/mongoose.js:52:9",
    "start": 1648545589407,
    "end": 1648545589523,
    "duration": 116,
    "pid": 41992,
    "index": 68
  },
  {
    "name": "Load Service",
    "start": 1648545589408,
    "end": 1648545589429,
    "duration": 21,
    "pid": 41992,
    "index": 69
  },
  {
    "name": "Load \"service\" to Context",
    "start": 1648545589408,
    "end": 1648545589429,
    "duration": 21,
    "pid": 41992,
    "index": 70
  },
  {
    "name": "Load Middleware",
    "start": 1648545589429,
    "end": 1648545589498,
    "duration": 69,
    "pid": 41992,
    "index": 71
  },
  {
    "name": "Load \"middlewares\" to Application",
    "start": 1648545589429,
    "end": 1648545589492,
    "duration": 63,
    "pid": 41992,
    "index": 72
  },
  {
    "name": "Load Controller",
    "start": 1648545589498,
    "end": 1648545589501,
    "duration": 3,
    "pid": 41992,
    "index": 73
  },
  {
    "name": "Load \"controller\" to Application",
    "start": 1648545589498,
    "end": 1648545589501,
    "duration": 3,
    "pid": 41992,
    "index": 74
  },
  {
    "name": "Load Router",
    "start": 1648545589501,
    "end": 1648545589503,
    "duration": 2,
    "pid": 41992,
    "index": 75
  },
  {
    "name": "Require(56) app/router.js",
    "start": 1648545589501,
    "end": 1648545589502,
    "duration": 1,
    "pid": 41992,
    "index": 76
  },
  {
    "name": "Before Start in node_modules/egg-core/lib/egg.js:303:10",
    "start": 1648545589502,
    "end": 1648545589523,
    "duration": 21,
    "pid": 41992,
    "index": 77
  },
  {
    "name": "Load \"model\" to Application",
    "start": 1648545589511,
    "end": 1648545589523,
    "duration": 12,
    "pid": 41992,
    "index": 78
  }
]