[
  {
    "name": "Process Start",
    "start": 1648460752930,
    "end": 1648460753668,
    "duration": 738,
    "pid": 11260,
    "index": 0
  },
  {
    "name": "Application Start",
    "start": 1648460753669,
    "end": 1648460754178,
    "duration": 509,
    "pid": 11260,
    "index": 1
  },
  {
    "name": "Load Plugin",
    "start": 1648460753672,
    "end": 1648460753683,
    "duration": 11,
    "pid": 11260,
    "index": 2
  },
  {
    "name": "Load Config",
    "start": 1648460753684,
    "end": 1648460753702,
    "duration": 18,
    "pid": 11260,
    "index": 3
  },
  {
    "name": "Require(0) config/config.default.js",
    "start": 1648460753684,
    "end": 1648460753684,
    "duration": 0,
    "pid": 11260,
    "index": 4
  },
  {
    "name": "Require(1) config/config.local.js",
    "start": 1648460753685,
    "end": 1648460753685,
    "duration": 0,
    "pid": 11260,
    "index": 5
  },
  {
    "name": "Require(2) node_modules/egg-session/config/config.default.js",
    "start": 1648460753685,
    "end": 1648460753686,
    "duration": 1,
    "pid": 11260,
    "index": 6
  },
  {
    "name": "Require(3) node_modules/egg-security/config/config.default.js",
    "start": 1648460753686,
    "end": 1648460753686,
    "duration": 0,
    "pid": 11260,
    "index": 7
  },
  {
    "name": "Require(4) node_modules/egg-jsonp/config/config.default.js",
    "start": 1648460753687,
    "end": 1648460753687,
    "duration": 0,
    "pid": 11260,
    "index": 8
  },
  {
    "name": "Require(5) node_modules/egg-onerror/config/config.default.js",
    "start": 1648460753688,
    "end": 1648460753688,
    "duration": 0,
    "pid": 11260,
    "index": 9
  },
  {
    "name": "Require(6) node_modules/egg-i18n/config/config.default.js",
    "start": 1648460753688,
    "end": 1648460753688,
    "duration": 0,
    "pid": 11260,
    "index": 10
  },
  {
    "name": "Require(7) node_modules/egg-watcher/config/config.default.js",
    "start": 1648460753689,
    "end": 1648460753689,
    "duration": 0,
    "pid": 11260,
    "index": 11
  },
  {
    "name": "Require(8) node_modules/egg-schedule/config/config.default.js",
    "start": 1648460753689,
    "end": 1648460753690,
    "duration": 1,
    "pid": 11260,
    "index": 12
  },
  {
    "name": "Require(9) node_modules/egg-multipart/config/config.default.js",
    "start": 1648460753690,
    "end": 1648460753690,
    "duration": 0,
    "pid": 11260,
    "index": 13
  },
  {
    "name": "Require(10) node_modules/egg-development/config/config.default.js",
    "start": 1648460753691,
    "end": 1648460753691,
    "duration": 0,
    "pid": 11260,
    "index": 14
  },
  {
    "name": "Require(11) node_modules/egg-logrotator/config/config.default.js",
    "start": 1648460753691,
    "end": 1648460753691,
    "duration": 0,
    "pid": 11260,
    "index": 15
  },
  {
    "name": "Require(12) node_modules/egg-static/config/config.default.js",
    "start": 1648460753692,
    "end": 1648460753692,
    "duration": 0,
    "pid": 11260,
    "index": 16
  },
  {
    "name": "Require(13) node_modules/egg-view/config/config.default.js",
    "start": 1648460753692,
    "end": 1648460753693,
    "duration": 1,
    "pid": 11260,
    "index": 17
  },
  {
    "name": "Require(14) node_modules/egg-mongoose/config/config.default.js",
    "start": 1648460753693,
    "end": 1648460753693,
    "duration": 0,
    "pid": 11260,
    "index": 18
  },
  {
    "name": "Require(15) node_modules/egg-validate/config/config.default.js",
    "start": 1648460753693,
    "end": 1648460753694,
    "duration": 1,
    "pid": 11260,
    "index": 19
  },
  {
    "name": "Require(16) node_modules/egg-cors/config/config.default.js",
    "start": 1648460753694,
    "end": 1648460753694,
    "duration": 0,
    "pid": 11260,
    "index": 20
  },
  {
    "name": "Require(17) node_modules/egg/config/config.default.js",
    "start": 1648460753694,
    "end": 1648460753694,
    "duration": 0,
    "pid": 11260,
    "index": 21
  },
  {
    "name": "Require(18) config/config.default.js",
    "start": 1648460753695,
    "end": 1648460753695,
    "duration": 0,
    "pid": 11260,
    "index": 22
  },
  {
    "name": "Require(19) node_modules/egg-security/config/config.local.js",
    "start": 1648460753696,
    "end": 1648460753697,
    "duration": 1,
    "pid": 11260,
    "index": 23
  },
  {
    "name": "Require(20) node_modules/egg-watcher/config/config.local.js",
    "start": 1648460753697,
    "end": 1648460753698,
    "duration": 1,
    "pid": 11260,
    "index": 24
  },
  {
    "name": "Require(21) node_modules/egg-view/config/config.local.js",
    "start": 1648460753700,
    "end": 1648460753701,
    "duration": 1,
    "pid": 11260,
    "index": 25
  },
  {
    "name": "Require(22) node_modules/egg/config/config.local.js",
    "start": 1648460753701,
    "end": 1648460753701,
    "duration": 0,
    "pid": 11260,
    "index": 26
  },
  {
    "name": "Require(23) config/config.local.js",
    "start": 1648460753701,
    "end": 1648460753701,
    "duration": 0,
    "pid": 11260,
    "index": 27
  },
  {
    "name": "Load extend/application.js",
    "start": 1648460753702,
    "end": 1648460753739,
    "duration": 37,
    "pid": 11260,
    "index": 28
  },
  {
    "name": "Require(24) node_modules/egg-session/app/extend/application.js",
    "start": 1648460753703,
    "end": 1648460753703,
    "duration": 0,
    "pid": 11260,
    "index": 29
  },
  {
    "name": "Require(25) node_modules/egg-security/app/extend/application.js",
    "start": 1648460753703,
    "end": 1648460753704,
    "duration": 1,
    "pid": 11260,
    "index": 30
  },
  {
    "name": "Require(26) node_modules/egg-jsonp/app/extend/application.js",
    "start": 1648460753704,
    "end": 1648460753704,
    "duration": 0,
    "pid": 11260,
    "index": 31
  },
  {
    "name": "Require(27) node_modules/egg-logrotator/app/extend/application.js",
    "start": 1648460753705,
    "end": 1648460753707,
    "duration": 2,
    "pid": 11260,
    "index": 32
  },
  {
    "name": "Require(28) node_modules/egg-view/app/extend/application.js",
    "start": 1648460753707,
    "end": 1648460753708,
    "duration": 1,
    "pid": 11260,
    "index": 33
  },
  {
    "name": "Require(29) app/extend/application.js",
    "start": 1648460753708,
    "end": 1648460753737,
    "duration": 29,
    "pid": 11260,
    "index": 34
  },
  {
    "name": "Load extend/request.js",
    "start": 1648460753739,
    "end": 1648460753742,
    "duration": 3,
    "pid": 11260,
    "index": 35
  },
  {
    "name": "Require(30) node_modules/egg/app/extend/request.js",
    "start": 1648460753740,
    "end": 1648460753740,
    "duration": 0,
    "pid": 11260,
    "index": 36
  },
  {
    "name": "Load extend/response.js",
    "start": 1648460753742,
    "end": 1648460753745,
    "duration": 3,
    "pid": 11260,
    "index": 37
  },
  {
    "name": "Require(31) node_modules/egg/app/extend/response.js",
    "start": 1648460753743,
    "end": 1648460753744,
    "duration": 1,
    "pid": 11260,
    "index": 38
  },
  {
    "name": "Load extend/context.js",
    "start": 1648460753745,
    "end": 1648460753783,
    "duration": 38,
    "pid": 11260,
    "index": 39
  },
  {
    "name": "Require(32) node_modules/egg-security/app/extend/context.js",
    "start": 1648460753745,
    "end": 1648460753750,
    "duration": 5,
    "pid": 11260,
    "index": 40
  },
  {
    "name": "Require(33) node_modules/egg-jsonp/app/extend/context.js",
    "start": 1648460753750,
    "end": 1648460753751,
    "duration": 1,
    "pid": 11260,
    "index": 41
  },
  {
    "name": "Require(34) node_modules/egg-i18n/app/extend/context.js",
    "start": 1648460753751,
    "end": 1648460753751,
    "duration": 0,
    "pid": 11260,
    "index": 42
  },
  {
    "name": "Require(35) node_modules/egg-multipart/app/extend/context.js",
    "start": 1648460753751,
    "end": 1648460753779,
    "duration": 28,
    "pid": 11260,
    "index": 43
  },
  {
    "name": "Require(36) node_modules/egg-view/app/extend/context.js",
    "start": 1648460753779,
    "end": 1648460753780,
    "duration": 1,
    "pid": 11260,
    "index": 44
  },
  {
    "name": "Require(37) node_modules/egg-mongoose/app/extend/context.js",
    "start": 1648460753780,
    "end": 1648460753780,
    "duration": 0,
    "pid": 11260,
    "index": 45
  },
  {
    "name": "Require(38) node_modules/egg-validate/app/extend/context.js",
    "start": 1648460753781,
    "end": 1648460753781,
    "duration": 0,
    "pid": 11260,
    "index": 46
  },
  {
    "name": "Require(39) node_modules/egg/app/extend/context.js",
    "start": 1648460753781,
    "end": 1648460753781,
    "duration": 0,
    "pid": 11260,
    "index": 47
  },
  {
    "name": "Load extend/helper.js",
    "start": 1648460753783,
    "end": 1648460753795,
    "duration": 12,
    "pid": 11260,
    "index": 48
  },
  {
    "name": "Require(40) node_modules/egg-security/app/extend/helper.js",
    "start": 1648460753783,
    "end": 1648460753791,
    "duration": 8,
    "pid": 11260,
    "index": 49
  },
  {
    "name": "Require(41) node_modules/egg/app/extend/helper.js",
    "start": 1648460753793,
    "end": 1648460753793,
    "duration": 0,
    "pid": 11260,
    "index": 50
  },
  {
    "name": "Require(42) app/extend/helper.js",
    "start": 1648460753793,
    "end": 1648460753793,
    "duration": 0,
    "pid": 11260,
    "index": 51
  },
  {
    "name": "Load app.js",
    "start": 1648460753795,
    "end": 1648460753817,
    "duration": 22,
    "pid": 11260,
    "index": 52
  },
  {
    "name": "Require(43) node_modules/egg-session/app.js",
    "start": 1648460753795,
    "end": 1648460753795,
    "duration": 0,
    "pid": 11260,
    "index": 53
  },
  {
    "name": "Require(44) node_modules/egg-security/app.js",
    "start": 1648460753795,
    "end": 1648460753796,
    "duration": 1,
    "pid": 11260,
    "index": 54
  },
  {
    "name": "Require(45) node_modules/egg-onerror/app.js",
    "start": 1648460753796,
    "end": 1648460753800,
    "duration": 4,
    "pid": 11260,
    "index": 55
  },
  {
    "name": "Require(46) node_modules/egg-i18n/app.js",
    "start": 1648460753800,
    "end": 1648460753810,
    "duration": 10,
    "pid": 11260,
    "index": 56
  },
  {
    "name": "Require(47) node_modules/egg-watcher/app.js",
    "start": 1648460753810,
    "end": 1648460753812,
    "duration": 2,
    "pid": 11260,
    "index": 57
  },
  {
    "name": "Require(48) node_modules/egg-schedule/app.js",
    "start": 1648460753812,
    "end": 1648460753813,
    "duration": 1,
    "pid": 11260,
    "index": 58
  },
  {
    "name": "Require(49) node_modules/egg-multipart/app.js",
    "start": 1648460753813,
    "end": 1648460753813,
    "duration": 0,
    "pid": 11260,
    "index": 59
  },
  {
    "name": "Require(50) node_modules/egg-development/app.js",
    "start": 1648460753813,
    "end": 1648460753813,
    "duration": 0,
    "pid": 11260,
    "index": 60
  },
  {
    "name": "Require(51) node_modules/egg-logrotator/app.js",
    "start": 1648460753814,
    "end": 1648460753814,
    "duration": 0,
    "pid": 11260,
    "index": 61
  },
  {
    "name": "Require(52) node_modules/egg-static/app.js",
    "start": 1648460753814,
    "end": 1648460753814,
    "duration": 0,
    "pid": 11260,
    "index": 62
  },
  {
    "name": "Require(53) node_modules/egg-mongoose/app.js",
    "start": 1648460753814,
    "end": 1648460753815,
    "duration": 1,
    "pid": 11260,
    "index": 63
  },
  {
    "name": "Require(54) node_modules/egg-validate/app.js",
    "start": 1648460753815,
    "end": 1648460753816,
    "duration": 1,
    "pid": 11260,
    "index": 64
  },
  {
    "name": "Require(55) node_modules/egg-cors/app.js",
    "start": 1648460753816,
    "end": 1648460753816,
    "duration": 0,
    "pid": 11260,
    "index": 65
  },
  {
    "name": "Before Start in node_modules/egg-watcher/lib/init.js:15:14",
    "start": 1648460753824,
    "end": 1648460754178,
    "duration": 354,
    "pid": 11260,
    "index": 66
  },
  {
    "name": "Before Start in node_modules/egg-mongoose/lib/mongoose.js:104:7",
    "start": 1648460754063,
    "end": 1648460754177,
    "duration": 114,
    "pid": 11260,
    "index": 67
  },
  {
    "name": "Before Start in node_modules/egg-mongoose/lib/mongoose.js:52:9",
    "start": 1648460754063,
    "end": 1648460754165,
    "duration": 102,
    "pid": 11260,
    "index": 68
  },
  {
    "name": "Load Service",
    "start": 1648460754063,
    "end": 1648460754082,
    "duration": 19,
    "pid": 11260,
    "index": 69
  },
  {
    "name": "Load \"service\" to Context",
    "start": 1648460754063,
    "end": 1648460754082,
    "duration": 19,
    "pid": 11260,
    "index": 70
  },
  {
    "name": "Load Middleware",
    "start": 1648460754082,
    "end": 1648460754144,
    "duration": 62,
    "pid": 11260,
    "index": 71
  },
  {
    "name": "Load \"middlewares\" to Application",
    "start": 1648460754083,
    "end": 1648460754138,
    "duration": 55,
    "pid": 11260,
    "index": 72
  },
  {
    "name": "Load Controller",
    "start": 1648460754144,
    "end": 1648460754146,
    "duration": 2,
    "pid": 11260,
    "index": 73
  },
  {
    "name": "Load \"controller\" to Application",
    "start": 1648460754145,
    "end": 1648460754146,
    "duration": 1,
    "pid": 11260,
    "index": 74
  },
  {
    "name": "Load Router",
    "start": 1648460754146,
    "end": 1648460754148,
    "duration": 2,
    "pid": 11260,
    "index": 75
  },
  {
    "name": "Require(56) app/router.js",
    "start": 1648460754146,
    "end": 1648460754147,
    "duration": 1,
    "pid": 11260,
    "index": 76
  },
  {
    "name": "Before Start in node_modules/egg-core/lib/egg.js:303:10",
    "start": 1648460754147,
    "end": 1648460754165,
    "duration": 18,
    "pid": 11260,
    "index": 77
  },
  {
    "name": "Load \"model\" to Application",
    "start": 1648460754153,
    "end": 1648460754165,
    "duration": 12,
    "pid": 11260,
    "index": 78
  }
]