[
  {
    "name": "Process Start",
    "start": 1648461017249,
    "end": 1648461017947,
    "duration": 698,
    "pid": 41936,
    "index": 0
  },
  {
    "name": "Application Start",
    "start": 1648461017948,
    "end": 1648461018463,
    "duration": 515,
    "pid": 41936,
    "index": 1
  },
  {
    "name": "Load Plugin",
    "start": 1648461017951,
    "end": 1648461017961,
    "duration": 10,
    "pid": 41936,
    "index": 2
  },
  {
    "name": "Load Config",
    "start": 1648461017961,
    "end": 1648461017975,
    "duration": 14,
    "pid": 41936,
    "index": 3
  },
  {
    "name": "Require(0) config/config.default.js",
    "start": 1648461017961,
    "end": 1648461017961,
    "duration": 0,
    "pid": 41936,
    "index": 4
  },
  {
    "name": "Require(1) config/config.local.js",
    "start": 1648461017962,
    "end": 1648461017962,
    "duration": 0,
    "pid": 41936,
    "index": 5
  },
  {
    "name": "Require(2) node_modules/egg-session/config/config.default.js",
    "start": 1648461017963,
    "end": 1648461017963,
    "duration": 0,
    "pid": 41936,
    "index": 6
  },
  {
    "name": "Require(3) node_modules/egg-security/config/config.default.js",
    "start": 1648461017963,
    "end": 1648461017963,
    "duration": 0,
    "pid": 41936,
    "index": 7
  },
  {
    "name": "Require(4) node_modules/egg-jsonp/config/config.default.js",
    "start": 1648461017964,
    "end": 1648461017964,
    "duration": 0,
    "pid": 41936,
    "index": 8
  },
  {
    "name": "Require(5) node_modules/egg-onerror/config/config.default.js",
    "start": 1648461017964,
    "end": 1648461017965,
    "duration": 1,
    "pid": 41936,
    "index": 9
  },
  {
    "name": "Require(6) node_modules/egg-i18n/config/config.default.js",
    "start": 1648461017965,
    "end": 1648461017965,
    "duration": 0,
    "pid": 41936,
    "index": 10
  },
  {
    "name": "Require(7) node_modules/egg-watcher/config/config.default.js",
    "start": 1648461017965,
    "end": 1648461017966,
    "duration": 1,
    "pid": 41936,
    "index": 11
  },
  {
    "name": "Require(8) node_modules/egg-schedule/config/config.default.js",
    "start": 1648461017966,
    "end": 1648461017966,
    "duration": 0,
    "pid": 41936,
    "index": 12
  },
  {
    "name": "Require(9) node_modules/egg-multipart/config/config.default.js",
    "start": 1648461017966,
    "end": 1648461017967,
    "duration": 1,
    "pid": 41936,
    "index": 13
  },
  {
    "name": "Require(10) node_modules/egg-development/config/config.default.js",
    "start": 1648461017967,
    "end": 1648461017967,
    "duration": 0,
    "pid": 41936,
    "index": 14
  },
  {
    "name": "Require(11) node_modules/egg-logrotator/config/config.default.js",
    "start": 1648461017967,
    "end": 1648461017968,
    "duration": 1,
    "pid": 41936,
    "index": 15
  },
  {
    "name": "Require(12) node_modules/egg-static/config/config.default.js",
    "start": 1648461017968,
    "end": 1648461017968,
    "duration": 0,
    "pid": 41936,
    "index": 16
  },
  {
    "name": "Require(13) node_modules/egg-view/config/config.default.js",
    "start": 1648461017968,
    "end": 1648461017969,
    "duration": 1,
    "pid": 41936,
    "index": 17
  },
  {
    "name": "Require(14) node_modules/egg-mongoose/config/config.default.js",
    "start": 1648461017969,
    "end": 1648461017969,
    "duration": 0,
    "pid": 41936,
    "index": 18
  },
  {
    "name": "Require(15) node_modules/egg-validate/config/config.default.js",
    "start": 1648461017969,
    "end": 1648461017970,
    "duration": 1,
    "pid": 41936,
    "index": 19
  },
  {
    "name": "Require(16) node_modules/egg-cors/config/config.default.js",
    "start": 1648461017970,
    "end": 1648461017970,
    "duration": 0,
    "pid": 41936,
    "index": 20
  },
  {
    "name": "Require(17) node_modules/egg/config/config.default.js",
    "start": 1648461017970,
    "end": 1648461017971,
    "duration": 1,
    "pid": 41936,
    "index": 21
  },
  {
    "name": "Require(18) config/config.default.js",
    "start": 1648461017971,
    "end": 1648461017971,
    "duration": 0,
    "pid": 41936,
    "index": 22
  },
  {
    "name": "Require(19) node_modules/egg-security/config/config.local.js",
    "start": 1648461017972,
    "end": 1648461017973,
    "duration": 1,
    "pid": 41936,
    "index": 23
  },
  {
    "name": "Require(20) node_modules/egg-watcher/config/config.local.js",
    "start": 1648461017973,
    "end": 1648461017973,
    "duration": 0,
    "pid": 41936,
    "index": 24
  },
  {
    "name": "Require(21) node_modules/egg-view/config/config.local.js",
    "start": 1648461017974,
    "end": 1648461017974,
    "duration": 0,
    "pid": 41936,
    "index": 25
  },
  {
    "name": "Require(22) node_modules/egg/config/config.local.js",
    "start": 1648461017975,
    "end": 1648461017975,
    "duration": 0,
    "pid": 41936,
    "index": 26
  },
  {
    "name": "Require(23) config/config.local.js",
    "start": 1648461017975,
    "end": 1648461017975,
    "duration": 0,
    "pid": 41936,
    "index": 27
  },
  {
    "name": "Load extend/application.js",
    "start": 1648461017976,
    "end": 1648461018013,
    "duration": 37,
    "pid": 41936,
    "index": 28
  },
  {
    "name": "Require(24) node_modules/egg-session/app/extend/application.js",
    "start": 1648461017976,
    "end": 1648461017976,
    "duration": 0,
    "pid": 41936,
    "index": 29
  },
  {
    "name": "Require(25) node_modules/egg-security/app/extend/application.js",
    "start": 1648461017977,
    "end": 1648461017977,
    "duration": 0,
    "pid": 41936,
    "index": 30
  },
  {
    "name": "Require(26) node_modules/egg-jsonp/app/extend/application.js",
    "start": 1648461017978,
    "end": 1648461017978,
    "duration": 0,
    "pid": 41936,
    "index": 31
  },
  {
    "name": "Require(27) node_modules/egg-logrotator/app/extend/application.js",
    "start": 1648461017979,
    "end": 1648461017980,
    "duration": 1,
    "pid": 41936,
    "index": 32
  },
  {
    "name": "Require(28) node_modules/egg-view/app/extend/application.js",
    "start": 1648461017980,
    "end": 1648461017981,
    "duration": 1,
    "pid": 41936,
    "index": 33
  },
  {
    "name": "Require(29) app/extend/application.js",
    "start": 1648461017981,
    "end": 1648461018011,
    "duration": 30,
    "pid": 41936,
    "index": 34
  },
  {
    "name": "Load extend/request.js",
    "start": 1648461018013,
    "end": 1648461018016,
    "duration": 3,
    "pid": 41936,
    "index": 35
  },
  {
    "name": "Require(30) node_modules/egg/app/extend/request.js",
    "start": 1648461018014,
    "end": 1648461018015,
    "duration": 1,
    "pid": 41936,
    "index": 36
  },
  {
    "name": "Load extend/response.js",
    "start": 1648461018016,
    "end": 1648461018020,
    "duration": 4,
    "pid": 41936,
    "index": 37
  },
  {
    "name": "Require(31) node_modules/egg/app/extend/response.js",
    "start": 1648461018017,
    "end": 1648461018018,
    "duration": 1,
    "pid": 41936,
    "index": 38
  },
  {
    "name": "Load extend/context.js",
    "start": 1648461018020,
    "end": 1648461018058,
    "duration": 38,
    "pid": 41936,
    "index": 39
  },
  {
    "name": "Require(32) node_modules/egg-security/app/extend/context.js",
    "start": 1648461018020,
    "end": 1648461018025,
    "duration": 5,
    "pid": 41936,
    "index": 40
  },
  {
    "name": "Require(33) node_modules/egg-jsonp/app/extend/context.js",
    "start": 1648461018025,
    "end": 1648461018025,
    "duration": 0,
    "pid": 41936,
    "index": 41
  },
  {
    "name": "Require(34) node_modules/egg-i18n/app/extend/context.js",
    "start": 1648461018026,
    "end": 1648461018026,
    "duration": 0,
    "pid": 41936,
    "index": 42
  },
  {
    "name": "Require(35) node_modules/egg-multipart/app/extend/context.js",
    "start": 1648461018026,
    "end": 1648461018054,
    "duration": 28,
    "pid": 41936,
    "index": 43
  },
  {
    "name": "Require(36) node_modules/egg-view/app/extend/context.js",
    "start": 1648461018054,
    "end": 1648461018055,
    "duration": 1,
    "pid": 41936,
    "index": 44
  },
  {
    "name": "Require(37) node_modules/egg-mongoose/app/extend/context.js",
    "start": 1648461018055,
    "end": 1648461018055,
    "duration": 0,
    "pid": 41936,
    "index": 45
  },
  {
    "name": "Require(38) node_modules/egg-validate/app/extend/context.js",
    "start": 1648461018055,
    "end": 1648461018056,
    "duration": 1,
    "pid": 41936,
    "index": 46
  },
  {
    "name": "Require(39) node_modules/egg/app/extend/context.js",
    "start": 1648461018056,
    "end": 1648461018056,
    "duration": 0,
    "pid": 41936,
    "index": 47
  },
  {
    "name": "Load extend/helper.js",
    "start": 1648461018058,
    "end": 1648461018070,
    "duration": 12,
    "pid": 41936,
    "index": 48
  },
  {
    "name": "Require(40) node_modules/egg-security/app/extend/helper.js",
    "start": 1648461018059,
    "end": 1648461018067,
    "duration": 8,
    "pid": 41936,
    "index": 49
  },
  {
    "name": "Require(41) node_modules/egg/app/extend/helper.js",
    "start": 1648461018068,
    "end": 1648461018068,
    "duration": 0,
    "pid": 41936,
    "index": 50
  },
  {
    "name": "Require(42) app/extend/helper.js",
    "start": 1648461018068,
    "end": 1648461018068,
    "duration": 0,
    "pid": 41936,
    "index": 51
  },
  {
    "name": "Load app.js",
    "start": 1648461018070,
    "end": 1648461018091,
    "duration": 21,
    "pid": 41936,
    "index": 52
  },
  {
    "name": "Require(43) node_modules/egg-session/app.js",
    "start": 1648461018070,
    "end": 1648461018070,
    "duration": 0,
    "pid": 41936,
    "index": 53
  },
  {
    "name": "Require(44) node_modules/egg-security/app.js",
    "start": 1648461018070,
    "end": 1648461018071,
    "duration": 1,
    "pid": 41936,
    "index": 54
  },
  {
    "name": "Require(45) node_modules/egg-onerror/app.js",
    "start": 1648461018072,
    "end": 1648461018075,
    "duration": 3,
    "pid": 41936,
    "index": 55
  },
  {
    "name": "Require(46) node_modules/egg-i18n/app.js",
    "start": 1648461018075,
    "end": 1648461018084,
    "duration": 9,
    "pid": 41936,
    "index": 56
  },
  {
    "name": "Require(47) node_modules/egg-watcher/app.js",
    "start": 1648461018084,
    "end": 1648461018086,
    "duration": 2,
    "pid": 41936,
    "index": 57
  },
  {
    "name": "Require(48) node_modules/egg-schedule/app.js",
    "start": 1648461018086,
    "end": 1648461018087,
    "duration": 1,
    "pid": 41936,
    "index": 58
  },
  {
    "name": "Require(49) node_modules/egg-multipart/app.js",
    "start": 1648461018087,
    "end": 1648461018088,
    "duration": 1,
    "pid": 41936,
    "index": 59
  },
  {
    "name": "Require(50) node_modules/egg-development/app.js",
    "start": 1648461018088,
    "end": 1648461018088,
    "duration": 0,
    "pid": 41936,
    "index": 60
  },
  {
    "name": "Require(51) node_modules/egg-logrotator/app.js",
    "start": 1648461018088,
    "end": 1648461018088,
    "duration": 0,
    "pid": 41936,
    "index": 61
  },
  {
    "name": "Require(52) node_modules/egg-static/app.js",
    "start": 1648461018089,
    "end": 1648461018089,
    "duration": 0,
    "pid": 41936,
    "index": 62
  },
  {
    "name": "Require(53) node_modules/egg-mongoose/app.js",
    "start": 1648461018089,
    "end": 1648461018089,
    "duration": 0,
    "pid": 41936,
    "index": 63
  },
  {
    "name": "Require(54) node_modules/egg-validate/app.js",
    "start": 1648461018089,
    "end": 1648461018090,
    "duration": 1,
    "pid": 41936,
    "index": 64
  },
  {
    "name": "Require(55) node_modules/egg-cors/app.js",
    "start": 1648461018090,
    "end": 1648461018091,
    "duration": 1,
    "pid": 41936,
    "index": 65
  },
  {
    "name": "Before Start in node_modules/egg-watcher/lib/init.js:15:14",
    "start": 1648461018097,
    "end": 1648461018462,
    "duration": 365,
    "pid": 41936,
    "index": 66
  },
  {
    "name": "Before Start in node_modules/egg-mongoose/lib/mongoose.js:104:7",
    "start": 1648461018340,
    "end": 1648461018461,
    "duration": 121,
    "pid": 41936,
    "index": 67
  },
  {
    "name": "Before Start in node_modules/egg-mongoose/lib/mongoose.js:52:9",
    "start": 1648461018340,
    "end": 1648461018449,
    "duration": 109,
    "pid": 41936,
    "index": 68
  },
  {
    "name": "Load Service",
    "start": 1648461018340,
    "end": 1648461018362,
    "duration": 22,
    "pid": 41936,
    "index": 69
  },
  {
    "name": "Load \"service\" to Context",
    "start": 1648461018341,
    "end": 1648461018362,
    "duration": 21,
    "pid": 41936,
    "index": 70
  },
  {
    "name": "Load Middleware",
    "start": 1648461018363,
    "end": 1648461018425,
    "duration": 62,
    "pid": 41936,
    "index": 71
  },
  {
    "name": "Load \"middlewares\" to Application",
    "start": 1648461018363,
    "end": 1648461018419,
    "duration": 56,
    "pid": 41936,
    "index": 72
  },
  {
    "name": "Load Controller",
    "start": 1648461018425,
    "end": 1648461018427,
    "duration": 2,
    "pid": 41936,
    "index": 73
  },
  {
    "name": "Load \"controller\" to Application",
    "start": 1648461018425,
    "end": 1648461018427,
    "duration": 2,
    "pid": 41936,
    "index": 74
  },
  {
    "name": "Load Router",
    "start": 1648461018427,
    "end": 1648461018429,
    "duration": 2,
    "pid": 41936,
    "index": 75
  },
  {
    "name": "Require(56) app/router.js",
    "start": 1648461018427,
    "end": 1648461018427,
    "duration": 0,
    "pid": 41936,
    "index": 76
  },
  {
    "name": "Before Start in node_modules/egg-core/lib/egg.js:303:10",
    "start": 1648461018428,
    "end": 1648461018449,
    "duration": 21,
    "pid": 41936,
    "index": 77
  },
  {
    "name": "Load \"model\" to Application",
    "start": 1648461018437,
    "end": 1648461018449,
    "duration": 12,
    "pid": 41936,
    "index": 78
  }
]