[
  {
    "name": "Process Start",
    "start": 1648545271781,
    "end": 1648545272459,
    "duration": 678,
    "pid": 45644,
    "index": 0
  },
  {
    "name": "Application Start",
    "start": 1648545272460,
    "end": 1648545273000,
    "duration": 540,
    "pid": 45644,
    "index": 1
  },
  {
    "name": "Load Plugin",
    "start": 1648545272462,
    "end": 1648545272473,
    "duration": 11,
    "pid": 45644,
    "index": 2
  },
  {
    "name": "Load Config",
    "start": 1648545272473,
    "end": 1648545272489,
    "duration": 16,
    "pid": 45644,
    "index": 3
  },
  {
    "name": "Require(0) config/config.default.js",
    "start": 1648545272473,
    "end": 1648545272473,
    "duration": 0,
    "pid": 45644,
    "index": 4
  },
  {
    "name": "Require(1) config/config.local.js",
    "start": 1648545272474,
    "end": 1648545272474,
    "duration": 0,
    "pid": 45644,
    "index": 5
  },
  {
    "name": "Require(2) node_modules/egg-session/config/config.default.js",
    "start": 1648545272475,
    "end": 1648545272475,
    "duration": 0,
    "pid": 45644,
    "index": 6
  },
  {
    "name": "Require(3) node_modules/egg-security/config/config.default.js",
    "start": 1648545272475,
    "end": 1648545272475,
    "duration": 0,
    "pid": 45644,
    "index": 7
  },
  {
    "name": "Require(4) node_modules/egg-jsonp/config/config.default.js",
    "start": 1648545272476,
    "end": 1648545272476,
    "duration": 0,
    "pid": 45644,
    "index": 8
  },
  {
    "name": "Require(5) node_modules/egg-onerror/config/config.default.js",
    "start": 1648545272477,
    "end": 1648545272477,
    "duration": 0,
    "pid": 45644,
    "index": 9
  },
  {
    "name": "Require(6) node_modules/egg-i18n/config/config.default.js",
    "start": 1648545272477,
    "end": 1648545272477,
    "duration": 0,
    "pid": 45644,
    "index": 10
  },
  {
    "name": "Require(7) node_modules/egg-watcher/config/config.default.js",
    "start": 1648545272478,
    "end": 1648545272478,
    "duration": 0,
    "pid": 45644,
    "index": 11
  },
  {
    "name": "Require(8) node_modules/egg-schedule/config/config.default.js",
    "start": 1648545272478,
    "end": 1648545272478,
    "duration": 0,
    "pid": 45644,
    "index": 12
  },
  {
    "name": "Require(9) node_modules/egg-multipart/config/config.default.js",
    "start": 1648545272479,
    "end": 1648545272479,
    "duration": 0,
    "pid": 45644,
    "index": 13
  },
  {
    "name": "Require(10) node_modules/egg-development/config/config.default.js",
    "start": 1648545272479,
    "end": 1648545272480,
    "duration": 1,
    "pid": 45644,
    "index": 14
  },
  {
    "name": "Require(11) node_modules/egg-logrotator/config/config.default.js",
    "start": 1648545272480,
    "end": 1648545272480,
    "duration": 0,
    "pid": 45644,
    "index": 15
  },
  {
    "name": "Require(12) node_modules/egg-static/config/config.default.js",
    "start": 1648545272480,
    "end": 1648545272480,
    "duration": 0,
    "pid": 45644,
    "index": 16
  },
  {
    "name": "Require(13) node_modules/egg-view/config/config.default.js",
    "start": 1648545272481,
    "end": 1648545272481,
    "duration": 0,
    "pid": 45644,
    "index": 17
  },
  {
    "name": "Require(14) node_modules/egg-mongoose/config/config.default.js",
    "start": 1648545272481,
    "end": 1648545272482,
    "duration": 1,
    "pid": 45644,
    "index": 18
  },
  {
    "name": "Require(15) node_modules/egg-validate/config/config.default.js",
    "start": 1648545272482,
    "end": 1648545272482,
    "duration": 0,
    "pid": 45644,
    "index": 19
  },
  {
    "name": "Require(16) node_modules/egg-cors/config/config.default.js",
    "start": 1648545272482,
    "end": 1648545272482,
    "duration": 0,
    "pid": 45644,
    "index": 20
  },
  {
    "name": "Require(17) node_modules/egg/config/config.default.js",
    "start": 1648545272483,
    "end": 1648545272483,
    "duration": 0,
    "pid": 45644,
    "index": 21
  },
  {
    "name": "Require(18) config/config.default.js",
    "start": 1648545272484,
    "end": 1648545272484,
    "duration": 0,
    "pid": 45644,
    "index": 22
  },
  {
    "name": "Require(19) node_modules/egg-security/config/config.local.js",
    "start": 1648545272484,
    "end": 1648545272485,
    "duration": 1,
    "pid": 45644,
    "index": 23
  },
  {
    "name": "Require(20) node_modules/egg-watcher/config/config.local.js",
    "start": 1648545272486,
    "end": 1648545272487,
    "duration": 1,
    "pid": 45644,
    "index": 24
  },
  {
    "name": "Require(21) node_modules/egg-view/config/config.local.js",
    "start": 1648545272488,
    "end": 1648545272488,
    "duration": 0,
    "pid": 45644,
    "index": 25
  },
  {
    "name": "Require(22) node_modules/egg/config/config.local.js",
    "start": 1648545272489,
    "end": 1648545272489,
    "duration": 0,
    "pid": 45644,
    "index": 26
  },
  {
    "name": "Require(23) config/config.local.js",
    "start": 1648545272489,
    "end": 1648545272489,
    "duration": 0,
    "pid": 45644,
    "index": 27
  },
  {
    "name": "Load extend/application.js",
    "start": 1648545272490,
    "end": 1648545272531,
    "duration": 41,
    "pid": 45644,
    "index": 28
  },
  {
    "name": "Require(24) node_modules/egg-session/app/extend/application.js",
    "start": 1648545272490,
    "end": 1648545272490,
    "duration": 0,
    "pid": 45644,
    "index": 29
  },
  {
    "name": "Require(25) node_modules/egg-security/app/extend/application.js",
    "start": 1648545272491,
    "end": 1648545272492,
    "duration": 1,
    "pid": 45644,
    "index": 30
  },
  {
    "name": "Require(26) node_modules/egg-jsonp/app/extend/application.js",
    "start": 1648545272492,
    "end": 1648545272493,
    "duration": 1,
    "pid": 45644,
    "index": 31
  },
  {
    "name": "Require(27) node_modules/egg-logrotator/app/extend/application.js",
    "start": 1648545272494,
    "end": 1648545272495,
    "duration": 1,
    "pid": 45644,
    "index": 32
  },
  {
    "name": "Require(28) node_modules/egg-view/app/extend/application.js",
    "start": 1648545272496,
    "end": 1648545272497,
    "duration": 1,
    "pid": 45644,
    "index": 33
  },
  {
    "name": "Require(29) app/extend/application.js",
    "start": 1648545272498,
    "end": 1648545272529,
    "duration": 31,
    "pid": 45644,
    "index": 34
  },
  {
    "name": "Load extend/request.js",
    "start": 1648545272531,
    "end": 1648545272534,
    "duration": 3,
    "pid": 45644,
    "index": 35
  },
  {
    "name": "Require(30) node_modules/egg/app/extend/request.js",
    "start": 1648545272532,
    "end": 1648545272533,
    "duration": 1,
    "pid": 45644,
    "index": 36
  },
  {
    "name": "Load extend/response.js",
    "start": 1648545272534,
    "end": 1648545272538,
    "duration": 4,
    "pid": 45644,
    "index": 37
  },
  {
    "name": "Require(31) node_modules/egg/app/extend/response.js",
    "start": 1648545272535,
    "end": 1648545272536,
    "duration": 1,
    "pid": 45644,
    "index": 38
  },
  {
    "name": "Load extend/context.js",
    "start": 1648545272538,
    "end": 1648545272578,
    "duration": 40,
    "pid": 45644,
    "index": 39
  },
  {
    "name": "Require(32) node_modules/egg-security/app/extend/context.js",
    "start": 1648545272538,
    "end": 1648545272543,
    "duration": 5,
    "pid": 45644,
    "index": 40
  },
  {
    "name": "Require(33) node_modules/egg-jsonp/app/extend/context.js",
    "start": 1648545272544,
    "end": 1648545272544,
    "duration": 0,
    "pid": 45644,
    "index": 41
  },
  {
    "name": "Require(34) node_modules/egg-i18n/app/extend/context.js",
    "start": 1648545272545,
    "end": 1648545272545,
    "duration": 0,
    "pid": 45644,
    "index": 42
  },
  {
    "name": "Require(35) node_modules/egg-multipart/app/extend/context.js",
    "start": 1648545272545,
    "end": 1648545272574,
    "duration": 29,
    "pid": 45644,
    "index": 43
  },
  {
    "name": "Require(36) node_modules/egg-view/app/extend/context.js",
    "start": 1648545272575,
    "end": 1648545272575,
    "duration": 0,
    "pid": 45644,
    "index": 44
  },
  {
    "name": "Require(37) node_modules/egg-mongoose/app/extend/context.js",
    "start": 1648545272575,
    "end": 1648545272576,
    "duration": 1,
    "pid": 45644,
    "index": 45
  },
  {
    "name": "Require(38) node_modules/egg-validate/app/extend/context.js",
    "start": 1648545272576,
    "end": 1648545272576,
    "duration": 0,
    "pid": 45644,
    "index": 46
  },
  {
    "name": "Require(39) node_modules/egg/app/extend/context.js",
    "start": 1648545272576,
    "end": 1648545272577,
    "duration": 1,
    "pid": 45644,
    "index": 47
  },
  {
    "name": "Load extend/helper.js",
    "start": 1648545272578,
    "end": 1648545272590,
    "duration": 12,
    "pid": 45644,
    "index": 48
  },
  {
    "name": "Require(40) node_modules/egg-security/app/extend/helper.js",
    "start": 1648545272578,
    "end": 1648545272587,
    "duration": 9,
    "pid": 45644,
    "index": 49
  },
  {
    "name": "Require(41) node_modules/egg/app/extend/helper.js",
    "start": 1648545272588,
    "end": 1648545272588,
    "duration": 0,
    "pid": 45644,
    "index": 50
  },
  {
    "name": "Require(42) app/extend/helper.js",
    "start": 1648545272588,
    "end": 1648545272589,
    "duration": 1,
    "pid": 45644,
    "index": 51
  },
  {
    "name": "Load app.js",
    "start": 1648545272590,
    "end": 1648545272613,
    "duration": 23,
    "pid": 45644,
    "index": 52
  },
  {
    "name": "Require(43) node_modules/egg-session/app.js",
    "start": 1648545272590,
    "end": 1648545272591,
    "duration": 1,
    "pid": 45644,
    "index": 53
  },
  {
    "name": "Require(44) node_modules/egg-security/app.js",
    "start": 1648545272591,
    "end": 1648545272591,
    "duration": 0,
    "pid": 45644,
    "index": 54
  },
  {
    "name": "Require(45) node_modules/egg-onerror/app.js",
    "start": 1648545272592,
    "end": 1648545272595,
    "duration": 3,
    "pid": 45644,
    "index": 55
  },
  {
    "name": "Require(46) node_modules/egg-i18n/app.js",
    "start": 1648545272596,
    "end": 1648545272605,
    "duration": 9,
    "pid": 45644,
    "index": 56
  },
  {
    "name": "Require(47) node_modules/egg-watcher/app.js",
    "start": 1648545272605,
    "end": 1648545272607,
    "duration": 2,
    "pid": 45644,
    "index": 57
  },
  {
    "name": "Require(48) node_modules/egg-schedule/app.js",
    "start": 1648545272607,
    "end": 1648545272608,
    "duration": 1,
    "pid": 45644,
    "index": 58
  },
  {
    "name": "Require(49) node_modules/egg-multipart/app.js",
    "start": 1648545272608,
    "end": 1648545272609,
    "duration": 1,
    "pid": 45644,
    "index": 59
  },
  {
    "name": "Require(50) node_modules/egg-development/app.js",
    "start": 1648545272609,
    "end": 1648545272609,
    "duration": 0,
    "pid": 45644,
    "index": 60
  },
  {
    "name": "Require(51) node_modules/egg-logrotator/app.js",
    "start": 1648545272609,
    "end": 1648545272609,
    "duration": 0,
    "pid": 45644,
    "index": 61
  },
  {
    "name": "Require(52) node_modules/egg-static/app.js",
    "start": 1648545272610,
    "end": 1648545272610,
    "duration": 0,
    "pid": 45644,
    "index": 62
  },
  {
    "name": "Require(53) node_modules/egg-mongoose/app.js",
    "start": 1648545272610,
    "end": 1648545272610,
    "duration": 0,
    "pid": 45644,
    "index": 63
  },
  {
    "name": "Require(54) node_modules/egg-validate/app.js",
    "start": 1648545272610,
    "end": 1648545272612,
    "duration": 2,
    "pid": 45644,
    "index": 64
  },
  {
    "name": "Require(55) node_modules/egg-cors/app.js",
    "start": 1648545272612,
    "end": 1648545272613,
    "duration": 1,
    "pid": 45644,
    "index": 65
  },
  {
    "name": "Before Start in node_modules/egg-watcher/lib/init.js:15:14",
    "start": 1648545272621,
    "end": 1648545273000,
    "duration": 379,
    "pid": 45644,
    "index": 66
  },
  {
    "name": "Before Start in node_modules/egg-mongoose/lib/mongoose.js:104:7",
    "start": 1648545272885,
    "end": 1648545272998,
    "duration": 113,
    "pid": 45644,
    "index": 67
  },
  {
    "name": "Before Start in node_modules/egg-mongoose/lib/mongoose.js:52:9",
    "start": 1648545272885,
    "end": 1648545272988,
    "duration": 103,
    "pid": 45644,
    "index": 68
  },
  {
    "name": "Load Service",
    "start": 1648545272885,
    "end": 1648545272904,
    "duration": 19,
    "pid": 45644,
    "index": 69
  },
  {
    "name": "Load \"service\" to Context",
    "start": 1648545272885,
    "end": 1648545272904,
    "duration": 19,
    "pid": 45644,
    "index": 70
  },
  {
    "name": "Load Middleware",
    "start": 1648545272904,
    "end": 1648545272967,
    "duration": 63,
    "pid": 45644,
    "index": 71
  },
  {
    "name": "Load \"middlewares\" to Application",
    "start": 1648545272904,
    "end": 1648545272960,
    "duration": 56,
    "pid": 45644,
    "index": 72
  },
  {
    "name": "Load Controller",
    "start": 1648545272967,
    "end": 1648545272969,
    "duration": 2,
    "pid": 45644,
    "index": 73
  },
  {
    "name": "Load \"controller\" to Application",
    "start": 1648545272967,
    "end": 1648545272969,
    "duration": 2,
    "pid": 45644,
    "index": 74
  },
  {
    "name": "Load Router",
    "start": 1648545272969,
    "end": 1648545272971,
    "duration": 2,
    "pid": 45644,
    "index": 75
  },
  {
    "name": "Require(56) app/router.js",
    "start": 1648545272969,
    "end": 1648545272969,
    "duration": 0,
    "pid": 45644,
    "index": 76
  },
  {
    "name": "Before Start in node_modules/egg-core/lib/egg.js:303:10",
    "start": 1648545272969,
    "end": 1648545272988,
    "duration": 19,
    "pid": 45644,
    "index": 77
  },
  {
    "name": "Load \"model\" to Application",
    "start": 1648545272976,
    "end": 1648545272987,
    "duration": 11,
    "pid": 45644,
    "index": 78
  }
]