[
  {
    "name": "Process Start",
    "start": 1648461042205,
    "end": 1648461042908,
    "duration": 703,
    "pid": 20104,
    "index": 0
  },
  {
    "name": "Application Start",
    "start": 1648461042910,
    "end": 1648461043468,
    "duration": 558,
    "pid": 20104,
    "index": 1
  },
  {
    "name": "Load Plugin",
    "start": 1648461042917,
    "end": 1648461042936,
    "duration": 19,
    "pid": 20104,
    "index": 2
  },
  {
    "name": "Load Config",
    "start": 1648461042936,
    "end": 1648461042965,
    "duration": 29,
    "pid": 20104,
    "index": 3
  },
  {
    "name": "Require(0) config/config.default.js",
    "start": 1648461042937,
    "end": 1648461042938,
    "duration": 1,
    "pid": 20104,
    "index": 4
  },
  {
    "name": "Require(1) config/config.local.js",
    "start": 1648461042939,
    "end": 1648461042941,
    "duration": 2,
    "pid": 20104,
    "index": 5
  },
  {
    "name": "Require(2) node_modules/egg-session/config/config.default.js",
    "start": 1648461042941,
    "end": 1648461042942,
    "duration": 1,
    "pid": 20104,
    "index": 6
  },
  {
    "name": "Require(3) node_modules/egg-security/config/config.default.js",
    "start": 1648461042943,
    "end": 1648461042943,
    "duration": 0,
    "pid": 20104,
    "index": 7
  },
  {
    "name": "Require(4) node_modules/egg-jsonp/config/config.default.js",
    "start": 1648461042944,
    "end": 1648461042944,
    "duration": 0,
    "pid": 20104,
    "index": 8
  },
  {
    "name": "Require(5) node_modules/egg-onerror/config/config.default.js",
    "start": 1648461042945,
    "end": 1648461042945,
    "duration": 0,
    "pid": 20104,
    "index": 9
  },
  {
    "name": "Require(6) node_modules/egg-i18n/config/config.default.js",
    "start": 1648461042946,
    "end": 1648461042946,
    "duration": 0,
    "pid": 20104,
    "index": 10
  },
  {
    "name": "Require(7) node_modules/egg-watcher/config/config.default.js",
    "start": 1648461042947,
    "end": 1648461042947,
    "duration": 0,
    "pid": 20104,
    "index": 11
  },
  {
    "name": "Require(8) node_modules/egg-schedule/config/config.default.js",
    "start": 1648461042948,
    "end": 1648461042948,
    "duration": 0,
    "pid": 20104,
    "index": 12
  },
  {
    "name": "Require(9) node_modules/egg-multipart/config/config.default.js",
    "start": 1648461042949,
    "end": 1648461042949,
    "duration": 0,
    "pid": 20104,
    "index": 13
  },
  {
    "name": "Require(10) node_modules/egg-development/config/config.default.js",
    "start": 1648461042950,
    "end": 1648461042950,
    "duration": 0,
    "pid": 20104,
    "index": 14
  },
  {
    "name": "Require(11) node_modules/egg-logrotator/config/config.default.js",
    "start": 1648461042951,
    "end": 1648461042951,
    "duration": 0,
    "pid": 20104,
    "index": 15
  },
  {
    "name": "Require(12) node_modules/egg-static/config/config.default.js",
    "start": 1648461042951,
    "end": 1648461042952,
    "duration": 1,
    "pid": 20104,
    "index": 16
  },
  {
    "name": "Require(13) node_modules/egg-view/config/config.default.js",
    "start": 1648461042952,
    "end": 1648461042953,
    "duration": 1,
    "pid": 20104,
    "index": 17
  },
  {
    "name": "Require(14) node_modules/egg-mongoose/config/config.default.js",
    "start": 1648461042953,
    "end": 1648461042953,
    "duration": 0,
    "pid": 20104,
    "index": 18
  },
  {
    "name": "Require(15) node_modules/egg-validate/config/config.default.js",
    "start": 1648461042954,
    "end": 1648461042954,
    "duration": 0,
    "pid": 20104,
    "index": 19
  },
  {
    "name": "Require(16) node_modules/egg-cors/config/config.default.js",
    "start": 1648461042954,
    "end": 1648461042955,
    "duration": 1,
    "pid": 20104,
    "index": 20
  },
  {
    "name": "Require(17) node_modules/egg/config/config.default.js",
    "start": 1648461042955,
    "end": 1648461042955,
    "duration": 0,
    "pid": 20104,
    "index": 21
  },
  {
    "name": "Require(18) config/config.default.js",
    "start": 1648461042956,
    "end": 1648461042956,
    "duration": 0,
    "pid": 20104,
    "index": 22
  },
  {
    "name": "Require(19) node_modules/egg-security/config/config.local.js",
    "start": 1648461042957,
    "end": 1648461042959,
    "duration": 2,
    "pid": 20104,
    "index": 23
  },
  {
    "name": "Require(20) node_modules/egg-watcher/config/config.local.js",
    "start": 1648461042960,
    "end": 1648461042960,
    "duration": 0,
    "pid": 20104,
    "index": 24
  },
  {
    "name": "Require(21) node_modules/egg-view/config/config.local.js",
    "start": 1648461042961,
    "end": 1648461042961,
    "duration": 0,
    "pid": 20104,
    "index": 25
  },
  {
    "name": "Require(22) node_modules/egg/config/config.local.js",
    "start": 1648461042964,
    "end": 1648461042965,
    "duration": 1,
    "pid": 20104,
    "index": 26
  },
  {
    "name": "Require(23) config/config.local.js",
    "start": 1648461042965,
    "end": 1648461042965,
    "duration": 0,
    "pid": 20104,
    "index": 27
  },
  {
    "name": "Load extend/application.js",
    "start": 1648461042965,
    "end": 1648461043005,
    "duration": 40,
    "pid": 20104,
    "index": 28
  },
  {
    "name": "Require(24) node_modules/egg-session/app/extend/application.js",
    "start": 1648461042966,
    "end": 1648461042966,
    "duration": 0,
    "pid": 20104,
    "index": 29
  },
  {
    "name": "Require(25) node_modules/egg-security/app/extend/application.js",
    "start": 1648461042966,
    "end": 1648461042967,
    "duration": 1,
    "pid": 20104,
    "index": 30
  },
  {
    "name": "Require(26) node_modules/egg-jsonp/app/extend/application.js",
    "start": 1648461042967,
    "end": 1648461042968,
    "duration": 1,
    "pid": 20104,
    "index": 31
  },
  {
    "name": "Require(27) node_modules/egg-logrotator/app/extend/application.js",
    "start": 1648461042969,
    "end": 1648461042970,
    "duration": 1,
    "pid": 20104,
    "index": 32
  },
  {
    "name": "Require(28) node_modules/egg-view/app/extend/application.js",
    "start": 1648461042970,
    "end": 1648461042971,
    "duration": 1,
    "pid": 20104,
    "index": 33
  },
  {
    "name": "Require(29) app/extend/application.js",
    "start": 1648461042971,
    "end": 1648461043004,
    "duration": 33,
    "pid": 20104,
    "index": 34
  },
  {
    "name": "Load extend/request.js",
    "start": 1648461043005,
    "end": 1648461043008,
    "duration": 3,
    "pid": 20104,
    "index": 35
  },
  {
    "name": "Require(30) node_modules/egg/app/extend/request.js",
    "start": 1648461043006,
    "end": 1648461043007,
    "duration": 1,
    "pid": 20104,
    "index": 36
  },
  {
    "name": "Load extend/response.js",
    "start": 1648461043008,
    "end": 1648461043013,
    "duration": 5,
    "pid": 20104,
    "index": 37
  },
  {
    "name": "Require(31) node_modules/egg/app/extend/response.js",
    "start": 1648461043010,
    "end": 1648461043011,
    "duration": 1,
    "pid": 20104,
    "index": 38
  },
  {
    "name": "Load extend/context.js",
    "start": 1648461043013,
    "end": 1648461043052,
    "duration": 39,
    "pid": 20104,
    "index": 39
  },
  {
    "name": "Require(32) node_modules/egg-security/app/extend/context.js",
    "start": 1648461043013,
    "end": 1648461043018,
    "duration": 5,
    "pid": 20104,
    "index": 40
  },
  {
    "name": "Require(33) node_modules/egg-jsonp/app/extend/context.js",
    "start": 1648461043018,
    "end": 1648461043019,
    "duration": 1,
    "pid": 20104,
    "index": 41
  },
  {
    "name": "Require(34) node_modules/egg-i18n/app/extend/context.js",
    "start": 1648461043019,
    "end": 1648461043019,
    "duration": 0,
    "pid": 20104,
    "index": 42
  },
  {
    "name": "Require(35) node_modules/egg-multipart/app/extend/context.js",
    "start": 1648461043020,
    "end": 1648461043048,
    "duration": 28,
    "pid": 20104,
    "index": 43
  },
  {
    "name": "Require(36) node_modules/egg-view/app/extend/context.js",
    "start": 1648461043048,
    "end": 1648461043049,
    "duration": 1,
    "pid": 20104,
    "index": 44
  },
  {
    "name": "Require(37) node_modules/egg-mongoose/app/extend/context.js",
    "start": 1648461043049,
    "end": 1648461043049,
    "duration": 0,
    "pid": 20104,
    "index": 45
  },
  {
    "name": "Require(38) node_modules/egg-validate/app/extend/context.js",
    "start": 1648461043050,
    "end": 1648461043050,
    "duration": 0,
    "pid": 20104,
    "index": 46
  },
  {
    "name": "Require(39) node_modules/egg/app/extend/context.js",
    "start": 1648461043050,
    "end": 1648461043051,
    "duration": 1,
    "pid": 20104,
    "index": 47
  },
  {
    "name": "Load extend/helper.js",
    "start": 1648461043052,
    "end": 1648461043064,
    "duration": 12,
    "pid": 20104,
    "index": 48
  },
  {
    "name": "Require(40) node_modules/egg-security/app/extend/helper.js",
    "start": 1648461043052,
    "end": 1648461043061,
    "duration": 9,
    "pid": 20104,
    "index": 49
  },
  {
    "name": "Require(41) node_modules/egg/app/extend/helper.js",
    "start": 1648461043062,
    "end": 1648461043062,
    "duration": 0,
    "pid": 20104,
    "index": 50
  },
  {
    "name": "Require(42) app/extend/helper.js",
    "start": 1648461043062,
    "end": 1648461043063,
    "duration": 1,
    "pid": 20104,
    "index": 51
  },
  {
    "name": "Load app.js",
    "start": 1648461043064,
    "end": 1648461043085,
    "duration": 21,
    "pid": 20104,
    "index": 52
  },
  {
    "name": "Require(43) node_modules/egg-session/app.js",
    "start": 1648461043064,
    "end": 1648461043064,
    "duration": 0,
    "pid": 20104,
    "index": 53
  },
  {
    "name": "Require(44) node_modules/egg-security/app.js",
    "start": 1648461043065,
    "end": 1648461043065,
    "duration": 0,
    "pid": 20104,
    "index": 54
  },
  {
    "name": "Require(45) node_modules/egg-onerror/app.js",
    "start": 1648461043066,
    "end": 1648461043069,
    "duration": 3,
    "pid": 20104,
    "index": 55
  },
  {
    "name": "Require(46) node_modules/egg-i18n/app.js",
    "start": 1648461043070,
    "end": 1648461043079,
    "duration": 9,
    "pid": 20104,
    "index": 56
  },
  {
    "name": "Require(47) node_modules/egg-watcher/app.js",
    "start": 1648461043079,
    "end": 1648461043081,
    "duration": 2,
    "pid": 20104,
    "index": 57
  },
  {
    "name": "Require(48) node_modules/egg-schedule/app.js",
    "start": 1648461043081,
    "end": 1648461043082,
    "duration": 1,
    "pid": 20104,
    "index": 58
  },
  {
    "name": "Require(49) node_modules/egg-multipart/app.js",
    "start": 1648461043082,
    "end": 1648461043082,
    "duration": 0,
    "pid": 20104,
    "index": 59
  },
  {
    "name": "Require(50) node_modules/egg-development/app.js",
    "start": 1648461043082,
    "end": 1648461043082,
    "duration": 0,
    "pid": 20104,
    "index": 60
  },
  {
    "name": "Require(51) node_modules/egg-logrotator/app.js",
    "start": 1648461043083,
    "end": 1648461043083,
    "duration": 0,
    "pid": 20104,
    "index": 61
  },
  {
    "name": "Require(52) node_modules/egg-static/app.js",
    "start": 1648461043083,
    "end": 1648461043083,
    "duration": 0,
    "pid": 20104,
    "index": 62
  },
  {
    "name": "Require(53) node_modules/egg-mongoose/app.js",
    "start": 1648461043083,
    "end": 1648461043083,
    "duration": 0,
    "pid": 20104,
    "index": 63
  },
  {
    "name": "Require(54) node_modules/egg-validate/app.js",
    "start": 1648461043084,
    "end": 1648461043084,
    "duration": 0,
    "pid": 20104,
    "index": 64
  },
  {
    "name": "Require(55) node_modules/egg-cors/app.js",
    "start": 1648461043085,
    "end": 1648461043085,
    "duration": 0,
    "pid": 20104,
    "index": 65
  },
  {
    "name": "Before Start in node_modules/egg-watcher/lib/init.js:15:14",
    "start": 1648461043092,
    "end": 1648461043467,
    "duration": 375,
    "pid": 20104,
    "index": 66
  },
  {
    "name": "Before Start in node_modules/egg-mongoose/lib/mongoose.js:104:7",
    "start": 1648461043341,
    "end": 1648461043466,
    "duration": 125,
    "pid": 20104,
    "index": 67
  },
  {
    "name": "Before Start in node_modules/egg-mongoose/lib/mongoose.js:52:9",
    "start": 1648461043341,
    "end": 1648461043454,
    "duration": 113,
    "pid": 20104,
    "index": 68
  },
  {
    "name": "Load Service",
    "start": 1648461043341,
    "end": 1648461043364,
    "duration": 23,
    "pid": 20104,
    "index": 69
  },
  {
    "name": "Load \"service\" to Context",
    "start": 1648461043341,
    "end": 1648461043364,
    "duration": 23,
    "pid": 20104,
    "index": 70
  },
  {
    "name": "Load Middleware",
    "start": 1648461043364,
    "end": 1648461043432,
    "duration": 68,
    "pid": 20104,
    "index": 71
  },
  {
    "name": "Load \"middlewares\" to Application",
    "start": 1648461043364,
    "end": 1648461043426,
    "duration": 62,
    "pid": 20104,
    "index": 72
  },
  {
    "name": "Load Controller",
    "start": 1648461043432,
    "end": 1648461043434,
    "duration": 2,
    "pid": 20104,
    "index": 73
  },
  {
    "name": "Load \"controller\" to Application",
    "start": 1648461043432,
    "end": 1648461043434,
    "duration": 2,
    "pid": 20104,
    "index": 74
  },
  {
    "name": "Load Router",
    "start": 1648461043434,
    "end": 1648461043436,
    "duration": 2,
    "pid": 20104,
    "index": 75
  },
  {
    "name": "Require(56) app/router.js",
    "start": 1648461043434,
    "end": 1648461043434,
    "duration": 0,
    "pid": 20104,
    "index": 76
  },
  {
    "name": "Before Start in node_modules/egg-core/lib/egg.js:303:10",
    "start": 1648461043435,
    "end": 1648461043454,
    "duration": 19,
    "pid": 20104,
    "index": 77
  },
  {
    "name": "Load \"model\" to Application",
    "start": 1648461043441,
    "end": 1648461043454,
    "duration": 13,
    "pid": 20104,
    "index": 78
  }
]